card_id,company,product_id,name,secondary_name,category,subcategory,product_role,operating_principle,customer_jobs,pharma_applications,key_specifications,selection_questions,exclusion_conditions,adjacent_or_related_products,competitor_overlap,comparison_dimensions,evidence_grade,fact_boundary,source_urls,evidence_ids,knowledge_gaps,memory_hook,quiz_question,review_status,source_accessed_date,generated_date
BURKERT-2030,Bürkert,2030,2/2-way diaphragm valve with pneumatic plastic actuator,带气动塑料执行机构的二位二通隔膜阀（CLASSIC 型）,过程与控制阀,Shut-off Valves (On/Off) > Diaphragm Valves > Pneumatic,Pneumatic,"The externally controlled diaphragm valve Type 2030/2031 consists of a pneumatically operated piston actuator, a diaphragm and a 2-way valve body. The proven and robust actuator with plastic valve body ensures reliable operation in hygienic or aggressive environments. The flow-optimised valve body with minimal dead space enables high volume flow rates and a wide range of possible applications. The valve body and the diaphragms are available in all common materials and versions. The actuator has a compact, autoclavable design (PPS variant). The integration of automation units 8690/8697 is possible at all levels of expansion (can be retrofitted). An explosion-proof ATEX/IECEx device variant is available. The diaphragm bonnet is available in either plastic or stainless steel. The actuator is equipped with an integrated, optical position indicator as standard, optionally a min./max. stroke limiter can be installed.",在无菌输送/隔离；CIP/SIP；制药用水中完成卫生隔离、切换、调节或低滞留流路设计；具体任务取决于阀体和执行配置。,无菌输送/隔离；CIP/SIP；制药用水,actuation_method=pneumatic；explicit_certifications_or_ratings=ATEX | IECEx；way_configuration=2/2-way；explicit_materials=stainless steel | plastic；explicit_roughness=Ra ≤ 0.38 µm...1.6 µm,介质与批次风险；DN及目标Cv/Kv；阀体流路和排空方向；接液材料与表面粗糙度；膜片材质和寿命；连接标准；工作与灭菌温压；CIP/SIP程序；死区要求；认证与材料追溯；手动、开关或调节自动化。,不能用系列名称代替具体阀体、膜片和连接配置；未确认排空、死区、温压、材料证明或灭菌循环时，不得判定适用于关键无菌主工艺。,2031|2032|2034|2063|2103|2104|3230|8801,DIRECT / 配液、发酵、纯化、CIP/SIP、无菌输送 / GEMÜ 605/616/629/639/649/650/651/653/654/D40/D41 / BNWM/BNWC weir; BSW/BSWCN/LPS weirless diaphragm families / A00 pneumatic and A01 manual diaphragm valves；DIRECT / 无菌主工艺、配液、纯化、CIP/SIP / 650；DIRECT / 无菌输送、配液、过滤和卫生设备 / 653|654；DIRECT / 配液、纯化、CIP/SIP与卫生输送 / BNWM/BNWC；DIRECT_OR_DIFFERENT_DESIGN / 高流量卫生输送、配液和设备内部流路 / BSW/BSWCN/LPS；DIRECT / 配液、纯化、CIP/SIP和卫生输送 / A00/A01,阀体结构；流路；DN；Cv；316L牌号；Ra；膜片；连接；温压；排空；认证；执行与反馈；DN；压力；灭菌温度；阀体构型；316L牌号；Ra；膜片；认证；控制头；执行方式；DN；压力；温度；连接；阀体；膜片；自动化附件；DN；Cv；阀体；Ra；膜片；连接；压力；温度；认证；自动化；流路；Cv；排空；死区；膜片；压力；温度；连接；维护；DN；Cv/Kv；阀体；Ra；膜片；连接；压力；温度；排空；认证,A,"本卡仅汇总公开目录、官方产品页和规格主表，不等同于应用工程批准或验证文件。；HIGH表示制药相关性高，不表示全部配置均适用于无菌主工艺。；中国公开可见性只表示页面或中文资料可见，不证明中国库存、产地或交期。；源记录边界：Global official Type page is the product master. China visibility indicates public page/document visibility only, not stock, origin or lead time. Official category paths: Process and Control Valves > Shut-off Valves (On/Off) > Diaphragm Valves > Pneumatic | Process and Control Valves > Hygienic / Pharma / Hydrogen / Speciality Process Valves > Diaphragm Valves > Pneumatic.",https://www.burkert.com/en/type/2030|https://www.burkert.com.cn/cn/type/2030|https://www.burkert.com/en/Media/plm/DTS/DS/ds2030-classic-eu-en.pdf?id=DTS0000000000000001000450587ENR|https://www.burkert.com/en/Media/plm/DTS/DS/ds2030-classic-cn-zh.pdf?id=DTS0000000000000001000547355ZHC,BURKERT-CATALOG-002|BURKERT-DIAPHRAGM-001|BURKERT-DIAPHRAGM-002|BURKERT-2103-001|GEMU-650-001|GEMU-649-001|GEMU-SERIES-605|GEMU-SERIES-616|GEMU-SERIES-629|GEMU-SERIES-639|GEMU-SERIES-650|GEMU-SERIES-651|GEMU-SERIES-653|GEMU-SERIES-654|GEMU-SERIES-D40|GEMU-SERIES-D41|FUJIKIN-BNW-001|FUJIKIN-SERIES-BNWM-BNWC-66C6E5BE|FUJIKIN-SERIES-BNWC-2F0E12E0|FUJIKIN-SERIES-BSW-F5AFD21C|FUJIKIN-SERIES-BSWCN-AD5BAF95|FUJIKIN-SERIES-LPSM-LPSL-88A88889|FUJIKIN-SERIES-LPS-5E67B882|ESG-DIAPHRAGM-001|ESG-SERIES-A00|ESG-SERIES-A01,中国项目价格/净价、库存、产地、标准品与定制品交期、装机量、客户评价及售后服务表现需内部验证,2030：Pneumatic；优先联想到无菌输送/隔离；CIP/SIP；制药用水，再核对工况、配置和证据边界。,客户在什么工况下应选择或排除 2030？比较前必须确认哪些参数和证据？,GENERATED_REVIEWED_BY_RULES,2026-06-09,2026-06-24
BURKERT-2031,Bürkert,2031,2/2-way diaphragm valve with pneumatic plastic actuator (Type CLASSIC),带气动塑料驱动器的两位两通隔膜阀（CLASSIC 型）,过程与控制阀,Shut-off Valves (On/Off) > Diaphragm Valves > Pneumatic,Pneumatic,"The externally controlled diaphragm valve Type 2031/2030 consists of a pneumatically operated piston actuator, a diaphragm and a 2-way valve body. The proven and robust actuator with a plastic housing ensures use in hygienic or aggressive ambient conditions. The flow-efficient valve bodies with little dead space enable high flow rates and a wide range of possible uses. The valve body and the diaphragm are available in all common materials and variants. The actuator has a compact, autoclavable design (PPS variant). The integration of the automation units 8690/8697 is possible in all configuration levels (can be retrofitted). An explosion-proof ATEX / IECEx device variant is available. The add-on body is optionally available in plastic or stainless steel. The actuator is equipped with an integrated, optical position indicator as standard, optionally a minimum/maximum stroke limiter can be installed.",在无菌输送/隔离；CIP/SIP；制药用水中完成卫生隔离、切换、调节或低滞留流路设计；具体任务取决于阀体和执行配置。,无菌输送/隔离；CIP/SIP；制药用水,actuation_method=pneumatic；explicit_certifications_or_ratings=ATEX | IECEx；way_configuration=2/2-way；explicit_materials=stainless steel | plastic；explicit_roughness=Ra ≤ 0.38 µm...≤ 1.6 µm,介质与批次风险；DN及目标Cv/Kv；阀体流路和排空方向；接液材料与表面粗糙度；膜片材质和寿命；连接标准；工作与灭菌温压；CIP/SIP程序；死区要求；认证与材料追溯；手动、开关或调节自动化。,不能用系列名称代替具体阀体、膜片和连接配置；未确认排空、死区、温压、材料证明或灭菌循环时，不得判定适用于关键无菌主工艺。,2030|2032|2034|2063|2103|2104|3230|8801,DIRECT / 配液、发酵、纯化、CIP/SIP、无菌输送 / GEMÜ 605/616/629/639/649/650/651/653/654/D40/D41 / BNWM/BNWC weir; BSW/BSWCN/LPS weirless diaphragm families / A00 pneumatic and A01 manual diaphragm valves,阀体结构；流路；DN；Cv；316L牌号；Ra；膜片；连接；温压；排空；认证；执行与反馈,A,"本卡仅汇总公开目录、官方产品页和规格主表，不等同于应用工程批准或验证文件。；HIGH表示制药相关性高，不表示全部配置均适用于无菌主工艺。；中国公开可见性只表示页面或中文资料可见，不证明中国库存、产地或交期。；源记录边界：Global official Type page is the product master. China visibility indicates public page/document visibility only, not stock, origin or lead time. Official category paths: Process and Control Valves > Shut-off Valves (On/Off) > Diaphragm Valves > Pneumatic | Process and Control Valves > Hygienic / Pharma / Hydrogen / Speciality Process Valves > Diaphragm Valves > Pneumatic.",https://www.burkert.com/en/type/2031|https://www.burkert.com.cn/cn/type/2031,BURKERT-CATALOG-002|BURKERT-DIAPHRAGM-001|BURKERT-DIAPHRAGM-002|BURKERT-2103-001|GEMU-650-001|GEMU-649-001|GEMU-SERIES-605|GEMU-SERIES-616|GEMU-SERIES-629|GEMU-SERIES-639|GEMU-SERIES-650|GEMU-SERIES-651|GEMU-SERIES-653|GEMU-SERIES-654|GEMU-SERIES-D40|GEMU-SERIES-D41|FUJIKIN-BNW-001|FUJIKIN-SERIES-BNWM-BNWC-66C6E5BE|FUJIKIN-SERIES-BNWC-2F0E12E0|FUJIKIN-SERIES-BSW-F5AFD21C|FUJIKIN-SERIES-BSWCN-AD5BAF95|FUJIKIN-SERIES-LPSM-LPSL-88A88889|FUJIKIN-SERIES-LPS-5E67B882|ESG-DIAPHRAGM-001|ESG-SERIES-A00|ESG-SERIES-A01,中国项目价格/净价、库存、产地、标准品与定制品交期、装机量、客户评价及售后服务表现需内部验证,2031：Pneumatic；优先联想到无菌输送/隔离；CIP/SIP；制药用水，再核对工况、配置和证据边界。,客户在什么工况下应选择或排除 2031？比较前必须确认哪些参数和证据？,GENERATED_REVIEWED_BY_RULES,2026-06-09,2026-06-24
BURKERT-2032,Bürkert,2032,T-diaphragm valve with pneumatic plastic actuator (Type CLASSIC),带气动塑料驱动器的 T 型隔膜阀（CLASSIC 型）,过程与控制阀,Shut-off Valves (On/Off) > Diaphragm Valves > Pneumatic,Pneumatic,"The externally controlled diaphragm valve Type 2032 consists of a pneumatically operated piston actuator, a diaphragm and a T-valve body. The proven and robust actuator with a plastic housing ensures use in hygienic or aggressive ambient conditions. The flow-efficient valve bodies with little dead space enable high flow rates and a wide range of possible uses. The valve body and the diaphragm are available in all common materials and variants. The actuator has a compact, autoclavable design (PPS variant). The integration of the automation units Type 8690/8697 is possible in all configuration levels (can be retrofitted). An explosion-proof ATEX/IECEx device variant is available. The add-on body is optionally available in plastic or stainless steel. The actuator is equipped with an integrated, optical position indicator as standard, optionally a minimum/maximum stroke limiter can be installed.",在无菌输送/隔离；CIP/SIP；制药用水中完成卫生隔离、切换、调节或低滞留流路设计；具体任务取决于阀体和执行配置。,无菌输送/隔离；CIP/SIP；制药用水,actuation_method=pneumatic；explicit_certifications_or_ratings=ATEX | IECEx；explicit_materials=stainless steel | plastic；explicit_roughness=Ra ≤ 0.38 µm...≤ 1.6 µm,介质与批次风险；DN及目标Cv/Kv；阀体流路和排空方向；接液材料与表面粗糙度；膜片材质和寿命；连接标准；工作与灭菌温压；CIP/SIP程序；死区要求；认证与材料追溯；手动、开关或调节自动化。,不能用系列名称代替具体阀体、膜片和连接配置；未确认排空、死区、温压、材料证明或灭菌循环时，不得判定适用于关键无菌主工艺。,2030|2031|2034|2063|2103|2104|3230|8801,DIRECT / 配液、发酵、纯化、CIP/SIP、无菌输送 / GEMÜ 605/616/629/639/649/650/651/653/654/D40/D41 / BNWM/BNWC weir; BSW/BSWCN/LPS weirless diaphragm families / A00 pneumatic and A01 manual diaphragm valves,阀体结构；流路；DN；Cv；316L牌号；Ra；膜片；连接；温压；排空；认证；执行与反馈,A,"本卡仅汇总公开目录、官方产品页和规格主表，不等同于应用工程批准或验证文件。；HIGH表示制药相关性高，不表示全部配置均适用于无菌主工艺。；中国公开可见性只表示页面或中文资料可见，不证明中国库存、产地或交期。；源记录边界：Global official Type page is the product master. China visibility indicates public page/document visibility only, not stock, origin or lead time. Official category paths: Process and Control Valves > Shut-off Valves (On/Off) > Diaphragm Valves > Pneumatic | Process and Control Valves > Hygienic / Pharma / Hydrogen / Speciality Process Valves > T-valves | Process and Control Valves > Hygienic / Pharma / Hydrogen / Speciality Process Valves > Diaphragm Valves > Pneumatic.",https://www.burkert.com/en/type/2032|https://www.burkert.com.cn/cn/type/2032|https://www.burkert.com/en/Media/plm/DTS/DS/ds2032-classic-eu-en.pdf?id=DTS0000000000000001000450589ENL|https://www.burkert.com/en/Media/plm/DTS/DS/ds2032-standard-cn-zh.pdf?id=DTS0000000000000001000666047ZHD,BURKERT-CATALOG-002|BURKERT-DIAPHRAGM-001|BURKERT-DIAPHRAGM-002|BURKERT-2103-001|GEMU-650-001|GEMU-649-001|GEMU-SERIES-605|GEMU-SERIES-616|GEMU-SERIES-629|GEMU-SERIES-639|GEMU-SERIES-650|GEMU-SERIES-651|GEMU-SERIES-653|GEMU-SERIES-654|GEMU-SERIES-D40|GEMU-SERIES-D41|FUJIKIN-BNW-001|FUJIKIN-SERIES-BNWM-BNWC-66C6E5BE|FUJIKIN-SERIES-BNWC-2F0E12E0|FUJIKIN-SERIES-BSW-F5AFD21C|FUJIKIN-SERIES-BSWCN-AD5BAF95|FUJIKIN-SERIES-LPSM-LPSL-88A88889|FUJIKIN-SERIES-LPS-5E67B882|ESG-DIAPHRAGM-001|ESG-SERIES-A00|ESG-SERIES-A01,中国项目价格/净价、库存、产地、标准品与定制品交期、装机量、客户评价及售后服务表现需内部验证,2032：Pneumatic；优先联想到无菌输送/隔离；CIP/SIP；制药用水，再核对工况、配置和证据边界。,客户在什么工况下应选择或排除 2032？比较前必须确认哪些参数和证据？,GENERATED_REVIEWED_BY_RULES,2026-06-09,2026-06-24
BURKERT-2033,Bürkert,2033,Tank bottom diaphragm valve with pneumatic plastic actuator (Type CLASSIC),带气动塑料驱动器的罐底隔膜阀（CLASSIC 型）,过程与控制阀,Hygienic / Pharma / Hydrogen / Speciality Process Valves > Tank Bottom Valves,Tank Bottom Valves,"The externally controlled diaphragm valve Type 2033 consists of a pneumatically operated piston actuator, a diaphragm and a tank bottom valve body. The proven and robust actuator with a plastic housing ensures use in hygienic or aggressive ambient conditions. The flow-efficient valve bodies with little dead space enable high flow rates and a wide range of possible uses. The valve body and the diaphragm are available in all common materials and variants. The actuator has a compact, autoclavable design (PPS variant). The integration of the automation units Type 8690/8697 is possible in all configuration levels (can be retrofitted). An explosion-proof ATEX/IECEx device variant is available. The add-on body is optionally available in plastic or stainless steel. The actuator is equipped with an integrated, optical position indicator as standard, optionally a minimum/maximum stroke limiter can be installed.",在无菌输送/隔离；CIP/SIP；制药用水中完成卫生隔离、切换、调节或低滞留流路设计；具体任务取决于阀体和执行配置。,无菌输送/隔离；CIP/SIP；制药用水,actuation_method=pneumatic；explicit_certifications_or_ratings=ATEX | IECEx；explicit_materials=stainless steel | plastic；explicit_roughness=Ra ≤ 0.38 µm...≤ 1.6 µm,介质与批次风险；DN及目标Cv/Kv；阀体流路和排空方向；接液材料与表面粗糙度；膜片材质和寿命；连接标准；工作与灭菌温压；CIP/SIP程序；死区要求；认证与材料追溯；手动、开关或调节自动化。,不能用系列名称代替具体阀体、膜片和连接配置；未确认排空、死区、温压、材料证明或灭菌循环时，不得判定适用于关键无菌主工艺。,2065|2105|3235|3325|3365,DIRECT / 配液、发酵、纯化、CIP/SIP、无菌输送 / GEMÜ 605/616/629/639/649/650/651/653/654/D40/D41 / BNWM/BNWC weir; BSW/BSWCN/LPS weirless diaphragm families / A00 pneumatic and A01 manual diaphragm valves；DIRECT / 配液罐、生物反应器和储罐低残留排放 / 643|P40,阀体结构；流路；DN；Cv；316L牌号；Ra；膜片；连接；温压；排空；认证；执行与反馈；罐底接口；排空性；死区；焊接；执行器；膜片；CIP/SIP；维护空间,A,"本卡仅汇总公开目录、官方产品页和规格主表，不等同于应用工程批准或验证文件。；HIGH表示制药相关性高，不表示全部配置均适用于无菌主工艺。；中国公开可见性只表示页面或中文资料可见，不证明中国库存、产地或交期。；源记录边界：Global official Type page is the product master. China visibility indicates public page/document visibility only, not stock, origin or lead time. Official category paths: Process and Control Valves > Hygienic / Pharma / Hydrogen / Speciality Process Valves > Tank Bottom Valves | Process and Control Valves > Shut-off Valves (On/Off) > Diaphragm Valves > Pneumatic | Process and Control Valves > Hygienic / Pharma / Hydrogen / Speciality Process Valves > Diaphragm Valves > Pneumatic.",https://www.burkert.com/en/type/2033|https://www.burkert.com.cn/cn/type/2033|https://www.burkert.com/en/Media/plm/DTS/DS/ds2033-classic-eu-en.pdf?id=DTS0000000000000001000450595ENM|https://www.burkert.com/en/Media/plm/DTS/DS/ds2033-standard-cn-zh.pdf?id=DTS0000000000000001000672522ZHC,BURKERT-CATALOG-002|BURKERT-DIAPHRAGM-001|BURKERT-DIAPHRAGM-002|BURKERT-2103-001|GEMU-650-001|GEMU-649-001|GEMU-SERIES-605|GEMU-SERIES-616|GEMU-SERIES-629|GEMU-SERIES-639|GEMU-SERIES-650|GEMU-SERIES-651|GEMU-SERIES-653|GEMU-SERIES-654|GEMU-SERIES-D40|GEMU-SERIES-D41|FUJIKIN-BNW-001|FUJIKIN-SERIES-BNWM-BNWC-66C6E5BE|FUJIKIN-SERIES-BNWC-2F0E12E0|FUJIKIN-SERIES-BSW-F5AFD21C|FUJIKIN-SERIES-BSWCN-AD5BAF95|FUJIKIN-SERIES-LPSM-LPSL-88A88889|FUJIKIN-SERIES-LPS-5E67B882|ESG-DIAPHRAGM-001|ESG-SERIES-A00|ESG-SERIES-A01|GEMU-SERIES-643|GEMU-SERIES-P40,中国项目价格/净价、库存、产地、标准品与定制品交期、装机量、客户评价及售后服务表现需内部验证,2033：Tank Bottom Valves；优先联想到无菌输送/隔离；CIP/SIP；制药用水，再核对工况、配置和证据边界。,客户在什么工况下应选择或排除 2033？比较前必须确认哪些参数和证据？,GENERATED_REVIEWED_BY_RULES,2026-06-09,2026-06-24
BURKERT-2034,Bürkert,2034,Multifunction block solutions,多功能阀组解决方案,过程与控制阀,Shut-off Valves (On/Off) > Diaphragm Valves > Pneumatic,Pneumatic,"These multi-way diaphragm valve blocks enable an almost infinite number of valve and process combinations. Multi-way valve systems achieve an extremely compact, space-saving design and represent an alternative to previous welded combinations, for example. Configurations can also be constructed that cannot be produced as welded combinations. The valve body is made of solid material and is available in all industry-standard materials and surface qualities. By using multi-way diaphragm valve blocks, the number of weld seams is reduced, the effort and documentation within the validation is minimised and ultimately compliance with the 2D rule or 3D rule is possible. Designs with the smallest dead spaces and the desired optimised draining are possible. All multi-way valve systems can be combined with the proven Bürkert actuator and automation concepts.",在无菌输送/隔离；CIP/SIP；制药用水中完成卫生隔离、切换、调节或低滞留流路设计；具体任务取决于阀体和执行配置。,无菌输送/隔离；CIP/SIP；制药用水,actuation_method=pneumatic；explicit_connection_types=weld,介质与批次风险；DN及目标Cv/Kv；阀体流路和排空方向；接液材料与表面粗糙度；膜片材质和寿命；连接标准；工作与灭菌温压；CIP/SIP程序；死区要求；认证与材料追溯；手动、开关或调节自动化。,不能用系列名称代替具体阀体、膜片和连接配置；未确认排空、死区、温压、材料证明或灭菌循环时，不得判定适用于关键无菌主工艺。,2030|2031|2032|2063|2103|2104|3230|8801,DIRECT / 配液、发酵、纯化、CIP/SIP、无菌输送 / GEMÜ 605/616/629/639/649/650/651/653/654/D40/D41 / BNWM/BNWC weir; BSW/BSWCN/LPS weirless diaphragm families / A00 pneumatic and A01 manual diaphragm valves；DIRECT_FOR_GEMU / 低死区分配、混合、排空、罐底、PUPSIT与无菌取样 / P600M/P600S/P500M and custom multiport blocks / 未发现同等清晰的制药多通阀块系列 / A31 sampling valve; T-valve claim; 103 three-way angle-seat valve；DIRECT / 低死区分配、混合、过滤、PUPSIT和复杂流路 / P600M/P600S/P500M；ADJACENT_NOT_EQUIVALENT / 分流、切换、卫生支路和设备管路 / T-VALVE/103,阀体结构；流路；DN；Cv；316L牌号；Ra；膜片；连接；温压；排空；认证；执行与反馈；P&ID；阀位；死区；排空；焊点；加工方式；传感器集成；验证文件；流路；阀位；死区；排空；加工方式；焊点；传感器；文件；交付；流路；阀位；死区；排空；焊点；阀座；膜片；验证文件,A,"本卡仅汇总公开目录、官方产品页和规格主表，不等同于应用工程批准或验证文件。；HIGH表示制药相关性高，不表示全部配置均适用于无菌主工艺。；中国公开可见性只表示页面或中文资料可见，不证明中国库存、产地或交期。；源记录边界：Global official Type page is the product master. China visibility indicates public page/document visibility only, not stock, origin or lead time. Official category paths: Process and Control Valves > Shut-off Valves (On/Off) > Diaphragm Valves > Pneumatic | Process and Control Valves > Shut-off Valves (On/Off) > Robolux (Multiport valves) | Process and Control Valves > Hygienic / Pharma / Hydrogen / Speciality Process Valves > Robolux / Multiport valve | Process and Control Valves > Hygienic / Pharma / Hydrogen / Speciality Process Valves > Diaphragm Valves > Pneumatic.",https://www.burkert.com/en/type/2034|https://www.burkert.com.cn/cn/type/2034|https://www.burkert.com/en/Media/plm/DTS/DS/ds2034-block-eu-en.pdf?id=DTS0000000000000001000213540ENP|https://www.burkert.com/en/Media/plm/DTS/DS/ds2034-block-cn-zh.pdf?id=DTS0000000000000001000562422ZHF,BURKERT-CATALOG-002|BURKERT-DIAPHRAGM-001|BURKERT-DIAPHRAGM-002|BURKERT-2103-001|GEMU-650-001|GEMU-649-001|GEMU-SERIES-605|GEMU-SERIES-616|GEMU-SERIES-629|GEMU-SERIES-639|GEMU-SERIES-650|GEMU-SERIES-651|GEMU-SERIES-653|GEMU-SERIES-654|GEMU-SERIES-D40|GEMU-SERIES-D41|FUJIKIN-BNW-001|FUJIKIN-SERIES-BNWM-BNWC-66C6E5BE|FUJIKIN-SERIES-BNWC-2F0E12E0|FUJIKIN-SERIES-BSW-F5AFD21C|FUJIKIN-SERIES-BSWCN-AD5BAF95|FUJIKIN-SERIES-LPSM-LPSL-88A88889|FUJIKIN-SERIES-LPS-5E67B882|ESG-DIAPHRAGM-001|ESG-SERIES-A00|ESG-SERIES-A01|BURKERT-PHARMA-001|GEMU-MULTIPORT-001|ESG-SAMPLING-001|ESG-SERIES-A31|ESG-SERIES-T-VALVE|ESG-SERIES-103|GEMU-SERIES-P600M-P600S-P500M,中国项目价格/净价、库存、产地、标准品与定制品交期、装机量、客户评价及售后服务表现需内部验证,2034：Pneumatic；优先联想到无菌输送/隔离；CIP/SIP；制药用水，再核对工况、配置和证据边界。,客户在什么工况下应选择或排除 2034？比较前必须确认哪些参数和证据？,GENERATED_REVIEWED_BY_RULES,2026-06-09,2026-06-24
BURKERT-2035,Bürkert,2035,"Robolux multiway multiport diaphragm valve, pneumatically operated",Robolux 多路多接头气动隔膜阀,过程与控制阀,Hygienic / Pharma / Hydrogen / Speciality Process Valves > Robolux / Multiport valve,Robolux / Multiport valve,Revised and replaced by Type 2036 (stainless steel actuator with optimised position feedbacks and control heads).,在无菌输送/隔离；CIP/SIP；制药用水中完成卫生隔离、切换、调节或低滞留流路设计；具体任务取决于阀体和执行配置。,无菌输送/隔离；CIP/SIP；制药用水,actuation_method=pneumatic；explicit_materials=stainless steel,介质与批次风险；DN及目标Cv/Kv；阀体流路和排空方向；接液材料与表面粗糙度；膜片材质和寿命；连接标准；工作与灭菌温压；CIP/SIP程序；死区要求；认证与材料追溯；手动、开关或调节自动化。,不能用系列名称代替具体阀体、膜片和连接配置；未确认排空、死区、温压、材料证明或灭菌循环时，不得判定适用于关键无菌主工艺。,8685|8686|8806,DIRECT / 配液、发酵、纯化、CIP/SIP、无菌输送 / GEMÜ 605/616/629/639/649/650/651/653/654/D40/D41 / BNWM/BNWC weir; BSW/BSWCN/LPS weirless diaphragm families / A00 pneumatic and A01 manual diaphragm valves；DIRECT_FOR_GEMU / 低死区分配、混合、排空、罐底、PUPSIT与无菌取样 / P600M/P600S/P500M and custom multiport blocks / 未发现同等清晰的制药多通阀块系列 / A31 sampling valve; T-valve claim; 103 three-way angle-seat valve；DIRECT / 低死区分配、混合、过滤、PUPSIT和复杂流路 / P600M/P600S/P500M；ADJACENT_NOT_EQUIVALENT / 分流、切换、卫生支路和设备管路 / T-VALVE/103,阀体结构；流路；DN；Cv；316L牌号；Ra；膜片；连接；温压；排空；认证；执行与反馈；P&ID；阀位；死区；排空；焊点；加工方式；传感器集成；验证文件；流路；阀位；死区；排空；加工方式；焊点；传感器；文件；交付；流路；阀位；死区；排空；焊点；阀座；膜片；验证文件,A,"本卡仅汇总公开目录、官方产品页和规格主表，不等同于应用工程批准或验证文件。；HIGH表示制药相关性高，不表示全部配置均适用于无菌主工艺。；中国公开可见性只表示页面或中文资料可见，不证明中国库存、产地或交期。；源记录边界：Global official Type page is the product master. China visibility indicates public page/document visibility only, not stock, origin or lead time. Official category paths: Process and Control Valves > Hygienic / Pharma / Hydrogen / Speciality Process Valves > Robolux / Multiport valve.",https://www.burkert.com/en/type/2035|https://www.burkert.com.cn/cn/type/2035,BURKERT-CATALOG-002|BURKERT-DIAPHRAGM-001|BURKERT-DIAPHRAGM-002|BURKERT-2103-001|GEMU-650-001|GEMU-649-001|GEMU-SERIES-605|GEMU-SERIES-616|GEMU-SERIES-629|GEMU-SERIES-639|GEMU-SERIES-650|GEMU-SERIES-651|GEMU-SERIES-653|GEMU-SERIES-654|GEMU-SERIES-D40|GEMU-SERIES-D41|FUJIKIN-BNW-001|FUJIKIN-SERIES-BNWM-BNWC-66C6E5BE|FUJIKIN-SERIES-BNWC-2F0E12E0|FUJIKIN-SERIES-BSW-F5AFD21C|FUJIKIN-SERIES-BSWCN-AD5BAF95|FUJIKIN-SERIES-LPSM-LPSL-88A88889|FUJIKIN-SERIES-LPS-5E67B882|ESG-DIAPHRAGM-001|ESG-SERIES-A00|ESG-SERIES-A01|BURKERT-PHARMA-001|GEMU-MULTIPORT-001|ESG-SAMPLING-001|ESG-SERIES-A31|ESG-SERIES-T-VALVE|ESG-SERIES-103|GEMU-SERIES-P600M-P600S-P500M,中国项目价格/净价、库存、产地、标准品与定制品交期、装机量、客户评价及售后服务表现需内部验证,2035：Robolux / Multiport valve；优先联想到无菌输送/隔离；CIP/SIP；制药用水，再核对工况、配置和证据边界。,客户在什么工况下应选择或排除 2035？比较前必须确认哪些参数和证据？,GENERATED_REVIEWED_BY_RULES,2026-06-09,2026-06-24
BURKERT-2036,Bürkert,2036,"Robolux multiway diaphragm valve, pneumatically operated",Robolux 多通道组合隔膜阀，气动操作,过程与控制阀,Shut-off Valves (On/Off) > Robolux (Multiport valves),Robolux (Multiport valves),"This multi-way diaphragm valve is designed to control high purity, sterile, aseptic, steam and CIP media. The Robolux system enables an extremely compact, space-saving design and is based on the patented Robolux 2-weir technology, where a diaphragm covers two valve weirs in one valve. Thanks to the individual design, valve combinations with minimal dead spaces can be realised in the smallest of spaces. The valve housing is machined from a stainless steel block. The valve actuator contains two independently operating actuators in a stainless steel housing and is operated with compressed air. With the special feedback indicators and control heads, the Robolux system can be perfectly integrated into the decentralized Bürkert automation concept.",在无菌输送/隔离；CIP/SIP；制药用水中完成卫生隔离、切换、调节或低滞留流路设计；具体任务取决于阀体和执行配置。,无菌输送/隔离；CIP/SIP；制药用水,actuation_method=pneumatic；explicit_connection_types=weld；explicit_materials=stainless steel,介质与批次风险；DN及目标Cv/Kv；阀体流路和排空方向；接液材料与表面粗糙度；膜片材质和寿命；连接标准；工作与灭菌温压；CIP/SIP程序；死区要求；认证与材料追溯；手动、开关或调节自动化。,不能用系列名称代替具体阀体、膜片和连接配置；未确认排空、死区、温压、材料证明或灭菌循环时，不得判定适用于关键无菌主工艺。,BUPLUS,DIRECT_FOR_GEMU / 低死区分配、混合、排空、罐底、PUPSIT与无菌取样 / P600M/P600S/P500M and custom multiport blocks / 未发现同等清晰的制药多通阀块系列 / A31 sampling valve; T-valve claim; 103 three-way angle-seat valve；DIRECT / 低死区分配、混合、过滤、PUPSIT和复杂流路 / P600M/P600S/P500M,P&ID；阀位；死区；排空；焊点；加工方式；传感器集成；验证文件；流路；阀位；死区；排空；加工方式；焊点；传感器；文件；交付,A,"本卡仅汇总公开目录、官方产品页和规格主表，不等同于应用工程批准或验证文件。；HIGH表示制药相关性高，不表示全部配置均适用于无菌主工艺。；中国公开可见性只表示页面或中文资料可见，不证明中国库存、产地或交期。；源记录边界：Global official Type page is the product master. China visibility indicates public page/document visibility only, not stock, origin or lead time. Official category paths: Process and Control Valves > Shut-off Valves (On/Off) > Robolux (Multiport valves) | Process and Control Valves > Hygienic / Pharma / Hydrogen / Speciality Process Valves > Robolux / Multiport valve.",https://www.burkert.com/en/type/2036|https://www.burkert.com.cn/cn/type/2036|https://www.burkert.com/en/Media/plm/DTS/DS/ds2036-standard-eu-en.pdf?id=DTS0000000000000001000215411ENL|https://www.burkert.com/en/Media/plm/DTS/DS/ds2036-standard-cn-zh.pdf?id=DTS0000000000000001000567894ZHC,BURKERT-CATALOG-002|BURKERT-PHARMA-001|GEMU-MULTIPORT-001|ESG-SAMPLING-001|ESG-SERIES-A31|ESG-SERIES-T-VALVE|ESG-SERIES-103|GEMU-SERIES-P600M-P600S-P500M,中国项目价格/净价、库存、产地、标准品与定制品交期、装机量、客户评价及售后服务表现需内部验证,2036：Robolux (Multiport valves)；优先联想到无菌输送/隔离；CIP/SIP；制药用水，再核对工况、配置和证据边界。,客户在什么工况下应选择或排除 2036？比较前必须确认哪些参数和证据？,GENERATED_REVIEWED_BY_RULES,2026-06-09,2026-06-24
BURKERT-2053,Bürkert,2053,Pneumatic rotary actuator for the automation of ball and butterfly valves,气动摆动执行机构，用于球阀和截止阀的自动化控制,过程与控制阀,Shut-off Valves (On/Off) > Ball Valves > Quarter Turn Actuators,Quarter Turn Actuators,"The pneumatic actuator Type 2053 enables the automated actuation of ball and butterfly valves. The linear stroke movement of the actuator piston is deflected into a 90° rotary movement of the actuator stem. The interface on the armature is designed according to ISO 5211. In addition, the rotary actuator can be combined with the 8691/2/3/4 series position feedback sensors. The single-acting actuators are returned to the initial position by spring force, while double-acting actuators are returned by compressed air. The welded construction of the stainless steel housing ensures the actuator is 100% maintenance-free. Overall, the actuator is available in three different sizes: P0 - P1 - P2. All three sizes have an extremely high torque in the closing area despite their compact design. The air consumption per stroke cycle is very low due to the low cylinder volume. This offers a remarkable energy saving potential.",为卫生过程阀执行与自动化提供阀门驱动、位置反馈、诊断或分布式自动化，降低接线和维护复杂度。,卫生过程阀执行与自动化,actuation_method=pneumatic；explicit_connection_types=weld；explicit_materials=stainless steel,兼容的阀门与执行器；开关或连续调节；供气与供电；输入输出信号；通信协议；反馈和诊断深度；故障安全位；防护与防爆等级；清洗环境；调试和资产管理方式。,机械接口、行程、供气供电或协议不兼容时不得替换；系列具备诊断能力不代表每个配置都已启用相同功能。,同类高相关记录未找到；需扩展到相邻产品族判断,未形成明确系列级竞品映射；需按客户任务和具体配置另行检索。,产品功能；工况；接液材料；连接；自动化；文件与服务,A,"本卡仅汇总公开目录、官方产品页和规格主表，不等同于应用工程批准或验证文件。；HIGH表示制药相关性高，不表示全部配置均适用于无菌主工艺。；中国公开可见性只表示页面或中文资料可见，不证明中国库存、产地或交期。；源记录边界：Global official Type page is the product master. China visibility indicates public page/document visibility only, not stock, origin or lead time. Official category paths: Process and Control Valves > Shut-off Valves (On/Off) > Ball Valves > Quarter Turn Actuators | Process and Control Valves > Control Valves > Ball Valves > Actuators | Process and Control Valves > Shut-off Valves (On/Off) > Butterfly Valves > Quarter Turn Actuators.",https://www.burkert.com/en/type/2053|https://www.burkert.com.cn/cn/type/2053|https://www.burkert.com/en/Media/plm/DTS/DS/ds2053-standard-eu-en.pdf?id=DTS0000000000000001000436877ENE,无独立映射证据编号；以官方产品页和规格表为准,中国项目价格/净价、库存、产地、标准品与定制品交期、装机量、客户评价及售后服务表现需内部验证,2053：Quarter Turn Actuators；优先联想到卫生过程阀执行与自动化，再核对工况、配置和证据边界。,客户在什么工况下应选择或排除 2053？比较前必须确认哪些参数和证据？,GENERATED_REVIEWED_BY_RULES,2026-06-09,2026-06-24
BURKERT-2063,Bürkert,2063,2/2-way diaphragm valve with pneumatic actuator in stainless steel (Type INOX),配备不锈钢气动执行机构的二位二通隔膜阀 (INOX 型),过程与控制阀,Shut-off Valves (On/Off) > Diaphragm Valves > Pneumatic,Pneumatic,"The externally controlled diaphragm valve, Type 2063, consists of a pneumatically operated stainless steel piston actuator, a diaphragm and a 2-way body. The proven and robust actuator with stainless steel valve body ensures use under hygienic or aggressive environmental conditions. The flow-efficient valve body with little dead space enables high flow rates and a wide range of possible uses. The valve body and the diaphragm are available in all common materials and variants. The actuator has a compact, autoclavable design with a large stainless steel body, high temperature resistance and gap-free seals. The integration of the automation units Type 8697 is possible in all expansion stages (can be retrofitted). The actuator is provided with an integrated, optical position indicator as standard.",在无菌输送/隔离；CIP/SIP；制药用水中完成卫生隔离、切换、调节或低滞留流路设计；具体任务取决于阀体和执行配置。,无菌输送/隔离；CIP/SIP；制药用水,actuation_method=pneumatic；way_configuration=2/2-way；explicit_materials=stainless steel；explicit_roughness=Ra ≤ 0.38 µm...≤ 1.6 µm,介质与批次风险；DN及目标Cv/Kv；阀体流路和排空方向；接液材料与表面粗糙度；膜片材质和寿命；连接标准；工作与灭菌温压；CIP/SIP程序；死区要求；认证与材料追溯；手动、开关或调节自动化。,不能用系列名称代替具体阀体、膜片和连接配置；未确认排空、死区、温压、材料证明或灭菌循环时，不得判定适用于关键无菌主工艺。,2030|2031|2032|2034|2103|2104|3230|8801,DIRECT / 无菌主工艺、配液、纯化、CIP/SIP / 650；DIRECT / 无菌输送、配液、过滤和卫生设备 / 653|654；DIRECT / 配液、纯化、CIP/SIP与卫生输送 / BNWM/BNWC；DIRECT_OR_DIFFERENT_DESIGN / 高流量卫生输送、配液和设备内部流路 / BSW/BSWCN/LPS；DIRECT / 配液、纯化、CIP/SIP和卫生输送 / A00/A01,DN；压力；灭菌温度；阀体构型；316L牌号；Ra；膜片；认证；控制头；执行方式；DN；压力；温度；连接；阀体；膜片；自动化附件；DN；Cv；阀体；Ra；膜片；连接；压力；温度；认证；自动化；流路；Cv；排空；死区；膜片；压力；温度；连接；维护；DN；Cv/Kv；阀体；Ra；膜片；连接；压力；温度；排空；认证,A,"本卡仅汇总公开目录、官方产品页和规格主表，不等同于应用工程批准或验证文件。；HIGH表示制药相关性高，不表示全部配置均适用于无菌主工艺。；中国公开可见性只表示页面或中文资料可见，不证明中国库存、产地或交期。；源记录边界：Global official Type page is the product master. China visibility indicates public page/document visibility only, not stock, origin or lead time. Official category paths: Process and Control Valves > Shut-off Valves (On/Off) > Diaphragm Valves > Pneumatic | Process and Control Valves > Hygienic / Pharma / Hydrogen / Speciality Process Valves > Diaphragm Valves > Pneumatic. English data sheet omitted because the official link returned HTTP 404 on 2026-06-09: https://www.burkert.com/en/Media/plm/DTS/DS/ds2063-inox-eu-en.pdf?id=DTS0000000000000001000450606ENO.",https://www.burkert.com/en/type/2063|https://www.burkert.com.cn/cn/type/2063|https://www.burkert.com/en/Media/plm/DTS/DS/ds2063-inox-cn-zh.pdf?id=DTS0000000000000001000562434ZHH,GEMU-SERIES-650|GEMU-SERIES-653|GEMU-SERIES-654|FUJIKIN-SERIES-BNWM-BNWC-66C6E5BE|FUJIKIN-SERIES-BNWC-2F0E12E0|FUJIKIN-SERIES-BSW-F5AFD21C|FUJIKIN-SERIES-BSWCN-AD5BAF95|FUJIKIN-SERIES-LPSM-LPSL-88A88889|FUJIKIN-SERIES-LPS-5E67B882|ESG-SERIES-A00|ESG-SERIES-A01,中国项目价格/净价、库存、产地、标准品与定制品交期、装机量、客户评价及售后服务表现需内部验证,2063：Pneumatic；优先联想到无菌输送/隔离；CIP/SIP；制药用水，再核对工况、配置和证据边界。,客户在什么工况下应选择或排除 2063？比较前必须确认哪些参数和证据？,GENERATED_REVIEWED_BY_RULES,2026-06-09,2026-06-24
BURKERT-2064,Bürkert,2064,T-diaphragm valve with pneumatic actuator in stainless steel (Type INOX),带不锈钢气动驱动器的 T 型隔膜阀（INOX 型）,过程与控制阀,Hygienic / Pharma / Hydrogen / Speciality Process Valves > T-valves,T-valves,"The externally controlled diaphragm valve Type 2064 consists of a pneumatically operated stainless steel piston actuator, a diaphragm and a T-valve body. The proven and robust actuator with stainless steel housing ensures use in hygienic or aggressive ambient conditions. The flow-efficient valve bodies with little dead space enable high flow rates and a wide range of possible uses. The valve body and the diaphragm are available in all common materials and variants. The actuator has a compact, autoclavable design with a large stainless steel housing, high temperature resistance and gap-free seals. The integration of the automation units Type 8697 is possible in all configuration levels (can be retrofitted). The actuator is equipped with an integrated, optical position indicator as standard.",在无菌输送/隔离；CIP/SIP；制药用水中完成卫生隔离、切换、调节或低滞留流路设计；具体任务取决于阀体和执行配置。,无菌输送/隔离；CIP/SIP；制药用水,actuation_method=pneumatic；explicit_materials=stainless steel；explicit_roughness=Ra ≤ 0.38 µm...≤ 1.6 µm,介质与批次风险；DN及目标Cv/Kv；阀体流路和排空方向；接液材料与表面粗糙度；膜片材质和寿命；连接标准；工作与灭菌温压；CIP/SIP程序；死区要求；认证与材料追溯；手动、开关或调节自动化。,不能用系列名称代替具体阀体、膜片和连接配置；未确认排空、死区、温压、材料证明或灭菌循环时，不得判定适用于关键无菌主工艺。,2934|3324|3364|8690,未形成明确系列级竞品映射；需按客户任务和具体配置另行检索。,产品功能；工况；接液材料；连接；自动化；文件与服务,A,"本卡仅汇总公开目录、官方产品页和规格主表，不等同于应用工程批准或验证文件。；HIGH表示制药相关性高，不表示全部配置均适用于无菌主工艺。；中国公开可见性只表示页面或中文资料可见，不证明中国库存、产地或交期。；源记录边界：Global official Type page is the product master. China visibility indicates public page/document visibility only, not stock, origin or lead time. Official category paths: Process and Control Valves > Hygienic / Pharma / Hydrogen / Speciality Process Valves > T-valves | Process and Control Valves > Hygienic / Pharma / Hydrogen / Speciality Process Valves > Diaphragm Valves > Pneumatic | Process and Control Valves > Shut-off Valves (On/Off) > Diaphragm Valves > Pneumatic.",https://www.burkert.com/en/type/2064|https://www.burkert.com.cn/cn/type/2064|https://www.burkert.com/en/Media/plm/DTS/DS/ds2064-inox-eu-en.pdf?id=DTS0000000000000001000450610ENI,无独立映射证据编号；以官方产品页和规格表为准,中国项目价格/净价、库存、产地、标准品与定制品交期、装机量、客户评价及售后服务表现需内部验证,2064：T-valves；优先联想到无菌输送/隔离；CIP/SIP；制药用水，再核对工况、配置和证据边界。,客户在什么工况下应选择或排除 2064？比较前必须确认哪些参数和证据？,GENERATED_REVIEWED_BY_RULES,2026-06-09,2026-06-24
BURKERT-2065,Bürkert,2065,Tank bottom diaphragm valve with pneumatic actuator in stainless steel (Type INOX),带不锈钢气动驱动器的罐底隔膜阀（INOX 型）,过程与控制阀,Hygienic / Pharma / Hydrogen / Speciality Process Valves > Tank Bottom Valves,Tank Bottom Valves,"The externally controlled diaphragm valve Type 2065 consists of a pneumatically operated stainless steel piston actuator, a diaphragm and a tank bottom valve body. The proven and robust actuator with stainless steel housing ensures use in hygienic or aggressive ambient conditions. The flow-efficient valve bodies with little dead space enable high flow rates and a wide range of possible uses. The valve body and the diaphragm are available in all common materials and variants. The actuator has a compact, autoclavable design with a large stainless steel housing, high temperature resistance and gap-free seals. The integration of the automation units Type 8697 is possible in all configuration levels (can be retrofitted). The actuator is equipped with an integrated, optical position indicator as standard.",在无菌输送/隔离；CIP/SIP；制药用水中完成卫生隔离、切换、调节或低滞留流路设计；具体任务取决于阀体和执行配置。,无菌输送/隔离；CIP/SIP；制药用水,actuation_method=pneumatic；explicit_materials=stainless steel；explicit_roughness=Ra ≤ 0.38 µm...≤ 1.6 µm,介质与批次风险；DN及目标Cv/Kv；阀体流路和排空方向；接液材料与表面粗糙度；膜片材质和寿命；连接标准；工作与灭菌温压；CIP/SIP程序；死区要求；认证与材料追溯；手动、开关或调节自动化。,不能用系列名称代替具体阀体、膜片和连接配置；未确认排空、死区、温压、材料证明或灭菌循环时，不得判定适用于关键无菌主工艺。,2033|2105|3235|3325|3365,DIRECT / 配液罐、生物反应器和储罐低残留排放 / 643|P40,罐底接口；排空性；死区；焊接；执行器；膜片；CIP/SIP；维护空间,A,"本卡仅汇总公开目录、官方产品页和规格主表，不等同于应用工程批准或验证文件。；HIGH表示制药相关性高，不表示全部配置均适用于无菌主工艺。；中国公开可见性只表示页面或中文资料可见，不证明中国库存、产地或交期。；源记录边界：Global official Type page is the product master. China visibility indicates public page/document visibility only, not stock, origin or lead time. Official category paths: Process and Control Valves > Hygienic / Pharma / Hydrogen / Speciality Process Valves > Tank Bottom Valves | Process and Control Valves > Hygienic / Pharma / Hydrogen / Speciality Process Valves > Diaphragm Valves > Pneumatic | Process and Control Valves > Shut-off Valves (On/Off) > Diaphragm Valves > Pneumatic.",https://www.burkert.com/en/type/2065|https://www.burkert.com.cn/cn/type/2065|https://www.burkert.com/en/Media/plm/DTS/DS/ds2065-inox-eu-en.pdf?id=DTS0000000000000001000450613ENJ,GEMU-SERIES-643|GEMU-SERIES-P40,中国项目价格/净价、库存、产地、标准品与定制品交期、装机量、客户评价及售后服务表现需内部验证,2065：Tank Bottom Valves；优先联想到无菌输送/隔离；CIP/SIP；制药用水，再核对工况、配置和证据边界。,客户在什么工况下应选择或排除 2065？比较前必须确认哪些参数和证据？,GENERATED_REVIEWED_BY_RULES,2026-06-09,2026-06-24
BURKERT-2080,Bürkert,2080,Pneumatically operated 2/2-way valve with bellows,气动操作的二位二通阀，带有 PTFE 波纹管,过程与控制阀,Hygienic / Pharma / Hydrogen / Speciality Process Valves > Bellows Valves,Bellows Valves,"The valve consists of a pneumatically actuated piston actuator, a stainless steel housing and a bellows element. This bellows element serves primarily as a seat seal, but also to hermetically seal of the media chamber. Due to the comparatively short stroke, these valves achieve a very high number of stroke cycles and short stroke times at relatively high flow rates. These properties make this type of valve ideal for applications in the filling sector, for example. The materials and internal contours used are easy to clean using the CIP / SIP process and the valve body is self-draining when installed in the appropriate position. The modular design allows it to be equipped with different valve fittings and customised line connections. The pneumatic actuator can be extended with various functions and is preferably controlled externally via a pilot valve or a valve terminal. An explosion-proof ATEX/IECEx device variant is available.",在无菌输送/隔离；CIP/SIP；制药用水中完成卫生隔离、切换、调节或低滞留流路设计；具体任务取决于阀体和执行配置。,无菌输送/隔离；CIP/SIP；制药用水,actuation_method=pneumatic；explicit_certifications_or_ratings=ATEX | IECEx；way_configuration=2/2-way；explicit_materials=stainless steel,介质与批次风险；DN及目标Cv/Kv；阀体流路和排空方向；接液材料与表面粗糙度；膜片材质和寿命；连接标准；工作与灭菌温压；CIP/SIP程序；死区要求；认证与材料追溯；手动、开关或调节自动化。,不能用系列名称代替具体阀体、膜片和连接配置；未确认排空、死区、温压、材料证明或灭菌循环时，不得判定适用于关键无菌主工艺。,3260,未形成明确系列级竞品映射；需按客户任务和具体配置另行检索。,产品功能；工况；接液材料；连接；自动化；文件与服务,A,"本卡仅汇总公开目录、官方产品页和规格主表，不等同于应用工程批准或验证文件。；HIGH表示制药相关性高，不表示全部配置均适用于无菌主工艺。；中国公开可见性只表示页面或中文资料可见，不证明中国库存、产地或交期。；源记录边界：Global official Type page is the product master. China visibility indicates public page/document visibility only, not stock, origin or lead time. Official category paths: Process and Control Valves > Hygienic / Pharma / Hydrogen / Speciality Process Valves > Bellows Valves.",https://www.burkert.com/en/type/2080|https://www.burkert.com.cn/cn/type/2080|https://www.burkert.com/en/Media/plm/DTS/DS/ds2080-inox-eu-en.pdf?id=DTS0000000000000001000526613END,无独立映射证据编号；以官方产品页和规格表为准,中国项目价格/净价、库存、产地、标准品与定制品交期、装机量、客户评价及售后服务表现需内部验证,2080：Bellows Valves；优先联想到无菌输送/隔离；CIP/SIP；制药用水，再核对工况、配置和证据边界。,客户在什么工况下应选择或排除 2080？比较前必须确认哪些参数和证据？,GENERATED_REVIEWED_BY_RULES,2026-06-09,2026-06-24
BURKERT-2103,Bürkert,2103,2/2-way diaphragm valve with pneumatic stainless steel actuator (Type ELEMENT) for decentralised automation,带不锈钢气动驱动器（ELEMENT 型）的二位二通隔膜阀，用于分散式自动化,过程与控制阀,Shut-off Valves (On/Off) > Diaphragm Valves > Pneumatic,Pneumatic,"The externally controlled diaphragm valve Type 2103 consists of a pneumatically operated piston actuator, a diaphragm and a 2-way valve body. The proven and robust actuator with stainless steel housing ensures use in hygienic or aggressive ambient conditions. The flow-efficient valve bodies with little dead space enable high flow rates and a wide range of possible uses. The valve body and the diaphragm are available in all common materials and variants. The actuator has a compact, autoclavable design with a large stainless steel housing and gap-free seals. The integration of automation units Type ELEMENT is possible in all configuration levels (can be retrofitted); a fieldbus interface can also be integrated. An explosion-proof ATEX/IECEx device variant is available. It is a compact, smooth-surfaced and highly integrated system consisting of a valve and an automation unit with integrated pilot air ducts (no intake of ambient air). The add-on body is optionally available in plastic or stainless steel (can be rotated 360°). The valve offers the degrees of protection IP65/67 and NEMA Type 4X and displays high chemical resistance.",在无菌输送/隔离；CIP/SIP；制药用水中完成卫生隔离、切换、调节或低滞留流路设计；具体任务取决于阀体和执行配置。,无菌输送/隔离；CIP/SIP；制药用水,actuation_method=pneumatic；explicit_certifications_or_ratings=ATEX | IECEx | NEMA Type 4X；protection_rating=IP65/67；way_configuration=2/2-way；explicit_materials=stainless steel | plastic；explicit_roughness=Ra ≤ 0.38 µm...≤ 1.6 µm,介质与批次风险；DN及目标Cv/Kv；阀体流路和排空方向；接液材料与表面粗糙度；膜片材质和寿命；连接标准；工作与灭菌温压；CIP/SIP程序；死区要求；认证与材料追溯；手动、开关或调节自动化。,不能用系列名称代替具体阀体、膜片和连接配置；未确认排空、死区、温压、材料证明或灭菌循环时，不得判定适用于关键无菌主工艺。,2030|2031|2032|2034|2063|2104|3230|8801,DIRECT / 配液、发酵、纯化、CIP/SIP、无菌输送 / GEMÜ 605/616/629/639/649/650/651/653/654/D40/D41 / BNWM/BNWC weir; BSW/BSWCN/LPS weirless diaphragm families / A00 pneumatic and A01 manual diaphragm valves；DIRECT / 无菌主工艺、配液、纯化、CIP/SIP / 650；DIRECT / 无菌输送、配液、过滤和卫生设备 / 653|654；DIRECT / 配液、纯化、CIP/SIP与卫生输送 / BNWM/BNWC；DIRECT_OR_DIFFERENT_DESIGN / 高流量卫生输送、配液和设备内部流路 / BSW/BSWCN/LPS；DIRECT / 配液、纯化、CIP/SIP和卫生输送 / A00/A01,阀体结构；流路；DN；Cv；316L牌号；Ra；膜片；连接；温压；排空；认证；执行与反馈；DN；压力；灭菌温度；阀体构型；316L牌号；Ra；膜片；认证；控制头；执行方式；DN；压力；温度；连接；阀体；膜片；自动化附件；DN；Cv；阀体；Ra；膜片；连接；压力；温度；认证；自动化；流路；Cv；排空；死区；膜片；压力；温度；连接；维护；DN；Cv/Kv；阀体；Ra；膜片；连接；压力；温度；排空；认证,A,"本卡仅汇总公开目录、官方产品页和规格主表，不等同于应用工程批准或验证文件。；HIGH表示制药相关性高，不表示全部配置均适用于无菌主工艺。；中国公开可见性只表示页面或中文资料可见，不证明中国库存、产地或交期。；源记录边界：Global official Type page is the product master. China visibility indicates public page/document visibility only, not stock, origin or lead time. Official category paths: Process and Control Valves > Shut-off Valves (On/Off) > Diaphragm Valves > Pneumatic | Process and Control Valves > Hygienic / Pharma / Hydrogen / Speciality Process Valves > Diaphragm Valves > Pneumatic | Process and Control Valves > Control Valves > Diaphragm Valves.",https://www.burkert.com/en/type/2103|https://www.burkert.com.cn/cn/type/2103|https://www.burkert.com/en/Media/plm/DTS/DS/ds2103-element-eu-en.pdf?id=DTS0000000000000001000450597ENS,BURKERT-CATALOG-002|BURKERT-DIAPHRAGM-001|BURKERT-DIAPHRAGM-002|BURKERT-2103-001|GEMU-650-001|GEMU-649-001|GEMU-SERIES-605|GEMU-SERIES-616|GEMU-SERIES-629|GEMU-SERIES-639|GEMU-SERIES-650|GEMU-SERIES-651|GEMU-SERIES-653|GEMU-SERIES-654|GEMU-SERIES-D40|GEMU-SERIES-D41|FUJIKIN-BNW-001|FUJIKIN-SERIES-BNWM-BNWC-66C6E5BE|FUJIKIN-SERIES-BNWC-2F0E12E0|FUJIKIN-SERIES-BSW-F5AFD21C|FUJIKIN-SERIES-BSWCN-AD5BAF95|FUJIKIN-SERIES-LPSM-LPSL-88A88889|FUJIKIN-SERIES-LPS-5E67B882|ESG-DIAPHRAGM-001|ESG-SERIES-A00|ESG-SERIES-A01,中国项目价格/净价、库存、产地、标准品与定制品交期、装机量、客户评价及售后服务表现需内部验证,2103：Pneumatic；优先联想到无菌输送/隔离；CIP/SIP；制药用水，再核对工况、配置和证据边界。,客户在什么工况下应选择或排除 2103？比较前必须确认哪些参数和证据？,GENERATED_REVIEWED_BY_RULES,2026-06-09,2026-06-24
BURKERT-2104,Bürkert,2104,T-diaphragm valve with pneumatic actuator in stainless steel (Type ELEMENT) for decentralised automation,带不锈钢气动驱动器（ELEMENT 型）的 T 型隔膜阀，用于分散式自动化,过程与控制阀,Shut-off Valves (On/Off) > Diaphragm Valves > Pneumatic,Pneumatic,"The externally controlled diaphragm valve Type 2104 consists of a pneumatically operated piston actuator, a diaphragm and a T-valve body. The proven and robust actuator with stainless steel housing ensures use in hygienic or aggressive ambient conditions. The flow-efficient valve bodies with little dead space enable high flow rates and a wide range of possible uses. The valve body and the diaphragm are available in all common materials and variants. The actuator has a compact, autoclavable design with a large stainless steel housing and gap-free seals. The integration of automation units Type ELEMENT is possible in all configuration levels (can be retrofitted); a fieldbus interface can also be integrated. An explosion-proof ATEX/IECEx device variant is available. It is a compact, smooth-surfaced and highly integrated system consisting of a valve and an automation unit with integrated pilot air ducts (no intake of ambient air). The add-on body is optionally available in plastic or stainless steel (can be rotated 360°). The valve offers the degrees of protection IP65/67 and NEMA Type 4X and displays high chemical resistance.",在无菌输送/隔离；CIP/SIP；制药用水中完成卫生隔离、切换、调节或低滞留流路设计；具体任务取决于阀体和执行配置。,无菌输送/隔离；CIP/SIP；制药用水,actuation_method=pneumatic；explicit_certifications_or_ratings=ATEX | IECEx | NEMA Type 4X；protection_rating=IP65/67；explicit_materials=stainless steel | plastic；explicit_roughness=Ra ≤ 0.38 µm...≤ 1.6 µm,介质与批次风险；DN及目标Cv/Kv；阀体流路和排空方向；接液材料与表面粗糙度；膜片材质和寿命；连接标准；工作与灭菌温压；CIP/SIP程序；死区要求；认证与材料追溯；手动、开关或调节自动化。,不能用系列名称代替具体阀体、膜片和连接配置；未确认排空、死区、温压、材料证明或灭菌循环时，不得判定适用于关键无菌主工艺。,2030|2031|2032|2034|2063|2103|3230|8801,DIRECT / 配液、发酵、纯化、CIP/SIP、无菌输送 / GEMÜ 605/616/629/639/649/650/651/653/654/D40/D41 / BNWM/BNWC weir; BSW/BSWCN/LPS weirless diaphragm families / A00 pneumatic and A01 manual diaphragm valves；DIRECT_FOR_GEMU / 低死区分配、混合、排空、罐底、PUPSIT与无菌取样 / P600M/P600S/P500M and custom multiport blocks / 未发现同等清晰的制药多通阀块系列 / A31 sampling valve; T-valve claim; 103 three-way angle-seat valve；ADJACENT_NOT_EQUIVALENT / 分流、切换、卫生支路和设备管路 / T-VALVE/103,阀体结构；流路；DN；Cv；316L牌号；Ra；膜片；连接；温压；排空；认证；执行与反馈；P&ID；阀位；死区；排空；焊点；加工方式；传感器集成；验证文件；流路；阀位；死区；排空；焊点；阀座；膜片；验证文件,A,"本卡仅汇总公开目录、官方产品页和规格主表，不等同于应用工程批准或验证文件。；HIGH表示制药相关性高，不表示全部配置均适用于无菌主工艺。；中国公开可见性只表示页面或中文资料可见，不证明中国库存、产地或交期。；源记录边界：Global official Type page is the product master. China visibility indicates public page/document visibility only, not stock, origin or lead time. Official category paths: Process and Control Valves > Shut-off Valves (On/Off) > Diaphragm Valves > Pneumatic | Process and Control Valves > Hygienic / Pharma / Hydrogen / Speciality Process Valves > T-valves | Process and Control Valves > Hygienic / Pharma / Hydrogen / Speciality Process Valves > Diaphragm Valves > Pneumatic.",https://www.burkert.com/en/type/2104|https://www.burkert.com.cn/cn/type/2104|https://www.burkert.com/en/Media/plm/DTS/DS/ds2104-element-eu-en.pdf?id=DTS0000000000000001000450599ENL,BURKERT-CATALOG-002|BURKERT-DIAPHRAGM-001|BURKERT-DIAPHRAGM-002|BURKERT-2103-001|GEMU-650-001|GEMU-649-001|GEMU-SERIES-605|GEMU-SERIES-616|GEMU-SERIES-629|GEMU-SERIES-639|GEMU-SERIES-650|GEMU-SERIES-651|GEMU-SERIES-653|GEMU-SERIES-654|GEMU-SERIES-D40|GEMU-SERIES-D41|FUJIKIN-BNW-001|FUJIKIN-SERIES-BNWM-BNWC-66C6E5BE|FUJIKIN-SERIES-BNWC-2F0E12E0|FUJIKIN-SERIES-BSW-F5AFD21C|FUJIKIN-SERIES-BSWCN-AD5BAF95|FUJIKIN-SERIES-LPSM-LPSL-88A88889|FUJIKIN-SERIES-LPS-5E67B882|ESG-DIAPHRAGM-001|ESG-SERIES-A00|ESG-SERIES-A01|BURKERT-PHARMA-001|GEMU-MULTIPORT-001|ESG-SAMPLING-001|ESG-SERIES-A31|ESG-SERIES-T-VALVE|ESG-SERIES-103,中国项目价格/净价、库存、产地、标准品与定制品交期、装机量、客户评价及售后服务表现需内部验证,2104：Pneumatic；优先联想到无菌输送/隔离；CIP/SIP；制药用水，再核对工况、配置和证据边界。,客户在什么工况下应选择或排除 2104？比较前必须确认哪些参数和证据？,GENERATED_REVIEWED_BY_RULES,2026-06-09,2026-06-24
BURKERT-2105,Bürkert,2105,Tank bottom diaphragm valve with pneumatic actuator in stainless steel (Type ELEMENT) for decentralised automation,带不锈钢气动驱动器（ELEMENT 型）的罐底隔膜阀，用于分散式自动化,过程与控制阀,Hygienic / Pharma / Hydrogen / Speciality Process Valves > Tank Bottom Valves,Tank Bottom Valves,"The externally controlled diaphragm valve Type 2105 consists of a pneumatically operated piston actuator, a diaphragm and a tank bottom valve body. The proven and robust actuator with stainless steel housing ensures use in hygienic or aggressive ambient conditions. The flow-efficient valve bodies with little dead space enable high flow rates and a wide range of possible uses. The valve body and the diaphragm are available in all common materials and variants. The actuator has a compact, autoclavable design with a large stainless steel housing and gap-free seals. The integration of automation units Type ELEMENT is possible in all configuration levels (can be retrofitted); a fieldbus interface can also be integrated. An explosion-proof ATEX/IECEx device variant is available. It is a compact, smooth-surfaced and highly integrated system consisting of a valve and an automation unit with integrated pilot air ducts (no intake of ambient air). The add-on body is optionally available in plastic or stainless steel (can be rotated 360°). The valve offers the degrees of protection IP65/67 and NEMA Type 4X and displays high chemical resistance.",在无菌输送/隔离；CIP/SIP；制药用水中完成卫生隔离、切换、调节或低滞留流路设计；具体任务取决于阀体和执行配置。,无菌输送/隔离；CIP/SIP；制药用水,actuation_method=pneumatic；explicit_certifications_or_ratings=ATEX | IECEx | NEMA Type 4X；protection_rating=IP65/67；explicit_materials=stainless steel | plastic；explicit_roughness=Ra ≤ 0.38 µm...≤ 1.6 µm,介质与批次风险；DN及目标Cv/Kv；阀体流路和排空方向；接液材料与表面粗糙度；膜片材质和寿命；连接标准；工作与灭菌温压；CIP/SIP程序；死区要求；认证与材料追溯；手动、开关或调节自动化。,不能用系列名称代替具体阀体、膜片和连接配置；未确认排空、死区、温压、材料证明或灭菌循环时，不得判定适用于关键无菌主工艺。,2033|2065|3235|3325|3365,DIRECT / 配液、发酵、纯化、CIP/SIP、无菌输送 / GEMÜ 605/616/629/639/649/650/651/653/654/D40/D41 / BNWM/BNWC weir; BSW/BSWCN/LPS weirless diaphragm families / A00 pneumatic and A01 manual diaphragm valves；DIRECT_FOR_GEMU / 低死区分配、混合、排空、罐底、PUPSIT与无菌取样 / P600M/P600S/P500M and custom multiport blocks / 未发现同等清晰的制药多通阀块系列 / A31 sampling valve; T-valve claim; 103 three-way angle-seat valve；DIRECT / 配液罐、生物反应器和储罐低残留排放 / 643|P40,阀体结构；流路；DN；Cv；316L牌号；Ra；膜片；连接；温压；排空；认证；执行与反馈；P&ID；阀位；死区；排空；焊点；加工方式；传感器集成；验证文件；罐底接口；排空性；死区；焊接；执行器；膜片；CIP/SIP；维护空间,A,"本卡仅汇总公开目录、官方产品页和规格主表，不等同于应用工程批准或验证文件。；HIGH表示制药相关性高，不表示全部配置均适用于无菌主工艺。；中国公开可见性只表示页面或中文资料可见，不证明中国库存、产地或交期。；源记录边界：Global official Type page is the product master. China visibility indicates public page/document visibility only, not stock, origin or lead time. Official category paths: Process and Control Valves > Hygienic / Pharma / Hydrogen / Speciality Process Valves > Tank Bottom Valves | Process and Control Valves > Shut-off Valves (On/Off) > Diaphragm Valves > Pneumatic | Process and Control Valves > Hygienic / Pharma / Hydrogen / Speciality Process Valves > Diaphragm Valves > Pneumatic.",https://www.burkert.com/en/type/2105|https://www.burkert.com.cn/cn/type/2105|https://www.burkert.com/en/Media/plm/DTS/DS/ds2105-element-eu-en.pdf?id=DTS0000000000000001000450603ENJ,BURKERT-CATALOG-002|BURKERT-DIAPHRAGM-001|BURKERT-DIAPHRAGM-002|BURKERT-2103-001|GEMU-650-001|GEMU-649-001|GEMU-SERIES-605|GEMU-SERIES-616|GEMU-SERIES-629|GEMU-SERIES-639|GEMU-SERIES-650|GEMU-SERIES-651|GEMU-SERIES-653|GEMU-SERIES-654|GEMU-SERIES-D40|GEMU-SERIES-D41|FUJIKIN-BNW-001|FUJIKIN-SERIES-BNWM-BNWC-66C6E5BE|FUJIKIN-SERIES-BNWC-2F0E12E0|FUJIKIN-SERIES-BSW-F5AFD21C|FUJIKIN-SERIES-BSWCN-AD5BAF95|FUJIKIN-SERIES-LPSM-LPSL-88A88889|FUJIKIN-SERIES-LPS-5E67B882|ESG-DIAPHRAGM-001|ESG-SERIES-A00|ESG-SERIES-A01|BURKERT-PHARMA-001|GEMU-MULTIPORT-001|ESG-SAMPLING-001|ESG-SERIES-A31|ESG-SERIES-T-VALVE|ESG-SERIES-103|GEMU-SERIES-643|GEMU-SERIES-P40,中国项目价格/净价、库存、产地、标准品与定制品交期、装机量、客户评价及售后服务表现需内部验证,2105：Tank Bottom Valves；优先联想到无菌输送/隔离；CIP/SIP；制药用水，再核对工况、配置和证据边界。,客户在什么工况下应选择或排除 2105？比较前必须确认哪些参数和证据？,GENERATED_REVIEWED_BY_RULES,2026-06-09,2026-06-24
BURKERT-2380,Bürkert,2380,Hygienic 2-way bellows control valve,卫生型两通波纹管调节阀,过程与控制阀,Control Valves > Globe Valves > Pneumatic,Pneumatic,"The bellows control valve Type 2380 is a high-performance, pneumatically actuated process valve with a single-acting actuator and a top-mounted positioner. PTFE bellows guarantee complete separation between the medium and the actuator, thus increasing service life and reliability. This valve is designed for both hygienic and aggressive conditions and is easy to clean. In conjunction with the proven positioners of Type 869x and integrated control cone with linear characteristic, it can also handle demanding control tasks. The space-saving actuators with low internal volume ensure excellent response times. Alternatively, this valve principle can also be used in customer-specific block solutions such as pressure control systems Type 8880.",在无菌输送/隔离；CIP/SIP；制药用水中完成卫生隔离、切换、调节或低滞留流路设计；具体任务取决于阀体和执行配置。,无菌输送/隔离；CIP/SIP；制药用水,actuation_method=pneumatic；explicit_materials=PTFE；explicit_seal_materials=PTFE,介质与批次风险；DN及目标Cv/Kv；阀体流路和排空方向；接液材料与表面粗糙度；膜片材质和寿命；连接标准；工作与灭菌温压；CIP/SIP程序；死区要求；认证与材料追溯；手动、开关或调节自动化。,不能用系列名称代替具体阀体、膜片和连接配置；未确认排空、死区、温压、材料证明或灭菌循环时，不得判定适用于关键无菌主工艺。,同类高相关记录未找到；需扩展到相邻产品族判断,未形成明确系列级竞品映射；需按客户任务和具体配置另行检索。,产品功能；工况；接液材料；连接；自动化；文件与服务,A,"本卡仅汇总公开目录、官方产品页和规格主表，不等同于应用工程批准或验证文件。；HIGH表示制药相关性高，不表示全部配置均适用于无菌主工艺。；中国公开可见性只表示页面或中文资料可见，不证明中国库存、产地或交期。；源记录边界：Global official Type page is the product master. China visibility indicates public page/document visibility only, not stock, origin or lead time. Official category paths: Process and Control Valves > Control Valves > Globe Valves > Pneumatic | Process and Control Valves > Hygienic / Pharma / Hydrogen / Speciality Process Valves > Bellows Valves.",https://www.burkert.com/en/type/2380|https://www.burkert.com.cn/cn/type/2380|https://www.burkert.com/en/Media/plm/DTS/DS/ds2380-datasheet-eu-en.pdf?id=DTS0000000000000001000274158ENK|https://www.burkert.com/en/Media/plm/DTS/DS/ds2380-datasheet-cn-zh.pdf?id=DTS0000000000000001000562440ZHD,无独立映射证据编号；以官方产品页和规格表为准,中国项目价格/净价、库存、产地、标准品与定制品交期、装机量、客户评价及售后服务表现需内部验证,2380：Pneumatic；优先联想到无菌输送/隔离；CIP/SIP；制药用水，再核对工况、配置和证据边界。,客户在什么工况下应选择或排除 2380？比较前必须确认哪些参数和证据？,GENERATED_REVIEWED_BY_RULES,2026-06-09,2026-06-24
BURKERT-2707,Bürkert,2707,Hose pinch valve with pneumatic actuator,Hose pinch valve with pneumatic actuator,过程与控制阀,Hygienic / Pharma / Hydrogen / Speciality Process Valves > Pinch valve,Pinch valve,"The externally controlled hose pinch valve Type 2707 consists of a pneumatical actuator (optionally ELEMENT, INOX or CLASSIC), a housing with compressor and an interchangeable hose holder that can be adapted to the tubing size. The Bürkert hose pinch valve has been specifically designed for single-use applications in biopharmaceutical production processes. Typical applications include chromatography skids, tangential flow filtration skids (TFF), single-use bioreactors, as well as filling and dosing skids. Installation on racks, e.g. for transfer and/or distribution. Manufactured for modulating applications (ELEMENT actuator) or on/off applications (INOX or CLASSIC actuator). Compressor and hose holder can be replaced with a few simple hand movements, allowing the pinch valve to be adapted to different hose dimensions. Compact, smooth-surfaced, highly integrated system of valve and automation unit. High chemical resistance.",在无菌输送/隔离；CIP/SIP；制药用水中通过软管夹断或一次性流路实现介质隔离，减少清洗验证负担和交叉污染风险。,无菌输送/隔离；CIP/SIP；制药用水,actuation_method=pneumatic；explicit_connection_types=hose,软管与接液材料；管径和壁厚；灭菌方式；压力与温度；密封完整性；死体积和滞留；循环次数或一次性使用边界；批次追溯；供应连续性；执行器和反馈要求。,软管尺寸、材料、灭菌方法或寿命未经确认时不得替代；一次性组件与可重复使用阀门的维护、验证和总成本口径不可直接混比。,同类高相关记录未找到；需扩展到相邻产品族判断,ADJACENT / 一次性上游/下游、快速换批和交叉污染控制 / SUMONDO Multiport|SU40|SUB；DIRECT_OR_ADJACENT / 软管流路、一次性耗材外围和颗粒敏感介质 / Q30|Q40|Q51；DIRECT_OR_ADJACENT / 软管流路、一次性外围和颗粒敏感介质 / BPV-HIN,一次性边界；接液材料；辐照；洁净室；压力；DN；连接；验证文件；软管；压力；温度；夹紧力；寿命；执行方式；失效位；洁净边界；软管；压力；温度；夹紧力；寿命；执行方式；失效位,A,"本卡仅汇总公开目录、官方产品页和规格主表，不等同于应用工程批准或验证文件。；HIGH表示制药相关性高，不表示全部配置均适用于无菌主工艺。；中国公开可见性只表示页面或中文资料可见，不证明中国库存、产地或交期。；源记录边界：Global official Type page is the product master. China visibility indicates public page/document visibility only, not stock, origin or lead time. Official category paths: Process and Control Valves > Hygienic / Pharma / Hydrogen / Speciality Process Valves > Pinch valve. No official Chinese page title was parsed; English name retained.",https://www.burkert.com/en/type/2707|https://www.burkert.com.cn/cn/type/2707|https://www.burkert.com/en/Media/plm/DTS/DS/ds2707-standard-eu-en.pdf?id=DTS0000000000000001000643724ENI|https://www.burkert.com/en/Media/plm/DTS/DS/ds2707-standard-cn-zh.pdf?id=DTS0000000000000001000657233ZHG,GEMU-SERIES-SUMONDO-MULTIPORT|GEMU-SERIES-SU40|GEMU-SERIES-SUB|GEMU-SERIES-Q30|GEMU-SERIES-Q40|GEMU-SERIES-Q51|FUJIKIN-SERIES-BPV-HIN-9B49F6A4,中国项目价格/净价、库存、产地、标准品与定制品交期、装机量、客户评价及售后服务表现需内部验证,2707：Pinch valve；优先联想到无菌输送/隔离；CIP/SIP；制药用水，再核对工况、配置和证据边界。,客户在什么工况下应选择或排除 2707？比较前必须确认哪些参数和证据？,GENERATED_REVIEWED_BY_RULES,2026-06-09,2026-06-24
BURKERT-2730,Bürkert,2730,2/2-way – diaphragm valve with pneumatic position-actuator in plastic (Type CLASSIC),带有塑料制成的气动位置调节驱动器的二位二通隔膜阀（CLASSIC 型）,过程与控制阀,Control Valves > Diaphragm Valves,Diaphragm Valves,"The externally controlled diaphragm valve Type 2730 consists of a pneumatically operated piston actuator, a built-in positioner, a diaphragm and a 2-way valve body. The proven and robust actuator with plastic housing ensures use under hygienic or aggressive environmental conditions. The flow-efficient valve body with little dead space enables high flow rates and a wide range of possible uses. The plastic valve body and the diaphragm are available in all common materials and designs. The actuator has a compact, autoclavable design (PPS version). The integration of automation TopControl units Type 8692/8693/8694 and SideCONTROL units Type 8635/8792/8793 is possible in all expansion stages (can be retrofitted). An explosion-proof ATEX/IECEx device variant is available. The add-on housing is available in plastic or stainless steel. The actuator is equipped with an integrated, optical position indicator as standard, optionally a minimum/maximum stroke limitation can be installed.",在无菌输送/隔离；CIP/SIP；制药用水中完成卫生隔离、切换、调节或低滞留流路设计；具体任务取决于阀体和执行配置。,无菌输送/隔离；CIP/SIP；制药用水,actuation_method=pneumatic；explicit_certifications_or_ratings=ATEX | IECEx；way_configuration=2/2-way；explicit_materials=stainless steel | PVDF | plastic,介质与批次风险；DN及目标Cv/Kv；阀体流路和排空方向；接液材料与表面粗糙度；膜片材质和寿命；连接标准；工作与灭菌温压；CIP/SIP程序；死区要求；认证与材料追溯；手动、开关或调节自动化。,不能用系列名称代替具体阀体、膜片和连接配置；未确认排空、死区、温压、材料证明或灭菌循环时，不得判定适用于关键无菌主工艺。,2731|2732|3363|8802|8803,未形成明确系列级竞品映射；需按客户任务和具体配置另行检索。,产品功能；工况；接液材料；连接；自动化；文件与服务,A,"本卡仅汇总公开目录、官方产品页和规格主表，不等同于应用工程批准或验证文件。；HIGH表示制药相关性高，不表示全部配置均适用于无菌主工艺。；中国公开可见性只表示页面或中文资料可见，不证明中国库存、产地或交期。；源记录边界：Global official Type page is the product master. China visibility indicates public page/document visibility only, not stock, origin or lead time. Official category paths: Process and Control Valves > Control Valves > Diaphragm Valves.",https://www.burkert.com/en/type/2730|https://www.burkert.com.cn/cn/type/2730|https://www.burkert.com/en/Media/plm/DTS/DS/ds2730-classic-eu-en.pdf?id=DTS0000000000000001000490461ENF,无独立映射证据编号；以官方产品页和规格表为准,中国项目价格/净价、库存、产地、标准品与定制品交期、装机量、客户评价及售后服务表现需内部验证,2730：Diaphragm Valves；优先联想到无菌输送/隔离；CIP/SIP；制药用水，再核对工况、配置和证据边界。,客户在什么工况下应选择或排除 2730？比较前必须确认哪些参数和证据？,GENERATED_REVIEWED_BY_RULES,2026-06-09,2026-06-24
BURKERT-2731,Bürkert,2731,2/2-way – diaphragm valve with pneumatic position-actuator in plastic ( Type Classic ),带有塑料制成的气动位置调节驱动器的二位二通隔膜阀（CLASSIC 型）,过程与控制阀,Control Valves > Diaphragm Valves,Diaphragm Valves,"The externally controlled diaphragm valve type 2731 consists of a pneumatically operated piston actuator, a bult-in positioner,a diaphragm and a 2-way valve housing. The proven and robust actuator with plastic housing ensures use under hygienic or aggressive environmental conditions. The flow-efficient valve housing with little dead space enable high flow rates and a wide range of possible uses. The valve housing and the diaphragm are available in all common materials and designs. The actuator has a compact, autoclavable design (PPS version). The integration of automation units Top Control 8692/8693/8694 Side Control 8635/8792/8793 is possible in all expansion stages (can be retrofitted). An explosion-proof ATEX / IECEx device variant is available. The add-on housing is optionally available in plastic or stainless steel. The actuator is equipped with an integrated, optical position indicator as standard, optionally a min./max. stroke limitation can be installed.",在无菌输送/隔离；CIP/SIP；制药用水中完成卫生隔离、切换、调节或低滞留流路设计；具体任务取决于阀体和执行配置。,无菌输送/隔离；CIP/SIP；制药用水,actuation_method=pneumatic；explicit_certifications_or_ratings=ATEX | IECEx；way_configuration=2/2-way；explicit_materials=stainless steel | plastic；explicit_roughness=Ra ≤ 0.38 µm...1.6 µm,介质与批次风险；DN及目标Cv/Kv；阀体流路和排空方向；接液材料与表面粗糙度；膜片材质和寿命；连接标准；工作与灭菌温压；CIP/SIP程序；死区要求；认证与材料追溯；手动、开关或调节自动化。,不能用系列名称代替具体阀体、膜片和连接配置；未确认排空、死区、温压、材料证明或灭菌循环时，不得判定适用于关键无菌主工艺。,2730|2732|3363|8802|8803,未形成明确系列级竞品映射；需按客户任务和具体配置另行检索。,产品功能；工况；接液材料；连接；自动化；文件与服务,A,"本卡仅汇总公开目录、官方产品页和规格主表，不等同于应用工程批准或验证文件。；HIGH表示制药相关性高，不表示全部配置均适用于无菌主工艺。；中国公开可见性只表示页面或中文资料可见，不证明中国库存、产地或交期。；源记录边界：Global official Type page is the product master. China visibility indicates public page/document visibility only, not stock, origin or lead time. Official category paths: Process and Control Valves > Control Valves > Diaphragm Valves.",https://www.burkert.com/en/type/2731|https://www.burkert.com.cn/cn/type/2731,无独立映射证据编号；以官方产品页和规格表为准,中国项目价格/净价、库存、产地、标准品与定制品交期、装机量、客户评价及售后服务表现需内部验证,2731：Diaphragm Valves；优先联想到无菌输送/隔离；CIP/SIP；制药用水，再核对工况、配置和证据边界。,客户在什么工况下应选择或排除 2731？比较前必须确认哪些参数和证据？,GENERATED_REVIEWED_BY_RULES,2026-06-09,2026-06-24
BURKERT-2732,Bürkert,2732,"Zero Deadleg T Valve, pneumatically operated. Combinable as Continuous Classic System Type 8802-DE",气动操作的无死角 T 型阀，不锈钢一体式外壳。可组合成 Continuous Classic 系统，型号 8802-DE,过程与控制阀,Control Valves > Diaphragm Valves,Diaphragm Valves,"The Burkert Zero Deadleg T Valve system is designed for control of ultra pure, sterile, aggressive or abrasive fluids. Enables especially optimal sampling, draining or diverting of critical process fluids. The valve body is machined from a single piece of block material (monoblock– no weld seam). The Type 2732 can be actuated by the 8635 SideControl, SideControls 8792/93 Remote versions or the 8694/8692/8693/8630 TopControl forming a mechanical and functional unit and thus offering a complete control valve system. Using this control valve, continuous regulation tasks for fluids can be solved.",在无菌输送/隔离；CIP/SIP；制药用水中完成卫生隔离、切换、调节或低滞留流路设计；具体任务取决于阀体和执行配置。,无菌输送/隔离；CIP/SIP；制药用水,actuation_method=pneumatic；explicit_certifications_or_ratings=FDA；explicit_connection_types=weld,介质与批次风险；DN及目标Cv/Kv；阀体流路和排空方向；接液材料与表面粗糙度；膜片材质和寿命；连接标准；工作与灭菌温压；CIP/SIP程序；死区要求；认证与材料追溯；手动、开关或调节自动化。,不能用系列名称代替具体阀体、膜片和连接配置；未确认排空、死区、温压、材料证明或灭菌循环时，不得判定适用于关键无菌主工艺。,2730|2731|3363|8802|8803,未形成明确系列级竞品映射；需按客户任务和具体配置另行检索。,产品功能；工况；接液材料；连接；自动化；文件与服务,A,"本卡仅汇总公开目录、官方产品页和规格主表，不等同于应用工程批准或验证文件。；HIGH表示制药相关性高，不表示全部配置均适用于无菌主工艺。；中国公开可见性只表示页面或中文资料可见，不证明中国库存、产地或交期。；源记录边界：Global official Type page is the product master. China visibility indicates public page/document visibility only, not stock, origin or lead time. Official category paths: Process and Control Valves > Control Valves > Diaphragm Valves | Process and Control Valves > Hygienic / Pharma / Hydrogen / Speciality Process Valves > T-valves.",https://www.burkert.com/en/type/2732|https://www.burkert.com.cn/cn/type/2732|https://www.burkert.com/en/Media/plm/DTS/DS/ds2732-standard-eu-en.pdf?id=DTS0000000000000001000140454ENG,无独立映射证据编号；以官方产品页和规格表为准,中国项目价格/净价、库存、产地、标准品与定制品交期、装机量、客户评价及售后服务表现需内部验证,2732：Diaphragm Valves；优先联想到无菌输送/隔离；CIP/SIP；制药用水，再核对工况、配置和证据边界。,客户在什么工况下应选择或排除 2732？比较前必须确认哪些参数和证据？,GENERATED_REVIEWED_BY_RULES,2026-06-09,2026-06-24
BURKERT-2933,Bürkert,2933,2/2-way diaphragm valve with manually operated actuator (basic),带手动执行机构的两位两通隔膜阀,过程与控制阀,Shut-off Valves (On/Off) > Diaphragm Valves > Manual,Manual,"The Type 2933 manually operated diaphragm valve consists of a manually operated actuator, a diaphragm and a 2-way valve body. The manual actuator with plastic or stainless steel handwheel is available with a diaphragm bonnet made of stainless steel or plastic and ensures use in hygienic or aggressive ambient conditions. The flow-optimised valve body with minimum dead space enables high flow values and a wide range of possible applications. The valve body and the diaphragms are available in all common materials and variants. The actuator has a compact, autoclavable design and is compatible with all other Bürkert diaphragm valves. An explosion-proof ATEX/IECEx device variant is available. The manual actuator is equipped with an integrated visual position indicator, a reproducible stroke scale and an adjustable closing limiter. The manual actuator can optionally be equipped with sensors for position feedback.",在无菌输送/隔离；CIP/SIP；制药用水中完成卫生隔离、切换、调节或低滞留流路设计；具体任务取决于阀体和执行配置。,无菌输送/隔离；CIP/SIP；制药用水,actuation_method=manual；explicit_certifications_or_ratings=ATEX | IECEx；way_configuration=2/2-way；explicit_materials=stainless steel | plastic；explicit_roughness=Ra ≤ 0.38 µm...1.6 µm,介质与批次风险；DN及目标Cv/Kv；阀体流路和排空方向；接液材料与表面粗糙度；膜片材质和寿命；连接标准；工作与灭菌温压；CIP/SIP程序；死区要求；认证与材料追溯；手动、开关或调节自动化。,不能用系列名称代替具体阀体、膜片和连接配置；未确认排空、死区、温压、材料证明或灭菌循环时，不得判定适用于关键无菌主工艺。,2935|2973|2974|2975|3232|3233|3234|3236,DIRECT / 无菌输送、配液、过滤和卫生设备 / 653|654,执行方式；DN；压力；温度；连接；阀体；膜片；自动化附件,A,"本卡仅汇总公开目录、官方产品页和规格主表，不等同于应用工程批准或验证文件。；HIGH表示制药相关性高，不表示全部配置均适用于无菌主工艺。；中国公开可见性只表示页面或中文资料可见，不证明中国库存、产地或交期。；源记录边界：Global official Type page is the product master. China visibility indicates public page/document visibility only, not stock, origin or lead time. Official category paths: Process and Control Valves > Shut-off Valves (On/Off) > Diaphragm Valves > Manual | Process and Control Valves > Hygienic / Pharma / Hydrogen / Speciality Process Valves > Diaphragm Valves > Manual.",https://www.burkert.com/en/type/2933|https://www.burkert.com.cn/cn/type/2933|https://www.burkert.com/en/Media/plm/DTS/DS/ds2933-manual-eu-en.pdf?id=DTS0000000000000001000570666ENO|https://www.burkert.com/en/Media/plm/DTS/DS/ds2933-manual-cn-zh.pdf?id=DTS0000000000000001000620299ZHE,GEMU-SERIES-653|GEMU-SERIES-654,中国项目价格/净价、库存、产地、标准品与定制品交期、装机量、客户评价及售后服务表现需内部验证,2933：Manual；优先联想到无菌输送/隔离；CIP/SIP；制药用水，再核对工况、配置和证据边界。,客户在什么工况下应选择或排除 2933？比较前必须确认哪些参数和证据？,GENERATED_REVIEWED_BY_RULES,2026-06-09,2026-06-24
BURKERT-2934,Bürkert,2934,T-diaphragm valve with manually operated actuator (basic),带手动执行机构的 T 型隔膜阀,过程与控制阀,Hygienic / Pharma / Hydrogen / Speciality Process Valves > T-valves,T-valves,"The Type 2934 manually operated diaphragm valve consists of a manually operated actuator, a diaphragm and a T-valve body. The manual actuator with plastic or stainless steel handwheel is available with a diaphragm bonnet made of stainless steel or plastic and ensures use in hygienic or aggressive ambient conditions. The flow-optimised valve body with minimum dead space enables high flow values and a wide range of possible applications. The valve body and the diaphragms are available in all common materials and variants. The actuator has a compact, autoclavable design and is compatible with all other Bürkert diaphragm valves. An explosion-proof ATEX/IECEx device variant is available. The manual actuator is equipped with an integrated visual position indicator, a reproducible stroke scale and an adjustable closing limiter. The manual actuator can optionally be equipped with sensors for position feedback.",在无菌输送/隔离；CIP/SIP；制药用水中完成卫生隔离、切换、调节或低滞留流路设计；具体任务取决于阀体和执行配置。,无菌输送/隔离；CIP/SIP；制药用水,actuation_method=manual；explicit_certifications_or_ratings=ATEX | IECEx；explicit_materials=stainless steel | plastic；explicit_roughness=Ra ≤ 0.38 µm...1.6 µm,介质与批次风险；DN及目标Cv/Kv；阀体流路和排空方向；接液材料与表面粗糙度；膜片材质和寿命；连接标准；工作与灭菌温压；CIP/SIP程序；死区要求；认证与材料追溯；手动、开关或调节自动化。,不能用系列名称代替具体阀体、膜片和连接配置；未确认排空、死区、温压、材料证明或灭菌循环时，不得判定适用于关键无菌主工艺。,2064|3324|3364|8690,未形成明确系列级竞品映射；需按客户任务和具体配置另行检索。,产品功能；工况；接液材料；连接；自动化；文件与服务,A,"本卡仅汇总公开目录、官方产品页和规格主表，不等同于应用工程批准或验证文件。；HIGH表示制药相关性高，不表示全部配置均适用于无菌主工艺。；中国公开可见性只表示页面或中文资料可见，不证明中国库存、产地或交期。；源记录边界：Global official Type page is the product master. China visibility indicates public page/document visibility only, not stock, origin or lead time. Official category paths: Process and Control Valves > Hygienic / Pharma / Hydrogen / Speciality Process Valves > T-valves | Process and Control Valves > Hygienic / Pharma / Hydrogen / Speciality Process Valves > Diaphragm Valves > Manual | Process and Control Valves > Shut-off Valves (On/Off) > Diaphragm Valves > Manual.",https://www.burkert.com/en/type/2934|https://www.burkert.com.cn/cn/type/2934|https://www.burkert.com/en/Media/plm/DTS/DS/ds2934-manual-eu-en.pdf?id=DTS0000000000000001000584284ENI,无独立映射证据编号；以官方产品页和规格表为准,中国项目价格/净价、库存、产地、标准品与定制品交期、装机量、客户评价及售后服务表现需内部验证,2934：T-valves；优先联想到无菌输送/隔离；CIP/SIP；制药用水，再核对工况、配置和证据边界。,客户在什么工况下应选择或排除 2934？比较前必须确认哪些参数和证据？,GENERATED_REVIEWED_BY_RULES,2026-06-09,2026-06-24
BURKERT-2935,Bürkert,2935,Tank bottom diaphragm valve with manually operated actuator (basic),带手动执行机构的罐底隔膜阀,过程与控制阀,Shut-off Valves (On/Off) > Diaphragm Valves > Manual,Manual,"The Type 2935 manually operated diaphragm valve consists of a manually operated actuator, a diaphragm and a tank bottom valve body. The manual actuator with plastic or stainless steel handwheel is available with a diaphragm bonnet made of stainless steel or plastic and ensures use in hygienic or aggressive ambient conditions. The flow-optimised valve body with minimum dead space enables high flow values and a wide range of possible applications. The valve body and the diaphragms are available in all common materials and variants. The actuator has a compact, autoclavable design and is compatible with all other Bürkert diaphragm valves. An explosion-proof ATEX/IECEx device variant is available. The manual actuator is equipped with an integrated visual position indicator, a reproducible stroke scale and an adjustable closing limiter. The manual actuator can optionally be equipped with sensors for position feedback.",在无菌输送/隔离；CIP/SIP；制药用水中完成卫生隔离、切换、调节或低滞留流路设计；具体任务取决于阀体和执行配置。,无菌输送/隔离；CIP/SIP；制药用水,actuation_method=manual；explicit_certifications_or_ratings=ATEX | IECEx；explicit_materials=stainless steel | plastic；explicit_roughness=Ra ≤ 0.38 µm...1.6 µm,介质与批次风险；DN及目标Cv/Kv；阀体流路和排空方向；接液材料与表面粗糙度；膜片材质和寿命；连接标准；工作与灭菌温压；CIP/SIP程序；死区要求；认证与材料追溯；手动、开关或调节自动化。,不能用系列名称代替具体阀体、膜片和连接配置；未确认排空、死区、温压、材料证明或灭菌循环时，不得判定适用于关键无菌主工艺。,2933|2973|2974|2975|3232|3233|3234|3236,DIRECT / 配液罐、生物反应器和储罐低残留排放 / 643|P40,罐底接口；排空性；死区；焊接；执行器；膜片；CIP/SIP；维护空间,A,"本卡仅汇总公开目录、官方产品页和规格主表，不等同于应用工程批准或验证文件。；HIGH表示制药相关性高，不表示全部配置均适用于无菌主工艺。；中国公开可见性只表示页面或中文资料可见，不证明中国库存、产地或交期。；源记录边界：Global official Type page is the product master. China visibility indicates public page/document visibility only, not stock, origin or lead time. Official category paths: Process and Control Valves > Shut-off Valves (On/Off) > Diaphragm Valves > Manual | Process and Control Valves > Hygienic / Pharma / Hydrogen / Speciality Process Valves > Diaphragm Valves > Manual | Process and Control Valves > Hygienic / Pharma / Hydrogen / Speciality Process Valves > Tank Bottom Valves.",https://www.burkert.com/en/type/2935|https://www.burkert.com.cn/cn/type/2935|https://www.burkert.com/en/Media/plm/DTS/DS/ds2935-manual-eu-en.pdf?id=DTS0000000000000001000584287ENK,GEMU-SERIES-643|GEMU-SERIES-P40,中国项目价格/净价、库存、产地、标准品与定制品交期、装机量、客户评价及售后服务表现需内部验证,2935：Manual；优先联想到无菌输送/隔离；CIP/SIP；制药用水，再核对工况、配置和证据边界。,客户在什么工况下应选择或排除 2935？比较前必须确认哪些参数和证据？,GENERATED_REVIEWED_BY_RULES,2026-06-09,2026-06-24
BURKERT-2973,Bürkert,2973,2/2-way diaphragm valve with manually operated actuator (FullFunction),带手动执行机构的两位两通隔膜阀（全功能）,过程与控制阀,Shut-off Valves (On/Off) > Diaphragm Valves > Manual,Manual,"The Type 2973 manually operated diaphragm valve consists of a manually operated actuator, a diaphragm and a 2-way body. The manual actuator with plastic handwheel ensures use in hygienic or aggressive ambient conditions. The flow-optimised valve body with minimum dead space enables high flow values and a wide range of possible applications. The valve body and the diaphragms are available in all common materials and variants. The actuator has a compact, autoclavable design and is compatible with all other Bürkert diaphragm valves. An explosion-proof ATEX/IECEx device variant is available. The manual actuator possesses a visual position indicator with reproducible stroke scale. The actuator also possesses an adjustable minimum and maximum stroke limitation and/or locking. The manual actuator can be optionally equipped with sensors for position feedback.",在无菌输送/隔离；CIP/SIP；制药用水中完成卫生隔离、切换、调节或低滞留流路设计；具体任务取决于阀体和执行配置。,无菌输送/隔离；CIP/SIP；制药用水,actuation_method=manual；explicit_certifications_or_ratings=ATEX | IECEx；way_configuration=2/2-way；explicit_materials=plastic；explicit_roughness=Ra ≤ 0.38 µm...≤ 1.6 µm,介质与批次风险；DN及目标Cv/Kv；阀体流路和排空方向；接液材料与表面粗糙度；膜片材质和寿命；连接标准；工作与灭菌温压；CIP/SIP程序；死区要求；认证与材料追溯；手动、开关或调节自动化。,不能用系列名称代替具体阀体、膜片和连接配置；未确认排空、死区、温压、材料证明或灭菌循环时，不得判定适用于关键无菌主工艺。,2933|2935|2974|2975|3232|3233|3234|3236,DIRECT / 无菌输送、配液、过滤和卫生设备 / 653|654,执行方式；DN；压力；温度；连接；阀体；膜片；自动化附件,A,"本卡仅汇总公开目录、官方产品页和规格主表，不等同于应用工程批准或验证文件。；HIGH表示制药相关性高，不表示全部配置均适用于无菌主工艺。；中国公开可见性只表示页面或中文资料可见，不证明中国库存、产地或交期。；源记录边界：Global official Type page is the product master. China visibility indicates public page/document visibility only, not stock, origin or lead time. Official category paths: Process and Control Valves > Shut-off Valves (On/Off) > Diaphragm Valves > Manual | Process and Control Valves > Hygienic / Pharma / Hydrogen / Speciality Process Valves > Diaphragm Valves > Manual.",https://www.burkert.com/en/type/2973|https://www.burkert.com.cn/cn/type/2973|https://www.burkert.com/en/Media/plm/DTS/DS/ds2973-manual-eu-en.pdf?id=DTS0000000000000001000597497END|https://www.burkert.com/en/Media/plm/DTS/DS/ds2973-manual-cn-zh.pdf?id=DTS0000000000000001000613700ZHC,GEMU-SERIES-653|GEMU-SERIES-654,中国项目价格/净价、库存、产地、标准品与定制品交期、装机量、客户评价及售后服务表现需内部验证,2973：Manual；优先联想到无菌输送/隔离；CIP/SIP；制药用水，再核对工况、配置和证据边界。,客户在什么工况下应选择或排除 2973？比较前必须确认哪些参数和证据？,GENERATED_REVIEWED_BY_RULES,2026-06-09,2026-06-24
BURKERT-2974,Bürkert,2974,T-diaphragm valve with manually operated actuator (FullFunction),带手动执行机构的 T 型隔膜阀（全功能）,过程与控制阀,Shut-off Valves (On/Off) > Diaphragm Valves > Manual,Manual,"The Type 2974 manually operated diaphragm valve consists of a manually operated actuator, a diaphragm and a T-valve body. The manual actuator with plastic handwheel ensures use in hygienic or aggressive ambient conditions. The flow-optimised valve body with minimum dead space enables high flow values and a wide range of possible applications. The valve body and the diaphragms are available in all common materials and variants. The actuator has a compact, autoclavable design and is compatible with all other Bürkert diaphragm valves. An explosion-proof ATEX/IECEx device variant is available. The manual actuator possesses a visual position indicator with reproducible stroke scale. The actuator also possesses an adjustable minimum and maximum stroke limitation and/or locking. The manual actuator can be optionally equipped with sensors for position feedback.",在无菌输送/隔离；CIP/SIP；制药用水中完成卫生隔离、切换、调节或低滞留流路设计；具体任务取决于阀体和执行配置。,无菌输送/隔离；CIP/SIP；制药用水,actuation_method=manual；explicit_certifications_or_ratings=ATEX | IECEx；explicit_materials=plastic；explicit_roughness=Ra ≤ 0.38 µm...≤ 1.6 µm,介质与批次风险；DN及目标Cv/Kv；阀体流路和排空方向；接液材料与表面粗糙度；膜片材质和寿命；连接标准；工作与灭菌温压；CIP/SIP程序；死区要求；认证与材料追溯；手动、开关或调节自动化。,不能用系列名称代替具体阀体、膜片和连接配置；未确认排空、死区、温压、材料证明或灭菌循环时，不得判定适用于关键无菌主工艺。,2933|2935|2973|2975|3232|3233|3234|3236,未形成明确系列级竞品映射；需按客户任务和具体配置另行检索。,产品功能；工况；接液材料；连接；自动化；文件与服务,A,"本卡仅汇总公开目录、官方产品页和规格主表，不等同于应用工程批准或验证文件。；HIGH表示制药相关性高，不表示全部配置均适用于无菌主工艺。；中国公开可见性只表示页面或中文资料可见，不证明中国库存、产地或交期。；源记录边界：Global official Type page is the product master. China visibility indicates public page/document visibility only, not stock, origin or lead time. Official category paths: Process and Control Valves > Shut-off Valves (On/Off) > Diaphragm Valves > Manual | Process and Control Valves > Hygienic / Pharma / Hydrogen / Speciality Process Valves > Diaphragm Valves > Manual | Process and Control Valves > Hygienic / Pharma / Hydrogen / Speciality Process Valves > T-valves.",https://www.burkert.com/en/type/2974|https://www.burkert.com.cn/cn/type/2974|https://www.burkert.com/en/Media/plm/DTS/DS/ds2974-manual-eu-en.pdf?id=DTS0000000000000001000597499ENC|https://www.burkert.com/en/Media/plm/DTS/DS/ds2974-manual-cn-zh.pdf?id=DTS0000000000000001000613717ZHC,无独立映射证据编号；以官方产品页和规格表为准,中国项目价格/净价、库存、产地、标准品与定制品交期、装机量、客户评价及售后服务表现需内部验证,2974：Manual；优先联想到无菌输送/隔离；CIP/SIP；制药用水，再核对工况、配置和证据边界。,客户在什么工况下应选择或排除 2974？比较前必须确认哪些参数和证据？,GENERATED_REVIEWED_BY_RULES,2026-06-09,2026-06-24
BURKERT-2975,Bürkert,2975,Tank bottom diaphragm valve with manually operated actuator (FullFunction),带手动执行机构的罐底隔膜阀（全功能）,过程与控制阀,Shut-off Valves (On/Off) > Diaphragm Valves > Manual,Manual,"The Type 2975 manually operated diaphragm valve consists of a manually operated actuator, a diaphragm and a tank bottom valve body. The manual actuator with plastic handwheel ensures use in hygienic or aggressive ambient conditions. The flow-optimised valve body with minimum dead space enables high flow values and a wide range of possible applications. The valve body and the diaphragms are available in all common materials and variants. The actuator has a compact, autoclavable design and is compatible with all other Bürkert diaphragm valves. An explosion-proof ATEX/IECEx device variant is available. The manual actuator possesses a visual position indicator with reproducible stroke scale. The actuator also possesses an adjustable minimum and maximum stroke limitation and/or locking. The manual actuator can be optionally equipped with sensors for position feedback.",在无菌输送/隔离；CIP/SIP；制药用水中完成卫生隔离、切换、调节或低滞留流路设计；具体任务取决于阀体和执行配置。,无菌输送/隔离；CIP/SIP；制药用水,actuation_method=manual；explicit_certifications_or_ratings=ATEX | IECEx；explicit_materials=plastic；explicit_roughness=Ra ≤ 0.38 µm...≤ 1.6 µm,介质与批次风险；DN及目标Cv/Kv；阀体流路和排空方向；接液材料与表面粗糙度；膜片材质和寿命；连接标准；工作与灭菌温压；CIP/SIP程序；死区要求；认证与材料追溯；手动、开关或调节自动化。,不能用系列名称代替具体阀体、膜片和连接配置；未确认排空、死区、温压、材料证明或灭菌循环时，不得判定适用于关键无菌主工艺。,2933|2935|2973|2974|3232|3233|3234|3236,DIRECT / 配液罐、生物反应器和储罐低残留排放 / 643|P40,罐底接口；排空性；死区；焊接；执行器；膜片；CIP/SIP；维护空间,A,"本卡仅汇总公开目录、官方产品页和规格主表，不等同于应用工程批准或验证文件。；HIGH表示制药相关性高，不表示全部配置均适用于无菌主工艺。；中国公开可见性只表示页面或中文资料可见，不证明中国库存、产地或交期。；源记录边界：Global official Type page is the product master. China visibility indicates public page/document visibility only, not stock, origin or lead time. Official category paths: Process and Control Valves > Shut-off Valves (On/Off) > Diaphragm Valves > Manual | Process and Control Valves > Hygienic / Pharma / Hydrogen / Speciality Process Valves > Diaphragm Valves > Manual | Process and Control Valves > Hygienic / Pharma / Hydrogen / Speciality Process Valves > Tank Bottom Valves.",https://www.burkert.com/en/type/2975|https://www.burkert.com.cn/cn/type/2975|https://www.burkert.com/en/Media/plm/DTS/DS/ds2975-manual-eu-en.pdf?id=DTS0000000000000001000597501ENC|https://www.burkert.com/en/Media/plm/DTS/DS/ds2975-manual-cn-zh.pdf?id=DTS0000000000000001000613728ZHD,GEMU-SERIES-643|GEMU-SERIES-P40,中国项目价格/净价、库存、产地、标准品与定制品交期、装机量、客户评价及售后服务表现需内部验证,2975：Manual；优先联想到无菌输送/隔离；CIP/SIP；制药用水，再核对工况、配置和证据边界。,客户在什么工况下应选择或排除 2975？比较前必须确认哪些参数和证据？,GENERATED_REVIEWED_BY_RULES,2026-06-09,2026-06-24
BURKERT-3230,Bürkert,3230,Pneumatically operated 2/2 way diaphragm valve with plastic body,气动操作的二位二通隔膜阀，带有塑料外壳,过程与控制阀,Shut-off Valves (On/Off) > Diaphragm Valves > Pneumatic,Pneumatic,"2/2-way plastic diaphragm valve, pilot operated with pneumatic actuator and spring return. Used for polluted medium in process and water technology.",在无菌输送/隔离；CIP/SIP；制药用水中完成卫生隔离、切换、调节或低滞留流路设计；具体任务取决于阀体和执行配置。,无菌输送/隔离；CIP/SIP；制药用水,actuation_method=pneumatic；way_configuration=2/2-way；explicit_materials=plastic,介质与批次风险；DN及目标Cv/Kv；阀体流路和排空方向；接液材料与表面粗糙度；膜片材质和寿命；连接标准；工作与灭菌温压；CIP/SIP程序；死区要求；认证与材料追溯；手动、开关或调节自动化。,不能用系列名称代替具体阀体、膜片和连接配置；未确认排空、死区、温压、材料证明或灭菌循环时，不得判定适用于关键无菌主工艺。,2030|2031|2032|2034|2063|2103|2104|8801,未形成明确系列级竞品映射；需按客户任务和具体配置另行检索。,产品功能；工况；接液材料；连接；自动化；文件与服务,A,"本卡仅汇总公开目录、官方产品页和规格主表，不等同于应用工程批准或验证文件。；HIGH表示制药相关性高，不表示全部配置均适用于无菌主工艺。；中国公开可见性只表示页面或中文资料可见，不证明中国库存、产地或交期。；源记录边界：Global official Type page is the product master. China visibility indicates public page/document visibility only, not stock, origin or lead time. Official category paths: Process and Control Valves > Shut-off Valves (On/Off) > Diaphragm Valves > Pneumatic | Process and Control Valves > Hygienic / Pharma / Hydrogen / Speciality Process Valves > Diaphragm Valves > Pneumatic.",https://www.burkert.com/en/type/3230|https://www.burkert.com.cn/cn/type/3230|https://www.burkert.com/en/Media/plm/DTS/DS/ds3230-pneumatic-eu-en.pdf?id=DTS0000000000000001000020595ENJ,无独立映射证据编号；以官方产品页和规格表为准,中国项目价格/净价、库存、产地、标准品与定制品交期、装机量、客户评价及售后服务表现需内部验证,3230：Pneumatic；优先联想到无菌输送/隔离；CIP/SIP；制药用水，再核对工况、配置和证据边界。,客户在什么工况下应选择或排除 3230？比较前必须确认哪些参数和证据？,GENERATED_REVIEWED_BY_RULES,2026-06-09,2026-06-24
BURKERT-3232,Bürkert,3232,2/2-way diaphragm valve with manually operated actuator,带手动操作执行机构的二位二通隔膜阀,过程与控制阀,Shut-off Valves (On/Off) > Diaphragm Valves > Manual,Manual,"The hand-operated diaphragm valve Type 3232/3233 consists of a hand-operated actuator, a diaphragm and a 2-way body. The manual actuator with plastic handwheel ensures use in hygienic or aggressive ambient conditions. The flow-optimised valve body with minimum dead space enables high flow rates and a wide range of possible applications. The valve bodies are available in PP, PVC-U, PVDF. The membranes are available in the usual materials and designs. The actuator has a compact design and is compatible with all other Bürkert diaphragm valves.",在无菌输送/隔离；CIP/SIP；制药用水中完成卫生隔离、切换、调节或低滞留流路设计；具体任务取决于阀体和执行配置。,无菌输送/隔离；CIP/SIP；制药用水,actuation_method=manual；explicit_connection_types=flange；way_configuration=2/2-way；explicit_materials=PVDF | plastic,介质与批次风险；DN及目标Cv/Kv；阀体流路和排空方向；接液材料与表面粗糙度；膜片材质和寿命；连接标准；工作与灭菌温压；CIP/SIP程序；死区要求；认证与材料追溯；手动、开关或调节自动化。,不能用系列名称代替具体阀体、膜片和连接配置；未确认排空、死区、温压、材料证明或灭菌循环时，不得判定适用于关键无菌主工艺。,2933|2935|2973|2974|2975|3233|3234|3236,未形成明确系列级竞品映射；需按客户任务和具体配置另行检索。,产品功能；工况；接液材料；连接；自动化；文件与服务,A,"本卡仅汇总公开目录、官方产品页和规格主表，不等同于应用工程批准或验证文件。；HIGH表示制药相关性高，不表示全部配置均适用于无菌主工艺。；中国公开可见性只表示页面或中文资料可见，不证明中国库存、产地或交期。；源记录边界：Global official Type page is the product master. China visibility indicates public page/document visibility only, not stock, origin or lead time. Official category paths: Process and Control Valves > Shut-off Valves (On/Off) > Diaphragm Valves > Manual | Process and Control Valves > Hygienic / Pharma / Hydrogen / Speciality Process Valves > Diaphragm Valves > Manual.",https://www.burkert.com/en/type/3232|https://www.burkert.com.cn/cn/type/3232|https://www.burkert.com/en/Media/plm/DTS/DS/ds3232-manual-eu-en.pdf?id=DTS0000000000000001000450617ENH,无独立映射证据编号；以官方产品页和规格表为准,中国项目价格/净价、库存、产地、标准品与定制品交期、装机量、客户评价及售后服务表现需内部验证,3232：Manual；优先联想到无菌输送/隔离；CIP/SIP；制药用水，再核对工况、配置和证据边界。,客户在什么工况下应选择或排除 3232？比较前必须确认哪些参数和证据？,GENERATED_REVIEWED_BY_RULES,2026-06-09,2026-06-24
BURKERT-3233,Bürkert,3233,2/2-way diaphragm valve with manually operated actuator,带手动驱动器的两位两通隔膜阀,过程与控制阀,Shut-off Valves (On/Off) > Diaphragm Valves > Manual,Manual,"The manually operated diaphragm valve Type 3233 consists of a manually operated actuator, a diaphragm and a 2-way valve body. The manual actuator, optionally with a plastic or stainless steel handwheel, ensures use in hygienic or aggressive ambient conditions. The flow-efficient valve bodies with little dead space enable high flow rates and a wide range of possible uses. The valve body and the diaphragm are available in all common materials and variants. The actuator has a compact, autoclavable design and is compatible with all other Bürkert diaphragm valves. An explosion-proof ATEX / IECEx device variant is available. The add-on body and the handwheel are optionally available in plastic or stainless steel and are equipped with an integrated optical position indicator. The manual actuator can be optionally equipped with a stroke limiter, sensors for position feedback and a locking function.",在无菌输送/隔离；CIP/SIP；制药用水中完成卫生隔离、切换、调节或低滞留流路设计；具体任务取决于阀体和执行配置。,无菌输送/隔离；CIP/SIP；制药用水,actuation_method=manual；explicit_certifications_or_ratings=ATEX | IECEx；way_configuration=2/2-way；explicit_materials=stainless steel | plastic；explicit_roughness=Ra ≤ 0.38 µm...≤ 1.6 µm,介质与批次风险；DN及目标Cv/Kv；阀体流路和排空方向；接液材料与表面粗糙度；膜片材质和寿命；连接标准；工作与灭菌温压；CIP/SIP程序；死区要求；认证与材料追溯；手动、开关或调节自动化。,不能用系列名称代替具体阀体、膜片和连接配置；未确认排空、死区、温压、材料证明或灭菌循环时，不得判定适用于关键无菌主工艺。,2933|2935|2973|2974|2975|3232|3234|3236,未形成明确系列级竞品映射；需按客户任务和具体配置另行检索。,产品功能；工况；接液材料；连接；自动化；文件与服务,A,"本卡仅汇总公开目录、官方产品页和规格主表，不等同于应用工程批准或验证文件。；HIGH表示制药相关性高，不表示全部配置均适用于无菌主工艺。；中国公开可见性只表示页面或中文资料可见，不证明中国库存、产地或交期。；源记录边界：Global official Type page is the product master. China visibility indicates public page/document visibility only, not stock, origin or lead time. Official category paths: Process and Control Valves > Shut-off Valves (On/Off) > Diaphragm Valves > Manual | Process and Control Valves > Hygienic / Pharma / Hydrogen / Speciality Process Valves > Diaphragm Valves > Manual.",https://www.burkert.com/en/type/3233|https://www.burkert.com.cn/cn/type/3233,无独立映射证据编号；以官方产品页和规格表为准,中国项目价格/净价、库存、产地、标准品与定制品交期、装机量、客户评价及售后服务表现需内部验证,3233：Manual；优先联想到无菌输送/隔离；CIP/SIP；制药用水，再核对工况、配置和证据边界。,客户在什么工况下应选择或排除 3233？比较前必须确认哪些参数和证据？,GENERATED_REVIEWED_BY_RULES,2026-06-09,2026-06-24
BURKERT-3234,Bürkert,3234,T-diaphragm valve with manually operated actuator,带手动驱动器的 T 型隔膜阀,过程与控制阀,Shut-off Valves (On/Off) > Diaphragm Valves > Manual,Manual,"The manually operated diaphragm valve Type 3234 consists of a manually operated actuator, a diaphragm and a T-valve body. The manual actuator, optionally with a plastic or stainless steel handwheel, ensures use in hygienic or aggressive ambient conditions. The flow-efficient valve bodies with little dead space enable high flow rates and a wide range of possible uses. The valve body and the diaphragm are available in all common materials and variants. The actuator has a compact, autoclavable design and is compatible with all other Bürkert diaphragm valves. An explosion-proof ATEX/IECEx device variant is available. The diaphragm bonnet and the handwheel are optionally available in plastic or stainless steel and are equipped with an integrated optical position indicator. The manual actuator can be optionally equipped with a stroke limiter, sensors for position feedback and a locking function.",在无菌输送/隔离；CIP/SIP；制药用水中完成卫生隔离、切换、调节或低滞留流路设计；具体任务取决于阀体和执行配置。,无菌输送/隔离；CIP/SIP；制药用水,actuation_method=manual；explicit_certifications_or_ratings=ATEX | IECEx；explicit_materials=stainless steel | plastic；explicit_roughness=Ra ≤ 0.38 µm...≤ 1.6 µm,介质与批次风险；DN及目标Cv/Kv；阀体流路和排空方向；接液材料与表面粗糙度；膜片材质和寿命；连接标准；工作与灭菌温压；CIP/SIP程序；死区要求；认证与材料追溯；手动、开关或调节自动化。,不能用系列名称代替具体阀体、膜片和连接配置；未确认排空、死区、温压、材料证明或灭菌循环时，不得判定适用于关键无菌主工艺。,2933|2935|2973|2974|2975|3232|3233|3236,未形成明确系列级竞品映射；需按客户任务和具体配置另行检索。,产品功能；工况；接液材料；连接；自动化；文件与服务,A,"本卡仅汇总公开目录、官方产品页和规格主表，不等同于应用工程批准或验证文件。；HIGH表示制药相关性高，不表示全部配置均适用于无菌主工艺。；中国公开可见性只表示页面或中文资料可见，不证明中国库存、产地或交期。；源记录边界：Global official Type page is the product master. China visibility indicates public page/document visibility only, not stock, origin or lead time. Official category paths: Process and Control Valves > Shut-off Valves (On/Off) > Diaphragm Valves > Manual | Process and Control Valves > Hygienic / Pharma / Hydrogen / Speciality Process Valves > T-valves | Process and Control Valves > Hygienic / Pharma / Hydrogen / Speciality Process Valves > Diaphragm Valves > Manual.",https://www.burkert.com/en/type/3234|https://www.burkert.com.cn/cn/type/3234|https://www.burkert.com/en/Media/plm/DTS/DS/ds3234-manual-eu-en.pdf?id=DTS0000000000000001000450619ENH,无独立映射证据编号；以官方产品页和规格表为准,中国项目价格/净价、库存、产地、标准品与定制品交期、装机量、客户评价及售后服务表现需内部验证,3234：Manual；优先联想到无菌输送/隔离；CIP/SIP；制药用水，再核对工况、配置和证据边界。,客户在什么工况下应选择或排除 3234？比较前必须确认哪些参数和证据？,GENERATED_REVIEWED_BY_RULES,2026-06-09,2026-06-24
BURKERT-3235,Bürkert,3235,Tank bottom diaphragm valve with manually operated actuator,带手动驱动器的罐底隔膜阀,过程与控制阀,Hygienic / Pharma / Hydrogen / Speciality Process Valves > Tank Bottom Valves,Tank Bottom Valves,"The manually operated diaphragm valve Type 3235 consists of a manually operated actuator, a diaphragm and a tank bottom valve body. The manual actuator, optionally with a plastic or stainless steel handwheel, ensures use in hygienic or aggressive ambient conditions. The flow-efficient valve bodies with little dead space enable high flow rates and a wide range of possible uses. The valve body and the diaphragm are available in all common materials and variants. The actuator has a compact, autoclavable design and is compatible with all other Bürkert diaphragm valves. An explosion-proof ATEX/IECEx device variant is available. The diaphragm bonnet and the handwheel are optionally available in plastic or stainless steel and are equipped with an integrated optical position indicator. The manual actuator can be optionally equipped with a stroke limiter, sensors for position feedback and a locking function.",在无菌输送/隔离；CIP/SIP；制药用水中完成卫生隔离、切换、调节或低滞留流路设计；具体任务取决于阀体和执行配置。,无菌输送/隔离；CIP/SIP；制药用水,actuation_method=manual；explicit_certifications_or_ratings=ATEX | IECEx；explicit_materials=stainless steel | plastic；explicit_roughness=Ra ≤ 0.38 µm...≤ 1.6 µm,介质与批次风险；DN及目标Cv/Kv；阀体流路和排空方向；接液材料与表面粗糙度；膜片材质和寿命；连接标准；工作与灭菌温压；CIP/SIP程序；死区要求；认证与材料追溯；手动、开关或调节自动化。,不能用系列名称代替具体阀体、膜片和连接配置；未确认排空、死区、温压、材料证明或灭菌循环时，不得判定适用于关键无菌主工艺。,2033|2065|2105|3325|3365,DIRECT / 配液罐、生物反应器和储罐低残留排放 / 643|P40,罐底接口；排空性；死区；焊接；执行器；膜片；CIP/SIP；维护空间,A,"本卡仅汇总公开目录、官方产品页和规格主表，不等同于应用工程批准或验证文件。；HIGH表示制药相关性高，不表示全部配置均适用于无菌主工艺。；中国公开可见性只表示页面或中文资料可见，不证明中国库存、产地或交期。；源记录边界：Global official Type page is the product master. China visibility indicates public page/document visibility only, not stock, origin or lead time. Official category paths: Process and Control Valves > Hygienic / Pharma / Hydrogen / Speciality Process Valves > Tank Bottom Valves | Process and Control Valves > Shut-off Valves (On/Off) > Diaphragm Valves > Manual | Process and Control Valves > Hygienic / Pharma / Hydrogen / Speciality Process Valves > Diaphragm Valves > Manual.",https://www.burkert.com/en/type/3235|https://www.burkert.com.cn/cn/type/3235|https://www.burkert.com/en/Media/plm/DTS/DS/ds3235-manual-eu-en.pdf?id=DTS0000000000000001000450621ENE,GEMU-SERIES-643|GEMU-SERIES-P40,中国项目价格/净价、库存、产地、标准品与定制品交期、装机量、客户评价及售后服务表现需内部验证,3235：Tank Bottom Valves；优先联想到无菌输送/隔离；CIP/SIP；制药用水，再核对工况、配置和证据边界。,客户在什么工况下应选择或排除 3235？比较前必须确认哪些参数和证据？,GENERATED_REVIEWED_BY_RULES,2026-06-09,2026-06-24
BURKERT-3236,Bürkert,3236,"Multiway Multiport Diaphragm Valve, manually operated",多通路多接口隔膜阀，手动操作,过程与控制阀,Shut-off Valves (On/Off) > Diaphragm Valves > Manual,Manual,未公开，需查当前数据表或项目文件,在无菌输送/隔离；CIP/SIP；制药用水中完成卫生隔离、切换、调节或低滞留流路设计；具体任务取决于阀体和执行配置。,无菌输送/隔离；CIP/SIP；制药用水,actuation_method=manual,介质与批次风险；DN及目标Cv/Kv；阀体流路和排空方向；接液材料与表面粗糙度；膜片材质和寿命；连接标准；工作与灭菌温压；CIP/SIP程序；死区要求；认证与材料追溯；手动、开关或调节自动化。,不能用系列名称代替具体阀体、膜片和连接配置；未确认排空、死区、温压、材料证明或灭菌循环时，不得判定适用于关键无菌主工艺。,2933|2935|2973|2974|2975|3232|3233|3234,未形成明确系列级竞品映射；需按客户任务和具体配置另行检索。,产品功能；工况；接液材料；连接；自动化；文件与服务,A,"本卡仅汇总公开目录、官方产品页和规格主表，不等同于应用工程批准或验证文件。；HIGH表示制药相关性高，不表示全部配置均适用于无菌主工艺。；中国公开可见性只表示页面或中文资料可见，不证明中国库存、产地或交期。；源记录边界：Global official Type page is the product master. China visibility indicates public page/document visibility only, not stock, origin or lead time. Official category paths: Process and Control Valves > Shut-off Valves (On/Off) > Diaphragm Valves > Manual | Process and Control Valves > Hygienic / Pharma / Hydrogen / Speciality Process Valves > Diaphragm Valves > Manual.",https://www.burkert.com/en/type/3236|https://www.burkert.com.cn/cn/type/3236,无独立映射证据编号；以官方产品页和规格表为准,中国项目价格/净价、库存、产地、标准品与定制品交期、装机量、客户评价及售后服务表现需内部验证,3236：Manual；优先联想到无菌输送/隔离；CIP/SIP；制药用水，再核对工况、配置和证据边界。,客户在什么工况下应选择或排除 3236？比较前必须确认哪些参数和证据？,GENERATED_REVIEWED_BY_RULES,2026-06-09,2026-06-24
BURKERT-3260,Bürkert,3260,Bellow sampling valve,Bellow sampling valve,过程与控制阀,Hygienic / Pharma / Hydrogen / Speciality Process Valves > Bellows Valves,Bellows Valves,"The manually operated Type 3260 Bellows Sampling Valve consists of a manually operated quick-open/close mechanism, a bellow and depending on the version a multi-port valve body. The quick opening/closing mechanism ensures the valve closes automatically when it is not manually operated and guarantees use under hygienic or aggressive ambient conditions.",在无菌输送/隔离；CIP/SIP；制药用水中完成卫生隔离、切换、调节或低滞留流路设计；具体任务取决于阀体和执行配置。,无菌输送/隔离；CIP/SIP；制药用水,actuation_method=manual,介质与批次风险；DN及目标Cv/Kv；阀体流路和排空方向；接液材料与表面粗糙度；膜片材质和寿命；连接标准；工作与灭菌温压；CIP/SIP程序；死区要求；认证与材料追溯；手动、开关或调节自动化。,不能用系列名称代替具体阀体、膜片和连接配置；未确认排空、死区、温压、材料证明或灭菌循环时，不得判定适用于关键无菌主工艺。,2080,未形成明确系列级竞品映射；需按客户任务和具体配置另行检索。,产品功能；工况；接液材料；连接；自动化；文件与服务,A,"本卡仅汇总公开目录、官方产品页和规格主表，不等同于应用工程批准或验证文件。；HIGH表示制药相关性高，不表示全部配置均适用于无菌主工艺。；中国公开可见性只表示页面或中文资料可见，不证明中国库存、产地或交期。；源记录边界：Global official Type page is the product master. China visibility indicates public page/document visibility only, not stock, origin or lead time. Official category paths: Process and Control Valves > Hygienic / Pharma / Hydrogen / Speciality Process Valves > Bellows Valves.",https://www.burkert.com/en/type/3260|https://www.burkert.com.cn/cn/type/3260|https://www.burkert.com/en/Media/plm/DTS/DS/ds3260-standard-eu-en.pdf?id=DTS0000000000000001000593994ENJ|https://www.burkert.com/en/Media/plm/DTS/DS/ds3260-standard-cn-zh.pdf?id=DTS0000000000000001000667723ZHC,无独立映射证据编号；以官方产品页和规格表为准,中国项目价格/净价、库存、产地、标准品与定制品交期、装机量、客户评价及售后服务表现需内部验证,3260：Bellows Valves；优先联想到无菌输送/隔离；CIP/SIP；制药用水，再核对工况、配置和证据边界。,客户在什么工况下应选择或排除 3260？比较前必须确认哪些参数和证据？,GENERATED_REVIEWED_BY_RULES,2026-06-09,2026-06-24
BURKERT-3324,Bürkert,3324,Electromotive T-diaphragm valve (on/off),带有电气线性驱动装置（开/关）的塑料材质 T 形隔膜阀（EVA 型）,过程与控制阀,Hygienic / Pharma / Hydrogen / Speciality Process Valves > T-valves,T-valves,"The externally controlled Type 3324 diaphragm valve consists of an electrically controlled linear actuator (on/off), a diaphragm and a T-valve body. The electric actuator with ball screw ensures usage under hygienic or aggressive ambient conditions. The flow-optimised valve body with minimum dead space enables high flow rates and a wide range of possible applications. In the event of a power failure, the safety position is guaranteed by an optional energy storage device. The position is displayed by means of a 360° LED light ring. To protect the diaphragm the actuator has a drive force adjustment. A correspondingly high IP protection IP65/IP67 ensures adequate splash protection. The electromotive actuator of the T-diaphragm valve with ball screw moves to the desired end position at a particularly high speed up to 4 mm/s. In addition the valve is also equipped with a mechanical position indicator and corresponding explosion protection ATEX/II 3G Ex ec IIC T4 Gc/II 3D Ex tc IIIC T135 °C Dc.",在无菌输送/隔离；CIP/SIP；制药用水中完成卫生隔离、切换、调节或低滞留流路设计；具体任务取决于阀体和执行配置。,无菌输送/隔离；CIP/SIP；制药用水,actuation_method=electromotive；explicit_certifications_or_ratings=ATEX；nominal_diameter_dn_range_1=DN 06…DN 100；protection_rating=IP65 | IP67；explicit_roughness=Ra ≤ 0.38 µm,介质与批次风险；DN及目标Cv/Kv；阀体流路和排空方向；接液材料与表面粗糙度；膜片材质和寿命；连接标准；工作与灭菌温压；CIP/SIP程序；死区要求；认证与材料追溯；手动、开关或调节自动化。,不能用系列名称代替具体阀体、膜片和连接配置；未确认排空、死区、温压、材料证明或灭菌循环时，不得判定适用于关键无菌主工艺。,2064|2934|3364|8690,DIRECT / 无气源设备、卫生开关阀和精密调节 / 649,推力；速度；控制模式；断电位；通信；IP；阀体构型；温压,A,"本卡仅汇总公开目录、官方产品页和规格主表，不等同于应用工程批准或验证文件。；HIGH表示制药相关性高，不表示全部配置均适用于无菌主工艺。；中国公开可见性只表示页面或中文资料可见，不证明中国库存、产地或交期。；源记录边界：Global official Type page is the product master. China visibility indicates public page/document visibility only, not stock, origin or lead time. Official category paths: Process and Control Valves > Hygienic / Pharma / Hydrogen / Speciality Process Valves > T-valves | Process and Control Valves > Shut-off Valves (On/Off) > Diaphragm Valves > Electromotive.",https://www.burkert.com/en/type/3324|https://www.burkert.com.cn/cn/type/3324|https://www.burkert.com/en/Media/plm/DTS/DS/ds3324-standard-eu-en.pdf?id=DTS0000000000000001000516529ENN,GEMU-SERIES-649,中国项目价格/净价、库存、产地、标准品与定制品交期、装机量、客户评价及售后服务表现需内部验证,3324：T-valves；优先联想到无菌输送/隔离；CIP/SIP；制药用水，再核对工况、配置和证据边界。,客户在什么工况下应选择或排除 3324？比较前必须确认哪些参数和证据？,GENERATED_REVIEWED_BY_RULES,2026-06-09,2026-06-24
BURKERT-3325,Bürkert,3325,Electromotive 2/2-way tank bottom diaphragm valve (on/off),带有电气线性驱动装置（开/关）的塑料材质罐底隔膜阀（EVA 型）,过程与控制阀,Hygienic / Pharma / Hydrogen / Speciality Process Valves > Tank Bottom Valves,Tank Bottom Valves,"The externally controlled Type 3325 diaphragm valve consists of an electrically controlled linear actuator (on/off), a diaphragm and a tank bottom valve body. The electric actuator with ball screw ensures usage under hygienic or aggressive ambient conditions. The flow-optimised valve body with minimum dead space enables high flow rates and a wide range of possible applications. In the event of a power failure, the safety position is guaranteed by an optional energy storage device. The position is displayed by means of a 360° LED light ring. To protect the diaphragm the actuator has a drive force adjustment. A correspondingly high IP protection IP65/IP67 ensures adequate splash protection. The electromotive actuator of the tank bottom diaphragm valve with ball screw moves to the desired end position at a particularly high speed up to 4 mm/s. In addition the valve is also equipped with a mechanical position indicator and corresponding explosion protection ATEX/II 3G Ex ec IIC T4 Gc/II 3D Ex tc IIIC T135 °C Dc.",在无菌输送/隔离；CIP/SIP；制药用水中完成卫生隔离、切换、调节或低滞留流路设计；具体任务取决于阀体和执行配置。,无菌输送/隔离；CIP/SIP；制药用水,actuation_method=electromotive；explicit_certifications_or_ratings=ATEX；nominal_diameter_dn_range_1=DN 06…DN 100；protection_rating=IP65 | IP67；way_configuration=2/2-way；explicit_roughness=Ra ≤ 0.38 µm,介质与批次风险；DN及目标Cv/Kv；阀体流路和排空方向；接液材料与表面粗糙度；膜片材质和寿命；连接标准；工作与灭菌温压；CIP/SIP程序；死区要求；认证与材料追溯；手动、开关或调节自动化。,不能用系列名称代替具体阀体、膜片和连接配置；未确认排空、死区、温压、材料证明或灭菌循环时，不得判定适用于关键无菌主工艺。,2033|2065|2105|3235|3365,DIRECT / 无气源设备、卫生开关阀和精密调节 / 649；DIRECT / 配液罐、生物反应器和储罐低残留排放 / 643|P40,推力；速度；控制模式；断电位；通信；IP；阀体构型；温压；罐底接口；排空性；死区；焊接；执行器；膜片；CIP/SIP；维护空间,A,"本卡仅汇总公开目录、官方产品页和规格主表，不等同于应用工程批准或验证文件。；HIGH表示制药相关性高，不表示全部配置均适用于无菌主工艺。；中国公开可见性只表示页面或中文资料可见，不证明中国库存、产地或交期。；源记录边界：Global official Type page is the product master. China visibility indicates public page/document visibility only, not stock, origin or lead time. Official category paths: Process and Control Valves > Hygienic / Pharma / Hydrogen / Speciality Process Valves > Tank Bottom Valves | Process and Control Valves > Shut-off Valves (On/Off) > Diaphragm Valves > Electromotive.",https://www.burkert.com/en/type/3325|https://www.burkert.com.cn/cn/type/3325|https://www.burkert.com/en/Media/plm/DTS/DS/ds3325-standard-eu-en.pdf?id=DTS0000000000000001000516531ENN,GEMU-SERIES-649|GEMU-SERIES-643|GEMU-SERIES-P40,中国项目价格/净价、库存、产地、标准品与定制品交期、装机量、客户评价及售后服务表现需内部验证,3325：Tank Bottom Valves；优先联想到无菌输送/隔离；CIP/SIP；制药用水，再核对工况、配置和证据边界。,客户在什么工况下应选择或排除 3325？比较前必须确认哪些参数和证据？,GENERATED_REVIEWED_BY_RULES,2026-06-09,2026-06-24
BURKERT-3360,Bürkert,3360,Electromotive 2-way angle seat control valve,二通电动角座型调节阀,过程与控制阀,Control Valves > Angle Seat Valves > Electromotive,Electromotive,"The innovative process controller Bürkert valve Type 3360 is the solution when it comes to control tasks under demanding operating conditions. The electromotive actuator with ball screw positions the control cone with highest precision. A unique feature is its high positioning speed up to 6 mm/s that reacts quasi delay-free to process signals and that can be varied according to customer demands. Pressure variations or shocks in the medium are not transferred to the valve position. If necessary, the safety position can be approached by an optional energy storage in case of power failure. Actuator and valve are adapted perfectly to each other with closed design and robust surface. This ensures the hygienic requirements of a fast and residue-free cleaning. Harsh environments are no problem for the electromotive angle seat valve Type 3360 because of the degree of protection IP65 / IP67 and its high impact and vibration resistance. Unrivalled service life and tightness is guaranteed by the proven self-adjusting packing gland with exchangeable V-seals. The fieldbus-compatible Type 3360 provides many helpful functions for process monitoring, valve diagnostics and predictive maintenance and thus offers the decisive advantage of a modern process automation.",在CIP/SIP辅助回路及洁净公用工程中完成介质隔离、切换或调节，适用性由阀体结构、密封和工况共同决定。,CIP/SIP辅助回路及洁净公用工程,actuation_method=electromotive；protection_rating=IP65 | IP67,介质；DN与目标Cv/Kv；压力、温度和压差；阀体与密封材料；连接标准；泄漏等级；执行方式和故障安全位；循环频率；清洗或灭菌要求；认证与材料文件。,不同阀体结构、密封原理和调节任务不可仅按口径互换；缺少接液材料、温压、排空或卫生证明时，不得外推到关键无菌流路。,同类高相关记录未找到；需扩展到相邻产品族判断,未形成明确系列级竞品映射；需按客户任务和具体配置另行检索。,产品功能；工况；接液材料；连接；自动化；文件与服务,A,"本卡仅汇总公开目录、官方产品页和规格主表，不等同于应用工程批准或验证文件。；HIGH表示制药相关性高，不表示全部配置均适用于无菌主工艺。；中国公开可见性只表示页面或中文资料可见，不证明中国库存、产地或交期。；源记录边界：Global official Type page is the product master. China visibility indicates public page/document visibility only, not stock, origin or lead time. Official category paths: Process and Control Valves > Control Valves > Angle Seat Valves > Electromotive | Electromotive Valves > Angle Seat Valves > Control | Industrial Communication > EDIP > EDIP capable products | Industrial Communication > PROFINET > PROFINET capable products | Industrial Communication > EtherNet/IP > EtherNet/IP capable products.",https://www.burkert.com/en/type/3360|https://www.burkert.com.cn/cn/type/3360|https://www.burkert.com/en/Media/plm/DTS/DS/ds3360-standard-eu-en.pdf?id=DTS0000000000000001000273502ENAI,无独立映射证据编号；以官方产品页和规格表为准,中国项目价格/净价、库存、产地、标准品与定制品交期、装机量、客户评价及售后服务表现需内部验证,3360：Electromotive；优先联想到CIP/SIP辅助回路及洁净公用工程，再核对工况、配置和证据边界。,客户在什么工况下应选择或排除 3360？比较前必须确认哪些参数和证据？,GENERATED_REVIEWED_BY_RULES,2026-06-09,2026-06-24
BURKERT-3363,Bürkert,3363,Electromotive 2-way diaphragm control valve,电动两通隔膜阀-调节阀,过程与控制阀,Control Valves > Diaphragm Valves,Diaphragm Valves,"The externally controlled Type 3363 diaphragm valve consists of an electrically controlled linear actuator (positioner), a diaphragm and a 2-way valve body. The electric actuator with ball screw ensures usage under hygienic or aggressive ambient conditions. The flow-optimised valve body with minimum dead space enables high flow values and a wide range of possible applications. An optional energy storage device guarantees the safety position in the event of a power failure. The position is indicated by means of a 360° LED light ring. The actuator has a drive force adjustment to protect the diaphragm. A correspondingly high IP protection IP65/IP67 ensures adequate splash protection. The electromotive actuator of the diaphragm valve with ball screw moves to the desired end position at a particularly high speed of up to 4 mm/s. Moreover, the valve is also equipped with a mechanical position indicator and corresponding explosion protection ATEX/II 3G Ex ec IIC T4 Gc/II 3D Ex tc IIIC T135 °C Dc.",在无菌输送/隔离；CIP/SIP；制药用水中完成卫生隔离、切换、调节或低滞留流路设计；具体任务取决于阀体和执行配置。,无菌输送/隔离；CIP/SIP；制药用水,actuation_method=electromotive；explicit_certifications_or_ratings=ATEX；nominal_diameter_dn_range_1=DN 06…DN 100；protection_rating=IP65 | IP67；explicit_roughness=Ra ≤ 0.38 µm,介质与批次风险；DN及目标Cv/Kv；阀体流路和排空方向；接液材料与表面粗糙度；膜片材质和寿命；连接标准；工作与灭菌温压；CIP/SIP程序；死区要求；认证与材料追溯；手动、开关或调节自动化。,不能用系列名称代替具体阀体、膜片和连接配置；未确认排空、死区、温压、材料证明或灭菌循环时，不得判定适用于关键无菌主工艺。,2730|2731|2732|8802|8803,DIRECT / 无气源设备、卫生开关阀和精密调节 / 649,推力；速度；控制模式；断电位；通信；IP；阀体构型；温压,A,"本卡仅汇总公开目录、官方产品页和规格主表，不等同于应用工程批准或验证文件。；HIGH表示制药相关性高，不表示全部配置均适用于无菌主工艺。；中国公开可见性只表示页面或中文资料可见，不证明中国库存、产地或交期。；源记录边界：Global official Type page is the product master. China visibility indicates public page/document visibility only, not stock, origin or lead time. Official category paths: Process and Control Valves > Control Valves > Diaphragm Valves | Electromotive Valves > Diaphragm Valves > Control | Industrial Communication > EDIP > EDIP capable products | Industrial Communication > PROFINET > PROFINET capable products | Industrial Communication > EtherNet/IP > EtherNet/IP capable products | Process and Control Valves > Shut-off Valves (On/Off) > Diaphragm Valves > Electromotive.",https://www.burkert.com/en/type/3363|https://www.burkert.com.cn/cn/type/3363|https://www.burkert.com/en/Media/plm/DTS/DS/ds3363-standard-eu-en.pdf?id=DTS0000000000000001000303711ENZ|https://www.burkert.com/en/Media/plm/DTS/DS/ds3363-standard-cn-zh.pdf?id=DTS0000000000000001000670680ZHB,GEMU-SERIES-649,中国项目价格/净价、库存、产地、标准品与定制品交期、装机量、客户评价及售后服务表现需内部验证,3363：Diaphragm Valves；优先联想到无菌输送/隔离；CIP/SIP；制药用水，再核对工况、配置和证据边界。,客户在什么工况下应选择或排除 3363？比较前必须确认哪些参数和证据？,GENERATED_REVIEWED_BY_RULES,2026-06-09,2026-06-24
BURKERT-3364,Bürkert,3364,Electromotive T-diaphragm valve (positioner),带有电气线性驱动装置（位置调节器）的塑料材质 T 形隔膜阀（EVA 型）,过程与控制阀,Hygienic / Pharma / Hydrogen / Speciality Process Valves > T-valves,T-valves,"The externally controlled Type 3364 diaphragm valve consists of an electrically controlled linear actuator (positioner), a diaphragm and a T-valve body. The electric actuator with ball screw ensures usage under hygienic or aggressive ambient conditions. The flow-optimised valve body with minimum dead space enables high flow rates and a wide range of possible applications. In the event of a power failure, the safety position is guaranteed by an optional energy storage device. The position is indicated by means of a 360° LED light ring. To protect the diaphragm the actuator has a drive force adjustment. A correspondingly high IP protection IP65/IP67 ensures adequate splash protection. The electromotive actuator of the T-diaphragm valve with ball screw moves to the desired end position at a particularly high speed up to 4 mm/s. In addition the valve is also equipped with a mechanical position indicator and corresponding explosion protection ATEX/II 3G Ex ec IIC T4 Gc/II 3D Ex tc IIIC T135 °C Dc.",在无菌输送/隔离；CIP/SIP；制药用水中完成卫生隔离、切换、调节或低滞留流路设计；具体任务取决于阀体和执行配置。,无菌输送/隔离；CIP/SIP；制药用水,actuation_method=electromotive；explicit_certifications_or_ratings=ATEX；nominal_diameter_dn_range_1=DN 06…DN 100；protection_rating=IP65 | IP67；explicit_roughness=Ra ≤ 0.38 µm,介质与批次风险；DN及目标Cv/Kv；阀体流路和排空方向；接液材料与表面粗糙度；膜片材质和寿命；连接标准；工作与灭菌温压；CIP/SIP程序；死区要求；认证与材料追溯；手动、开关或调节自动化。,不能用系列名称代替具体阀体、膜片和连接配置；未确认排空、死区、温压、材料证明或灭菌循环时，不得判定适用于关键无菌主工艺。,2064|2934|3324|8690,DIRECT / 无气源设备、卫生开关阀和精密调节 / 649,推力；速度；控制模式；断电位；通信；IP；阀体构型；温压,A,"本卡仅汇总公开目录、官方产品页和规格主表，不等同于应用工程批准或验证文件。；HIGH表示制药相关性高，不表示全部配置均适用于无菌主工艺。；中国公开可见性只表示页面或中文资料可见，不证明中国库存、产地或交期。；源记录边界：Global official Type page is the product master. China visibility indicates public page/document visibility only, not stock, origin or lead time. Official category paths: Process and Control Valves > Hygienic / Pharma / Hydrogen / Speciality Process Valves > T-valves | Process and Control Valves > Shut-off Valves (On/Off) > Diaphragm Valves > Electromotive.",https://www.burkert.com/en/type/3364|https://www.burkert.com.cn/cn/type/3364|https://www.burkert.com/en/Media/plm/DTS/DS/ds3364-standard-eu-en.pdf?id=DTS0000000000000001000516533ENL,GEMU-SERIES-649,中国项目价格/净价、库存、产地、标准品与定制品交期、装机量、客户评价及售后服务表现需内部验证,3364：T-valves；优先联想到无菌输送/隔离；CIP/SIP；制药用水，再核对工况、配置和证据边界。,客户在什么工况下应选择或排除 3364？比较前必须确认哪些参数和证据？,GENERATED_REVIEWED_BY_RULES,2026-06-09,2026-06-24
BURKERT-3365,Bürkert,3365,Electromotive 2-way tank bottom diaphragm valve (positioner),带有电气线性驱动装置（位置调节器）的塑料材质罐底隔膜阀（EVA 型）,过程与控制阀,Hygienic / Pharma / Hydrogen / Speciality Process Valves > Tank Bottom Valves,Tank Bottom Valves,"The externally controlled Type 3365 diaphragm valve consists of an electrically controlled linear actuator (positioner), a diaphragm and a tank bottom valve body. The electric actuator with ball screw ensures usage under hygienic or aggressive ambient conditions. The flow-optimised valve body with minimum dead space enables high flow rates and a wide range of possible applications. An optional energy storage device guarantees the safety position in the event of a power failure. The position is indicated by means of a 360° LED light ring. To protect the diaphragm the actuator has a drive force adjustment. A correspondingly high IP protection IP65/IP67 ensures adequate splash protection. The electromotive actuator of the tank bottom diaphragm valve with ball screw moves to the desired end position at a particularly high speed up to 4 mm/s. In addition the valve is also equipped with a mechanical position indicator and corresponding explosion protection ATEX/II 3G Ex ec IIC T4 Gc/II 3D Ex tc IIIC T135 °C Dc.",在无菌输送/隔离；CIP/SIP；制药用水中完成卫生隔离、切换、调节或低滞留流路设计；具体任务取决于阀体和执行配置。,无菌输送/隔离；CIP/SIP；制药用水,actuation_method=electromotive；explicit_certifications_or_ratings=ATEX；nominal_diameter_dn_range_1=DN 06…DN 100；protection_rating=IP65 | IP67；explicit_roughness=Ra ≤ 0.38 µm,介质与批次风险；DN及目标Cv/Kv；阀体流路和排空方向；接液材料与表面粗糙度；膜片材质和寿命；连接标准；工作与灭菌温压；CIP/SIP程序；死区要求；认证与材料追溯；手动、开关或调节自动化。,不能用系列名称代替具体阀体、膜片和连接配置；未确认排空、死区、温压、材料证明或灭菌循环时，不得判定适用于关键无菌主工艺。,2033|2065|2105|3235|3325,DIRECT / 无气源设备、卫生开关阀和精密调节 / 649；DIRECT / 配液罐、生物反应器和储罐低残留排放 / 643|P40,推力；速度；控制模式；断电位；通信；IP；阀体构型；温压；罐底接口；排空性；死区；焊接；执行器；膜片；CIP/SIP；维护空间,A,"本卡仅汇总公开目录、官方产品页和规格主表，不等同于应用工程批准或验证文件。；HIGH表示制药相关性高，不表示全部配置均适用于无菌主工艺。；中国公开可见性只表示页面或中文资料可见，不证明中国库存、产地或交期。；源记录边界：Global official Type page is the product master. China visibility indicates public page/document visibility only, not stock, origin or lead time. Official category paths: Process and Control Valves > Hygienic / Pharma / Hydrogen / Speciality Process Valves > Tank Bottom Valves | Process and Control Valves > Shut-off Valves (On/Off) > Diaphragm Valves > Electromotive.",https://www.burkert.com/en/type/3365|https://www.burkert.com.cn/cn/type/3365|https://www.burkert.com/en/Media/plm/DTS/DS/ds3365-standard-eu-en.pdf?id=DTS0000000000000001000516536ENM,GEMU-SERIES-649|GEMU-SERIES-643|GEMU-SERIES-P40,中国项目价格/净价、库存、产地、标准品与定制品交期、装机量、客户评价及售后服务表现需内部验证,3365：Tank Bottom Valves；优先联想到无菌输送/隔离；CIP/SIP；制药用水，再核对工况、配置和证据边界。,客户在什么工况下应选择或排除 3365？比较前必须确认哪些参数和证据？,GENERATED_REVIEWED_BY_RULES,2026-06-09,2026-06-24
BURKERT-8056,Bürkert,8056,"Electro-magnetic flowmeter, hygienic process connections",磁感应流量计，卫生工艺接口,传感器、变送器与控制器,Flow > Electromagnetic Flowmeter (EMF) > Inline EMF,Inline EMF,"The flowmeter Type 8056, which consists of a sensor Type S056 (compact or remote variant) connected to the electronics assembly Type SE56 (without a display in the compact variant or with a display in the compact or remote variant), is designed for liquids with a minimum conductivity of 5 μS/cm. Combined with a dosing valve, the flowmeter Type 8056 can also be used for high-precision filling and dosing procedures and for flow measurements in the food, beverage or pharmaceutical industry.",在WFI/PW及CIP流量监控中完成过程测量、监控或闭环控制，为批次放行、清洗终点或工艺稳定性提供信号。,WFI/PW及CIP流量监控,nominal_diameter_dn_range_1=DN 03…DN 100,介质及电导/黏度/气体组分；量程与正常工作点；精度、重复性和响应时间；压力、温度及压降；接液材料；卫生连接与可清洗性；校准和验证要求；输出信号、现场总线和控制系统接口；安装方向与直管段。,量程、介质属性、安装条件或校准口径不一致时不得直接比较精度；没有卫生连接、材料和清洗适配证据时，不得仅凭测量原理判定可用于制药主工艺。,S056,DIRECT_OR_ADJACENT / 公用工程、设备流量和部分卫生液体测量 / 3020|801|805|806|807|811|815|816|817|820|822|825|830|831|832|835|840|841|845|851|855|857|865|875,原理；介质；电导率；量程；精度；压降；接液件；连接；卫生认证,A,"本卡仅汇总公开目录、官方产品页和规格主表，不等同于应用工程批准或验证文件。；HIGH表示制药相关性高，不表示全部配置均适用于无菌主工艺。；中国公开可见性只表示页面或中文资料可见，不证明中国库存、产地或交期。；源记录边界：Global official Type page is the product master. China visibility indicates public page/document visibility only, not stock, origin or lead time. Official category paths: Sensors, Transmitters and Controllers > Flow > Electromagnetic Flowmeter (EMF) > Inline EMF.",https://www.burkert.com/en/type/8056|https://www.burkert.com.cn/cn/type/8056|https://www.burkert.com/en/Media/plm/DTS/DS/DS8056-Sanitary-EU-EN.pdf2?id=DTS0000000000000001000101313ENP,GEMU-SERIES-3020|GEMU-SERIES-801|GEMU-SERIES-805|GEMU-SERIES-806|GEMU-SERIES-807|GEMU-SERIES-811|GEMU-SERIES-815|GEMU-SERIES-816|GEMU-SERIES-817|GEMU-SERIES-820|GEMU-SERIES-822|GEMU-SERIES-825|GEMU-SERIES-830|GEMU-SERIES-831|GEMU-SERIES-832|GEMU-SERIES-835|GEMU-SERIES-840|GEMU-SERIES-841|GEMU-SERIES-845|GEMU-SERIES-851|GEMU-SERIES-855|GEMU-SERIES-857|GEMU-SERIES-865|GEMU-SERIES-875,中国项目价格/净价、库存、产地、标准品与定制品交期、装机量、客户评价及售后服务表现需内部验证,8056：Inline EMF；优先联想到WFI/PW及CIP流量监控，再核对工况、配置和证据边界。,客户在什么工况下应选择或排除 8056？比较前必须确认哪些参数和证据？,GENERATED_REVIEWED_BY_RULES,2026-06-09,2026-06-24
BURKERT-8111,Bürkert,8111,Vibrating filling level switch,音叉式液位开关,传感器、变送器与控制器,Level > Tuning Fork,Tuning Fork,"The Type 8111 is a filling level switch for liquids, using a tuning fork as the sensor element. It is designed for industrial use in all areas of process technology and can be used in liquids. Typical applications are overfill or dry run protection. Depending on the version, the devices are also used for monitoring or controlling filling levels in potentially explosive atmospheres, also for combustible liquids, gases, fumes or vapours. Due to the simple and rugged measuring system, the Type 8111 is virtually unaffected by the chemical and physical features of the liquid. It also works under unfavourable conditions such as turbulence, air bubbles, foam generation (not suitable for measuring the foam thickness itself), adhesions, strong external vibrations or varying filling materials.",支持卫生储罐液位监测中的Tuning Fork任务，具体适用性需回到当前配置与官方技术文件确认。,卫生储罐液位监测,explicit_certifications_or_ratings=ATEX,介质；功能任务；尺寸或量程；工作压力和温度；接液材料；连接和安装；驱动与信号；清洗灭菌；认证与文件；维护条件。,Bürkert产品族能力不能替代具体配置证明；关键工况或合规文件未确认时不得做最终选型。,8112,DIRECT_FOR_GEMU_ADJACENT_FOR_OTHERS / 罐体、公用工程、过滤、制药用水和设备状态监控 / GEMÜ C30/C33 pressure measurement devices; temperature/level series not yet separated in current map / 公开主产品更偏阀件、高纯系统和压力式流控；未形成制药过程压力/温度/液位传感器系列级直接映射 / 未发现自有过程压力、温度或液位传感器产品族；700/701为压力控制阀而非测量传感器,测量原理；范围；精度；接液材质；过程连接；卫生设计；输出；认证,A,"本卡仅汇总公开目录、官方产品页和规格主表，不等同于应用工程批准或验证文件。；HIGH表示制药相关性高，不表示全部配置均适用于无菌主工艺。；中国公开可见性只表示页面或中文资料可见，不证明中国库存、产地或交期。；源记录边界：Global official Type page is the product master. China visibility indicates public page/document visibility only, not stock, origin or lead time. Official category paths: Sensors, Transmitters and Controllers > Level > Tuning Fork.",https://www.burkert.com/en/type/8111|https://www.burkert.com.cn/cn/type/8111|https://www.burkert.com/en/Media/plm/DTS/DS/ds8111-standard-eu-en.pdf?id=DTS0000000000000001000086887ENT,BURKERT-CATALOG-002|BURKERT-COMPANY-001|GEMU-COMPANY-001|GEMU-SERIES-C30|GEMU-SERIES-C33|ESG-PORTFOLIO-GAP-001|ESG-SERIES-700-701,中国项目价格/净价、库存、产地、标准品与定制品交期、装机量、客户评价及售后服务表现需内部验证,8111：Tuning Fork；优先联想到卫生储罐液位监测，再核对工况、配置和证据边界。,客户在什么工况下应选择或排除 8111？比较前必须确认哪些参数和证据？,GENERATED_REVIEWED_BY_RULES,2026-06-09,2026-06-24
BURKERT-8112,Bürkert,8112,Vibrating filling level switch with extension tube,带延长管音叉式液位开关,传感器、变送器与控制器,Level > Tuning Fork,Tuning Fork,"The Type 8112 is a filling level switch for liquids, using a tuning fork as the sensor element. It is designed for industrial use in areas of process technology and can be used in liquids. Typical applications are overfill or dry run protection. The Type 8112 is available with different sensor lengths. The immersion depth can be adapted thanks to a lock fitting. Due to the simple and rugged measuring system, the Type 8112 is virtually unaffected by the chemical and physical features of the liquid. It works even under unfavourable conditions such as turbulence, air bubbles, foam generation (not suitable for measuring the foam thickness itself), adhesions, strong external vibrations or varying filling materials.",在卫生储罐液位监测中通过软管夹断或一次性流路实现介质隔离，减少清洗验证负担和交叉污染风险。,卫生储罐液位监测,explicit_certifications_or_ratings=ATEX,软管与接液材料；管径和壁厚；灭菌方式；压力与温度；密封完整性；死体积和滞留；循环次数或一次性使用边界；批次追溯；供应连续性；执行器和反馈要求。,软管尺寸、材料、灭菌方法或寿命未经确认时不得替代；一次性组件与可重复使用阀门的维护、验证和总成本口径不可直接混比。,8111,DIRECT_FOR_GEMU_ADJACENT_FOR_OTHERS / 罐体、公用工程、过滤、制药用水和设备状态监控 / GEMÜ C30/C33 pressure measurement devices; temperature/level series not yet separated in current map / 公开主产品更偏阀件、高纯系统和压力式流控；未形成制药过程压力/温度/液位传感器系列级直接映射 / 未发现自有过程压力、温度或液位传感器产品族；700/701为压力控制阀而非测量传感器,测量原理；范围；精度；接液材质；过程连接；卫生设计；输出；认证,A,"本卡仅汇总公开目录、官方产品页和规格主表，不等同于应用工程批准或验证文件。；HIGH表示制药相关性高，不表示全部配置均适用于无菌主工艺。；中国公开可见性只表示页面或中文资料可见，不证明中国库存、产地或交期。；源记录边界：Global official Type page is the product master. China visibility indicates public page/document visibility only, not stock, origin or lead time. Official category paths: Sensors, Transmitters and Controllers > Level > Tuning Fork.",https://www.burkert.com/en/type/8112|https://www.burkert.com.cn/cn/type/8112|https://www.burkert.com/en/Media/plm/DTS/DS/ds8112-standard-eu-en.pdf?id=DTS0000000000000001000086888ENS,BURKERT-CATALOG-002|BURKERT-COMPANY-001|GEMU-COMPANY-001|GEMU-SERIES-C30|GEMU-SERIES-C33|ESG-PORTFOLIO-GAP-001|ESG-SERIES-700-701,中国项目价格/净价、库存、产地、标准品与定制品交期、装机量、客户评价及售后服务表现需内部验证,8112：Tuning Fork；优先联想到卫生储罐液位监测，再核对工况、配置和证据边界。,客户在什么工况下应选择或排除 8112？比较前必须确认哪些参数和证据？,GENERATED_REVIEWED_BY_RULES,2026-06-09,2026-06-24
BURKERT-8189,Bürkert,8189,Level measurement device with guided radar - sanitary variant,带引导式微波的液位测量计——无菌版本,传感器、变送器与控制器,Level > Guided Radar,Guided Radar,"The Type 8189 is a level measurement device with interchangeable rod probe, designed for continuous level measurement. The unit is suitable for liquids, for industrial use in all areas of process technology. But the main application targets are in Food and Beverage (F&B) and pharmaceutical tanks to the new rod in stainless steel 1.4435 with Ra < 0.76 µm. For applications with corrosive liquids a PFA coated variant is available. Even process conditions such as strong steam generation, density fluctuations or changes of the dielectric constant do not influence the accuracy of the measurement. Build-up or condensation on the probe or vessel wall does not influence the measurement result.",支持卫生储罐液位监测中的Guided Radar任务，具体适用性需回到当前配置与官方技术文件确认。,卫生储罐液位监测,explicit_protocols=HART；explicit_certifications_or_ratings=ATEX | IECEx；explicit_materials=stainless steel | PFA；explicit_roughness=Ra < 0.76 µm,介质；功能任务；尺寸或量程；工作压力和温度；接液材料；连接和安装；驱动与信号；清洗灭菌；认证与文件；维护条件。,Bürkert产品族能力不能替代具体配置证明；关键工况或合规文件未确认时不得做最终选型。,同类高相关记录未找到；需扩展到相邻产品族判断,未形成明确系列级竞品映射；需按客户任务和具体配置另行检索。,产品功能；工况；接液材料；连接；自动化；文件与服务,A,"本卡仅汇总公开目录、官方产品页和规格主表，不等同于应用工程批准或验证文件。；HIGH表示制药相关性高，不表示全部配置均适用于无菌主工艺。；中国公开可见性只表示页面或中文资料可见，不证明中国库存、产地或交期。；源记录边界：Global official Type page is the product master. China visibility indicates public page/document visibility only, not stock, origin or lead time. Official category paths: Sensors, Transmitters and Controllers > Level > Guided Radar.",https://www.burkert.com/en/type/8189|https://www.burkert.com.cn/cn/type/8189|https://www.burkert.com/en/Media/plm/DTS/DS/ds8189-standard-eu-en.pdf?id=DTS0000000000000001000244852ENJ,无独立映射证据编号；以官方产品页和规格表为准,中国项目价格/净价、库存、产地、标准品与定制品交期、装机量、客户评价及售后服务表现需内部验证,8189：Guided Radar；优先联想到卫生储罐液位监测，再核对工况、配置和证据边界。,客户在什么工况下应选择或排除 8189？比较前必须确认哪些参数和证据？,GENERATED_REVIEWED_BY_RULES,2026-06-09,2026-06-24
BURKERT-8200,Bürkert,8200,Holder for analysis probes,适用于分析探头的配件,传感器、变送器与控制器,Armatures for Analysis Sensors,Armatures for Analysis Sensors,"The holder product range allows the installation of 120 mm long analysis probes (pH/redox potential (ORP)/conductivity) or chlorine sensors etc., on a tank or process pipelines and covers general-purpose applications as well as water treatment, food & beverage and pharmaceutical applications. This product range includes a variety of process fittings for general-purpose holders (with or without protective rods) , hygienic holders (with or without protective rods or protective tube), as well as transparent one-piece holders, so-called analysis measurement chambers, designed for multiple measurements. Depending on the variant, these analysis measurement chambers can accommodate one or multiple probes and sensors. Depending on the variant, the holder allows for steam sterilisation, autoclaving, cleaning in place (CIP), space optimization, positioning of the probe according to the medium flow , and installation in vertical pipes. It can also be equipped with a Pt1000 temperature sensor. The analysis measurement chambers are available for specific integration into the process. Due to their transparent surface, they allow visualisation of the liquid flow and ensure optimum measuring conditions. The single-slot analysis measurement chamber is designed for use with the Type 8232 chlorine sensor. The analysis measurement chambers with three or four slots allow the simultaneous measurement of several parameters such as chlorine, temperature, pH, ORP or conductivity. Two of the slots are always reserved for temperature and chlorine sensors, while the others are intended for additional analysis probes. The three-slot analysis measurement chamber is available in variant for either cold or hot water.",在制药用水质量监测中完成过程测量、监控或闭环控制，为批次放行、清洗终点或工艺稳定性提供信号。,制药用水质量监测,未公开，需查当前数据表或项目文件,介质及电导/黏度/气体组分；量程与正常工作点；精度、重复性和响应时间；压力、温度及压降；接液材料；卫生连接与可清洗性；校准和验证要求；输出信号、现场总线和控制系统接口；安装方向与直管段。,量程、介质属性、安装条件或校准口径不一致时不得直接比较精度；没有卫生连接、材料和清洗适配证据时，不得仅凭测量原理判定可用于制药主工艺。,同类高相关记录未找到；需扩展到相邻产品族判断,BURKERT_DIFFERENTIATOR / PW/WFI前后处理、公用水、清洗介质和在线水质监测 / GEMÜ measurement products; public liquid-analysis breadth limited / 生命科学和分析业务不能直接等同于在线过程分析产品族 / 未发现自有分析测量产品族,pH/ORP；电导率；浊度；余氯；采样；多通道；校准；维护；通信,A,"本卡仅汇总公开目录、官方产品页和规格主表，不等同于应用工程批准或验证文件。；HIGH表示制药相关性高，不表示全部配置均适用于无菌主工艺。；中国公开可见性只表示页面或中文资料可见，不证明中国库存、产地或交期。；源记录边界：Global official Type page is the product master. China visibility indicates public page/document visibility only, not stock, origin or lead time. Official category paths: Sensors, Transmitters and Controllers > Armatures for Analysis Sensors.",https://www.burkert.com/en/type/8200|https://www.burkert.com.cn/cn/type/8200|https://www.burkert.com/en/Media/plm/DTS/DS/ds8200-standard-eu-en.pdf?id=DTS0000000000000001000141421ENAB,BURKERT-CATALOG-002|BURKERT-COMPANY-001|GEMU-COMPANY-001|ESG-PORTFOLIO-GAP-001,中国项目价格/净价、库存、产地、标准品与定制品交期、装机量、客户评价及售后服务表现需内部验证,8200：Armatures for Analysis Sensors；优先联想到制药用水质量监测，再核对工况、配置和证据边界。,客户在什么工况下应选择或排除 8200？比较前必须确认哪些参数和证据？,GENERATED_REVIEWED_BY_RULES,2026-06-09,2026-06-24
BURKERT-8201,Bürkert,8201,pH measuring system for hygienic applications,卫生型PH测量仪,传感器、变送器与控制器,Liquid Analysis > pH / ORP,pH / ORP,"The Type 8201 pH measuring system is suitable for measuring absolute pH values in liquids between pH 0 and pH 12 at medium temperatures of up to 140°C and process pressures of max. 6 bar. Due to its hygienic design and the robust glass-free construction, this model is particularly suitable for use in hygienic processes. An example would be the production of foods and active ingredients, during which the pH value of liquid mediums (including those which are viscous or contain solids) is measured. The pH electrode's extremely smooth enamel surface prevents the medium from sticking and is very easy to clean in line. Due to its robust design and high temperature and chemical tolerance, the electrode stays in the process even during a CIP purification. This means that expensive retractable fittings can be dispensed with.",在制药用水质量监测中完成过程测量、监控或闭环控制，为批次放行、清洗终点或工艺稳定性提供信号。,制药用水质量监测,explicit_connection_types=hose；explicit_seal_materials=NBR,介质及电导/黏度/气体组分；量程与正常工作点；精度、重复性和响应时间；压力、温度及压降；接液材料；卫生连接与可清洗性；校准和验证要求；输出信号、现场总线和控制系统接口；安装方向与直管段。,量程、介质属性、安装条件或校准口径不一致时不得直接比较精度；没有卫生连接、材料和清洗适配证据时，不得仅凭测量原理判定可用于制药主工艺。,同类高相关记录未找到；需扩展到相邻产品族判断,BURKERT_DIFFERENTIATOR / PW/WFI前后处理、公用水、清洗介质和在线水质监测 / GEMÜ measurement products; public liquid-analysis breadth limited / 生命科学和分析业务不能直接等同于在线过程分析产品族 / 未发现自有分析测量产品族,pH/ORP；电导率；浊度；余氯；采样；多通道；校准；维护；通信,A,"本卡仅汇总公开目录、官方产品页和规格主表，不等同于应用工程批准或验证文件。；HIGH表示制药相关性高，不表示全部配置均适用于无菌主工艺。；中国公开可见性只表示页面或中文资料可见，不证明中国库存、产地或交期。；源记录边界：Global official Type page is the product master. China visibility indicates public page/document visibility only, not stock, origin or lead time. Official category paths: Sensors, Transmitters and Controllers > Liquid Analysis > pH / ORP.",https://www.burkert.com/en/type/8201|https://www.burkert.com.cn/cn/type/8201|https://www.burkert.com/en/Media/plm/DTS/DS/ds8201-standard-eu-en.pdf?id=DTS0000000000000001000075647ENAA,BURKERT-CATALOG-002|BURKERT-COMPANY-001|GEMU-COMPANY-001|ESG-PORTFOLIO-GAP-001,中国项目价格/净价、库存、产地、标准品与定制品交期、装机量、客户评价及售后服务表现需内部验证,8201：pH / ORP；优先联想到制药用水质量监测，再核对工况、配置和证据边界。,客户在什么工况下应选择或排除 8201？比较前必须确认哪些参数和证据？,GENERATED_REVIEWED_BY_RULES,2026-06-09,2026-06-24
BURKERT-8221,Bürkert,8221,Conductivity sensor for hygienic applications,用于卫生级应用的电导率传感器,传感器、变送器与控制器,Liquid Analysis > Conductivity,Conductivity,"The Type 8221 hygienic conductivity probes are used to determine electrical conductivity in a wide range of pure or concentrated liquids. Due to their hygienic and robust design, these conductivity probes are suitable for use in various application sectors, including the food & beverage, pharmaceutical, biotechnology and chemical industry. They are available in two technologies, with either 2 or 4 electrodes. Probes based on the 2-electrode principle are intended for use in pure liquids, particularly ultrapure water, as contamination affects the measurement. Probes based on the 4-electrode principle prevent polarisation phenomena and are not sensitive to contamination. The clever design guarantees an excellent linearity over the entire measurement range. All variants are fitted with an integrated temperature sensor (Pt1000) as standard. The probe has to be connected to the multiCELL transmitter/controller Type 8619.",在制药用水质量监测中完成过程测量、监控或闭环控制，为批次放行、清洗终点或工艺稳定性提供信号。,制药用水质量监测,未公开，需查当前数据表或项目文件,介质及电导/黏度/气体组分；量程与正常工作点；精度、重复性和响应时间；压力、温度及压降；接液材料；卫生连接与可清洗性；校准和验证要求；输出信号、现场总线和控制系统接口；安装方向与直管段。,量程、介质属性、安装条件或校准口径不一致时不得直接比较精度；没有卫生连接、材料和清洗适配证据时，不得仅凭测量原理判定可用于制药主工艺。,同类高相关记录未找到；需扩展到相邻产品族判断,BURKERT_DIFFERENTIATOR / PW/WFI前后处理、公用水、清洗介质和在线水质监测 / GEMÜ measurement products; public liquid-analysis breadth limited / 生命科学和分析业务不能直接等同于在线过程分析产品族 / 未发现自有分析测量产品族,pH/ORP；电导率；浊度；余氯；采样；多通道；校准；维护；通信,A,"本卡仅汇总公开目录、官方产品页和规格主表，不等同于应用工程批准或验证文件。；HIGH表示制药相关性高，不表示全部配置均适用于无菌主工艺。；中国公开可见性只表示页面或中文资料可见，不证明中国库存、产地或交期。；源记录边界：Global official Type page is the product master. China visibility indicates public page/document visibility only, not stock, origin or lead time. Official category paths: Sensors, Transmitters and Controllers > Liquid Analysis > Conductivity.",https://www.burkert.com/en/type/8221|https://www.burkert.com.cn/cn/type/8221|https://www.burkert.com/en/Media/plm/DTS/DS/ds8221-standard-eu-en.pdf?id=DTS0000000000000001000096134ENX|https://www.burkert.com/en/Media/plm/DTS/DS/ds8221-standard-cn-zh.pdf?id=DTS0000000000000001000551201ZHD,BURKERT-CATALOG-002|BURKERT-COMPANY-001|GEMU-COMPANY-001|ESG-PORTFOLIO-GAP-001,中国项目价格/净价、库存、产地、标准品与定制品交期、装机量、客户评价及售后服务表现需内部验证,8221：Conductivity；优先联想到制药用水质量监测，再核对工况、配置和证据边界。,客户在什么工况下应选择或排除 8221？比较前必须确认哪些参数和证据？,GENERATED_REVIEWED_BY_RULES,2026-06-09,2026-06-24
BURKERT-8285,Bürkert,8285,"Modular analysis transmitter for pH, ORP, conductivity measurement",适合测量 pH、ORP 和电导率的模块化分析传送器,传感器、变送器与控制器,Controllers / Transmitters,Controllers / Transmitters,"The 8285 modular process analysis system is designed to measure and process liquid analysisparameters. The base unit contents the power supply, signal outputs, binary inputs and the front with graphic display with backlighting. Three slots are available, which depending onthe applications can be occupied with modules for pH, conductivity or also with a module with additional outputs. The hygienic, polished stainless steel enclosure version allows application in the field of bio technology, food processing, and in the pharmaceutical industry. Further applications in thechemical industry, environmental engineering, water and waste-water treatment, and for application in power plants are also possible.",在制药用水质量监测中完成过程测量、监控或闭环控制，为批次放行、清洗终点或工艺稳定性提供信号。,制药用水质量监测,explicit_materials=stainless steel,介质及电导/黏度/气体组分；量程与正常工作点；精度、重复性和响应时间；压力、温度及压降；接液材料；卫生连接与可清洗性；校准和验证要求；输出信号、现场总线和控制系统接口；安装方向与直管段。,量程、介质属性、安装条件或校准口径不一致时不得直接比较精度；没有卫生连接、材料和清洗适配证据时，不得仅凭测量原理判定可用于制药主工艺。,同类高相关记录未找到；需扩展到相邻产品族判断,未形成明确系列级竞品映射；需按客户任务和具体配置另行检索。,产品功能；工况；接液材料；连接；自动化；文件与服务,A,"本卡仅汇总公开目录、官方产品页和规格主表，不等同于应用工程批准或验证文件。；HIGH表示制药相关性高，不表示全部配置均适用于无菌主工艺。；中国公开可见性只表示页面或中文资料可见，不证明中国库存、产地或交期。；源记录边界：Global official Type page is the product master. China visibility indicates public page/document visibility only, not stock, origin or lead time. Official category paths: Sensors, Transmitters and Controllers > Controllers / Transmitters.",https://www.burkert.com/en/type/8285|https://www.burkert.com.cn/cn/type/8285|https://www.burkert.com/en/Media/plm/DTS/DS/DS8285-Standard-EU-EN.pdf?id=DTS0000000000000001000096130ENC,无独立映射证据编号；以官方产品页和规格表为准,中国项目价格/净价、库存、产地、标准品与定制品交期、装机量、客户评价及售后服务表现需内部验证,8285：Controllers / Transmitters；优先联想到制药用水质量监测，再核对工况、配置和证据边界。,客户在什么工况下应选择或排除 8285？比较前必须确认哪些参数和证据？,GENERATED_REVIEWED_BY_RULES,2026-06-09,2026-06-24
BURKERT-8619,Bürkert,8619,multiCELL – multi-channel/multi-function transmitter/controller,multiCELL──多通道/多功能变送器/控制器,传感器、变送器与控制器,Liquid Analysis > Multichannel Systems,Multichannel Systems,"The Type 8619 multichannel and multifunction transmitter/controller, available in two housing variants for panel or wall mounting, is a microprocessor transmitter/controller for connection of sensors which deliver raw signals for pH, ORP, conductivity and flow via pulses or sensors (like pressure, level, chlorine…) which deliver analogue signals (0…20 mA, 4…20 mA, 0…2 V, 0…5 V, 0…10 V). Type 8619 is the ideal device for measurement and control, as well as dosing processes e.g. in applications of water treatment plants (like boiler, cooling tower or reverse osmosis systems) and food and pharma plants. Modularity in hardware and software offers high flexibility for adjusting it to the applications resulting in a very good price to functionality relation. Sophisticated electronics and state of the art control algorithms ensure that optimum process control is maintained at all times with minimal operator intervention while achieving the highest quality. Thanks to full support of the Modbus TCP, PROFINET (Conformance Class B) or EtherNet/IP, the Type 8619 can be integrated into most Industrial Ethernet environments. Therefore all important process values like measurement data, process diagnostics or device status can be easily integrated into the automation system.",在制药用水质量监测中完成过程测量、监控或闭环控制，为批次放行、清洗终点或工艺稳定性提供信号。,制药用水质量监测,explicit_protocols=PROFINET | EtherNet/IP | Modbus；explicit_voltage=10 V | 2 V | 5 V,介质及电导/黏度/气体组分；量程与正常工作点；精度、重复性和响应时间；压力、温度及压降；接液材料；卫生连接与可清洗性；校准和验证要求；输出信号、现场总线和控制系统接口；安装方向与直管段。,量程、介质属性、安装条件或校准口径不一致时不得直接比较精度；没有卫生连接、材料和清洗适配证据时，不得仅凭测量原理判定可用于制药主工艺。,同类高相关记录未找到；需扩展到相邻产品族判断,未形成明确系列级竞品映射；需按客户任务和具体配置另行检索。,产品功能；工况；接液材料；连接；自动化；文件与服务,A,"本卡仅汇总公开目录、官方产品页和规格主表，不等同于应用工程批准或验证文件。；HIGH表示制药相关性高，不表示全部配置均适用于无菌主工艺。；中国公开可见性只表示页面或中文资料可见，不证明中国库存、产地或交期。；源记录边界：Global official Type page is the product master. China visibility indicates public page/document visibility only, not stock, origin or lead time. Official category paths: Sensors, Transmitters and Controllers > Liquid Analysis > Multichannel Systems | Sensors, Transmitters and Controllers > Controllers / Transmitters | Industrial Communication > PROFINET > PROFINET capable products | Industrial Communication > EtherNet/IP > EtherNet/IP capable products.",https://www.burkert.com/en/type/8619|https://www.burkert.com.cn/cn/type/8619|https://www.burkert.com/en/Media/plm/DTS/DS/ds8619-standard-eu-en.pdf?id=DTS0000000000000001000130448ENY|https://www.burkert.com/en/Media/plm/DTS/DS/ds8619-multicell-cn-zh.pdf?id=DTS0000000000000001000409428ZHE,无独立映射证据编号；以官方产品页和规格表为准,中国项目价格/净价、库存、产地、标准品与定制品交期、装机量、客户评价及售后服务表现需内部验证,8619：Multichannel Systems；优先联想到制药用水质量监测，再核对工况、配置和证据边界。,客户在什么工况下应选择或排除 8619？比较前必须确认哪些参数和证据？,GENERATED_REVIEWED_BY_RULES,2026-06-09,2026-06-24
BURKERT-8681,Bürkert,8681,Control head for decentralized automation of hygienic process valves,卫生级过程调节阀控制头,过程与控制阀,Process Valve Automation > ON/OFF,ON/OFF,"The control head Type 8681 is optimized for decentralised automation of hygienic process valves. Thanks to its universal adapter it can be combined with all normal commercial butterfly valves, ball valves, single and double seated valves. With a decentralised automation concept, the control head takes over all pneumatic actuation, feedback and diagnostic functions including fieldbus communication. The housing is easy to clean and features proven IP protection and chemically resistant materials for use in hygienic processing in food, beverage and pharmaceutical industries. Depending on the process valve type, up to 3 pneumatic actuator chambers can be controlled independently from each other. The switching speeds of both movement directions can be set separately. A built-in check valve prevents incorrect switching of process valve actuator chambers which could result from back-pressure. The process valve switching positions are detected by an inductive, analogue position sensor and reported to the PLC system. Up to 3 switching points can be adjusted automatically by a Teach-In function. Additionally a fourth switching position can be read in and fed back via an external inductive proximity switch. The coloured status display signals the particular process valve switching position or indicates a diagnostic function such as maintenance required status or fault conditions. The pilot valves are equipped with a manual override. If the device housing is closed, the patented magnetically encoded manual override tool can be used to open the process valve from the exterior. Bus communication is available with AS-interface, IO-Link or büS/CANopen.",在制药设备阀门自动化/状态反馈中完成卫生隔离、切换、调节或低滞留流路设计；具体任务取决于阀体和执行配置。,制药设备阀门自动化/状态反馈,actuation_method=pneumatic | manual；explicit_protocols=IO-Link | CANopen | büS | AS-Interface,介质与批次风险；DN及目标Cv/Kv；阀体流路和排空方向；接液材料与表面粗糙度；膜片材质和寿命；连接标准；工作与灭菌温压；CIP/SIP程序；死区要求；认证与材料追溯；手动、开关或调节自动化。,不能用系列名称代替具体阀体、膜片和连接配置；未确认排空、死区、温压、材料证明或灭菌循环时，不得判定适用于关键无菌主工艺。,8691|8697|KK01,"DIRECT / 卫生阀反馈、调节、分散式自动化 / GEMÜ 1232/1234/1236/1240/1241/1242 feedback and 1434/1435/1436/1441 controllers / PRETRONIC AR2000/SR100 electric valve families; actuator-integrated automatic valve control evidence, not standalone hygienic control-head portfolio / 0P1 split intelligent positioner；DIRECT_OR_ADJACENT / 卫生阀开关反馈、分散自动化和远程状态 / 1232|1234|1236|1240|1241|1242",执行器兼容；开关/调节；反馈；信号；协议；诊断；防护；防爆；反馈点；先导阀；协议；IP；防爆；安装；手动操作；诊断,A,"本卡仅汇总公开目录、官方产品页和规格主表，不等同于应用工程批准或验证文件。；HIGH表示制药相关性高，不表示全部配置均适用于无菌主工艺。；中国公开可见性只表示页面或中文资料可见，不证明中国库存、产地或交期。；源记录边界：Global official Type page is the product master. China visibility indicates public page/document visibility only, not stock, origin or lead time. Official category paths: Process and Control Valves > Process Valve Automation > ON/OFF | Process and Control Valves > Shut-off Valves (On/Off) > Pneumatic Control | Industrial Communication > EDIP > EDIP capable products | Industrial Communication > IO-Link > IO-Link capable products | Industrial Communication > ASi > ASi capable products.",https://www.burkert.com/en/type/8681|https://www.burkert.com.cn/cn/type/8681|https://www.burkert.com/en/Media/plm/DTS/DS/ds8681-standard-eu-en.pdf?id=DTS0000000000000001000140628ENP|https://www.burkert.com/en/Media/plm/DTS/DS/ds8681-standard-cn-zh.pdf2?id=DTS0000000000000001000619150ZHC,BURKERT-CATALOG-002|BURKERT-AUTOMATION-001|GEMU-1441-001|GEMU-DIGITAL-001|GEMU-SERIES-1232|GEMU-SERIES-1234|GEMU-SERIES-1236|GEMU-SERIES-1240|GEMU-SERIES-1241|GEMU-SERIES-1242|GEMU-SERIES-1434|GEMU-SERIES-1435|GEMU-SERIES-1436|GEMU-SERIES-1441|ESG-AUTOMATION-001|ESG-SERIES-0P1|FUJIKIN-SERIES-C1-C3-C67BF803|FUJIKIN-SERIES-C1-C3-ACE55872|FUJIKIN-SERIES-S1-E864C3F7|FUJIKIN-SERIES-S2-S3-C710600E|FUJIKIN-SERIES-S2-S3-98D5ADB7|FUJIKIN-SERIES-S5-ABAEA1F6,中国项目价格/净价、库存、产地、标准品与定制品交期、装机量、客户评价及售后服务表现需内部验证,8681：ON/OFF；优先联想到制药设备阀门自动化/状态反馈，再核对工况、配置和证据边界。,客户在什么工况下应选择或排除 8681？比较前必须确认哪些参数和证据？,GENERATED_REVIEWED_BY_RULES,2026-06-09,2026-06-24
BURKERT-8685,Bürkert,8685,Control- and feedback head for integrated mounting on Robolux valves Type 2036,可一体化安装于 Robolux 阀门 2036 型上的控制按钮和反馈按钮,过程与控制阀,Hygienic / Pharma / Hydrogen / Speciality Process Valves > Robolux / Multiport valve,Robolux / Multiport valve,"Feedback Type 8685 and control head Type 8686 are optimized for integrated mounting on pneumatically operated actuators Type 2036 Robolux. The adjustment to the individual actuator size is done through DIP-switches. As compact units the devices contain the complete automation functionality of both individually operated actuator pistons. Depending on the conﬁguration, electrical and visual position feedback is done by non-contact switches and LEDs, integrated pilot valves control the actuator pistons and AS-interface communication is available. In this way a complete concept for decentralized automation is feasible. The compact body is especially distinguished by its hygienic design, materials being chemically resistant against cleaning media and a proven IP protection. In addition the Control Head Type 8686 features an integrated compressed air ﬁlter to protect the pilot valve function against particles through the compressed air supply.",在制药设备阀门自动化/状态反馈中完成卫生隔离、切换、调节或低滞留流路设计；具体任务取决于阀体和执行配置。,制药设备阀门自动化/状态反馈,actuation_method=pneumatic；explicit_protocols=AS-Interface；explicit_certifications_or_ratings=ATEX,介质与批次风险；DN及目标Cv/Kv；阀体流路和排空方向；接液材料与表面粗糙度；膜片材质和寿命；连接标准；工作与灭菌温压；CIP/SIP程序；死区要求；认证与材料追溯；手动、开关或调节自动化。,不能用系列名称代替具体阀体、膜片和连接配置；未确认排空、死区、温压、材料证明或灭菌循环时，不得判定适用于关键无菌主工艺。,2035|8686|8806,"DIRECT / 卫生阀反馈、调节、分散式自动化 / GEMÜ 1232/1234/1236/1240/1241/1242 feedback and 1434/1435/1436/1441 controllers / PRETRONIC AR2000/SR100 electric valve families; actuator-integrated automatic valve control evidence, not standalone hygienic control-head portfolio / 0P1 split intelligent positioner",执行器兼容；开关/调节；反馈；信号；协议；诊断；防护；防爆,A,"本卡仅汇总公开目录、官方产品页和规格主表，不等同于应用工程批准或验证文件。；HIGH表示制药相关性高，不表示全部配置均适用于无菌主工艺。；中国公开可见性只表示页面或中文资料可见，不证明中国库存、产地或交期。；源记录边界：Global official Type page is the product master. China visibility indicates public page/document visibility only, not stock, origin or lead time. Official category paths: Process and Control Valves > Hygienic / Pharma / Hydrogen / Speciality Process Valves > Robolux / Multiport valve | Process and Control Valves > Process Valve Automation > ON/OFF | Process and Control Valves > Shut-off Valves (On/Off) > Pneumatic Control | Industrial Communication > ASi > ASi capable products.",https://www.burkert.com/en/type/8685|https://www.burkert.com.cn/cn/type/8685|https://www.burkert.com/en/Media/plm/DTS/DS/ds8685-headrobolux-eu-en.pdf?id=DTS0000000000000001000216207ENH,BURKERT-CATALOG-002|BURKERT-AUTOMATION-001|GEMU-1441-001|GEMU-DIGITAL-001|GEMU-SERIES-1232|GEMU-SERIES-1234|GEMU-SERIES-1236|GEMU-SERIES-1240|GEMU-SERIES-1241|GEMU-SERIES-1242|GEMU-SERIES-1434|GEMU-SERIES-1435|GEMU-SERIES-1436|GEMU-SERIES-1441|ESG-AUTOMATION-001|ESG-SERIES-0P1|FUJIKIN-SERIES-C1-C3-C67BF803|FUJIKIN-SERIES-C1-C3-ACE55872|FUJIKIN-SERIES-S1-E864C3F7|FUJIKIN-SERIES-S2-S3-C710600E|FUJIKIN-SERIES-S2-S3-98D5ADB7|FUJIKIN-SERIES-S5-ABAEA1F6,中国项目价格/净价、库存、产地、标准品与定制品交期、装机量、客户评价及售后服务表现需内部验证,8685：Robolux / Multiport valve；优先联想到制药设备阀门自动化/状态反馈，再核对工况、配置和证据边界。,客户在什么工况下应选择或排除 8685？比较前必须确认哪些参数和证据？,GENERATED_REVIEWED_BY_RULES,2026-06-09,2026-06-24
BURKERT-8686,Bürkert,8686,Control- and feedback head for integrated mounting on Robolux valves Type 2036,可一体化安装于 Robolux 阀门 2036 型上的控制按钮和反馈按钮,过程与控制阀,Hygienic / Pharma / Hydrogen / Speciality Process Valves > Robolux / Multiport valve,Robolux / Multiport valve,"Feedback Type 8685 and control head Type 8686 are optimized for integrated mounting on pneumatically operated actuators Type 2036 Robolux. The adjustment to the individual actuator size is done through DIP-switches. As compact units the devices contain the complete automation functionality of both individually operated actuator pistons. Depending on the conﬁguration the electrical and visual position feedback is done by non-contact switches and LEDs. Integrated pilot valves control the actuator pistons and AS-interface communication is available. In this way a complete concept for decentralized automation is feasible. The compact body is especially destinguished by its hygienic design, materials beeing chemically resistant against cleaning media and a proven IP protection. In addition the Control Head Type 8686 features an integrated compressed air ﬁlter to protect the pilot valve function against particles through the compressed air supply.",在制药设备阀门自动化/状态反馈中完成卫生隔离、切换、调节或低滞留流路设计；具体任务取决于阀体和执行配置。,制药设备阀门自动化/状态反馈,actuation_method=pneumatic；explicit_protocols=AS-Interface；explicit_certifications_or_ratings=ATEX；explicit_materials=stainless steel,介质与批次风险；DN及目标Cv/Kv；阀体流路和排空方向；接液材料与表面粗糙度；膜片材质和寿命；连接标准；工作与灭菌温压；CIP/SIP程序；死区要求；认证与材料追溯；手动、开关或调节自动化。,不能用系列名称代替具体阀体、膜片和连接配置；未确认排空、死区、温压、材料证明或灭菌循环时，不得判定适用于关键无菌主工艺。,2035|8685|8806,未形成明确系列级竞品映射；需按客户任务和具体配置另行检索。,产品功能；工况；接液材料；连接；自动化；文件与服务,A,"本卡仅汇总公开目录、官方产品页和规格主表，不等同于应用工程批准或验证文件。；HIGH表示制药相关性高，不表示全部配置均适用于无菌主工艺。；中国公开可见性只表示页面或中文资料可见，不证明中国库存、产地或交期。；源记录边界：Global official Type page is the product master. China visibility indicates public page/document visibility only, not stock, origin or lead time. Official category paths: Process and Control Valves > Hygienic / Pharma / Hydrogen / Speciality Process Valves > Robolux / Multiport valve | Process and Control Valves > Shut-off Valves (On/Off) > Pneumatic Control | Process and Control Valves > Process Valve Automation > ON/OFF | Industrial Communication > ASi > ASi capable products.",https://www.burkert.com/en/type/8686|https://www.burkert.com.cn/cn/type/8686,无独立映射证据编号；以官方产品页和规格表为准,中国项目价格/净价、库存、产地、标准品与定制品交期、装机量、客户评价及售后服务表现需内部验证,8686：Robolux / Multiport valve；优先联想到制药设备阀门自动化/状态反馈，再核对工况、配置和证据边界。,客户在什么工况下应选择或排除 8686？比较前必须确认哪些参数和证据？,GENERATED_REVIEWED_BY_RULES,2026-06-09,2026-06-24
BURKERT-8690,Bürkert,8690,Pneumatic control unit for decentralised automation of process valves ELEMENT,适用于 ELEMENT 过程阀离散自动化的气动控制装置,过程与控制阀,Hygienic / Pharma / Hydrogen / Speciality Process Valves > T-valves,T-valves,"The pneumatic control unit Type 8690 is designed for decentralised automation of ELEMENT Type 21xx pneumatic process valves. Mechanical or inductive limit switches register the valve position. The integrated pilot valve controls single or double-acting actuators. The design of the control unit and the actuator enables an integrated pilot air duct without external tubings. Besides the electrical position feedback, the status of the device is shown directly on the pneumatic control unit itself. The housing is easy to clean and features proven IP protection and chemically resistant materials for use in hygienic processing, in food, beverage and pharmaceutical industries. Focused on wash down applications, the IP protection of the housing is supported by a positive pressure inside the control head. Combined with Bürkert ELEMENT actuators, the pneumatic actuating system enables spring chamber aeration that avoids actuator chamber contamination from the environment.",在制药设备阀门自动化/状态反馈中完成卫生隔离、切换、调节或低滞留流路设计；具体任务取决于阀体和执行配置。,制药设备阀门自动化/状态反馈,actuation_method=pneumatic | manual；explicit_certifications_or_ratings=ATEX,介质与批次风险；DN及目标Cv/Kv；阀体流路和排空方向；接液材料与表面粗糙度；膜片材质和寿命；连接标准；工作与灭菌温压；CIP/SIP程序；死区要求；认证与材料追溯；手动、开关或调节自动化。,不能用系列名称代替具体阀体、膜片和连接配置；未确认排空、死区、温压、材料证明或灭菌循环时，不得判定适用于关键无菌主工艺。,2064|2934|3324|3364,"DIRECT / 卫生阀反馈、调节、分散式自动化 / GEMÜ 1232/1234/1236/1240/1241/1242 feedback and 1434/1435/1436/1441 controllers / PRETRONIC AR2000/SR100 electric valve families; actuator-integrated automatic valve control evidence, not standalone hygienic control-head portfolio / 0P1 split intelligent positioner",执行器兼容；开关/调节；反馈；信号；协议；诊断；防护；防爆,A,"本卡仅汇总公开目录、官方产品页和规格主表，不等同于应用工程批准或验证文件。；HIGH表示制药相关性高，不表示全部配置均适用于无菌主工艺。；中国公开可见性只表示页面或中文资料可见，不证明中国库存、产地或交期。；源记录边界：Global official Type page is the product master. China visibility indicates public page/document visibility only, not stock, origin or lead time. Official category paths: Process and Control Valves > Hygienic / Pharma / Hydrogen / Speciality Process Valves > T-valves | Process and Control Valves > Shut-off Valves (On/Off) > Pneumatic Control | Process and Control Valves > Process Valve Automation > ON/OFF | Process and Control Valves > Hygienic / Pharma / Hydrogen / Speciality Process Valves > Tank Bottom Valves.",https://www.burkert.com/en/type/8690|https://www.burkert.com.cn/cn/type/8690|https://www.burkert.com/en/Media/plm/DTS/DS/ds8690-standard-eu-en.pdf?id=DTS0000000000000001000108879ENAC,BURKERT-CATALOG-002|BURKERT-AUTOMATION-001|GEMU-1441-001|GEMU-DIGITAL-001|GEMU-SERIES-1232|GEMU-SERIES-1234|GEMU-SERIES-1236|GEMU-SERIES-1240|GEMU-SERIES-1241|GEMU-SERIES-1242|GEMU-SERIES-1434|GEMU-SERIES-1435|GEMU-SERIES-1436|GEMU-SERIES-1441|ESG-AUTOMATION-001|ESG-SERIES-0P1|FUJIKIN-SERIES-C1-C3-C67BF803|FUJIKIN-SERIES-C1-C3-ACE55872|FUJIKIN-SERIES-S1-E864C3F7|FUJIKIN-SERIES-S2-S3-C710600E|FUJIKIN-SERIES-S2-S3-98D5ADB7|FUJIKIN-SERIES-S5-ABAEA1F6,中国项目价格/净价、库存、产地、标准品与定制品交期、装机量、客户评价及售后服务表现需内部验证,8690：T-valves；优先联想到制药设备阀门自动化/状态反馈，再核对工况、配置和证据边界。,客户在什么工况下应选择或排除 8690？比较前必须确认哪些参数和证据？,GENERATED_REVIEWED_BY_RULES,2026-06-09,2026-06-24
BURKERT-8691,Bürkert,8691,Control head for decentralised automation of ELEMENT process valves,适用于 ELEMENT 过程阀离散自动化的控制头,过程与控制阀,Process Valve Automation > ON/OFF,ON/OFF,"The device Type 8691 control head is designed for decentralised automation of ELEMENT Type 21xx pneumatic process valves. The valve position is registered via a contact-free, analogue sensor element which automatically detects and saves the valve end position using the Teach function during start-up. The integrated pilot valve controls single or double-acting actuators. An optional communication interface, AS-Interface, IO-Link or büS (based on CANopen) can be selected. The design of the control head and the actuator permits integrated pilot air duct without external piping. Besides the electrical position feedback, the device status is shown directly on the control head itself through coloured powerful LEDs, even in difficult ambient conditions. The housing is easy to clean and features proven IP protection and chemically resistant materials for use in hygienic processing in the food, beverage and pharmaceutical industries. Focused on plant wash-down applications, the IP protection of the housing is supported by positive pressure inside the control head. Combined with Bürkert ELEMENT actuators, the pneumatic actuating system enables spring chamber aeration that avoids actuator chamber contamination from the environment.",为制药设备阀门自动化/状态反馈提供阀门驱动、位置反馈、诊断或分布式自动化，降低接线和维护复杂度。,制药设备阀门自动化/状态反馈,actuation_method=pneumatic；explicit_protocols=IO-Link | CANopen | büS | AS-Interface；explicit_certifications_or_ratings=ATEX | IECEx,兼容的阀门与执行器；开关或连续调节；供气与供电；输入输出信号；通信协议；反馈和诊断深度；故障安全位；防护与防爆等级；清洗环境；调试和资产管理方式。,机械接口、行程、供气供电或协议不兼容时不得替换；系列具备诊断能力不代表每个配置都已启用相同功能。,8681|8697|KK01,"DIRECT / 卫生阀反馈、调节、分散式自动化 / GEMÜ 1232/1234/1236/1240/1241/1242 feedback and 1434/1435/1436/1441 controllers / PRETRONIC AR2000/SR100 electric valve families; actuator-integrated automatic valve control evidence, not standalone hygienic control-head portfolio / 0P1 split intelligent positioner；DIRECT_OR_ADJACENT / 卫生阀开关反馈、分散自动化和远程状态 / 1232|1234|1236|1240|1241|1242",执行器兼容；开关/调节；反馈；信号；协议；诊断；防护；防爆；反馈点；先导阀；协议；IP；防爆；安装；手动操作；诊断,A,"本卡仅汇总公开目录、官方产品页和规格主表，不等同于应用工程批准或验证文件。；HIGH表示制药相关性高，不表示全部配置均适用于无菌主工艺。；中国公开可见性只表示页面或中文资料可见，不证明中国库存、产地或交期。；源记录边界：Global official Type page is the product master. China visibility indicates public page/document visibility only, not stock, origin or lead time. Official category paths: Process and Control Valves > Process Valve Automation > ON/OFF | Process and Control Valves > Hygienic / Pharma / Hydrogen / Speciality Process Valves > Tank Bottom Valves | Process and Control Valves > Shut-off Valves (On/Off) > Pneumatic Control | Process and Control Valves > Hygienic / Pharma / Hydrogen / Speciality Process Valves > T-valves | Industrial Communication > EDIP > EDIP capable products | Industrial Communication > IO-Link > IO-Link capable products | Industrial Communication > ASi > ASi capable products.",https://www.burkert.com/en/type/8691|https://www.burkert.com.cn/cn/type/8691|https://www.burkert.com/en/Media/plm/DTS/DS/ds8691-standard-eu-en.pdf?id=DTS0000000000000001000110599ENAO|https://www.burkert.com/en/Media/plm/DTS/DS/ds8691-element-cn-zh.pdf?id=DTS0000000000000001000398576ZHG,BURKERT-CATALOG-002|BURKERT-AUTOMATION-001|GEMU-1441-001|GEMU-DIGITAL-001|GEMU-SERIES-1232|GEMU-SERIES-1234|GEMU-SERIES-1236|GEMU-SERIES-1240|GEMU-SERIES-1241|GEMU-SERIES-1242|GEMU-SERIES-1434|GEMU-SERIES-1435|GEMU-SERIES-1436|GEMU-SERIES-1441|ESG-AUTOMATION-001|ESG-SERIES-0P1|FUJIKIN-SERIES-C1-C3-C67BF803|FUJIKIN-SERIES-C1-C3-ACE55872|FUJIKIN-SERIES-S1-E864C3F7|FUJIKIN-SERIES-S2-S3-C710600E|FUJIKIN-SERIES-S2-S3-98D5ADB7|FUJIKIN-SERIES-S5-ABAEA1F6,中国项目价格/净价、库存、产地、标准品与定制品交期、装机量、客户评价及售后服务表现需内部验证,8691：ON/OFF；优先联想到制药设备阀门自动化/状态反馈，再核对工况、配置和证据边界。,客户在什么工况下应选择或排除 8691？比较前必须确认哪些参数和证据？,GENERATED_REVIEWED_BY_RULES,2026-06-09,2026-06-24
BURKERT-8692,Bürkert,8692,Digital electropneumatic positioner for integrated mounting on process control valves,适用于集成加装到过程控制阀的数字电动气动式位置调节器,过程与控制阀,Process Valve Automation > Control,Control,"The compact positioner device Type 8692 is optimised for integrated mounting on the pneumatic actuators in the process valve series Type 23xx/2103 and is specially designed for the requirements of a hygienic process environment. The pilot air duct is integrated into the actuator without external piping. The easy operation and the selection of additional software functions are carried out either on a big graphic display with backlight and keypad or via the COMMUNICATOR. The positioner registers the valve position without deterioration via a contact-free, analogue position sensor. The integrated diagnostics function are used to monitor control valve operating conditions. Valve diagnostic messages via status signals are issued in accordance with NE107 (NAMUR) and recorded as historical entries. The housing is easy to clean and features proven IP protection and chemically resistant materials for use in hygienic processing in the food, beverage and pharmaceutical industries. Combined with Bürkert ELEMENT actuators, the pneumatic actuating system enables spring chamber aeration that avoids actuator chamber contamination from the environment.",为制药设备阀门自动化/状态反馈提供阀门驱动、位置反馈、诊断或分布式自动化，降低接线和维护复杂度。,制药设备阀门自动化/状态反馈,actuation_method=pneumatic；explicit_protocols=PROFINET | EtherNet/IP | Modbus | büS | PROFIBUS；explicit_materials=stainless steel,兼容的阀门与执行器；开关或连续调节；供气与供电；输入输出信号；通信协议；反馈和诊断深度；故障安全位；防护与防爆等级；清洗环境；调试和资产管理方式。,机械接口、行程、供气供电或协议不兼容时不得替换；系列具备诊断能力不代表每个配置都已启用相同功能。,同类高相关记录未找到；需扩展到相邻产品族判断,"DIRECT / 卫生阀反馈、调节、分散式自动化 / GEMÜ 1232/1234/1236/1240/1241/1242 feedback and 1434/1435/1436/1441 controllers / PRETRONIC AR2000/SR100 electric valve families; actuator-integrated automatic valve control evidence, not standalone hygienic control-head portfolio / 0P1 split intelligent positioner；DIRECT / 卫生阀调节、设备控制和阀门诊断 / 1434|1435|1436|1441；DIRECT_OR_ADJACENT / 蒸汽、温度、压力和设备流量调节 / 104/105/106 + 0P1",执行器兼容；开关/调节；反馈；信号；协议；诊断；防护；防爆；安装；行程；气耗；流量；输入输出；协议；显示；防护；防爆；Cv/Kv；特性；可调比；迟滞；响应；I/O；协议；IP；防爆,A,"本卡仅汇总公开目录、官方产品页和规格主表，不等同于应用工程批准或验证文件。；HIGH表示制药相关性高，不表示全部配置均适用于无菌主工艺。；中国公开可见性只表示页面或中文资料可见，不证明中国库存、产地或交期。；源记录边界：Global official Type page is the product master. China visibility indicates public page/document visibility only, not stock, origin or lead time. Official category paths: Process and Control Valves > Process Valve Automation > Control | Process and Control Valves > Control Valves > Positioners / Process Controllers > ELEMENT Positioner / Process Controllers | Industrial Communication > EDIP > EDIP capable products | Industrial Communication > PROFINET > PROFINET capable products | Industrial Communication > EtherNet/IP > EtherNet/IP capable products.",https://www.burkert.com/en/type/8692|https://www.burkert.com.cn/cn/type/8692|https://www.burkert.com/en/Media/plm/DTS/DS/ds8692-standard-eu-en.pdf?id=DTS0000000000000001000110876ENAG|https://www.burkert.com/en/Media/plm/DTS/DS/ds8692-standard-cn-zh.pdf?id=DTS0000000000000001000551311ZHB,BURKERT-CATALOG-002|BURKERT-AUTOMATION-001|GEMU-1441-001|GEMU-DIGITAL-001|GEMU-SERIES-1232|GEMU-SERIES-1234|GEMU-SERIES-1236|GEMU-SERIES-1240|GEMU-SERIES-1241|GEMU-SERIES-1242|GEMU-SERIES-1434|GEMU-SERIES-1435|GEMU-SERIES-1436|GEMU-SERIES-1441|ESG-AUTOMATION-001|ESG-SERIES-0P1|FUJIKIN-SERIES-C1-C3-C67BF803|FUJIKIN-SERIES-C1-C3-ACE55872|FUJIKIN-SERIES-S1-E864C3F7|FUJIKIN-SERIES-S2-S3-C710600E|FUJIKIN-SERIES-S2-S3-98D5ADB7|FUJIKIN-SERIES-S5-ABAEA1F6|ESG-SERIES-104-105-106,中国项目价格/净价、库存、产地、标准品与定制品交期、装机量、客户评价及售后服务表现需内部验证,8692：Control；优先联想到制药设备阀门自动化/状态反馈，再核对工况、配置和证据边界。,客户在什么工况下应选择或排除 8692？比较前必须确认哪些参数和证据？,GENERATED_REVIEWED_BY_RULES,2026-06-09,2026-06-24
BURKERT-8693,Bürkert,8693,Digital electropneumatic process controller for integrated mounting on process control valves,适用于集成安装到过程控制阀上的数字式电动气动过程控制器,过程与控制阀,Control Valves > Positioners / Process Controllers > ELEMENT Positioner / Process Controllers,ELEMENT Positioner / Process Controllers,"The compact process controller device Type 8693 is optimised for integrated mounting on the pneumatic actuators in the Type 23xx/2103 process valve series and is specially designed for the requirements of a hygienic process environment. The actual value of the process factor is directly supplied to the device as 4-20 mA, PT100 or a frequency signal. The process controller calculates the set-point for the subordinated positioner based on the variance comparison. Via the analogue feedback, all analogue values on the control levels can be transferred. The integrated diagnostic functions are used to monitor control valve operating conditions. Valve diagnostic messages via status signals are issued in accordance with NE107 (NAMUR) and recorded as historical entries. The parameterisation of process controller and positioner can be carried out automatically. The easy operation and the selection of additional software functions are carried out either via the large graphic display with backlight and keypad or via COMMUNICATOR. The positioner registers the valve position without deterioration via a contact-free, analogue position sensor. The actuation of single or double-acting actuators is carried out without internal air consumption. Communication interfaces such as PROFIBUS DP-V1, EtherNet/IP, PROFINET, Modbus TCP, büS (based on CANopen) and analogue as well as digital feedback are optionally available.",为制药设备阀门自动化/状态反馈提供阀门驱动、位置反馈、诊断或分布式自动化，降低接线和维护复杂度。,制药设备阀门自动化/状态反馈,actuation_method=pneumatic；explicit_protocols=PROFINET | EtherNet/IP | CANopen | Modbus | büS | PROFIBUS；explicit_materials=stainless steel,兼容的阀门与执行器；开关或连续调节；供气与供电；输入输出信号；通信协议；反馈和诊断深度；故障安全位；防护与防爆等级；清洗环境；调试和资产管理方式。,机械接口、行程、供气供电或协议不兼容时不得替换；系列具备诊断能力不代表每个配置都已启用相同功能。,同类高相关记录未找到；需扩展到相邻产品族判断,"DIRECT / 卫生阀反馈、调节、分散式自动化 / GEMÜ 1232/1234/1236/1240/1241/1242 feedback and 1434/1435/1436/1441 controllers / PRETRONIC AR2000/SR100 electric valve families; actuator-integrated automatic valve control evidence, not standalone hygienic control-head portfolio / 0P1 split intelligent positioner；DIRECT / 卫生阀调节、设备控制和阀门诊断 / 1434|1435|1436|1441；DIRECT_OR_ADJACENT / 蒸汽、温度、压力和设备流量调节 / 104/105/106 + 0P1",执行器兼容；开关/调节；反馈；信号；协议；诊断；防护；防爆；安装；行程；气耗；流量；输入输出；协议；显示；防护；防爆；Cv/Kv；特性；可调比；迟滞；响应；I/O；协议；IP；防爆,A,"本卡仅汇总公开目录、官方产品页和规格主表，不等同于应用工程批准或验证文件。；HIGH表示制药相关性高，不表示全部配置均适用于无菌主工艺。；中国公开可见性只表示页面或中文资料可见，不证明中国库存、产地或交期。；源记录边界：Global official Type page is the product master. China visibility indicates public page/document visibility only, not stock, origin or lead time. Official category paths: Process and Control Valves > Control Valves > Positioners / Process Controllers > ELEMENT Positioner / Process Controllers | Process and Control Valves > Process Valve Automation > Control | Industrial Communication > EDIP > EDIP capable products | Industrial Communication > PROFINET > PROFINET capable products | Industrial Communication > EtherNet/IP > EtherNet/IP capable products.",https://www.burkert.com/en/type/8693|https://www.burkert.com.cn/cn/type/8693|https://www.burkert.com/en/Media/plm/DTS/DS/ds8693-standard-eu-en.pdf?id=DTS0000000000000001000110929ENAE,BURKERT-CATALOG-002|BURKERT-AUTOMATION-001|GEMU-1441-001|GEMU-DIGITAL-001|GEMU-SERIES-1232|GEMU-SERIES-1234|GEMU-SERIES-1236|GEMU-SERIES-1240|GEMU-SERIES-1241|GEMU-SERIES-1242|GEMU-SERIES-1434|GEMU-SERIES-1435|GEMU-SERIES-1436|GEMU-SERIES-1441|ESG-AUTOMATION-001|ESG-SERIES-0P1|FUJIKIN-SERIES-C1-C3-C67BF803|FUJIKIN-SERIES-C1-C3-ACE55872|FUJIKIN-SERIES-S1-E864C3F7|FUJIKIN-SERIES-S2-S3-C710600E|FUJIKIN-SERIES-S2-S3-98D5ADB7|FUJIKIN-SERIES-S5-ABAEA1F6|ESG-SERIES-104-105-106,中国项目价格/净价、库存、产地、标准品与定制品交期、装机量、客户评价及售后服务表现需内部验证,8693：ELEMENT Positioner / Process Controllers；优先联想到制药设备阀门自动化/状态反馈，再核对工况、配置和证据边界。,客户在什么工况下应选择或排除 8693？比较前必须确认哪些参数和证据？,GENERATED_REVIEWED_BY_RULES,2026-06-09,2026-06-24
BURKERT-8695,Bürkert,8695,Control head for decentralised automation of ELEMENT process valves,适用于 ELEMENT 过程阀离散自动化的控制头,过程与控制阀,Shut-off Valves (On/Off) > Pneumatic Control,Pneumatic Control,"The device key 8695 control head is designed for decentralised automation of ELEMENT Type 21xx pneumatic process valves with smaller nominal diameters. The valve position is registered via contact-free, analogue sensor element which automatically detects and saves the valve end position via the Teach function during start-up. The integrated pilot valve controls single or double-acting actuators. The design of the control head and actuator is specially configured for the requirements of hygienic process environments and enables internal pilot air duct routing without external piping. In addition to the electrical position feedback, the device status is shown directly on the control head itself via coloured LEDs. An optional AS-Interface communication interface can be selected. The housing is easy to clean and features proven IP protection and chemically resistant materials for use in hygienic processing in the food, beverage and pharmaceutical industries. Combined with Bürkert ELEMENT actuators, the pneumatic actuating system enables spring chamber aeration that avoids actuator chamber contamination from the environment.",为制药设备阀门自动化/状态反馈提供阀门驱动、位置反馈、诊断或分布式自动化，降低接线和维护复杂度。,制药设备阀门自动化/状态反馈,actuation_method=pneumatic；explicit_protocols=IO-Link | büS | AS-Interface；explicit_certifications_or_ratings=ATEX,兼容的阀门与执行器；开关或连续调节；供气与供电；输入输出信号；通信协议；反馈和诊断深度；故障安全位；防护与防爆等级；清洗环境；调试和资产管理方式。,机械接口、行程、供气供电或协议不兼容时不得替换；系列具备诊断能力不代表每个配置都已启用相同功能。,同类高相关记录未找到；需扩展到相邻产品族判断,"DIRECT / 卫生阀反馈、调节、分散式自动化 / GEMÜ 1232/1234/1236/1240/1241/1242 feedback and 1434/1435/1436/1441 controllers / PRETRONIC AR2000/SR100 electric valve families; actuator-integrated automatic valve control evidence, not standalone hygienic control-head portfolio / 0P1 split intelligent positioner；DIRECT_OR_ADJACENT / 卫生阀开关反馈、分散自动化和远程状态 / 1232|1234|1236|1240|1241|1242",执行器兼容；开关/调节；反馈；信号；协议；诊断；防护；防爆；反馈点；先导阀；协议；IP；防爆；安装；手动操作；诊断,A,"本卡仅汇总公开目录、官方产品页和规格主表，不等同于应用工程批准或验证文件。；HIGH表示制药相关性高，不表示全部配置均适用于无菌主工艺。；中国公开可见性只表示页面或中文资料可见，不证明中国库存、产地或交期。；源记录边界：Global official Type page is the product master. China visibility indicates public page/document visibility only, not stock, origin or lead time. Official category paths: Process and Control Valves > Shut-off Valves (On/Off) > Pneumatic Control | Process and Control Valves > Hygienic / Pharma / Hydrogen / Speciality Process Valves > Tank Bottom Valves | Process and Control Valves > Hygienic / Pharma / Hydrogen / Speciality Process Valves > T-valves | Process and Control Valves > Process Valve Automation > ON/OFF | Industrial Communication > EDIP > EDIP capable products | Industrial Communication > IO-Link > IO-Link capable products | Industrial Communication > ASi > ASi capable products.",https://www.burkert.com/en/type/8695|https://www.burkert.com.cn/cn/type/8695|https://www.burkert.com/en/Media/plm/DTS/DS/ds8695-standard-eu-en.pdf?id=DTS0000000000000001000110880ENY,BURKERT-CATALOG-002|BURKERT-AUTOMATION-001|GEMU-1441-001|GEMU-DIGITAL-001|GEMU-SERIES-1232|GEMU-SERIES-1234|GEMU-SERIES-1236|GEMU-SERIES-1240|GEMU-SERIES-1241|GEMU-SERIES-1242|GEMU-SERIES-1434|GEMU-SERIES-1435|GEMU-SERIES-1436|GEMU-SERIES-1441|ESG-AUTOMATION-001|ESG-SERIES-0P1|FUJIKIN-SERIES-C1-C3-C67BF803|FUJIKIN-SERIES-C1-C3-ACE55872|FUJIKIN-SERIES-S1-E864C3F7|FUJIKIN-SERIES-S2-S3-C710600E|FUJIKIN-SERIES-S2-S3-98D5ADB7|FUJIKIN-SERIES-S5-ABAEA1F6,中国项目价格/净价、库存、产地、标准品与定制品交期、装机量、客户评价及售后服务表现需内部验证,8695：Pneumatic Control；优先联想到制药设备阀门自动化/状态反馈，再核对工况、配置和证据边界。,客户在什么工况下应选择或排除 8695？比较前必须确认哪些参数和证据？,GENERATED_REVIEWED_BY_RULES,2026-06-09,2026-06-24
BURKERT-8697,Bürkert,8697,Pneumatic control unit for decentralised automation of process valves ELEMENT,适用于 ELEMENT 过程阀离散自动化的气动控制装置,过程与控制阀,Process Valve Automation > ON/OFF,ON/OFF,"The Type 8697 pneumatic control unit is designed for decentralised automation of ELEMENT Type 21xx pneumatic process valves. Mechanical or inductive limit switches record the valve position. The integrated pilot valve controls single-acting actuators. The design of the control unit and the actuator permits an integrated pilot air duct without external piping. As well as the electrical position feedback, the device status is displayed by LEDs on the pneumatic control unit itself. The housing is easy to clean and features proven IP protection and chemically resistant materials for use in hygienic processing in the food, beverage and pharmaceutical industries. Combined with Bürkert ELEMENT actuators, the pneumatic actuating system enables spring chamber aeration that avoids actuator chamber contamination from the environment.",为制药设备阀门自动化/状态反馈提供阀门驱动、位置反馈、诊断或分布式自动化，降低接线和维护复杂度。,制药设备阀门自动化/状态反馈,actuation_method=pneumatic | manual；explicit_certifications_or_ratings=ATEX,兼容的阀门与执行器；开关或连续调节；供气与供电；输入输出信号；通信协议；反馈和诊断深度；故障安全位；防护与防爆等级；清洗环境；调试和资产管理方式。,机械接口、行程、供气供电或协议不兼容时不得替换；系列具备诊断能力不代表每个配置都已启用相同功能。,8681|8691|KK01,未形成明确系列级竞品映射；需按客户任务和具体配置另行检索。,产品功能；工况；接液材料；连接；自动化；文件与服务,A,"本卡仅汇总公开目录、官方产品页和规格主表，不等同于应用工程批准或验证文件。；HIGH表示制药相关性高，不表示全部配置均适用于无菌主工艺。；中国公开可见性只表示页面或中文资料可见，不证明中国库存、产地或交期。；源记录边界：Global official Type page is the product master. China visibility indicates public page/document visibility only, not stock, origin or lead time. Official category paths: Process and Control Valves > Process Valve Automation > ON/OFF | Process and Control Valves > Hygienic / Pharma / Hydrogen / Speciality Process Valves > T-valves | Process and Control Valves > Hygienic / Pharma / Hydrogen / Speciality Process Valves > Tank Bottom Valves | Process and Control Valves > Shut-off Valves (On/Off) > Pneumatic Control.",https://www.burkert.com/en/type/8697|https://www.burkert.com.cn/cn/type/8697|https://www.burkert.com/en/Media/plm/DTS/DS/ds8697-standard-eu-en.pdf?id=DTS0000000000000001000215412ENAA|https://www.burkert.com/en/Media/plm/DTS/DS/ds8697-standard-cn-zh.pdf?id=DTS0000000000000001000659466ZHD,无独立映射证据编号；以官方产品页和规格表为准,中国项目价格/净价、库存、产地、标准品与定制品交期、装机量、客户评价及售后服务表现需内部验证,8697：ON/OFF；优先联想到制药设备阀门自动化/状态反馈，再核对工况、配置和证据边界。,客户在什么工况下应选择或排除 8697？比较前必须确认哪些参数和证据？,GENERATED_REVIEWED_BY_RULES,2026-06-09,2026-06-24
BURKERT-8801,Bürkert,8801,On/off valve systems ELEMENT with decentralised automation – overview,带有离散自动化的 ELEMENT 开/关阀门系统概述,过程与控制阀,Shut-off Valves (On/Off) > Diaphragm Valves > Pneumatic,Pneumatic,"The design of the Type 8801 on/off system series ELEMENT enables the easy integration of automation units in all expansion stages: from electrical and optical position feedback to pneumatic control, an optional integrated fieldbus interface and an explosion-proof control head. The highly integrated system consisting of valve and automation unit is characterised by its compact and smooth design, integrated pilot air ducts, IP65/67/NEMA4X degree of protection and high chemical resistance.",在无菌输送/隔离；CIP/SIP；制药用水中完成卫生隔离、切换、调节或低滞留流路设计；具体任务取决于阀体和执行配置。,无菌输送/隔离；CIP/SIP；制药用水,actuation_method=pneumatic；protection_rating=IP65/67,介质与批次风险；DN及目标Cv/Kv；阀体流路和排空方向；接液材料与表面粗糙度；膜片材质和寿命；连接标准；工作与灭菌温压；CIP/SIP程序；死区要求；认证与材料追溯；手动、开关或调节自动化。,不能用系列名称代替具体阀体、膜片和连接配置；未确认排空、死区、温压、材料证明或灭菌循环时，不得判定适用于关键无菌主工艺。,2030|2031|2032|2034|2063|2103|2104|3230,未形成明确系列级竞品映射；需按客户任务和具体配置另行检索。,产品功能；工况；接液材料；连接；自动化；文件与服务,A,"本卡仅汇总公开目录、官方产品页和规格主表，不等同于应用工程批准或验证文件。；HIGH表示制药相关性高，不表示全部配置均适用于无菌主工艺。；中国公开可见性只表示页面或中文资料可见，不证明中国库存、产地或交期。；源记录边界：Global official Type page is the product master. China visibility indicates public page/document visibility only, not stock, origin or lead time. Official category paths: Process and Control Valves > Shut-off Valves (On/Off) > Diaphragm Valves > Pneumatic | Process and Control Valves > Shut-off Valves (On/Off) > Angle Seat Valves > Pneumatic | Process and Control Valves > Shut-off Valves (On/Off) > Globe Valves > Pneumatic | Process and Control Valves > Hygienic / Pharma / Hydrogen / Speciality Process Valves > Diaphragm Valves > Pneumatic.",https://www.burkert.com/en/type/8801|https://www.burkert.com.cn/cn/type/8801|https://www.burkert.com/en/Media/plm/DTS/DS/ds8801-classicsys-eu-en.pdf?id=DTS0000000000000001000134189ENL|https://www.burkert.com/en/Media/plm/DTS/DS/ds8801-classic-cn-zh.pdf?id=DTS0000000000000001000669141ZHC,无独立映射证据编号；以官方产品页和规格表为准,中国项目价格/净价、库存、产地、标准品与定制品交期、装机量、客户评价及售后服务表现需内部验证,8801：Pneumatic；优先联想到无菌输送/隔离；CIP/SIP；制药用水，再核对工况、配置和证据边界。,客户在什么工况下应选择或排除 8801？比较前必须确认哪些参数和证据？,GENERATED_REVIEWED_BY_RULES,2026-06-09,2026-06-24
BURKERT-8802,Bürkert,8802,Continuous control valve systems ELEMENT – overview,ELEMENT 连续调节阀系统概述,过程与控制阀,Control Valves > Diaphragm Valves,Diaphragm Valves,"The design of the Type 8802 Continuous ELEMENT system series is optimised for the simple and robust integration of digital intelligent positioners in all expansion stages. The range includes devices with standard signal interface, optional fieldbus interface or digital communication and backlit graphic display, right up to fully-fledged digital process controllers. The highly integrated system consisting of control valve and automation unit is characterised by its compact and smooth design, integrated pilot air ducts, IP65/67/NEMA 4X protection class and high chemical resistance. The high-precision position detection is contactless and insensitive to pressure surges.",在无菌输送/隔离；CIP/SIP；制药用水中完成卫生隔离、切换、调节或低滞留流路设计；具体任务取决于阀体和执行配置。,无菌输送/隔离；CIP/SIP；制药用水,protection_rating=IP65/67,介质与批次风险；DN及目标Cv/Kv；阀体流路和排空方向；接液材料与表面粗糙度；膜片材质和寿命；连接标准；工作与灭菌温压；CIP/SIP程序；死区要求；认证与材料追溯；手动、开关或调节自动化。,不能用系列名称代替具体阀体、膜片和连接配置；未确认排空、死区、温压、材料证明或灭菌循环时，不得判定适用于关键无菌主工艺。,2730|2731|2732|3363|8803,未形成明确系列级竞品映射；需按客户任务和具体配置另行检索。,产品功能；工况；接液材料；连接；自动化；文件与服务,A,"本卡仅汇总公开目录、官方产品页和规格主表，不等同于应用工程批准或验证文件。；HIGH表示制药相关性高，不表示全部配置均适用于无菌主工艺。；中国公开可见性只表示页面或中文资料可见，不证明中国库存、产地或交期。；源记录边界：Global official Type page is the product master. China visibility indicates public page/document visibility only, not stock, origin or lead time. Official category paths: Process and Control Valves > Control Valves > Diaphragm Valves | Process and Control Valves > Control Valves > Angle Seat Valves > Pneumatic | Process and Control Valves > Control Valves > Globe Valves > Pneumatic.",https://www.burkert.com/en/type/8802|https://www.burkert.com.cn/cn/type/8802|https://www.burkert.com/en/Media/plm/DTS/DS/ds8802-elementsys-eu-en.pdf?id=DTS0000000000000001000123272ENM,无独立映射证据编号；以官方产品页和规格表为准,中国项目价格/净价、库存、产地、标准品与定制品交期、装机量、客户评价及售后服务表现需内部验证,8802：Diaphragm Valves；优先联想到无菌输送/隔离；CIP/SIP；制药用水，再核对工况、配置和证据边界。,客户在什么工况下应选择或排除 8802？比较前必须确认哪些参数和证据？,GENERATED_REVIEWED_BY_RULES,2026-06-09,2026-06-24
BURKERT-8803,Bürkert,8803,Process valve system with pilot valves and position feedbacks,带有先导阀和反馈器的过程阀系统,过程与控制阀,Control Valves > Diaphragm Valves,Diaphragm Valves,"Type 8803 consists of Bürkert process valves with pneumatic stroke or rotary actuators (Types 2000, 2006, 2012, 2030, 2031, 2060, 2063, 2651, 2652, 2655, 2658, 2672 and 2675) and pre-mounted accessories. The modular accessory program includes different solutions for feedback, stroke limit and actuation of valves. Process valve systems with integrated pneumatic valve actuation and position feedbacks with control heads are combined in Type 8801.",在无菌输送/隔离；CIP/SIP；制药用水中完成卫生隔离、切换、调节或低滞留流路设计；具体任务取决于阀体和执行配置。,无菌输送/隔离；CIP/SIP；制药用水,actuation_method=pneumatic,介质与批次风险；DN及目标Cv/Kv；阀体流路和排空方向；接液材料与表面粗糙度；膜片材质和寿命；连接标准；工作与灭菌温压；CIP/SIP程序；死区要求；认证与材料追溯；手动、开关或调节自动化。,不能用系列名称代替具体阀体、膜片和连接配置；未确认排空、死区、温压、材料证明或灭菌循环时，不得判定适用于关键无菌主工艺。,2730|2731|2732|3363|8802,未形成明确系列级竞品映射；需按客户任务和具体配置另行检索。,产品功能；工况；接液材料；连接；自动化；文件与服务,A,"本卡仅汇总公开目录、官方产品页和规格主表，不等同于应用工程批准或验证文件。；HIGH表示制药相关性高，不表示全部配置均适用于无菌主工艺。；中国公开可见性只表示页面或中文资料可见，不证明中国库存、产地或交期。；源记录边界：Global official Type page is the product master. China visibility indicates public page/document visibility only, not stock, origin or lead time. Official category paths: Process and Control Valves > Control Valves > Diaphragm Valves.",https://www.burkert.com/en/type/8803|https://www.burkert.com.cn/cn/type/8803,无独立映射证据编号；以官方产品页和规格表为准,中国项目价格/净价、库存、产地、标准品与定制品交期、装机量、客户评价及售后服务表现需内部验证,8803：Diaphragm Valves；优先联想到无菌输送/隔离；CIP/SIP；制药用水，再核对工况、配置和证据边界。,客户在什么工况下应选择或排除 8803？比较前必须确认哪些参数和证据？,GENERATED_REVIEWED_BY_RULES,2026-06-09,2026-06-24
BURKERT-8806,Bürkert,8806,Robolux Multiway Multiport Diaphragm Valve with Control and Feedback Head,带有控制头和反馈头的 Robolux 多路多接头隔膜阀,过程与控制阀,Hygienic / Pharma / Hydrogen / Speciality Process Valves > Robolux / Multiport valve,Robolux / Multiport valve,Type 8806 consists of the pneumatically operated multiway multiport diaphragm valve Robolux Type 2036 and position feedback Type 8685 or control head Type 8686.,在无菌输送/隔离；CIP/SIP；制药用水中完成卫生隔离、切换、调节或低滞留流路设计；具体任务取决于阀体和执行配置。,无菌输送/隔离；CIP/SIP；制药用水,actuation_method=pneumatic；explicit_protocols=AS-Interface；explicit_connection_types=weld,介质与批次风险；DN及目标Cv/Kv；阀体流路和排空方向；接液材料与表面粗糙度；膜片材质和寿命；连接标准；工作与灭菌温压；CIP/SIP程序；死区要求；认证与材料追溯；手动、开关或调节自动化。,不能用系列名称代替具体阀体、膜片和连接配置；未确认排空、死区、温压、材料证明或灭菌循环时，不得判定适用于关键无菌主工艺。,2035|8685|8686,DIRECT / 低死区分配、混合、过滤、PUPSIT和复杂流路 / P600M/P600S/P500M,流路；阀位；死区；排空；加工方式；焊点；传感器；文件；交付,A,"本卡仅汇总公开目录、官方产品页和规格主表，不等同于应用工程批准或验证文件。；HIGH表示制药相关性高，不表示全部配置均适用于无菌主工艺。；中国公开可见性只表示页面或中文资料可见，不证明中国库存、产地或交期。；源记录边界：Global official Type page is the product master. China visibility indicates public page/document visibility only, not stock, origin or lead time. Official category paths: Process and Control Valves > Hygienic / Pharma / Hydrogen / Speciality Process Valves > Robolux / Multiport valve | Industrial Communication > ASi > ASi capable products.",https://www.burkert.com/en/type/8806|https://www.burkert.com.cn/cn/type/8806,GEMU-SERIES-P600M-P600S-P500M,中国项目价格/净价、库存、产地、标准品与定制品交期、装机量、客户评价及售后服务表现需内部验证,8806：Robolux / Multiport valve；优先联想到无菌输送/隔离；CIP/SIP；制药用水，再核对工况、配置和证据边界。,客户在什么工况下应选择或排除 8806？比较前必须确认哪些参数和证据？,GENERATED_REVIEWED_BY_RULES,2026-06-09,2026-06-24
BURKERT-BBS-03,Bürkert,BBS-03,Hygienic threaded connection,采用 Steril Orbital 或 Aseptik 设计的焊接接头,附加产品,BBS Hygienic Fittings,BBS Hygienic Fittings,Hygienic screw connections are gap-free connections that have been specially developed for sterile applications. The O-rings installed in them are chambered and pressed in a defined manner via a metallic stop. Aseptic connections in accordance to DIN 11864-1 are a common type of connection for critical applications that require very good cleanability in the pipework. The patented BBS sterile contour has been further improved in this respect. This connection is virtually gap-free.,作为卫生管路连接的连接、密封或维护部件，保证完整流路的机械兼容、卫生边界和可追溯性。,卫生管路连接,explicit_connection_types=thread,配套主产品；尺寸和连接标准；接液材料；表面状态；密封材质；压力与温度；清洗灭菌循环；批次和材料追溯；安装空间；更换周期。,尺寸或材料相近不代表可互换；未经主产品兼容性、材料证明和寿命验证，不得用于关键工艺替换。,BBS-05|BBS-06|BBS-07|BBS-10|BBS-25,未形成明确系列级竞品映射；需按客户任务和具体配置另行检索。,产品功能；工况；接液材料；连接；自动化；文件与服务,A,"本卡仅汇总公开目录、官方产品页和规格主表，不等同于应用工程批准或验证文件。；HIGH表示制药相关性高，不表示全部配置均适用于无菌主工艺。；中国公开可见性只表示页面或中文资料可见，不证明中国库存、产地或交期。；源记录边界：Global official Type page is the product master. China visibility indicates public page/document visibility only, not stock, origin or lead time. Official category paths: Additional Products > BBS Hygienic Fittings.",https://www.burkert.com/en/type/BBS-03|https://www.burkert.com.cn/cn/type/BBS-03|https://www.burkert.com/en/Media/plm/DTS/DS/dsbbs-03-standard-eu-en.pdf?id=DTS0000000000000001000175495ENP,无独立映射证据编号；以官方产品页和规格表为准,中国项目价格/净价、库存、产地、标准品与定制品交期、装机量、客户评价及售后服务表现需内部验证,BBS-03：BBS Hygienic Fittings；优先联想到卫生管路连接，再核对工况、配置和证据边界。,客户在什么工况下应选择或排除 BBS-03？比较前必须确认哪些参数和证据？,GENERATED_REVIEWED_BY_RULES,2026-06-09,2026-06-24
BURKERT-BBS-05,Bürkert,BBS-05,Hygienic clamp connection with welded connection,采用 Quick Connect 或 Aseptik 设计的压合接头,附加产品,BBS Hygienic Fittings,BBS Hygienic Fittings,Hygienic screw connections are gap-free connections that have been specially developed for sterile applications. The O-rings installed in them are chambered and pressed in a defined manner via a metallic stop. Aseptic connections according to DIN 11864-3 are a common type of connection for critical applications that require very good cleanability in the pipework. The patented BBS sterile contour has been further improved in this respect. This connection is virtually gap-free.,作为卫生管路连接的连接、密封或维护部件，保证完整流路的机械兼容、卫生边界和可追溯性。,卫生管路连接,explicit_connection_types=clamp | weld,配套主产品；尺寸和连接标准；接液材料；表面状态；密封材质；压力与温度；清洗灭菌循环；批次和材料追溯；安装空间；更换周期。,尺寸或材料相近不代表可互换；未经主产品兼容性、材料证明和寿命验证，不得用于关键工艺替换。,BBS-03|BBS-06|BBS-07|BBS-10|BBS-25,未形成明确系列级竞品映射；需按客户任务和具体配置另行检索。,产品功能；工况；接液材料；连接；自动化；文件与服务,A,"本卡仅汇总公开目录、官方产品页和规格主表，不等同于应用工程批准或验证文件。；HIGH表示制药相关性高，不表示全部配置均适用于无菌主工艺。；中国公开可见性只表示页面或中文资料可见，不证明中国库存、产地或交期。；源记录边界：Global official Type page is the product master. China visibility indicates public page/document visibility only, not stock, origin or lead time. Official category paths: Additional Products > BBS Hygienic Fittings.",https://www.burkert.com/en/type/BBS-05|https://www.burkert.com.cn/cn/type/BBS-05|https://www.burkert.com/en/Media/plm/DTS/DS/dsbbs-05-standard-eu-en.pdf?id=DTS0000000000000001000148954ENT,无独立映射证据编号；以官方产品页和规格表为准,中国项目价格/净价、库存、产地、标准品与定制品交期、装机量、客户评价及售后服务表现需内部验证,BBS-05：BBS Hygienic Fittings；优先联想到卫生管路连接，再核对工况、配置和证据边界。,客户在什么工况下应选择或排除 BBS-05？比较前必须确认哪些参数和证据？,GENERATED_REVIEWED_BY_RULES,2026-06-09,2026-06-24
BURKERT-BBS-06,Bürkert,BBS-06,Hygienic flange connection with welded connection,采用 Steril Orbital 或 Aseptik 设计的法兰接头,附加产品,BBS Hygienic Fittings,BBS Hygienic Fittings,Hygienic flange connections are gap-free connections that have been specially developed for sterile applications. The O-rings installed in them are chambered and pressed in a defined manner via a metallic stop. Aseptic connections in accordance to DIN 11864-2 are a common type of connection for critical applications that require very good cleanability in the pipework. The patented BBS sterile contour has been further improved in this respect. This connection is virtually gap-free.,作为卫生管路连接的连接、密封或维护部件，保证完整流路的机械兼容、卫生边界和可追溯性。,卫生管路连接,explicit_connection_types=weld | flange,配套主产品；尺寸和连接标准；接液材料；表面状态；密封材质；压力与温度；清洗灭菌循环；批次和材料追溯；安装空间；更换周期。,尺寸或材料相近不代表可互换；未经主产品兼容性、材料证明和寿命验证，不得用于关键工艺替换。,BBS-03|BBS-05|BBS-07|BBS-10|BBS-25,未形成明确系列级竞品映射；需按客户任务和具体配置另行检索。,产品功能；工况；接液材料；连接；自动化；文件与服务,A,"本卡仅汇总公开目录、官方产品页和规格主表，不等同于应用工程批准或验证文件。；HIGH表示制药相关性高，不表示全部配置均适用于无菌主工艺。；中国公开可见性只表示页面或中文资料可见，不证明中国库存、产地或交期。；源记录边界：Global official Type page is the product master. China visibility indicates public page/document visibility only, not stock, origin or lead time. Official category paths: Additional Products > BBS Hygienic Fittings.",https://www.burkert.com/en/type/BBS-06|https://www.burkert.com.cn/cn/type/BBS-06|https://www.burkert.com/en/Media/plm/DTS/DS/dsbbs-06-standard-eu-en.pdf?id=DTS0000000000000001000148955ENQ,无独立映射证据编号；以官方产品页和规格表为准,中国项目价格/净价、库存、产地、标准品与定制品交期、装机量、客户评价及售后服务表现需内部验证,BBS-06：BBS Hygienic Fittings；优先联想到卫生管路连接，再核对工况、配置和证据边界。,客户在什么工况下应选择或排除 BBS-06？比较前必须确认哪些参数和证据？,GENERATED_REVIEWED_BY_RULES,2026-06-09,2026-06-24
BURKERT-BBS-07,Bürkert,BBS-07,Block flange,滑块法兰适用于 Steril Orbital 或无菌法兰。夹持滑块法兰适用于夹持套管或无菌夹紧套管,附加产品,BBS Hygienic Fittings,BBS Hygienic Fittings,"Type BBS-07 block flanges are designed for direct tank installation and are available in various designs, see chapter “product connections”. The block flanges are part of the BBS modular system.",作为卫生管路连接的连接、密封或维护部件，保证完整流路的机械兼容、卫生边界和可追溯性。,卫生管路连接,explicit_connection_types=clamp | flange,配套主产品；尺寸和连接标准；接液材料；表面状态；密封材质；压力与温度；清洗灭菌循环；批次和材料追溯；安装空间；更换周期。,尺寸或材料相近不代表可互换；未经主产品兼容性、材料证明和寿命验证，不得用于关键工艺替换。,BBS-03|BBS-05|BBS-06|BBS-10|BBS-25,未形成明确系列级竞品映射；需按客户任务和具体配置另行检索。,产品功能；工况；接液材料；连接；自动化；文件与服务,A,"本卡仅汇总公开目录、官方产品页和规格主表，不等同于应用工程批准或验证文件。；HIGH表示制药相关性高，不表示全部配置均适用于无菌主工艺。；中国公开可见性只表示页面或中文资料可见，不证明中国库存、产地或交期。；源记录边界：Global official Type page is the product master. China visibility indicates public page/document visibility only, not stock, origin or lead time. Official category paths: Additional Products > BBS Hygienic Fittings.",https://www.burkert.com/en/type/BBS-07|https://www.burkert.com.cn/cn/type/BBS-07|https://www.burkert.com/en/Media/plm/DTS/DS/dsbbs-07-standard-eu-en.pdf?id=DTS0000000000000001000179579ENL,无独立映射证据编号；以官方产品页和规格表为准,中国项目价格/净价、库存、产地、标准品与定制品交期、装机量、客户评价及售后服务表现需内部验证,BBS-07：BBS Hygienic Fittings；优先联想到卫生管路连接，再核对工况、配置和证据边界。,客户在什么工况下应选择或排除 BBS-07？比较前必须确认哪些参数和证据？,GENERATED_REVIEWED_BY_RULES,2026-06-09,2026-06-24
BURKERT-BBS-10,Bürkert,BBS-10,Check valves with welded connections,无菌止回阀,附加产品,BBS Hygienic Fittings,BBS Hygienic Fittings,"These sterile check valves with welded connection are suitable for liquids. The eccentric design and the specially designed internal geometry enable nearly complete draining in a horizontal installation position. In addition, due to the two-part design, the flow direction can be freely selected through a simple conversion.",作为卫生管路连接的连接、密封或维护部件，保证完整流路的机械兼容、卫生边界和可追溯性。,卫生管路连接,explicit_connection_types=weld,配套主产品；尺寸和连接标准；接液材料；表面状态；密封材质；压力与温度；清洗灭菌循环；批次和材料追溯；安装空间；更换周期。,尺寸或材料相近不代表可互换；未经主产品兼容性、材料证明和寿命验证，不得用于关键工艺替换。,BBS-03|BBS-05|BBS-06|BBS-07|BBS-25,未形成明确系列级竞品映射；需按客户任务和具体配置另行检索。,产品功能；工况；接液材料；连接；自动化；文件与服务,A,"本卡仅汇总公开目录、官方产品页和规格主表，不等同于应用工程批准或验证文件。；HIGH表示制药相关性高，不表示全部配置均适用于无菌主工艺。；中国公开可见性只表示页面或中文资料可见，不证明中国库存、产地或交期。；源记录边界：Global official Type page is the product master. China visibility indicates public page/document visibility only, not stock, origin or lead time. Official category paths: Additional Products > BBS Hygienic Fittings.",https://www.burkert.com/en/type/BBS-10|https://www.burkert.com.cn/cn/type/BBS-10|https://www.burkert.com/en/Media/plm/DTS/DS/dsbbs-10-standard-eu-en.pdf?id=DTS0000000000000001000150433ENL,无独立映射证据编号；以官方产品页和规格表为准,中国项目价格/净价、库存、产地、标准品与定制品交期、装机量、客户评价及售后服务表现需内部验证,BBS-10：BBS Hygienic Fittings；优先联想到卫生管路连接，再核对工况、配置和证据边界。,客户在什么工况下应选择或排除 BBS-10？比较前必须确认哪些参数和证据？,GENERATED_REVIEWED_BY_RULES,2026-06-09,2026-06-24
BURKERT-BBS-25,Bürkert,BBS-25,"Clamp socket, clamps and seals according to DIN 32676",夹持套管、夹具和密封件 - DIN 32676,附加产品,BBS Hygienic Fittings,BBS Hygienic Fittings,"The three-part BBS-25 clamp connections consisting of clamp sockets, clamps and seals are compatible with all standard connections on the market. Clamp connections can be combined in accordance with DIN 32676. For connections with higher demands, we recommend the BBS sterile contour connections BBS-03, BBS-05 oder BBS-06.",作为卫生管路连接的连接、密封或维护部件，保证完整流路的机械兼容、卫生边界和可追溯性。,卫生管路连接,explicit_connection_types=clamp,配套主产品；尺寸和连接标准；接液材料；表面状态；密封材质；压力与温度；清洗灭菌循环；批次和材料追溯；安装空间；更换周期。,尺寸或材料相近不代表可互换；未经主产品兼容性、材料证明和寿命验证，不得用于关键工艺替换。,BBS-03|BBS-05|BBS-06|BBS-07|BBS-10,未形成明确系列级竞品映射；需按客户任务和具体配置另行检索。,产品功能；工况；接液材料；连接；自动化；文件与服务,A,"本卡仅汇总公开目录、官方产品页和规格主表，不等同于应用工程批准或验证文件。；HIGH表示制药相关性高，不表示全部配置均适用于无菌主工艺。；中国公开可见性只表示页面或中文资料可见，不证明中国库存、产地或交期。；源记录边界：Global official Type page is the product master. China visibility indicates public page/document visibility only, not stock, origin or lead time. Official category paths: Additional Products > BBS Hygienic Fittings.",https://www.burkert.com/en/type/BBS-25|https://www.burkert.com.cn/cn/type/BBS-25|https://www.burkert.com/en/Media/plm/DTS/DS/dsbbs-25-standard-eu-en.pdf?id=DTS0000000000000001000175512ENN,无独立映射证据编号；以官方产品页和规格表为准,中国项目价格/净价、库存、产地、标准品与定制品交期、装机量、客户评价及售后服务表现需内部验证,BBS-25：BBS Hygienic Fittings；优先联想到卫生管路连接，再核对工况、配置和证据边界。,客户在什么工况下应选择或排除 BBS-25？比较前必须确认哪些参数和证据？,GENERATED_REVIEWED_BY_RULES,2026-06-09,2026-06-24
BURKERT-BUPLUS,Bürkert,BUPLUS,"Service, Maintenance and Commissioning","Service, Maintenance and Commissioning",过程与控制阀,Shut-off Valves (On/Off) > Robolux (Multiport valves),Robolux (Multiport valves),"BürkertPlus includes a wide range of services. From professional maintenance, efficient system modernisation, precise commissioning, customised training, reliable calibration, system screenings and more. We offer comprehensive solutions. With our extensive portfolio, we help to increase the longevity of your equipment, minimise downtime and maximise operational efficiency. Our team of experts is on hand to understand your individual requirements and develop customised solutions. Everything from a single source!",在制药设备调试/维护中完成卫生隔离、切换、调节或低滞留流路设计；具体任务取决于阀体和执行配置。,制药设备调试/维护,未公开，需查当前数据表或项目文件,介质与批次风险；DN及目标Cv/Kv；阀体流路和排空方向；接液材料与表面粗糙度；膜片材质和寿命；连接标准；工作与灭菌温压；CIP/SIP程序；死区要求；认证与材料追溯；手动、开关或调节自动化。,不能用系列名称代替具体阀体、膜片和连接配置；未确认排空、死区、温压、材料证明或灭菌循环时，不得判定适用于关键无菌主工艺。,2036,SERVICE_OVERLAP / 调试、维修、备件、培训和生命周期支持 / Installation/commissioning/maintenance/training services / China service centers and technical support / 本地技术销售支持；公开SLA有限；DIRECT_AT_SOLUTION_LEVEL / 模块、撬装、控制系统和已验证子组件 / GEMÜ Systems,覆盖城市；SLA；备件；校准；现场能力；培训；文档；变更通知；责任边界；工程；验证；控制；测量；阀岛；调试；文件；服务,A,"本卡仅汇总公开目录、官方产品页和规格主表，不等同于应用工程批准或验证文件。；HIGH表示制药相关性高，不表示全部配置均适用于无菌主工艺。；中国公开可见性只表示页面或中文资料可见，不证明中国库存、产地或交期。；源记录边界：Global official Type page is the product master. China visibility indicates public page/document visibility only, not stock, origin or lead time. Official category paths: Process and Control Valves > Shut-off Valves (On/Off) > Robolux (Multiport valves) | Process and Control Valves > Hygienic / Pharma / Hydrogen / Speciality Process Valves > Robolux / Multiport valve | Electromotive Valves > Angle Seat Valves > Control | Process and Control Valves > Control Valves > Globe Valves > Electromotive | Electromotive Valves > Globe Valves > Control | Sensors, Transmitters and Controllers > Flow > Thermal mass flow meter | Mass Flow Controllers > Mass Flow Meters (Gas) | Sensors, Transmitters and Controllers > Flow > Paddle Wheel > Insertion | Sensors, Transmitters and Controllers > Flow > Electromagnetic Flowmeter (EMF) > Insertion EMF | Sensors, Transmitters and Controllers > Flow > Electromagnetic Flowmeter (EMF) > Inline EMF | Sensors, Transmitters and Controllers > Flow > FLOWave (SAW) | Sensors, Transmitters and Controllers > Level > Tuning Fork | Sensors, Transmitters and Controllers > Level > Radar | Sensors, Transmitters and Controllers > Level > Ultrasonic | Sensors, Transmitters and Controllers > Level > Float | Sensors, Transmitters and Controllers > Level > Guided Radar | Sensors, Transmitters and Controllers > Liquid Analysis > pH / ORP | Sensors, Transmitters and Controllers > Liquid Analysis > Conductivity | Sensors, Transmitters and Controllers > Liquid Analysis > Chlorine | Proportional Valves > Controllers | Sensors, Transmitters and Controllers > Controllers / Transmitters | Sensors, Transmitters and Controllers > Liquid Analysis > Multichannel Systems | Mass Flow Controllers > Mass Flow Controllers (Gas) | Process and Control Valves > Process Valve Automation > Valve Islands | Pneumatics and Process Interfaces > Valve Islands | Process and Control Valves > Process Valve Automation > ON/OFF | Process and Control Valves > Control Valves > Positioners / Process Controllers > ELEMENT Positioner / Process Controllers | Process and Control Valves > Process Valve Automation > Control | Sensors, Transmitters and Controllers > Flow > Differential pressure | Mass Flow Controllers > Liquid Flow Meters | Mass Flow Controllers > Liquid Flow Controllers | Process and Control Valves > Control Valves > Positioners / Process Controllers > SideCONTROL | Process and Control Valves > Control Valves > Globe Valves > Pneumatic | Process and Control Valves > Control Valves > Diaphragm Valves | Process and Control Valves > Control Valves > Angle Seat Valves > Pneumatic | Process and Control Valves > Control Valves > Ball Valves > Pneumatic | Process and Control Valves > Control Valves > Angle Seat Valves > Electromotive | Process and Control Valves > Control Valves > Ball Valves > Electromotive | Electromotive Valves > Ball Valves > ON/OFF | Electromotive Valves > Ball Valves > Control | Process and Control Valves > Shut-off Valves (On/Off) > Ball Valves > Pneumatic | Sensors, Transmitters and Controllers > Flow > Transmitter | Electromotive Valves > Butterfly Valves | Process and Control Valves > Shut-off Valves (On/Off) > Butterfly Valves > Pneumatic.",https://www.burkert.com/en/type/BUPLUS|https://www.burkert.com.cn/cn/type/BUPLUS,BURKERT-CATALOG-002|BURKERT-CHINA-001|BURKERT-CHINA-002|GEMU-SERVICE-001|FUJIKIN-SUPPORT-001|ESG-CHINA-001|GEMU-SERIES-GEM-SYSTEMS,中国项目价格/净价、库存、产地、标准品与定制品交期、装机量、客户评价及售后服务表现需内部验证,BUPLUS：Robolux (Multiport valves)；优先联想到制药设备调试/维护，再核对工况、配置和证据边界。,客户在什么工况下应选择或排除 BUPLUS？比较前必须确认哪些参数和证据？,GENERATED_REVIEWED_BY_RULES,2026-06-09,2026-06-24
BURKERT-CUT-01,Bürkert,CUT-01,"S-CUT – (4S / 4I design) Spiral wound modules for micro-, ultra- and nanofiltration",S-CUT 4S 或 4I 设计，用于微过滤、超过滤和纳米过滤的螺旋卷绕模块,附加产品,Various Components,Various Components,"In many pharmaceutical applications spiral wound modules are also used in addition to capillary modules. Especially in the case of less sophisticated process flows, carrying a small particle load with them, S-CUT spiral wound modules are used preferably. An overriding advantage of S-CUT modules, in addition, exists in the high temperature resistance as well as in the comparatively simple module exchange. Typical application areas for the usage of sanitary spiral wound modules (4S design) are the cleaning of products with diafiltration or the depyrogenization of pharmaceutical water, but also the separation of proteins (e.g. milk) . Typical areas of application for the use of industrial spiral wound modules (4I design) are industrial water treatment, (rinsing) water recycling, oil/water separation, wastewater treatment and the concentration of recyclable material solutions (e.g. cathodic electrophoretic paint (CEP)). S-CUT spiral wound modules are available in a variety of different designs.",作为生物工艺过滤/分离的连接、密封或维护部件，保证完整流路的机械兼容、卫生边界和可追溯性。,生物工艺过滤/分离,未公开，需查当前数据表或项目文件,配套主产品；尺寸和连接标准；接液材料；表面状态；密封材质；压力与温度；清洗灭菌循环；批次和材料追溯；安装空间；更换周期。,尺寸或材料相近不代表可互换；未经主产品兼容性、材料证明和寿命验证，不得用于关键工艺替换。,同类高相关记录未找到；需扩展到相邻产品族判断,未形成明确系列级竞品映射；需按客户任务和具体配置另行检索。,产品功能；工况；接液材料；连接；自动化；文件与服务,A,"本卡仅汇总公开目录、官方产品页和规格主表，不等同于应用工程批准或验证文件。；HIGH表示制药相关性高，不表示全部配置均适用于无菌主工艺。；中国公开可见性只表示页面或中文资料可见，不证明中国库存、产地或交期。；源记录边界：Global official Type page is the product master. China visibility indicates public page/document visibility only, not stock, origin or lead time. Official category paths: Additional Products > Various Components.",https://www.burkert.com/en/type/CUT-01|https://www.burkert.com.cn/cn/type/CUT-01,无独立映射证据编号；以官方产品页和规格表为准,中国项目价格/净价、库存、产地、标准品与定制品交期、装机量、客户评价及售后服务表现需内部验证,CUT-01：Various Components；优先联想到生物工艺过滤/分离，再核对工况、配置和证据边界。,客户在什么工况下应选择或排除 CUT-01？比较前必须确认哪些参数和证据？,GENERATED_REVIEWED_BY_RULES,2026-06-09,2026-06-24
BURKERT-KK01,Bürkert,KK01,Adapters for hygienic and non-hygienic process valves,用于卫生型流程阀的配件,过程与控制阀,Process Valve Automation > ON/OFF,ON/OFF,"Optimised for hygienic process technology in the drinks, food and pharmaceutical industries, control heads, position controllers and process controllers can be combined with all types of pneumatically actuated process valves. In terms of automation concepts and the selection of field devices, this enables fully integrated solutions. Whether they are hygienic single-seat, double-seat and butterfly armatures, or armatures for auxiliary media such as steam, water and cleaning chemicals. This standardisation minimises stock levels and simplifies operations by reducing the variety of equipment. Thanks to robust adapters specifically designed to fit all standard armatures, control heads, position controllers and process controllers can be integrated easily and reliably.",在卫生过程阀自动化接口中完成卫生隔离、切换、调节或低滞留流路设计；具体任务取决于阀体和执行配置。,卫生过程阀自动化接口,actuation_method=pneumatic,介质与批次风险；DN及目标Cv/Kv；阀体流路和排空方向；接液材料与表面粗糙度；膜片材质和寿命；连接标准；工作与灭菌温压；CIP/SIP程序；死区要求；认证与材料追溯；手动、开关或调节自动化。,不能用系列名称代替具体阀体、膜片和连接配置；未确认排空、死区、温压、材料证明或灭菌循环时，不得判定适用于关键无菌主工艺。,8681|8691|8697,未形成明确系列级竞品映射；需按客户任务和具体配置另行检索。,产品功能；工况；接液材料；连接；自动化；文件与服务,A,"本卡仅汇总公开目录、官方产品页和规格主表，不等同于应用工程批准或验证文件。；HIGH表示制药相关性高，不表示全部配置均适用于无菌主工艺。；中国公开可见性只表示页面或中文资料可见，不证明中国库存、产地或交期。；源记录边界：Global official Type page is the product master. China visibility indicates public page/document visibility only, not stock, origin or lead time. Official category paths: Process and Control Valves > Process Valve Automation > ON/OFF | Process and Control Valves > Process Valve Automation > Control.",https://www.burkert.com/en/type/KK01|https://www.burkert.com.cn/cn/type/KK01|https://www.burkert.com/en/Media/plm/DTS/DS/dskk01-adaptersets-eu-en.pdf?id=DTS0000000000000001000184481ENAG|https://www.burkert.com/en/Media/plm/DTS/DS/dskk01-adaptersets-cn-zh.pdf?id=DTS0000000000000001000398582ZHF,无独立映射证据编号；以官方产品页和规格表为准,中国项目价格/净价、库存、产地、标准品与定制品交期、装机量、客户评价及售后服务表现需内部验证,KK01：ON/OFF；优先联想到卫生过程阀自动化接口，再核对工况、配置和证据边界。,客户在什么工况下应选择或排除 KK01？比较前必须确认哪些参数和证据？,GENERATED_REVIEWED_BY_RULES,2026-06-09,2026-06-24
BURKERT-S056,Bürkert,S056,Electromagnetic flow sensor with hygienic process connections,带卫生型管道接口的电磁感应流量传感器,传感器、变送器与控制器,Flow > Electromagnetic Flowmeter (EMF) > Inline EMF,Inline EMF,"The electromagnetic flow sensor Type S056 (compact or remote variant) is suitable for applications with low flow rates and liquids with minimum conductivity. Combining it with the corresponding transmitter Type SE58 S (required minimum conductivity: 20 µS/cm) or Type SE58 M or Type SE58 L transmitters (required minimum conductivity: 5 µS/cm) results in a flowmeter with varying performance, functions, materials, and approvals, suitable for specific applications as per the respective requirements. Compact devices are built with Type SE58 S, while with Type SE58 M or Type SE58 L, both compact devices and remote variants are available, where the transmitter and sensor are connected with 2 cables up to a maximum distance. Standard process connections for Type S056 are available as clamp and threaded (dairy thread) connections.",在WFI/PW及CIP流量监控中完成过程测量、监控或闭环控制，为批次放行、清洗终点或工艺稳定性提供信号。,WFI/PW及CIP流量监控,explicit_connection_types=clamp | thread；nominal_diameter_dn_range_1=DN 03…DN 100,介质及电导/黏度/气体组分；量程与正常工作点；精度、重复性和响应时间；压力、温度及压降；接液材料；卫生连接与可清洗性；校准和验证要求；输出信号、现场总线和控制系统接口；安装方向与直管段。,量程、介质属性、安装条件或校准口径不一致时不得直接比较精度；没有卫生连接、材料和清洗适配证据时，不得仅凭测量原理判定可用于制药主工艺。,8056,未形成明确系列级竞品映射；需按客户任务和具体配置另行检索。,产品功能；工况；接液材料；连接；自动化；文件与服务,A,"本卡仅汇总公开目录、官方产品页和规格主表，不等同于应用工程批准或验证文件。；HIGH表示制药相关性高，不表示全部配置均适用于无菌主工艺。；中国公开可见性只表示页面或中文资料可见，不证明中国库存、产地或交期。；源记录边界：Global official Type page is the product master. China visibility indicates public page/document visibility only, not stock, origin or lead time. Official category paths: Sensors, Transmitters and Controllers > Flow > Electromagnetic Flowmeter (EMF) > Inline EMF.",https://www.burkert.com/en/type/S056|https://www.burkert.com.cn/cn/type/S056|https://www.burkert.com/en/Media/plm/DTS/DS/dss056-standard-eu-en.pdf?id=DTS0000000000000001000471725ENH,无独立映射证据编号；以官方产品页和规格表为准,中国项目价格/净价、库存、产地、标准品与定制品交期、装机量、客户评价及售后服务表现需内部验证,S056：Inline EMF；优先联想到WFI/PW及CIP流量监控，再核对工况、配置和证据边界。,客户在什么工况下应选择或排除 S056？比较前必须确认哪些参数和证据？,GENERATED_REVIEWED_BY_RULES,2026-06-09,2026-06-24
BURKERT-SV01,Bürkert,SV01,Diaphragms,隔膜,过程与控制阀,Accessories > Diaphragms,Diaphragms,"The diaphragms for Robolux components were developed in order to meet the unique challenges of hygienic and sterile requirements. Bürkert offers diaphragms with precise material composition and high accuracy. Bürkert diaphragms are available in a wide range of materials that have been tried and tested for use in the food and beverage industry, biotechnology and the pharmaceutical and cosmetics industry. The diaphragms are tested during development and production in order to ensure reliability under difficult process conditions. If you would like more help in choosing the right components, please call us. We shall be glad to provide specific personal consultation.",作为卫生隔膜阀膜片维护的连接、密封或维护部件，保证完整流路的机械兼容、卫生边界和可追溯性。,卫生隔膜阀膜片维护,explicit_materials=PTFE | EPDM；explicit_seal_materials=EPDM | PTFE,配套主产品；尺寸和连接标准；接液材料；表面状态；密封材质；压力与温度；清洗灭菌循环；批次和材料追溯；安装空间；更换周期。,尺寸或材料相近不代表可互换；未经主产品兼容性、材料证明和寿命验证，不得用于关键工艺替换。,SV02,未形成明确系列级竞品映射；需按客户任务和具体配置另行检索。,产品功能；工况；接液材料；连接；自动化；文件与服务,A,"本卡仅汇总公开目录、官方产品页和规格主表，不等同于应用工程批准或验证文件。；HIGH表示制药相关性高，不表示全部配置均适用于无菌主工艺。；中国公开可见性只表示页面或中文资料可见，不证明中国库存、产地或交期。；源记录边界：Global official Type page is the product master. China visibility indicates public page/document visibility only, not stock, origin or lead time. Official category paths: Process and Control Valves > Accessories > Diaphragms.",https://www.burkert.com/en/type/SV01|https://www.burkert.com.cn/cn/type/SV01,无独立映射证据编号；以官方产品页和规格表为准,中国项目价格/净价、库存、产地、标准品与定制品交期、装机量、客户评价及售后服务表现需内部验证,SV01：Diaphragms；优先联想到卫生隔膜阀膜片维护，再核对工况、配置和证据边界。,客户在什么工况下应选择或排除 SV01？比较前必须确认哪些参数和证据？,GENERATED_REVIEWED_BY_RULES,2026-06-09,2026-06-24
BURKERT-SV02,Bürkert,SV02,Diaphragms,隔膜,过程与控制阀,Accessories > Diaphragms,Diaphragms,"The diaphragms were developed in order to meet the unique challenges of hygienic and sterile requirements. Bürkert offers diaphragms with precise material composition and high accuracy. Bürkert diaphragms are available in a wide range of materials that have been tried and tested for use in the food and beverage industry, biotechnology and the pharmaceutical and cosmetics industry. The diaphragms are tested during development and production in order to ensure reliability under difficult process conditions. If you would like more help in choosing the right components, please call us. We shall be glad to provide specific personal consultation.",作为卫生隔膜阀膜片维护的连接、密封或维护部件，保证完整流路的机械兼容、卫生边界和可追溯性。,卫生隔膜阀膜片维护,explicit_materials=PTFE | EPDM；explicit_seal_materials=EPDM | PTFE | FKM,配套主产品；尺寸和连接标准；接液材料；表面状态；密封材质；压力与温度；清洗灭菌循环；批次和材料追溯；安装空间；更换周期。,尺寸或材料相近不代表可互换；未经主产品兼容性、材料证明和寿命验证，不得用于关键工艺替换。,SV01,未形成明确系列级竞品映射；需按客户任务和具体配置另行检索。,产品功能；工况；接液材料；连接；自动化；文件与服务,A,"本卡仅汇总公开目录、官方产品页和规格主表，不等同于应用工程批准或验证文件。；HIGH表示制药相关性高，不表示全部配置均适用于无菌主工艺。；中国公开可见性只表示页面或中文资料可见，不证明中国库存、产地或交期。；源记录边界：Global official Type page is the product master. China visibility indicates public page/document visibility only, not stock, origin or lead time. Official category paths: Process and Control Valves > Accessories > Diaphragms.",https://www.burkert.com/en/type/SV02|https://www.burkert.com.cn/cn/type/SV02,无独立映射证据编号；以官方产品页和规格表为准,中国项目价格/净价、库存、产地、标准品与定制品交期、装机量、客户评价及售后服务表现需内部验证,SV02：Diaphragms；优先联想到卫生隔膜阀膜片维护，再核对工况、配置和证据边界。,客户在什么工况下应选择或排除 SV02？比较前必须确认哪些参数和证据？,GENERATED_REVIEWED_BY_RULES,2026-06-09,2026-06-24
GEMU-411,GEMÜ,411,Manual metal shut-off damper,,Valve Technology,Butterfly Valves,Manual metal shut-off damper,manual,在制药或生物技术过程；具体卫生等级需确认中完成介质隔离、切换或调节，适用性由阀体结构、密封和工况共同决定。,制药或生物技术过程；具体卫生等级需确认,"Ambient temperature=-10 to 60 °C；Conformities=EAC FDA Functional safety；Connection standards=ASME DIN EN ISO SMS；Connection types=Clamp Spigot thread；Disc materials=1.4408, investment casting material；Housing materials=1.4408, investment casting material；Liner materials=EPDM FKM Silicone；Media temperature=-20 to 160 °C；Nominal sizes=DN 15 to 50；Operating pressure=0 to 10 bar",介质；DN与目标Cv/Kv；压力、温度和压差；阀体与密封材料；连接标准；泄漏等级；执行方式和故障安全位；循环频率；清洗或灭菌要求；认证与材料文件。,不同阀体结构、密封原理和调节任务不可仅按口径互换；缺少接液材料、温压、排空或卫生证明时，不得外推到关键无菌流路。,415|490|491|498|R470|R477|R478,未形成明确系列级竞品映射；需按客户任务和具体配置另行检索。,产品功能；工况；接液材料；连接；自动化；文件与服务,A,"本卡仅汇总公开目录、官方产品页和规格主表，不等同于应用工程批准或验证文件。；HIGH表示制药相关性高，不表示全部配置均适用于无菌主工艺。；源记录边界：Official page description: The GEMÜ 411 soft-seated, centric butterfly valve made of stainless steel has an ergonomically designed, corrosion-resistant plastic hand lever. It is protected against accidental operation by the integrated locking device. With its rounded and polished disc edges, the butterfly valve is optimized for frequent cycle duties. The surface of the butterfly valve can be further finished.",https://www.gemu-group.com/en/products/valve-technology/butterfly-valves/411,无独立映射证据编号；以官方产品页和规格表为准,中国项目价格/净价、库存、产地、标准品与定制品交期、装机量、客户评价及售后服务表现需内部验证,411：Manual metal shut-off damper；优先联想到制药或生物技术过程；具体卫生等级需确认，再核对工况、配置和证据边界。,客户在什么工况下应选择或排除 411？比较前必须确认哪些参数和证据？,GENERATED_REVIEWED_BY_RULES,2026-06-09,2026-06-24
GEMU-415,GEMÜ,415,Pneumatic metal butterfly valve,,Valve Technology,Butterfly Valves,Pneumatic metal butterfly valve,pneumatic,在制药或生物技术过程；具体卫生等级需确认中完成介质隔离、切换或调节，适用性由阀体结构、密封和工况共同决定。,制药或生物技术过程；具体卫生等级需确认,"Ambient temperature=0 to 60 °C；Conformities=ATEX EAC FDA；Connection standards=ASME DIN EN ISO SMS；Connection types=Clamp Spigot thread；Disc materials=1.4408, investment casting material；Housing materials=1.4408, investment casting material；Liner materials=EPDM FKM Silicone；Media temperature=-20 to 160 °C；Nominal sizes=DN 15 to 50；Operating pressure=0 to 10 bar",介质；DN与目标Cv/Kv；压力、温度和压差；阀体与密封材料；连接标准；泄漏等级；执行方式和故障安全位；循环频率；清洗或灭菌要求；认证与材料文件。,不同阀体结构、密封原理和调节任务不可仅按口径互换；缺少接液材料、温压、排空或卫生证明时，不得外推到关键无菌流路。,411|490|491|498|R470|R477|R478,未形成明确系列级竞品映射；需按客户任务和具体配置另行检索。,产品功能；工况；接液材料；连接；自动化；文件与服务,A,"本卡仅汇总公开目录、官方产品页和规格主表，不等同于应用工程批准或验证文件。；HIGH表示制药相关性高，不表示全部配置均适用于无菌主工艺。；源记录边界：Official page description: The GEMÜ 415 soft-seated, centric butterfly valve made of stainless steel is pneumatically operated via a space-saving piston actuator. The ""Normally Closed"", ""Normally Open"" and ""Double Acting"" control functions are available. A low-cost rack and pinion actuator can also be fitted. With its rounded and polished disc edges, the butterfly valve is optimized for frequent cycle duties. The surface of the butterfly valve can be further finished.",https://www.gemu-group.com/en/products/valve-technology/butterfly-valves/415,无独立映射证据编号；以官方产品页和规格表为准,中国项目价格/净价、库存、产地、标准品与定制品交期、装机量、客户评价及售后服务表现需内部验证,415：Pneumatic metal butterfly valve；优先联想到制药或生物技术过程；具体卫生等级需确认，再核对工况、配置和证据边界。,客户在什么工况下应选择或排除 415？比较前必须确认哪些参数和证据？,GENERATED_REVIEWED_BY_RULES,2026-06-09,2026-06-24
GEMU-490,GEMÜ,490,Butterfly valve with free shaft end made of metal,,Valve Technology,Butterfly Valves,Butterfly valve with free shaft end made of metal,未公开，需查当前数据表或项目文件,在制药或生物技术过程；具体卫生等级需确认中完成介质隔离、切换或调节，适用性由阀体结构、密封和工况共同决定。,制药或生物技术过程；具体卫生等级需确认,"Ambient temperature=-20 Up to 95 °C；Body coating=Epoxy；Body materials=1.4404, block material EN-GJS-400-18-LT (GGG 40.3) S355J2 + N, cast steel material VE Duroplast, reinforced；Conformities=ATEX EAC FDA FMEDA TA Luft (German Clean Air Act)；Connection standards=AS ASME DIN EN ISO JIS；Disc coating=PFA；Disc materials=1.4404 (316L), forged material 1.4469, Duplex cast steel material 2.4602 (alloy 22), block material 3.7035, titan；Housing configurations=Lug Wafer；Liner materials=PTFE/EPDM PTFE/FKM PTFE/silicone；Media temperature=-20 to 200 °C",介质；DN与目标Cv/Kv；压力、温度和压差；阀体与密封材料；连接标准；泄漏等级；执行方式和故障安全位；循环频率；清洗或灭菌要求；认证与材料文件。,不同阀体结构、密封原理和调节任务不可仅按口径互换；缺少接液材料、温压、排空或卫生证明时，不得外推到关键无菌流路。,411|415|491|498|R470|R477|R478,DIRECT_OR_ADJACENT / 公用工程、大口径输送、设备隔离 / 8804|8805 / Ball/check/general industrial valve portfolio / 300 butterfly|400 ball|500 check series；DIRECT_OR_ADJACENT / 大口径公用工程、工艺水和设备隔离 / 2671|2672|8804|8805,口径；衬里/密封；卫生等级；压温；执行器；扭矩；失效位；口径；阀板；衬里；密封；卫生连接；扭矩；执行器；失效位,A,"本卡仅汇总公开目录、官方产品页和规格主表，不等同于应用工程批准或验证文件。；HIGH表示制药相关性高，不表示全部配置均适用于无菌主工艺。；源记录边界：Official page description: The GEMÜ 490 Edessa PTFE-seated, centric butterfly valve has a free shaft end. Disc and shaft are one piece, body and liner are available in different designs. The butterfly valve is available in the nominal sizes (1″ - 48″), in the standardised installation lengths: ISO 5752/20 | EN 558-1/20 | API 609 category A (DIN 3202 K1) in the wafer and lug body variants.",https://www.gemu-group.com/en/products/valve-technology/butterfly-valves/490,BURKERT-CATALOG-002|BURKERT-COMPANY-001|GEMU-CHINA-002|GEMU-SERIES-D480|GEMU-SERIES-D488|GEMU-SERIES-490|GEMU-SERIES-491|GEMU-SERIES-B20|GEMU-SERIES-B22|GEMU-SERIES-B42|GEMU-SERIES-B52|FUJIKIN-COMPANY-001|ESG-PRODUCT-001,中国项目价格/净价、库存、产地、标准品与定制品交期、装机量、客户评价及售后服务表现需内部验证,490：Butterfly valve with free shaft end made of metal；优先联想到制药或生物技术过程；具体卫生等级需确认，再核对工况、配置和证据边界。,客户在什么工况下应选择或排除 490？比较前必须确认哪些参数和证据？,GENERATED_REVIEWED_BY_RULES,2026-06-09,2026-06-24
GEMU-491,GEMÜ,491,Pneumatic metal butterfly valve,,Valve Technology,Butterfly Valves,Pneumatic metal butterfly valve,pneumatic,在制药或生物技术过程；具体卫生等级需确认中完成介质隔离、切换或调节，适用性由阀体结构、密封和工况共同决定。,制药或生物技术过程；具体卫生等级需确认,"Ambient temperature=-20 Up to 95 °C；Body coating=Epoxy；Body materials=1.4404, block material EN-GJS-400-18-LT (GGG 40.3) S355J2 + N, cast steel material VE Duroplast, reinforced；Conformities=ATEX EAC FDA FMEDA TA Luft (German Clean Air Act)；Connection standards=AS ASME DIN EN ISO JIS；Disc coating=PFA；Disc materials=1.4404 (316L), forged material 1.4469, Duplex cast steel material 2.4602 (alloy 22), block material 3.7035, titan；Housing configurations=Lug Wafer；Liner materials=PTFE/EPDM PTFE/FKM PTFE/silicone；Media temperature=-20 to 200 °C",介质；DN与目标Cv/Kv；压力、温度和压差；阀体与密封材料；连接标准；泄漏等级；执行方式和故障安全位；循环频率；清洗或灭菌要求；认证与材料文件。,不同阀体结构、密封原理和调节任务不可仅按口径互换；缺少接液材料、温压、排空或卫生证明时，不得外推到关键无菌流路。,411|415|490|498|R470|R477|R478,DIRECT_OR_ADJACENT / 公用工程、大口径输送、设备隔离 / 8804|8805 / Ball/check/general industrial valve portfolio / 300 butterfly|400 ball|500 check series；DIRECT_OR_ADJACENT / 大口径公用工程、工艺水和设备隔离 / 2671|2672|8804|8805,口径；衬里/密封；卫生等级；压温；执行器；扭矩；失效位；口径；阀板；衬里；密封；卫生连接；扭矩；执行器；失效位,A,"本卡仅汇总公开目录、官方产品页和规格主表，不等同于应用工程批准或验证文件。；HIGH表示制药相关性高，不表示全部配置均适用于无菌主工艺。；源记录边界：Official page description: The GEMÜ 491 Edessa PTFE lined butterfly valve has a metal actuator and is pneumatically operated. The ""Normally Closed"", ""Normally Open"" and ""Double Acting"" control functions are available. Disc and shaft are one piece, body and liner are available in different designs. The butterfly valve is available in nominal sizes DN 25 Up to 600 and in standard installation lengths ISO 5752/20 | EN 558-1/20 | API 609 category A (DIN 3202 K1) in wafer and lug body versions.",https://www.gemu-group.com/en/products/valve-technology/butterfly-valves/491,BURKERT-CATALOG-002|BURKERT-COMPANY-001|GEMU-CHINA-002|GEMU-SERIES-D480|GEMU-SERIES-D488|GEMU-SERIES-490|GEMU-SERIES-491|GEMU-SERIES-B20|GEMU-SERIES-B22|GEMU-SERIES-B42|GEMU-SERIES-B52|FUJIKIN-COMPANY-001|ESG-PRODUCT-001,中国项目价格/净价、库存、产地、标准品与定制品交期、装机量、客户评价及售后服务表现需内部验证,491：Pneumatic metal butterfly valve；优先联想到制药或生物技术过程；具体卫生等级需确认，再核对工况、配置和证据边界。,客户在什么工况下应选择或排除 491？比较前必须确认哪些参数和证据？,GENERATED_REVIEWED_BY_RULES,2026-06-09,2026-06-24
GEMU-498,GEMÜ,498,Electromotive metal shut-off damper,,Valve Technology,Butterfly Valves,Electromotive metal shut-off damper,motorized,在制药或生物技术过程；具体卫生等级需确认中完成介质隔离、切换或调节，适用性由阀体结构、密封和工况共同决定。,制药或生物技术过程；具体卫生等级需确认,"90° operating time=4 Up to 100 s；Ambient temperature=-20 to 95 °C；Body coating=Epoxy；Body materials=1.4404, block material EN-GJS-400-18-LT (GGG 40.3) S355J2 + N, cast steel material VE Duroplast, reinforced；Conformities=ATEX EAC FDA FMEDA TA Luft (German Clean Air Act)；Connection standards=AS ASME DIN EN ISO JIS；Disc coating=PFA；Disc materials=1.4404 (316L), forged material 1.4469, Duplex cast steel material 2.4602 (alloy 22), block material 3.7035, titan；Housing configurations=Lug Wafer；Liner materials=PTFE TFM™/EPDM PTFE TFM™/FKM PTFE TFM™/silicone PTFE/EPDM PTFE/FKM PTFE/silicone",介质；DN与目标Cv/Kv；压力、温度和压差；阀体与密封材料；连接标准；泄漏等级；执行方式和故障安全位；循环频率；清洗或灭菌要求；认证与材料文件。,不同阀体结构、密封原理和调节任务不可仅按口径互换；缺少接液材料、温压、排空或卫生证明时，不得外推到关键无菌流路。,411|415|490|491|R470|R477|R478,未形成明确系列级竞品映射；需按客户任务和具体配置另行检索。,产品功能；工况；接液材料；连接；自动化；文件与服务,A,"本卡仅汇总公开目录、官方产品页和规格主表，不等同于应用工程批准或验证文件。；HIGH表示制药相关性高，不表示全部配置均适用于无菌主工艺。；源记录边界：Official page description: The GEMÜ 498 Edessa PTFE-sealing, centric butterfly valve is actuated by an electric motor. Various metal or plastic on/off or control actuators are available. Disc and shaft are one piece, body and liner are available in different designs. The butterfly valve is available in nominal sizes DN 25 Up to 1200 and in standard installation lengths ISO 5752/20 | EN 558-1/20 | API 609 category A (DIN 3202 K1) in wafer and lug body versions.",https://www.gemu-group.com/en/products/valve-technology/butterfly-valves/498,无独立映射证据编号；以官方产品页和规格表为准,中国项目价格/净价、库存、产地、标准品与定制品交期、装机量、客户评价及售后服务表现需内部验证,498：Electromotive metal shut-off damper；优先联想到制药或生物技术过程；具体卫生等级需确认，再核对工况、配置和证据边界。,客户在什么工况下应选择或排除 498？比较前必须确认哪些参数和证据？,GENERATED_REVIEWED_BY_RULES,2026-06-09,2026-06-24
GEMU-567,GEMÜ,567,2/2-way diaphragm globe valve with PD technology,,Valve Technology,Diaphragm Seat Valves,2/2-way diaphragm globe valve with PD technology,pneumatic | motorized | manual,在无菌主工艺、配液、纯化或卫生输送中完成卫生隔离、切换、调节或低滞留流路设计；具体任务取决于阀体和执行配置。,无菌主工艺、配液、纯化或卫生输送,"Ambient temperature=-10 to 60 °C；Body materials=1.4435 (316L), block material；Conformities=3A BSE/TSE EAC FDA Oxygen Reg. (EU) No. 10/2011 Regulation (EC) No. 1935/2004 Regulation (EC) No. 2023/2006 USP；Media temperature=-10 to 160 °C；Nominal sizes=DN 8 to 65；Operating pressure=0 to 10 bar",介质与批次风险；DN及目标Cv/Kv；阀体流路和排空方向；接液材料与表面粗糙度；膜片材质和寿命；连接标准；工作与灭菌温压；CIP/SIP程序；死区要求；认证与材料追溯；手动、开关或调节自动化。,不能用系列名称代替具体阀体、膜片和连接配置；未确认排空、死区、温压、材料证明或灭菌循环时，不得判定适用于关键无菌主工艺。,C53|C58|F40|F60,未形成明确系列级竞品映射；需按客户任务和具体配置另行检索。,产品功能；工况；接液材料；连接；自动化；文件与服务,A,"本卡仅汇总公开目录、官方产品页和规格主表，不等同于应用工程批准或验证文件。；HIGH表示制药相关性高，不表示全部配置均适用于无菌主工艺。；源记录边界：Official page description: The GGEMÜ 567 BioStar control 2/2-way diaphragm globe valve is an aseptic control valve designed for demanding applications. Flow rates range from 80 l/h to 63,000 l/h, depending on the version. The sealing concept of the valve is based on the GEMÜ PD design. All actuator parts (except the seals) are made from stainless steel. Manual, pneumatic and electric motorised drives are available.The electric motorized actuators can be selected from two variants, GEMÜ eSyDrive and GEMÜ servoDrive, depending on the application. GEMÜ 567 eSyDrive can be used as a positioner or process controller. GEMÜ 567 servoDrive is suitable for real-time control processes.",https://www.gemu-group.com/en/products/valve-technology/diaphragm-seat-valves/567,无独立映射证据编号；以官方产品页和规格表为准,中国项目价格/净价、库存、产地、标准品与定制品交期、装机量、客户评价及售后服务表现需内部验证,567：2/2-way diaphragm globe valve with PD technology；优先联想到无菌主工艺、配液、纯化或卫生输送，再核对工况、配置和证据边界。,客户在什么工况下应选择或排除 567？比较前必须确认哪些参数和证据？,GENERATED_REVIEWED_BY_RULES,2026-06-09,2026-06-24
GEMU-605,GEMÜ,605,Pneumatic 2/2-way diaphragm valve with metal body,,Valve Technology,Diaphragm Valves,Pneumatic 2/2-way diaphragm valve with metal body,pneumatic,在制药或生物技术过程；具体卫生等级需确认；CIP/SIP与蒸汽灭菌中完成卫生隔离、切换、调节或低滞留流路设计；具体任务取决于阀体和执行配置。,制药或生物技术过程；具体卫生等级需确认；CIP/SIP与蒸汽灭菌,"Ambient temperature=0 to 60 °C；Body configurations=Straight through body T body Tank valve body；Body materials=(316L), forging material 1.4408, investment casting material 1.4435 (BN2), forged material 1.4435, investment casting material 1.4539 (904L), forged material；Conformities=3A BSE/TSE CRN EAC EHEDG FDA FMEDA Oxygen Reg. (EU) No. 10/2011 Regulation (EC) No. 1935/2004 Regulation (EC) No. 2023/2006 TA Luft (German Clean Air Act) USP；Connection standards=ANSI ASME BS DIN EN ISO JIS；Connection types=Clamp Spigot thread；Diaphragm materials=EPDM PTFE/EPDM PTFE/FKM；Media temperature=-10 to 100 °C；Nominal sizes=DN 4 to 15；Operating pressure=0 to 8 bar",介质与批次风险；DN及目标Cv/Kv；阀体流路和排空方向；接液材料与表面粗糙度；膜片材质和寿命；连接标准；工作与灭菌温压；CIP/SIP程序；死区要求；认证与材料追溯；手动、开关或调节自动化。,不能用系列名称代替具体阀体、膜片和连接配置；未确认排空、死区、温压、材料证明或灭菌循环时，不得判定适用于关键无菌主工艺。,612|615|616|629|639|649|650|650TL,DIRECT / 配液、发酵、纯化、CIP/SIP、无菌输送 / 2030|2031|2032|2033|2034|2035|2103|2104|2105|2106 / BNWM/BNWC weir; BSW/BSWCN/LPS weirless diaphragm families / A00 pneumatic and A01 manual diaphragm valves,阀体结构；流路；DN；Cv；316L牌号；Ra；膜片；连接；温压；排空；认证；执行与反馈,A,"本卡仅汇总公开目录、官方产品页和规格主表，不等同于应用工程批准或验证文件。；HIGH表示制药相关性高，不表示全部配置均适用于无菌主工艺。；源记录边界：Official page description: The GEMÜ 605 2/2-way diaphragm valve has a low-maintenance plastic piston actuator and is pneumatically operated. The valve has a metal distance piece. An integrated optical position indicator is standard. Normally Closed (NC), Normally Open (NO) and Double Acting (DA) control functions are available.",https://www.gemu-group.com/en/products/valve-technology/diaphragm-valves/605,BURKERT-CATALOG-002|BURKERT-DIAPHRAGM-001|BURKERT-DIAPHRAGM-002|BURKERT-2103-001|GEMU-650-001|GEMU-649-001|GEMU-SERIES-605|GEMU-SERIES-616|GEMU-SERIES-629|GEMU-SERIES-639|GEMU-SERIES-650|GEMU-SERIES-651|GEMU-SERIES-653|GEMU-SERIES-654|GEMU-SERIES-D40|GEMU-SERIES-D41|FUJIKIN-BNW-001|FUJIKIN-SERIES-BNWM-BNWC-66C6E5BE|FUJIKIN-SERIES-BNWC-2F0E12E0|FUJIKIN-SERIES-BSW-F5AFD21C|FUJIKIN-SERIES-BSWCN-AD5BAF95|FUJIKIN-SERIES-LPSM-LPSL-88A88889|FUJIKIN-SERIES-LPS-5E67B882|ESG-DIAPHRAGM-001|ESG-SERIES-A00|ESG-SERIES-A01,中国项目价格/净价、库存、产地、标准品与定制品交期、装机量、客户评价及售后服务表现需内部验证,605：Pneumatic 2/2-way diaphragm valve with metal body；优先联想到制药或生物技术过程；具体卫生等级需确认；CIP/SIP与蒸汽灭菌，再核对工况、配置和证据边界。,客户在什么工况下应选择或排除 605？比较前必须确认哪些参数和证据？,GENERATED_REVIEWED_BY_RULES,2026-06-09,2026-06-24
GEMU-612,GEMÜ,612,Manual 2/2-way diaphragm valve with metal body,,Valve Technology,Diaphragm Valves,Manual 2/2-way diaphragm valve with metal body,manual,在制药或生物技术过程；具体卫生等级需确认；CIP/SIP与蒸汽灭菌中完成卫生隔离、切换、调节或低滞留流路设计；具体任务取决于阀体和执行配置。,制药或生物技术过程；具体卫生等级需确认；CIP/SIP与蒸汽灭菌,"Ambient temperature=0 to 60 °C；Body configurations=Multi-port body Straight through body Tank valve body；Body materials=(316L), forging material 1.4408, investment casting material 1.4435, investment casting material 1.4539 (904L), block material 1.4539 (904L), forged material；Conformities=3A Belgaqua CRN EAC FDA Oxygen Reg. (EU) No. 10/2011 Regulation (EC) No. 1935/2004 Regulation (EC) No. 2023/2006 TA Luft (German Clean Air Act)；Connection standards=ANSI ASME BS DIN EN ISO JIS SMS；Connection types=Clamp Spigot thread；Diaphragm materials=EPDM FKM PTFE/EPDM；Media temperature=-10 to 100 °C；Nominal sizes=DN 10 to 20；Operating pressure=0 to 10 bar",介质与批次风险；DN及目标Cv/Kv；阀体流路和排空方向；接液材料与表面粗糙度；膜片材质和寿命；连接标准；工作与灭菌温压；CIP/SIP程序；死区要求；认证与材料追溯；手动、开关或调节自动化。,不能用系列名称代替具体阀体、膜片和连接配置；未确认排空、死区、温压、材料证明或灭菌循环时，不得判定适用于关键无菌主工艺。,605|615|616|629|639|649|650|650TL,未形成明确系列级竞品映射；需按客户任务和具体配置另行检索。,产品功能；工况；接液材料；连接；自动化；文件与服务,A,本卡仅汇总公开目录、官方产品页和规格主表，不等同于应用工程批准或验证文件。；HIGH表示制药相关性高，不表示全部配置均适用于无菌主工艺。；源记录边界：Official page description: The GEMÜ 2/2-way diaphragm valve has a temperature-resistant plastic handwheel and is manually operated. A closing stroke limiter to increase service life of the diaphragm and an optical position indicator are integrated as standard.,https://www.gemu-group.com/en/products/valve-technology/diaphragm-valves/612,无独立映射证据编号；以官方产品页和规格表为准,中国项目价格/净价、库存、产地、标准品与定制品交期、装机量、客户评价及售后服务表现需内部验证,612：Manual 2/2-way diaphragm valve with metal body；优先联想到制药或生物技术过程；具体卫生等级需确认；CIP/SIP与蒸汽灭菌，再核对工况、配置和证据边界。,客户在什么工况下应选择或排除 612？比较前必须确认哪些参数和证据？,GENERATED_REVIEWED_BY_RULES,2026-06-09,2026-06-24
GEMU-615,GEMÜ,615,Pneumatic 2/2-way diaphragm valve with metal body,,Valve Technology,Diaphragm Valves,Pneumatic 2/2-way diaphragm valve with metal body,pneumatic,在制药或生物技术过程；具体卫生等级需确认；CIP/SIP与蒸汽灭菌中完成卫生隔离、切换、调节或低滞留流路设计；具体任务取决于阀体和执行配置。,制药或生物技术过程；具体卫生等级需确认；CIP/SIP与蒸汽灭菌,"Ambient temperature=0 to 60 °C；Body configurations=Straight through body；Body materials=(316L), forging material 1.4408, investment casting material 1.4435 (BN2), forged material 1.4435, investment casting material 1.4539 (904L), forged material；Conformities=Belgaqua BSE/TSE EAC FDA FMEDA Oxygen Reg. (EU) No. 10/2011 Regulation (EC) No. 1935/2004 Regulation (EC) No. 2023/2006 TA Luft (German Clean Air Act) USP；Connection standards=ANSI ASME BS DIN EN JIS；Connection types=Clamp Spigot thread；Diaphragm materials=EPDM PTFE/EPDM PTFE/FKM；Media temperature=-10 to 80 °C；Nominal sizes=DN 10 to 20；Operating pressure=0 to 6 bar",介质与批次风险；DN及目标Cv/Kv；阀体流路和排空方向；接液材料与表面粗糙度；膜片材质和寿命；连接标准；工作与灭菌温压；CIP/SIP程序；死区要求；认证与材料追溯；手动、开关或调节自动化。,不能用系列名称代替具体阀体、膜片和连接配置；未确认排空、死区、温压、材料证明或灭菌循环时，不得判定适用于关键无菌主工艺。,605|612|616|629|639|649|650|650TL,未形成明确系列级竞品映射；需按客户任务和具体配置另行检索。,产品功能；工况；接液材料；连接；自动化；文件与服务,A,"本卡仅汇总公开目录、官方产品页和规格主表，不等同于应用工程批准或验证文件。；HIGH表示制药相关性高，不表示全部配置均适用于无菌主工艺。；源记录边界：Official page description: The GEMÜ 615 2/2-way diaphragm valve has a low-maintenance plastic piston actuator and is pneumatically operated. An integrated optical position indicator is standard. Normally Closed (NC), Normally Open (NO) and Double Acting (DA) control functions are available.",https://www.gemu-group.com/en/products/valve-technology/diaphragm-valves/615,无独立映射证据编号；以官方产品页和规格表为准,中国项目价格/净价、库存、产地、标准品与定制品交期、装机量、客户评价及售后服务表现需内部验证,615：Pneumatic 2/2-way diaphragm valve with metal body；优先联想到制药或生物技术过程；具体卫生等级需确认；CIP/SIP与蒸汽灭菌，再核对工况、配置和证据边界。,客户在什么工况下应选择或排除 615？比较前必须确认哪些参数和证据？,GENERATED_REVIEWED_BY_RULES,2026-06-09,2026-06-24
GEMU-616,GEMÜ,616,Manual 2/2-way diaphragm valve made of metal,,Valve Technology,Diaphragm Valves,Manual 2/2-way diaphragm valve made of metal,manual,在无菌主工艺、配液、纯化或卫生输送；CIP/SIP与蒸汽灭菌中完成卫生隔离、切换、调节或低滞留流路设计；具体任务取决于阀体和执行配置。,无菌主工艺、配液、纯化或卫生输送；CIP/SIP与蒸汽灭菌,"Ambient temperature=0 to 60 °C；Body configurations=i-body Multi-port body Straight through body T body Tank valve body Welding configuration；Body materials=(316L), forging material 1.4408, investment casting material 1.4435 (316L), investment casting material 1.4435 (BN2), forged material 1.4539 (904L), forged material；Conformities=Belgaqua BSE/TSE EAC FDA Reg. (EU) No. 10/2011 Regulation (EC) No. 1935/2004 Regulation (EC) No. 2023/2006 TA Luft (German Clean Air Act) USP；Connection standards=ANSI ASME BS DIN EN ISO JIS；Connection types=Clamp Spigot thread；Diaphragm materials=EPDM FKM PTFE/EPDM；Media temperature=-10 to 100 °C；Nominal sizes=DN 4 to 20；Operating pressure=0 to 10 bar",介质与批次风险；DN及目标Cv/Kv；阀体流路和排空方向；接液材料与表面粗糙度；膜片材质和寿命；连接标准；工作与灭菌温压；CIP/SIP程序；死区要求；认证与材料追溯；手动、开关或调节自动化。,不能用系列名称代替具体阀体、膜片和连接配置；未确认排空、死区、温压、材料证明或灭菌循环时，不得判定适用于关键无菌主工艺。,605|612|615|629|639|649|650|650TL,DIRECT / 配液、发酵、纯化、CIP/SIP、无菌输送 / 2030|2031|2032|2033|2034|2035|2103|2104|2105|2106 / BNWM/BNWC weir; BSW/BSWCN/LPS weirless diaphragm families / A00 pneumatic and A01 manual diaphragm valves,阀体结构；流路；DN；Cv；316L牌号；Ra；膜片；连接；温压；排空；认证；执行与反馈,A,"本卡仅汇总公开目录、官方产品页和规格主表，不等同于应用工程批准或验证文件。；HIGH表示制药相关性高，不表示全部配置均适用于无菌主工艺。；源记录边界：Official page description: The GEMÜ 616 2/2-way diaphragm valve is designed for use in sterile applications. The compression springs installed in the valve actuator close the valve with constant force, regardless of the manual force applied. This extends the service life of the diaphragm. Setting a seal adjuster is no longer required.",https://www.gemu-group.com/en/products/valve-technology/diaphragm-valves/616,BURKERT-CATALOG-002|BURKERT-DIAPHRAGM-001|BURKERT-DIAPHRAGM-002|BURKERT-2103-001|GEMU-650-001|GEMU-649-001|GEMU-SERIES-605|GEMU-SERIES-616|GEMU-SERIES-629|GEMU-SERIES-639|GEMU-SERIES-650|GEMU-SERIES-651|GEMU-SERIES-653|GEMU-SERIES-654|GEMU-SERIES-D40|GEMU-SERIES-D41|FUJIKIN-BNW-001|FUJIKIN-SERIES-BNWM-BNWC-66C6E5BE|FUJIKIN-SERIES-BNWC-2F0E12E0|FUJIKIN-SERIES-BSW-F5AFD21C|FUJIKIN-SERIES-BSWCN-AD5BAF95|FUJIKIN-SERIES-LPSM-LPSL-88A88889|FUJIKIN-SERIES-LPS-5E67B882|ESG-DIAPHRAGM-001|ESG-SERIES-A00|ESG-SERIES-A01,中国项目价格/净价、库存、产地、标准品与定制品交期、装机量、客户评价及售后服务表现需内部验证,616：Manual 2/2-way diaphragm valve made of metal；优先联想到无菌主工艺、配液、纯化或卫生输送；CIP/SIP与蒸汽灭菌，再核对工况、配置和证据边界。,客户在什么工况下应选择或排除 616？比较前必须确认哪些参数和证据？,GENERATED_REVIEWED_BY_RULES,2026-06-09,2026-06-24
GEMU-629,GEMÜ,629,Electromotive 2/2-way diaphragm valve,,Valve Technology,Diaphragm Valves,Electromotive 2/2-way diaphragm valve,motorized,在无菌主工艺、配液、纯化或卫生输送中完成卫生隔离、切换、调节或低滞留流路设计；具体任务取决于阀体和执行配置。,无菌主工艺、配液、纯化或卫生输送,"Actuating speed=max. 3 mm/s；Ambient temperature=-10 Up to 60 °C；Body configurations=i-body Multi-port body Straight through body T body Tank valve body Welding configuration；Body lining=Hard rubber PFA PP；Body materials=(316L), forging material 1.4408, investment casting material 1.4408, investment casting material, PFA lined 1.4435 (BN2), forged material 1.4435, investment casting material 1.4539 (904L), forged material CW614N, brass CW617N, brass EN-GJS-400-18-LT (GGG 40.3) EN-GJS-400-18-LT, SG iron material with hard rubber lining EN-GJS-400-18-LT, SG iron material, PFA lined EN-GJS-400-18-LT, SG iron material, PP lined；Conformities=Belgaqua EAC EHEDG FDA Reg. (EU) No. 10/2011 Regulation (EC) No. 1935/2004 Regulation (EC) No. 2023/2006；Connection standards=ANSI ASME BS DIN EN ISO JIS SMS；Connection types=Clamp Flange Spigot thread；Diaphragm materials=CR EPDM FKM NBR PTFE/EPDM；Media temperature=-10 to 80 °C",介质与批次风险；DN及目标Cv/Kv；阀体流路和排空方向；接液材料与表面粗糙度；膜片材质和寿命；连接标准；工作与灭菌温压；CIP/SIP程序；死区要求；认证与材料追溯；手动、开关或调节自动化。,不能用系列名称代替具体阀体、膜片和连接配置；未确认排空、死区、温压、材料证明或灭菌循环时，不得判定适用于关键无菌主工艺。,605|612|615|616|639|649|650|650TL,DIRECT / 配液、发酵、纯化、CIP/SIP、无菌输送 / 2030|2031|2032|2033|2034|2035|2103|2104|2105|2106 / BNWM/BNWC weir; BSW/BSWCN/LPS weirless diaphragm families / A00 pneumatic and A01 manual diaphragm valves,阀体结构；流路；DN；Cv；316L牌号；Ra；膜片；连接；温压；排空；认证；执行与反馈,A,本卡仅汇总公开目录、官方产品页和规格主表，不等同于应用工程批准或验证文件。；HIGH表示制药相关性高，不表示全部配置均适用于无菌主工艺。；源记录边界：Official page description: The GEMÜ 629 eSyLite 2/2-way diaphragm valve is motorized. It is available as an Open/Close version. An integrated optical position indicator is standard. The self-locking actuator holds its position in a stable manner in the event of power supply failure.,https://www.gemu-group.com/en/products/valve-technology/diaphragm-valves/629,BURKERT-CATALOG-002|BURKERT-DIAPHRAGM-001|BURKERT-DIAPHRAGM-002|BURKERT-2103-001|GEMU-650-001|GEMU-649-001|GEMU-SERIES-605|GEMU-SERIES-616|GEMU-SERIES-629|GEMU-SERIES-639|GEMU-SERIES-650|GEMU-SERIES-651|GEMU-SERIES-653|GEMU-SERIES-654|GEMU-SERIES-D40|GEMU-SERIES-D41|FUJIKIN-BNW-001|FUJIKIN-SERIES-BNWM-BNWC-66C6E5BE|FUJIKIN-SERIES-BNWC-2F0E12E0|FUJIKIN-SERIES-BSW-F5AFD21C|FUJIKIN-SERIES-BSWCN-AD5BAF95|FUJIKIN-SERIES-LPSM-LPSL-88A88889|FUJIKIN-SERIES-LPS-5E67B882|ESG-DIAPHRAGM-001|ESG-SERIES-A00|ESG-SERIES-A01,中国项目价格/净价、库存、产地、标准品与定制品交期、装机量、客户评价及售后服务表现需内部验证,629：Electromotive 2/2-way diaphragm valve；优先联想到无菌主工艺、配液、纯化或卫生输送，再核对工况、配置和证据边界。,客户在什么工况下应选择或排除 629？比较前必须确认哪些参数和证据？,GENERATED_REVIEWED_BY_RULES,2026-06-09,2026-06-24
GEMU-639,GEMÜ,639,Electromotive 2/2-way diaphragm valve,,Valve Technology,Diaphragm Valves,Electromotive 2/2-way diaphragm valve,motorized,在无菌主工艺、配液、纯化或卫生输送；CIP/SIP与蒸汽灭菌中完成卫生隔离、切换、调节或低滞留流路设计；具体任务取决于阀体和执行配置。,无菌主工艺、配液、纯化或卫生输送；CIP/SIP与蒸汽灭菌,"Actuating speed=max. 3 mm/s；Ambient temperature=0 Up to 60 °C；Body configurations=2/2-way body i-body Multi-port body Tank valve body T-body Welding configuration；Body lining=Hard rubber PFA PP；Body materials=1.4408, investment casting material 1.4408, investment casting material, PFA lined 1.4435 (316L), forged material 1.4435 (BN2), forged material 1.4435, investment casting material 1.4539 (904L), forged material CW614N, brass CW617N, brass EN-GJS-400-18-LT, SG iron material EN-GJS-400-18-LT, SG iron material with hard rubber lining EN-GJS-400-18-LT, SG iron material, PFA lined EN-GJS-400-18-LT, SG iron material, PP lined；Conformities=Belgaqua BSE/TSE EAC EHEDG FDA Oxygen Reg. (EU) No. 10/2011 Regulation (EC) No. 1935/2004 Regulation (EC) No. 2023/2006 TA Luft (German Clean Air Act) USP；Connection standards=ANSI ASME BS DIN EN ISO JIS SMS；Connection types=Clamp Flange Spigot Threaded connection；Diaphragm materials=CR EPDM FKM NBR PTFE/EPDM；Media temperature=-10 to 100 °C",介质与批次风险；DN及目标Cv/Kv；阀体流路和排空方向；接液材料与表面粗糙度；膜片材质和寿命；连接标准；工作与灭菌温压；CIP/SIP程序；死区要求；认证与材料追溯；手动、开关或调节自动化。,不能用系列名称代替具体阀体、膜片和连接配置；未确认排空、死区、温压、材料证明或灭菌循环时，不得判定适用于关键无菌主工艺。,605|612|615|616|629|649|650|650TL,DIRECT / 配液、发酵、纯化、CIP/SIP、无菌输送 / 2030|2031|2032|2033|2034|2035|2103|2104|2105|2106 / BNWM/BNWC weir; BSW/BSWCN/LPS weirless diaphragm families / A00 pneumatic and A01 manual diaphragm valves,阀体结构；流路；DN；Cv；316L牌号；Ra；膜片；连接；温压；排空；认证；执行与反馈,A,本卡仅汇总公开目录、官方产品页和规格主表，不等同于应用工程批准或验证文件。；HIGH表示制药相关性高，不表示全部配置均适用于无菌主工艺。；源记录边界：Official page description: The GEMÜ 639 eSyStep 2/2-way diaphragm valve is electrically operated. The eSyStep actuator is available as an On/Off actuator or with an integrated positioner. An optical and electrical position indicator is integrated as standard. The self-locking actuator holds its position in a stable manner when idle and in the event of a power supply failure.,https://www.gemu-group.com/en/products/valve-technology/diaphragm-valves/639,BURKERT-CATALOG-002|BURKERT-DIAPHRAGM-001|BURKERT-DIAPHRAGM-002|BURKERT-2103-001|GEMU-650-001|GEMU-649-001|GEMU-SERIES-605|GEMU-SERIES-616|GEMU-SERIES-629|GEMU-SERIES-639|GEMU-SERIES-650|GEMU-SERIES-651|GEMU-SERIES-653|GEMU-SERIES-654|GEMU-SERIES-D40|GEMU-SERIES-D41|FUJIKIN-BNW-001|FUJIKIN-SERIES-BNWM-BNWC-66C6E5BE|FUJIKIN-SERIES-BNWC-2F0E12E0|FUJIKIN-SERIES-BSW-F5AFD21C|FUJIKIN-SERIES-BSWCN-AD5BAF95|FUJIKIN-SERIES-LPSM-LPSL-88A88889|FUJIKIN-SERIES-LPS-5E67B882|ESG-DIAPHRAGM-001|ESG-SERIES-A00|ESG-SERIES-A01,中国项目价格/净价、库存、产地、标准品与定制品交期、装机量、客户评价及售后服务表现需内部验证,639：Electromotive 2/2-way diaphragm valve；优先联想到无菌主工艺、配液、纯化或卫生输送；CIP/SIP与蒸汽灭菌，再核对工况、配置和证据边界。,客户在什么工况下应选择或排除 639？比较前必须确认哪些参数和证据？,GENERATED_REVIEWED_BY_RULES,2026-06-09,2026-06-24
GEMU-649,GEMÜ,649,Electromotive 2/2-way diaphragm valve with metal body,,Valve Technology,Diaphragm Valves,Electromotive 2/2-way diaphragm valve with metal body,motorized,在制药或生物技术过程；具体卫生等级需确认；CIP/SIP与蒸汽灭菌中完成卫生隔离、切换、调节或低滞留流路设计；具体任务取决于阀体和执行配置。,制药或生物技术过程；具体卫生等级需确认；CIP/SIP与蒸汽灭菌,"Actuating speed=max. 6 mm/s；Ambient temperature=-10 Up to 60 °C；Body configurations=i-body Multi-port body Straight through body T body Tank valve body Welding configuration；Body lining=Hard rubber PFA PP；Body materials=(316L), forging material 1.4408, investment casting material 1.4408, investment casting material, PFA lined 1.4435 (BN2), forged material 1.4435, investment casting material 1.4539 (904L), forged material CW614N, brass CW617N, brass EN-GJS-400-18-LT (GGG 40.3) EN-GJS-400-18-LT, SG iron material with hard rubber lining EN-GJS-400-18-LT, SG iron material, PFA lined EN-GJS-400-18-LT, SG iron material, PP lined；Conformities=Belgaqua BSE/TSE EAC EHEDG FDA Oxygen Reg. (EU) No. 10/2011 Regulation (EC) No. 1935/2004 Regulation (EC) No. 2023/2006 TA Luft (German Clean Air Act) USP；Connection standards=ANSI ASME BS DIN EN ISO JIS SMS；Connection types=Clamp Flange Spigot thread；Diaphragm materials=CR EPDM FKM NBR PTFE/EPDM；Media temperature=-10 to 100 °C",介质与批次风险；DN及目标Cv/Kv；阀体流路和排空方向；接液材料与表面粗糙度；膜片材质和寿命；连接标准；工作与灭菌温压；CIP/SIP程序；死区要求；认证与材料追溯；手动、开关或调节自动化。,不能用系列名称代替具体阀体、膜片和连接配置；未确认排空、死区、温压、材料证明或灭菌循环时，不得判定适用于关键无菌主工艺。,605|612|615|616|629|639|650|650TL,DIRECT / 配液、发酵、纯化、CIP/SIP、无菌输送 / 2030|2031|2032|2033|2034|2035|2103|2104|2105|2106 / BNWM/BNWC weir; BSW/BSWCN/LPS weirless diaphragm families / A00 pneumatic and A01 manual diaphragm valves；DIRECT / 无气源设备、卫生开关阀和精密调节 / 3324|3325|3363|3364|3365,阀体结构；流路；DN；Cv；316L牌号；Ra；膜片；连接；温压；排空；认证；执行与反馈；推力；速度；控制模式；断电位；通信；IP；阀体构型；温压,A,"本卡仅汇总公开目录、官方产品页和规格主表，不等同于应用工程批准或验证文件。；HIGH表示制药相关性高，不表示全部配置均适用于无菌主工艺。；源记录边界：Official page description: The GEMÜ 649 eSyDrive diaphragm valve is actuated by a motorized hollow shaft actuator. It is based on technology that does not use brushes or sensors and therefore guarantees high performance and a long service life. In addition to Open/Close applications, the valve is ideal for variable and complex control applications. The actuator has an integrated web server for parameterization and diagnostics purposes.",https://www.gemu-group.com/en/products/valve-technology/diaphragm-valves/649,BURKERT-CATALOG-002|BURKERT-DIAPHRAGM-001|BURKERT-DIAPHRAGM-002|BURKERT-2103-001|GEMU-650-001|GEMU-649-001|GEMU-SERIES-605|GEMU-SERIES-616|GEMU-SERIES-629|GEMU-SERIES-639|GEMU-SERIES-650|GEMU-SERIES-651|GEMU-SERIES-653|GEMU-SERIES-654|GEMU-SERIES-D40|GEMU-SERIES-D41|FUJIKIN-BNW-001|FUJIKIN-SERIES-BNWM-BNWC-66C6E5BE|FUJIKIN-SERIES-BNWC-2F0E12E0|FUJIKIN-SERIES-BSW-F5AFD21C|FUJIKIN-SERIES-BSWCN-AD5BAF95|FUJIKIN-SERIES-LPSM-LPSL-88A88889|FUJIKIN-SERIES-LPS-5E67B882|ESG-DIAPHRAGM-001|ESG-SERIES-A00|ESG-SERIES-A01|GEMU-SERIES-649,中国项目价格/净价、库存、产地、标准品与定制品交期、装机量、客户评价及售后服务表现需内部验证,649：Electromotive 2/2-way diaphragm valve with metal body；优先联想到制药或生物技术过程；具体卫生等级需确认；CIP/SIP与蒸汽灭菌，再核对工况、配置和证据边界。,客户在什么工况下应选择或排除 649？比较前必须确认哪些参数和证据？,GENERATED_REVIEWED_BY_RULES,2026-06-09,2026-06-24
GEMU-650,GEMÜ,650,Pneumatic 2/2-way diaphragm valve made of metal,,Valve Technology,Diaphragm Valves,Pneumatic 2/2-way diaphragm valve made of metal,pneumatic,在无菌主工艺、配液、纯化或卫生输送；CIP/SIP与蒸汽灭菌中完成卫生隔离、切换、调节或低滞留流路设计；具体任务取决于阀体和执行配置。,无菌主工艺、配液、纯化或卫生输送；CIP/SIP与蒸汽灭菌,"Ambient temperature=-20 to 60 °C；Body configurations=i-body Multi-port body Straight through body T body Tank valve body Welding configuration；Body materials=(316L), forging material 1.4408, investment casting material 1.4408, investment casting material, PFA lined 1.4435 (316L), block material 1.4435 (BN2), forged material 1.4435, investment casting material 1.4539 (904L), forged material 3.7035, titanium, block material；Conformities=3A ATEX BSE/TSE CRN EAC EHEDG FDA FMEDA Oxygen Reg. (EU) No. 10/2011 Regulation (EC) No. 1935/2004 Regulation (EC) No. 2023/2006 SIL TA Luft (German Clean Air Act) USP；Connection standards=ANSI ASME BS DIN EN ISO JIS SMS；Connection types=Clamp Flange Spigot thread；Diaphragm materials=EPDM FKM PTFE/EPDM PTFE/PVDF/EPDM；Media temperature=-30 to 130 °C；Nominal sizes=DN 4 to 150；Operating pressure=0 to 10 bar",介质与批次风险；DN及目标Cv/Kv；阀体流路和排空方向；接液材料与表面粗糙度；膜片材质和寿命；连接标准；工作与灭菌温压；CIP/SIP程序；死区要求；认证与材料追溯；手动、开关或调节自动化。,不能用系列名称代替具体阀体、膜片和连接配置；未确认排空、死区、温压、材料证明或灭菌循环时，不得判定适用于关键无菌主工艺。,605|612|615|616|629|639|649|650TL,DIRECT / 配液、发酵、纯化、CIP/SIP、无菌输送 / 2030|2031|2032|2033|2034|2035|2103|2104|2105|2106 / BNWM/BNWC weir; BSW/BSWCN/LPS weirless diaphragm families / A00 pneumatic and A01 manual diaphragm valves；DIRECT / 无菌主工艺、配液、纯化、CIP/SIP / 2030|2063|2103,阀体结构；流路；DN；Cv；316L牌号；Ra；膜片；连接；温压；排空；认证；执行与反馈；DN；压力；灭菌温度；阀体构型；316L牌号；Ra；膜片；认证；控制头,A,"本卡仅汇总公开目录、官方产品页和规格主表，不等同于应用工程批准或验证文件。；HIGH表示制药相关性高，不表示全部配置均适用于无菌主工艺。；源记录边界：Official page description: The GEMÜ 650 BioStar 2/2-way diaphragm valve has a stainless steel piston actuator and is pneumatically operated. The valve is designed for use in a sterile environment. All actuator parts are made from stainless steel (except seals). The compression springs of diaphragm sizes 80 and 100 are made of epoxy-coated spring steel. Normally Closed (NC), Normally Open (NO) and Double Acting (DA) control functions are available. An integrated optical position indicator is standard.",https://www.gemu-group.com/en/products/valve-technology/diaphragm-valves/650,BURKERT-CATALOG-002|BURKERT-DIAPHRAGM-001|BURKERT-DIAPHRAGM-002|BURKERT-2103-001|GEMU-650-001|GEMU-649-001|GEMU-SERIES-605|GEMU-SERIES-616|GEMU-SERIES-629|GEMU-SERIES-639|GEMU-SERIES-650|GEMU-SERIES-651|GEMU-SERIES-653|GEMU-SERIES-654|GEMU-SERIES-D40|GEMU-SERIES-D41|FUJIKIN-BNW-001|FUJIKIN-SERIES-BNWM-BNWC-66C6E5BE|FUJIKIN-SERIES-BNWC-2F0E12E0|FUJIKIN-SERIES-BSW-F5AFD21C|FUJIKIN-SERIES-BSWCN-AD5BAF95|FUJIKIN-SERIES-LPSM-LPSL-88A88889|FUJIKIN-SERIES-LPS-5E67B882|ESG-DIAPHRAGM-001|ESG-SERIES-A00|ESG-SERIES-A01,中国项目价格/净价、库存、产地、标准品与定制品交期、装机量、客户评价及售后服务表现需内部验证,650：Pneumatic 2/2-way diaphragm valve made of metal；优先联想到无菌主工艺、配液、纯化或卫生输送；CIP/SIP与蒸汽灭菌，再核对工况、配置和证据边界。,客户在什么工况下应选择或排除 650？比较前必须确认哪些参数和证据？,GENERATED_REVIEWED_BY_RULES,2026-06-09,2026-06-24
GEMU-650TL,GEMÜ,650TL,Manual 2/2-way diaphragm valve with metal body,,Valve Technology,Diaphragm Valves,Manual 2/2-way diaphragm valve with metal body,pneumatic | manual,在制药或生物技术过程；具体卫生等级需确认；CIP/SIP与蒸汽灭菌中完成卫生隔离、切换、调节或低滞留流路设计；具体任务取决于阀体和执行配置。,制药或生物技术过程；具体卫生等级需确认；CIP/SIP与蒸汽灭菌,"Ambient temperature=0 to 60 °C；Body configurations=i-body Multi-port body Straight through body T body Tank valve body Welding configuration；Body materials=(316L), forging material 1.4435 (316L), block material 1.4435 (BN2), block material 1.4435 (BN2), forged material 1.4435, investment casting material 1.4539 (904L), forged material；Conformities=3A CRN EAC FDA Oxygen Reg. (EU) No. 10/2011 Regulation (EC) No. 1935/2004 Regulation (EC) No. 2023/2006 TA Luft (German Clean Air Act) USP；Connection standards=ANSI ASME BS DIN EN ISO JIS SMS；Connection types=Clamp Flange Spigot thread；Diaphragm materials=EPDM PTFE/EPDM；Media temperature=-10 to 100 °C；Nominal sizes=DN 4 to 25；Operating pressure=0 to 10 bar",介质与批次风险；DN及目标Cv/Kv；阀体流路和排空方向；接液材料与表面粗糙度；膜片材质和寿命；连接标准；工作与灭菌温压；CIP/SIP程序；死区要求；认证与材料追溯；手动、开关或调节自动化。,不能用系列名称代替具体阀体、膜片和连接配置；未确认排空、死区、温压、材料证明或灭菌循环时，不得判定适用于关键无菌主工艺。,605|612|615|616|629|639|649|650,未形成明确系列级竞品映射；需按客户任务和具体配置另行检索。,产品功能；工况；接液材料；连接；自动化；文件与服务,A,"本卡仅汇总公开目录、官方产品页和规格主表，不等同于应用工程批准或验证文件。；HIGH表示制药相关性高，不表示全部配置均适用于无菌主工艺。；源记录边界：Official page description: Diaphragm valve GEMÜ 650TL is a manually operated diaphragm valve with a pneumatic fail safe function. The valve can only be operated manually (opened/closed) if the actuator is supplied with compressed air. If this supply is interrupted, the valve closes due to the force of the spring and can no longer be opened manually.",https://www.gemu-group.com/en/products/valve-technology/diaphragm-valves/650tl,无独立映射证据编号；以官方产品页和规格表为准,中国项目价格/净价、库存、产地、标准品与定制品交期、装机量、客户评价及售后服务表现需内部验证,650TL：Manual 2/2-way diaphragm valve with metal body；优先联想到制药或生物技术过程；具体卫生等级需确认；CIP/SIP与蒸汽灭菌，再核对工况、配置和证据边界。,客户在什么工况下应选择或排除 650TL？比较前必须确认哪些参数和证据？,GENERATED_REVIEWED_BY_RULES,2026-06-09,2026-06-24
GEMU-651,GEMÜ,651,Pneumatic 2/2-way diaphragm valve with metal body,,Valve Technology,Diaphragm Valves,Pneumatic 2/2-way diaphragm valve with metal body,pneumatic,在无菌主工艺、配液、纯化或卫生输送；CIP/SIP与蒸汽灭菌中完成卫生隔离、切换、调节或低滞留流路设计；具体任务取决于阀体和执行配置。,无菌主工艺、配液、纯化或卫生输送；CIP/SIP与蒸汽灭菌,"Ambient temperature=0 to 60 °C；Body configurations=2/2-way body i-body Multi-port body Tank valve body T-body Welding configuration；Body materials=1.4408, investment casting material 1.4435 (316L), forged material 1.4435 (BN2), forged material 1.4435, investment casting material 1.4539 (904L), forged material；Connection standards=ANSI ASME BS DIN EN ISO JIS SMS；Connection types=Clamp Spigot Threaded connection；Diaphragm materials=EPDM PTFE/EPDM；Media temperature=-10 to 100 °C；Nominal sizes=DN 4 to 25；Operating pressure=0 to 10 bar；Sterilization temperature=Max. 150 °C",介质与批次风险；DN及目标Cv/Kv；阀体流路和排空方向；接液材料与表面粗糙度；膜片材质和寿命；连接标准；工作与灭菌温压；CIP/SIP程序；死区要求；认证与材料追溯；手动、开关或调节自动化。,不能用系列名称代替具体阀体、膜片和连接配置；未确认排空、死区、温压、材料证明或灭菌循环时，不得判定适用于关键无菌主工艺。,605|612|615|616|629|639|649|650,DIRECT / 配液、发酵、纯化、CIP/SIP、无菌输送 / 2030|2031|2032|2033|2034|2035|2103|2104|2105|2106 / BNWM/BNWC weir; BSW/BSWCN/LPS weirless diaphragm families / A00 pneumatic and A01 manual diaphragm valves,阀体结构；流路；DN；Cv；316L牌号；Ra；膜片；连接；温压；排空；认证；执行与反馈,A,"本卡仅汇总公开目录、官方产品页和规格主表，不等同于应用工程批准或验证文件。；HIGH表示制药相关性高，不表示全部配置均适用于无菌主工艺。；源记录边界：Official page description: The GEMÜ 651 2/2-way diaphragm valve has a stainless steel piston actuator and is pneumatically operated. The valve is designed for use in a sterile environment. The valve has a fully integrated automation module and an internal air supply. The available control functions are ""normally closed (NC)"" and ""normally open (NO)"". The integrated automation module is available as a combi switchbox or electro-pneumatic positioner.",https://www.gemu-group.com/en/products/valve-technology/diaphragm-valves/651,BURKERT-CATALOG-002|BURKERT-DIAPHRAGM-001|BURKERT-DIAPHRAGM-002|BURKERT-2103-001|GEMU-650-001|GEMU-649-001|GEMU-SERIES-605|GEMU-SERIES-616|GEMU-SERIES-629|GEMU-SERIES-639|GEMU-SERIES-650|GEMU-SERIES-651|GEMU-SERIES-653|GEMU-SERIES-654|GEMU-SERIES-D40|GEMU-SERIES-D41|FUJIKIN-BNW-001|FUJIKIN-SERIES-BNWM-BNWC-66C6E5BE|FUJIKIN-SERIES-BNWC-2F0E12E0|FUJIKIN-SERIES-BSW-F5AFD21C|FUJIKIN-SERIES-BSWCN-AD5BAF95|FUJIKIN-SERIES-LPSM-LPSL-88A88889|FUJIKIN-SERIES-LPS-5E67B882|ESG-DIAPHRAGM-001|ESG-SERIES-A00|ESG-SERIES-A01,中国项目价格/净价、库存、产地、标准品与定制品交期、装机量、客户评价及售后服务表现需内部验证,651：Pneumatic 2/2-way diaphragm valve with metal body；优先联想到无菌主工艺、配液、纯化或卫生输送；CIP/SIP与蒸汽灭菌，再核对工况、配置和证据边界。,客户在什么工况下应选择或排除 651？比较前必须确认哪些参数和证据？,GENERATED_REVIEWED_BY_RULES,2026-06-09,2026-06-24
GEMU-653,GEMÜ,653,Manual 2/2-way diaphragm valve with metal body,,Valve Technology,Diaphragm Valves,Manual 2/2-way diaphragm valve with metal body,manual,在制药或生物技术过程；具体卫生等级需确认；CIP/SIP与蒸汽灭菌中完成卫生隔离、切换、调节或低滞留流路设计；具体任务取决于阀体和执行配置。,制药或生物技术过程；具体卫生等级需确认；CIP/SIP与蒸汽灭菌,"Ambient temperature=0 Up to 60 °C；Body configurations=i-body Multi-port body Straight through body T body Tank valve body Welding configuration；Body lining=PFA；Body materials=(316L), forging material 1.4408, investment casting material 1.4435 (BN2), forged material 1.4435, investment casting material 1.4539 (904L), forged material；Conformities=3A CRN EAC FDA Oxygen Reg. (EU) No. 10/2011 Regulation (EC) No. 1935/2004 Regulation (EC) No. 2023/2006 TA Luft (German Clean Air Act) USP；Connection standards=ANSI ASME BS DIN EN ISO JIS SMS；Connection types=Clamp Flange Spigot thread；Diaphragm materials=EPDM FKM PTFE/EPDM PTFE/PVDF/EPDM；Media temperature=-10 to 100 °C；Nominal sizes=DN 10 to 100",介质与批次风险；DN及目标Cv/Kv；阀体流路和排空方向；接液材料与表面粗糙度；膜片材质和寿命；连接标准；工作与灭菌温压；CIP/SIP程序；死区要求；认证与材料追溯；手动、开关或调节自动化。,不能用系列名称代替具体阀体、膜片和连接配置；未确认排空、死区、温压、材料证明或灭菌循环时，不得判定适用于关键无菌主工艺。,605|612|615|616|629|639|649|650,DIRECT / 配液、发酵、纯化、CIP/SIP、无菌输送 / 2030|2031|2032|2033|2034|2035|2103|2104|2105|2106 / BNWM/BNWC weir; BSW/BSWCN/LPS weirless diaphragm families / A00 pneumatic and A01 manual diaphragm valves；DIRECT / 无菌输送、配液、过滤和卫生设备 / 2030|2063|2103|2933|2973,阀体结构；流路；DN；Cv；316L牌号；Ra；膜片；连接；温压；排空；认证；执行与反馈；执行方式；DN；压力；温度；连接；阀体；膜片；自动化附件,A,本卡仅汇总公开目录、官方产品页和规格主表，不等同于应用工程批准或验证文件。；HIGH表示制药相关性高，不表示全部配置均适用于无菌主工艺。；源记录边界：Official page description: The GEMÜ 653 2/2-way diaphragm valve has a stainless steel bonnet and is manually operated. The valve features a handwheel in high temperature and chemically resistant plastic. An integral optical position indicator is standard.,https://www.gemu-group.com/en/products/valve-technology/diaphragm-valves/653,BURKERT-CATALOG-002|BURKERT-DIAPHRAGM-001|BURKERT-DIAPHRAGM-002|BURKERT-2103-001|GEMU-650-001|GEMU-649-001|GEMU-SERIES-605|GEMU-SERIES-616|GEMU-SERIES-629|GEMU-SERIES-639|GEMU-SERIES-650|GEMU-SERIES-651|GEMU-SERIES-653|GEMU-SERIES-654|GEMU-SERIES-D40|GEMU-SERIES-D41|FUJIKIN-BNW-001|FUJIKIN-SERIES-BNWM-BNWC-66C6E5BE|FUJIKIN-SERIES-BNWC-2F0E12E0|FUJIKIN-SERIES-BSW-F5AFD21C|FUJIKIN-SERIES-BSWCN-AD5BAF95|FUJIKIN-SERIES-LPSM-LPSL-88A88889|FUJIKIN-SERIES-LPS-5E67B882|ESG-DIAPHRAGM-001|ESG-SERIES-A00|ESG-SERIES-A01,中国项目价格/净价、库存、产地、标准品与定制品交期、装机量、客户评价及售后服务表现需内部验证,653：Manual 2/2-way diaphragm valve with metal body；优先联想到制药或生物技术过程；具体卫生等级需确认；CIP/SIP与蒸汽灭菌，再核对工况、配置和证据边界。,客户在什么工况下应选择或排除 653？比较前必须确认哪些参数和证据？,GENERATED_REVIEWED_BY_RULES,2026-06-09,2026-06-24
GEMU-658,GEMÜ,658,Pneumatic 2/2-way diaphragm valve made of metal,,Valve Technology,Diaphragm Valves,Pneumatic 2/2-way diaphragm valve made of metal,pneumatic,在制药或生物技术过程；具体卫生等级需确认；CIP/SIP与蒸汽灭菌中完成卫生隔离、切换、调节或低滞留流路设计；具体任务取决于阀体和执行配置。,制药或生物技术过程；具体卫生等级需确认；CIP/SIP与蒸汽灭菌,"Ambient temperature=0 to 60 °C；Body configurations=i-body Multi-port body Straight through body T body Tank valve body Welding configuration；Body materials=(316L), forging material 1.4408, investment casting material 1.4435 (BN2), forged material 1.4435, investment casting material 1.4539 (904L), forged material；Conformities=3A BSE/TSE CRN EAC EHEDG FDA FMEDA Oxygen Reg. (EU) No. 10/2011 Regulation (EC) No. 1935/2004 Regulation (EC) No. 2023/2006 TA Luft (German Clean Air Act) USP；Connection standards=ANSI ASME BS DIN EN ISO JIS SMS；Connection types=Clamp Flange Spigot thread；Diaphragm materials=EPDM FKM PTFE/EPDM；Media temperature=-10 to 100 °C；Nominal sizes=DN 10 to 65；Operating pressure=0 to 10 bar",介质与批次风险；DN及目标Cv/Kv；阀体流路和排空方向；接液材料与表面粗糙度；膜片材质和寿命；连接标准；工作与灭菌温压；CIP/SIP程序；死区要求；认证与材料追溯；手动、开关或调节自动化。,不能用系列名称代替具体阀体、膜片和连接配置；未确认排空、死区、温压、材料证明或灭菌循环时，不得判定适用于关键无菌主工艺。,605|612|615|616|629|639|649|650,未形成明确系列级竞品映射；需按客户任务和具体配置另行检索。,产品功能；工况；接液材料；连接；自动化；文件与服务,A,"本卡仅汇总公开目录、官方产品页和规格主表，不等同于应用工程批准或验证文件。；HIGH表示制药相关性高，不表示全部配置均适用于无菌主工艺。；源记录边界：Official page description: The GEMÜ 658 2/2-way diaphragm valve has a two-stage actuator. In addition to full stroke, a partial stroke can be set via two pistons working independently of each other.All actuator parts including closing springs (except seals) are made from stainless steel. The valve is available with a Normally Closed control function. An opening stroke limiter for setting the partial stroke is integrated as standard.",https://www.gemu-group.com/en/products/valve-technology/diaphragm-valves/658,无独立映射证据编号；以官方产品页和规格表为准,中国项目价格/净价、库存、产地、标准品与定制品交期、装机量、客户评价及售后服务表现需内部验证,658：Pneumatic 2/2-way diaphragm valve made of metal；优先联想到制药或生物技术过程；具体卫生等级需确认；CIP/SIP与蒸汽灭菌，再核对工况、配置和证据边界。,客户在什么工况下应选择或排除 658？比较前必须确认哪些参数和证据？,GENERATED_REVIEWED_BY_RULES,2026-06-09,2026-06-24
GEMU-660,GEMÜ,660,Pneumatic 2/2-way diaphragm valve made of metal,,Valve Technology,Diaphragm Valves,Pneumatic 2/2-way diaphragm valve made of metal,pneumatic,在制药或生物技术过程；具体卫生等级需确认；CIP/SIP与蒸汽灭菌中完成卫生隔离、切换、调节或低滞留流路设计；具体任务取决于阀体和执行配置。,制药或生物技术过程；具体卫生等级需确认；CIP/SIP与蒸汽灭菌,"Ambient temperature=0 to 60 °C；Body configurations=2/2-way body i-body Multi-port body Tank valve body T-body Welding configuration；Body materials=1.4408, investment casting material 1.4435 (316L), forged material 1.4435 (BN2), forged material 1.4435, investment casting material 1.4539 (904L), forged material；Conformities=3A BSE/TSE CRN EAC EHEDG FDA FMEDA Oxygen Reg. (EU) No. 10/2011 Regulation (EC) No. 1935/2004 Regulation (EC) No. 2023/2006 TA Luft (German Clean Air Act) USP；Connection standards=ANSI ASME BS DIN EN ISO JIS SMS；Connection types=Clamp Flange Spigot Threaded connection；Diaphragm materials=EPDM PTFE/EPDM；Media temperature=-10 to 100 °C；Nominal sizes=DN 4 to 25；Operating pressure=0 to 5 bar",介质与批次风险；DN及目标Cv/Kv；阀体流路和排空方向；接液材料与表面粗糙度；膜片材质和寿命；连接标准；工作与灭菌温压；CIP/SIP程序；死区要求；认证与材料追溯；手动、开关或调节自动化。,不能用系列名称代替具体阀体、膜片和连接配置；未确认排空、死区、温压、材料证明或灭菌循环时，不得判定适用于关键无菌主工艺。,605|612|615|616|629|639|649|650,未形成明确系列级竞品映射；需按客户任务和具体配置另行检索。,产品功能；工况；接液材料；连接；自动化；文件与服务,A,"本卡仅汇总公开目录、官方产品页和规格主表，不等同于应用工程批准或验证文件。；HIGH表示制药相关性高，不表示全部配置均适用于无菌主工艺。；源记录边界：Official page description: The GEMÜ 660 2/2-way diaphragm valve has a stainless steel piston actuator and is pneumatically operated. The valve was designed for dosing and filling a wide range of products. All actuator parts are made from stainless steel (except seals). Normally Closed (NC), Normally Open (NO) and Double Acting (DA) control functions are available. An opening stroke and closing stroke limiter and an optical position indicator are integrated as standard.",https://www.gemu-group.com/en/products/valve-technology/diaphragm-valves/660,无独立映射证据编号；以官方产品页和规格表为准,中国项目价格/净价、库存、产地、标准品与定制品交期、装机量、客户评价及售后服务表现需内部验证,660：Pneumatic 2/2-way diaphragm valve made of metal；优先联想到制药或生物技术过程；具体卫生等级需确认；CIP/SIP与蒸汽灭菌，再核对工况、配置和证据边界。,客户在什么工况下应选择或排除 660？比较前必须确认哪些参数和证据？,GENERATED_REVIEWED_BY_RULES,2026-06-09,2026-06-24
GEMU-673,GEMÜ,673,Manual 2/2-way diaphragm valve made of metal,,Valve Technology,Diaphragm Valves,Manual 2/2-way diaphragm valve made of metal,manual,在制药或生物技术过程；具体卫生等级需确认；CIP/SIP与蒸汽灭菌中完成卫生隔离、切换、调节或低滞留流路设计；具体任务取决于阀体和执行配置。,制药或生物技术过程；具体卫生等级需确认；CIP/SIP与蒸汽灭菌,"Ambient temperature=0 to 60 °C；Body configurations=i-body Multi-port body Straight through body Tank valve body；Body materials=1.4408, investment casting material 1.4435, investment casting material 1.4435/316L, forged body material 1.4539/904L, forged and block material；Connection standards=ANSI ASME BS DIN EN ISO JIS SMS；Connection types=Clamp Flange Spigot thread；Diaphragm materials=EPDM FKM PTFE；Media temperature=-10 to 100 °C；Nominal sizes=DN 15 to 65；Operating pressure=0 to 10 bar；Sterilization temperature=Max. 150 °C",介质与批次风险；DN及目标Cv/Kv；阀体流路和排空方向；接液材料与表面粗糙度；膜片材质和寿命；连接标准；工作与灭菌温压；CIP/SIP程序；死区要求；认证与材料追溯；手动、开关或调节自动化。,不能用系列名称代替具体阀体、膜片和连接配置；未确认排空、死区、温压、材料证明或灭菌循环时，不得判定适用于关键无菌主工艺。,605|612|615|616|629|639|649|650,未形成明确系列级竞品映射；需按客户任务和具体配置另行检索。,产品功能；工况；接液材料；连接；自动化；文件与服务,A,本卡仅汇总公开目录、官方产品页和规格主表，不等同于应用工程批准或验证文件。；HIGH表示制药相关性高，不表示全部配置均适用于无菌主工艺。；源记录边界：Official page description: The GEMÜ 2/2-way diaphragm valve has a temperature-resistant plastic handwheel and is manually operated. A closing stroke limiter to increase service life of the diaphragm and an optical position indicator are integrated as standard.,https://www.gemu-group.com/en/products/valve-technology/diaphragm-valves/673,无独立映射证据编号；以官方产品页和规格表为准,中国项目价格/净价、库存、产地、标准品与定制品交期、装机量、客户评价及售后服务表现需内部验证,673：Manual 2/2-way diaphragm valve made of metal；优先联想到制药或生物技术过程；具体卫生等级需确认；CIP/SIP与蒸汽灭菌，再核对工况、配置和证据边界。,客户在什么工况下应选择或排除 673？比较前必须确认哪些参数和证据？,GENERATED_REVIEWED_BY_RULES,2026-06-09,2026-06-24
GEMU-673P9,GEMÜ,673P9,Manual 2/2-way diaphragm valve made of metal,,Valve Technology,Diaphragm Valves,Manual 2/2-way diaphragm valve made of metal,manual,在制药或生物技术过程；具体卫生等级需确认；CIP/SIP与蒸汽灭菌中完成卫生隔离、切换、调节或低滞留流路设计；具体任务取决于阀体和执行配置。,制药或生物技术过程；具体卫生等级需确认；CIP/SIP与蒸汽灭菌,"Ambient temperature=0 Up to 60 °C；Body configurations=i-body Multi-port body Straight through body T body Tank valve body Welding configuration；Body lining=PFA PP；Body materials=(316L), forging material 1.4408, investment casting material 1.4435 (BN2), forged material 1.4435, investment casting material 1.4539 (904L), forged material EN-GJS-400-18-LT (GGG 40.3)；Conformities=CRN EAC FDA Oxygen Reg. (EU) No. 10/2011 Regulation (EC) No. 1935/2004 Regulation (EC) No. 2023/2006 TA Luft (German Clean Air Act) USP；Connection standards=ANSI ASME BS DIN EN ISO JIS SMS；Connection types=Clamp Flange Spigot thread；Diaphragm materials=EPDM FKM PTFE/EPDM；Media temperature=-10 to 100 °C；Nominal sizes=DN 4 to 65",介质与批次风险；DN及目标Cv/Kv；阀体流路和排空方向；接液材料与表面粗糙度；膜片材质和寿命；连接标准；工作与灭菌温压；CIP/SIP程序；死区要求；认证与材料追溯；手动、开关或调节自动化。,不能用系列名称代替具体阀体、膜片和连接配置；未确认排空、死区、温压、材料证明或灭菌循环时，不得判定适用于关键无菌主工艺。,605|612|615|616|629|639|649|650,未形成明确系列级竞品映射；需按客户任务和具体配置另行检索。,产品功能；工况；接液材料；连接；自动化；文件与服务,A,"本卡仅汇总公开目录、官方产品页和规格主表，不等同于应用工程批准或验证文件。；HIGH表示制药相关性高，不表示全部配置均适用于无菌主工艺。；源记录边界：Official page description: The GEMÜ 673P9 2/2-way diaphragm valve has a temperature-resistant plastic handwheel and is manually operated. The actuator of the valve is specially sealed, making it ideal for demanding cleaning processes. A closing stroke limiter to increase the service life of the diaphragm and an optical position indicator are integrated as standard (diaphragm size 10-50).",https://www.gemu-group.com/en/products/valve-technology/diaphragm-valves/673p9,无独立映射证据编号；以官方产品页和规格表为准,中国项目价格/净价、库存、产地、标准品与定制品交期、装机量、客户评价及售后服务表现需内部验证,673P9：Manual 2/2-way diaphragm valve made of metal；优先联想到制药或生物技术过程；具体卫生等级需确认；CIP/SIP与蒸汽灭菌，再核对工况、配置和证据边界。,客户在什么工况下应选择或排除 673P9？比较前必须确认哪些参数和证据？,GENERATED_REVIEWED_BY_RULES,2026-06-09,2026-06-24
GEMU-687,GEMÜ,687,Pneumatic 2/2-way diaphragm valve with metal body,,Valve Technology,Diaphragm Valves,Pneumatic 2/2-way diaphragm valve with metal body,pneumatic,在制药或生物技术过程；具体卫生等级需确认；CIP/SIP与蒸汽灭菌中完成卫生隔离、切换、调节或低滞留流路设计；具体任务取决于阀体和执行配置。,制药或生物技术过程；具体卫生等级需确认；CIP/SIP与蒸汽灭菌,"Ambient temperature=-10 Up to 60 °C；Body configurations=Straight through body T body Tank valve body；Body materials=(316L), forging material 1.4408, investment casting material 1.4408, investment casting material, PFA lined 1.4435 (BN2), forged material 1.4435, investment casting material 1.4539 (904L), forged material EN-GJS-400-18-LT (GGG 40.3), PFA lined EN-GJS-400-18-LT (GGG 40.3), PP lined EN-GJS-400-18-LT, hard rubber lined；Conformities=3A ATEX Belgaqua CRN EAC FDA FMEDA Oxygen Reg. (EU) No. 10/2011 Regulation (EC) No. 1935/2004 TA Luft (German Clean Air Act) USP；Connection standards=ANSI ASME BS DIN EN ISO JIS NPT SMS；Connection types=Clamp Flange Spigot thread；Diaphragm materials=EPDM FKM PTFE PTFE/EPDM PTFE/PVDF/EPDM；Media temperature=-30 to 130 °C；Nominal sizes=DN 10 to 100；Operating pressure=0 Up to 10 bar",介质与批次风险；DN及目标Cv/Kv；阀体流路和排空方向；接液材料与表面粗糙度；膜片材质和寿命；连接标准；工作与灭菌温压；CIP/SIP程序；死区要求；认证与材料追溯；手动、开关或调节自动化。,不能用系列名称代替具体阀体、膜片和连接配置；未确认排空、死区、温压、材料证明或灭菌循环时，不得判定适用于关键无菌主工艺。,605|612|615|616|629|639|649|650,未形成明确系列级竞品映射；需按客户任务和具体配置另行检索。,产品功能；工况；接液材料；连接；自动化；文件与服务,A,"本卡仅汇总公开目录、官方产品页和规格主表，不等同于应用工程批准或验证文件。；HIGH表示制药相关性高，不表示全部配置均适用于无菌主工艺。；源记录边界：Official page description: The GEMÜ 687 2/2-way diaphragm valve has a low-maintenance membrane actuator and is pneumatically operated. The valve has a metal distance piece. Normally Closed (NC), Normally Open (NO) and Double Acting (DA) control functions are available.",https://www.gemu-group.com/en/products/valve-technology/diaphragm-valves/687,无独立映射证据编号；以官方产品页和规格表为准,中国项目价格/净价、库存、产地、标准品与定制品交期、装机量、客户评价及售后服务表现需内部验证,687：Pneumatic 2/2-way diaphragm valve with metal body；优先联想到制药或生物技术过程；具体卫生等级需确认；CIP/SIP与蒸汽灭菌，再核对工况、配置和证据边界。,客户在什么工况下应选择或排除 687？比较前必须确认哪些参数和证据？,GENERATED_REVIEWED_BY_RULES,2026-06-09,2026-06-24
GEMU-695,GEMÜ,695,Pneumatic 2/2-way diaphragm valve with metal body,,Valve Technology,Diaphragm Valves,Pneumatic 2/2-way diaphragm valve with metal body,pneumatic,在制药或生物技术过程；具体卫生等级需确认；CIP/SIP与蒸汽灭菌中完成卫生隔离、切换、调节或低滞留流路设计；具体任务取决于阀体和执行配置。,制药或生物技术过程；具体卫生等级需确认；CIP/SIP与蒸汽灭菌,"Ambient temperature=0 to 60 °C；Body configurations=Straight through body；Body materials=(316L), forging material 1.4408, investment casting material 1.4408, investment casting material, PFA lined 1.4435 (BN2), forged material 1.4435, investment casting material 1.4539 (904L), forged material EN-GJS-400-18-LT (GGG 40.3) EN-GJS-400-18-LT, SG iron material with butyl lining EN-GJS-400-18-LT, SG iron material with hard rubber lining EN-GJS-400-18-LT, SG iron material with soft rubber lining EN-GJS-400-18-LT, SG iron material, PFA lined EN-GJS-400-18-LT, SG iron material, PP lined；Conformities=Belgaqua EAC FDA Oxygen TA Luft (German Clean Air Act)；Connection standards=ANSI ASME BS DIN EN ISO JIS SMS；Connection types=Clamp Flange Spigot thread；Diaphragm materials=EPDM FKM NBR PTFE/EPDM PTFE/FKM；Media temperature=-10 to 80 °C；Nominal sizes=DN 15 to 65；Operating pressure=0 to 10 bar",介质与批次风险；DN及目标Cv/Kv；阀体流路和排空方向；接液材料与表面粗糙度；膜片材质和寿命；连接标准；工作与灭菌温压；CIP/SIP程序；死区要求；认证与材料追溯；手动、开关或调节自动化。,不能用系列名称代替具体阀体、膜片和连接配置；未确认排空、死区、温压、材料证明或灭菌循环时，不得判定适用于关键无菌主工艺。,605|612|615|616|629|639|649|650,未形成明确系列级竞品映射；需按客户任务和具体配置另行检索。,产品功能；工况；接液材料；连接；自动化；文件与服务,A,"本卡仅汇总公开目录、官方产品页和规格主表，不等同于应用工程批准或验证文件。；HIGH表示制药相关性高，不表示全部配置均适用于无菌主工艺。；源记录边界：Official page description: The GEMÜ 695 2/2-way diaphragm valve has a low-maintenance membrane actuator and is pneumatically operated. Normally Closed (NC), Normally Open (NO) and Double Acting (DA) control functions are available.",https://www.gemu-group.com/en/products/valve-technology/diaphragm-valves/695,无独立映射证据编号；以官方产品页和规格表为准,中国项目价格/净价、库存、产地、标准品与定制品交期、装机量、客户评价及售后服务表现需内部验证,695：Pneumatic 2/2-way diaphragm valve with metal body；优先联想到制药或生物技术过程；具体卫生等级需确认；CIP/SIP与蒸汽灭菌，再核对工况、配置和证据边界。,客户在什么工况下应选择或排除 695？比较前必须确认哪些参数和证据？,GENERATED_REVIEWED_BY_RULES,2026-06-09,2026-06-24
GEMU-B22,GEMÜ,B22,Manual 2/2-way metal ball valve,,Valve Technology,Ball Valves,Manual 2/2-way metal ball valve,manual,在制药或生物技术过程；具体卫生等级需确认中完成介质隔离、切换或调节，适用性由阀体结构、密封和工况共同决定。,制药或生物技术过程；具体卫生等级需确认,"Ambient temperature=-40 Up to 60 °C；Ball configurations=Control ball；Body configurations=Straight through body；Body materials=1.4408, investment casting material；Conformities=ASME GEMÜ B31.3 EAC FDA Functional safety Oxygen Reg. (EU) No. 10/2011 Regulation (EC) No. 1935/2004 Regulation (EC) No. 2023/2006 TA Luft (German Clean Air Act)；Connection standards=ASME DIN EN ISO NPT；Connection types=Flange Spigot thread；Media temperature=-40 to 180 °C；Nominal sizes=DN 8 to 100；Operating pressure=0 Up to 63 bar",介质；DN与目标Cv/Kv；压力、温度和压差；阀体与密封材料；连接标准；泄漏等级；执行方式和故障安全位；循环频率；清洗或灭菌要求；认证与材料文件。,不同阀体结构、密封原理和调节任务不可仅按口径互换；缺少接液材料、温压、排空或卫生证明时，不得外推到关键无菌流路。,B26|B27|B2F|B42|B47|B52|B54|BB06,DIRECT_OR_ADJACENT / 公用工程、大口径输送、设备隔离 / 8804|8805 / Ball/check/general industrial valve portfolio / 300 butterfly|400 ball|500 check series；DIRECT_OR_ADJACENT / 公用工程、设备隔离和非无菌过程 / 2651|2652|2654|2655|2657|2658|8804|8805,口径；衬里/密封；卫生等级；压温；执行器；扭矩；失效位；通径；腔体；密封；排空；连接；执行器；防爆；清洁边界,A,本卡仅汇总公开目录、官方产品页和规格主表，不等同于应用工程批准或验证文件。；HIGH表示制药相关性高，不表示全部配置均适用于无菌主工艺。；源记录边界：Official page description: The GEMÜ B22 3-piece 2/2-way metal ball valve is manually operated. It has a plastic sleeved hand lever with a locking device. The seat seal is made of PTFE.,https://www.gemu-group.com/en/products/valve-technology/ball-valves/b22,BURKERT-CATALOG-002|BURKERT-COMPANY-001|GEMU-CHINA-002|GEMU-SERIES-D480|GEMU-SERIES-D488|GEMU-SERIES-490|GEMU-SERIES-491|GEMU-SERIES-B20|GEMU-SERIES-B22|GEMU-SERIES-B42|GEMU-SERIES-B52|FUJIKIN-COMPANY-001|ESG-PRODUCT-001|GEMU-SERIES-B26|GEMU-SERIES-B27|GEMU-SERIES-B47|GEMU-SERIES-B54,中国项目价格/净价、库存、产地、标准品与定制品交期、装机量、客户评价及售后服务表现需内部验证,B22：Manual 2/2-way metal ball valve；优先联想到制药或生物技术过程；具体卫生等级需确认，再核对工况、配置和证据边界。,客户在什么工况下应选择或排除 B22？比较前必须确认哪些参数和证据？,GENERATED_REVIEWED_BY_RULES,2026-06-09,2026-06-24
GEMU-B26,GEMÜ,B26,Manual 2/2-way metal ball valve,,Valve Technology,Ball Valves,Manual 2/2-way metal ball valve,manual,在制药或生物技术过程；具体卫生等级需确认中完成介质隔离、切换或调节，适用性由阀体结构、密封和工况共同决定。,制药或生物技术过程；具体卫生等级需确认,"Ambient temperature=-20 Up to 60 °C；Ball configurations=Control ball；Body configurations=Straight through body；Body materials=1.4408, investment casting material；Conformities=EAC FDA Reg. (EU) No. 10/2011 Regulation (EC) No. 1935/2004 Regulation (EC) No. 2023/2006 TA Luft (German Clean Air Act)；Connection standards=ANSI EN；Connection types=Flange；Media temperature=-20 to 180 °C；Nominal sizes=DN 15 to 100；Operating pressure=0 Up to 40 bar",介质；DN与目标Cv/Kv；压力、温度和压差；阀体与密封材料；连接标准；泄漏等级；执行方式和故障安全位；循环频率；清洗或灭菌要求；认证与材料文件。,不同阀体结构、密封原理和调节任务不可仅按口径互换；缺少接液材料、温压、排空或卫生证明时，不得外推到关键无菌流路。,B22|B27|B2F|B42|B47|B52|B54|BB06,DIRECT_OR_ADJACENT / 公用工程、设备隔离和非无菌过程 / 2651|2652|2654|2655|2657|2658|8804|8805,通径；腔体；密封；排空；连接；执行器；防爆；清洁边界,A,本卡仅汇总公开目录、官方产品页和规格主表，不等同于应用工程批准或验证文件。；HIGH表示制药相关性高，不表示全部配置均适用于无菌主工艺。；源记录边界：Official page description: The GEMÜ B26 metal one-piece 2/2-way ball valve has a plastic sleeved hand lever. The seat seal is made of PTFE.,https://www.gemu-group.com/en/products/valve-technology/ball-valves/b26,GEMU-SERIES-B20|GEMU-SERIES-B22|GEMU-SERIES-B26|GEMU-SERIES-B27|GEMU-SERIES-B42|GEMU-SERIES-B47|GEMU-SERIES-B52|GEMU-SERIES-B54,中国项目价格/净价、库存、产地、标准品与定制品交期、装机量、客户评价及售后服务表现需内部验证,B26：Manual 2/2-way metal ball valve；优先联想到制药或生物技术过程；具体卫生等级需确认，再核对工况、配置和证据边界。,客户在什么工况下应选择或排除 B26？比较前必须确认哪些参数和证据？,GENERATED_REVIEWED_BY_RULES,2026-06-09,2026-06-24
GEMU-B27,GEMÜ,B27,Manual 3/2-way metal ball valve,,Valve Technology,Ball Valves,Manual 3/2-way metal ball valve,manual,在制药或生物技术过程；具体卫生等级需确认中完成介质隔离、切换或调节，适用性由阀体结构、密封和工况共同决定。,制药或生物技术过程；具体卫生等级需确认,"Ambient temperature=-40 Up to 60 °C；Ball configurations=L-port T-port；Body configurations=Multi-port body；Body materials=1.4408, investment casting material；Conformities=FDA Functional safety Reg. (EU) No. 10/2011 Regulation (EC) No. 1935/2004 Regulation (EC) No. 2023/2006；Connection standards=DIN NPT；Connection types=thread；Media temperature=-40 to 180 °C；Nominal sizes=DN 8 to 50；Operating pressure=0 Up to 40 bar",介质；DN与目标Cv/Kv；压力、温度和压差；阀体与密封材料；连接标准；泄漏等级；执行方式和故障安全位；循环频率；清洗或灭菌要求；认证与材料文件。,不同阀体结构、密封原理和调节任务不可仅按口径互换；缺少接液材料、温压、排空或卫生证明时，不得外推到关键无菌流路。,B22|B26|B2F|B42|B47|B52|B54|BB06,DIRECT_OR_ADJACENT / 公用工程、设备隔离和非无菌过程 / 2651|2652|2654|2655|2657|2658|8804|8805,通径；腔体；密封；排空；连接；执行器；防爆；清洁边界,A,本卡仅汇总公开目录、官方产品页和规格主表，不等同于应用工程批准或验证文件。；HIGH表示制药相关性高，不表示全部配置均适用于无菌主工艺。；源记录边界：Official page description: The GEMÜ B27 3/2-way metal ball valve is manually operated. It has a plastic sleeved hand lever with a locking device. The seat seal is made of PTFE.,https://www.gemu-group.com/en/products/valve-technology/ball-valves/b27,GEMU-SERIES-B20|GEMU-SERIES-B22|GEMU-SERIES-B26|GEMU-SERIES-B27|GEMU-SERIES-B42|GEMU-SERIES-B47|GEMU-SERIES-B52|GEMU-SERIES-B54,中国项目价格/净价、库存、产地、标准品与定制品交期、装机量、客户评价及售后服务表现需内部验证,B27：Manual 3/2-way metal ball valve；优先联想到制药或生物技术过程；具体卫生等级需确认，再核对工况、配置和证据边界。,客户在什么工况下应选择或排除 B27？比较前必须确认哪些参数和证据？,GENERATED_REVIEWED_BY_RULES,2026-06-09,2026-06-24
GEMU-B2F,GEMÜ,B2F,Manual 2/2-way metal ball valve,,Valve Technology,Ball Valves,Manual 2/2-way metal ball valve,manual,在制药或生物技术过程；具体卫生等级需确认中完成介质隔离、切换或调节，适用性由阀体结构、密封和工况共同决定。,制药或生物技术过程；具体卫生等级需确认,"Ambient temperature=-20 Up to 60 °C；Ball configurations=Control ball Standard ball, full bore；Body configurations=Straight through body；Body materials=1.4408, investment casting material；Conformities=EAC FireSafe FMEDA TA Luft (German Clean Air Act)；Connection standards=ASME DIN EN；Connection types=Flange；Media temperature=-40 to 220 °C；Nominal sizes=DN 15 to 200；Operating pressure=0 Up to 40 bar",介质；DN与目标Cv/Kv；压力、温度和压差；阀体与密封材料；连接标准；泄漏等级；执行方式和故障安全位；循环频率；清洗或灭菌要求；认证与材料文件。,不同阀体结构、密封原理和调节任务不可仅按口径互换；缺少接液材料、温压、排空或卫生证明时，不得外推到关键无菌流路。,B22|B26|B27|B42|B47|B52|B54|BB06,未形成明确系列级竞品映射；需按客户任务和具体配置另行检索。,产品功能；工况；接液材料；连接；自动化；文件与服务,A,本卡仅汇总公开目录、官方产品页和规格主表，不等同于应用工程批准或验证文件。；HIGH表示制药相关性高，不表示全部配置均适用于无菌主工艺。；源记录边界：Official page description: The GEMÜ B2F two-piece 2/2-way metal ball valve is manually operated. It has a plastic sleeved hand lever with a locking device. The seat seal is made of PTFE with glass fibre reinforcement.,https://www.gemu-group.com/en/products/valve-technology/ball-valves/b2f,无独立映射证据编号；以官方产品页和规格表为准,中国项目价格/净价、库存、产地、标准品与定制品交期、装机量、客户评价及售后服务表现需内部验证,B2F：Manual 2/2-way metal ball valve；优先联想到制药或生物技术过程；具体卫生等级需确认，再核对工况、配置和证据边界。,客户在什么工况下应选择或排除 B2F？比较前必须确认哪些参数和证据？,GENERATED_REVIEWED_BY_RULES,2026-06-09,2026-06-24
GEMU-B42,GEMÜ,B42,Pneumatic 2/2-way metal ball valve,,Valve Technology,Ball Valves,Pneumatic 2/2-way metal ball valve,pneumatic,在制药或生物技术过程；具体卫生等级需确认中完成介质隔离、切换或调节，适用性由阀体结构、密封和工况共同决定。,制药或生物技术过程；具体卫生等级需确认,"Ambient temperature=-40 Up to 60 °C；Ball configurations=Control ball；Body configurations=Straight through body；Body materials=1.4408, investment casting material；Conformities=ASME GEMÜ B31.3 ATEX EAC FDA Functional safety Oxygen Reg. (EU) No. 10/2011 Regulation (EC) No. 1935/2004 Regulation (EC) No. 2023/2006 TA Luft (German Clean Air Act)；Connection standards=ASME DIN EN ISO NPT；Connection types=Flange Spigot thread；Media temperature=-40 to 180 °C；Nominal sizes=DN 8 to 100；Operating pressure=0 Up to 63 bar",介质；DN与目标Cv/Kv；压力、温度和压差；阀体与密封材料；连接标准；泄漏等级；执行方式和故障安全位；循环频率；清洗或灭菌要求；认证与材料文件。,不同阀体结构、密封原理和调节任务不可仅按口径互换；缺少接液材料、温压、排空或卫生证明时，不得外推到关键无菌流路。,B22|B26|B27|B2F|B47|B52|B54|BB06,DIRECT_OR_ADJACENT / 公用工程、大口径输送、设备隔离 / 8804|8805 / Ball/check/general industrial valve portfolio / 300 butterfly|400 ball|500 check series；DIRECT_OR_ADJACENT / 公用工程、设备隔离和非无菌过程 / 2651|2652|2654|2655|2657|2658|8804|8805,口径；衬里/密封；卫生等级；压温；执行器；扭矩；失效位；通径；腔体；密封；排空；连接；执行器；防爆；清洁边界,A,本卡仅汇总公开目录、官方产品页和规格主表，不等同于应用工程批准或验证文件。；HIGH表示制药相关性高，不表示全部配置均适用于无菌主工艺。；源记录边界：Official page description: The GEMÜ B42 3-piece 2/2-way metal ball valve is pneumatically operated. The seat seal is made of PTFE.,https://www.gemu-group.com/en/products/valve-technology/ball-valves/b42,BURKERT-CATALOG-002|BURKERT-COMPANY-001|GEMU-CHINA-002|GEMU-SERIES-D480|GEMU-SERIES-D488|GEMU-SERIES-490|GEMU-SERIES-491|GEMU-SERIES-B20|GEMU-SERIES-B22|GEMU-SERIES-B42|GEMU-SERIES-B52|FUJIKIN-COMPANY-001|ESG-PRODUCT-001|GEMU-SERIES-B26|GEMU-SERIES-B27|GEMU-SERIES-B47|GEMU-SERIES-B54,中国项目价格/净价、库存、产地、标准品与定制品交期、装机量、客户评价及售后服务表现需内部验证,B42：Pneumatic 2/2-way metal ball valve；优先联想到制药或生物技术过程；具体卫生等级需确认，再核对工况、配置和证据边界。,客户在什么工况下应选择或排除 B42？比较前必须确认哪些参数和证据？,GENERATED_REVIEWED_BY_RULES,2026-06-09,2026-06-24
GEMU-B47,GEMÜ,B47,Pneumatic 3/2-way metal ball valve,,Valve Technology,Ball Valves,Pneumatic 3/2-way metal ball valve,pneumatic,在制药或生物技术过程；具体卫生等级需确认中完成介质隔离、切换或调节，适用性由阀体结构、密封和工况共同决定。,制药或生物技术过程；具体卫生等级需确认,"Ambient temperature=-40 Up to 60 °C；Ball configurations=L-port T-port；Body configurations=Multi-port body；Body materials=1.4408, investment casting material；Conformities=ATEX；Connection standards=DIN NPT；Connection types=thread；Media temperature=-40 to 180 °C；Nominal sizes=DN 8 to 50；Operating pressure=0 Up to 40 bar",介质；DN与目标Cv/Kv；压力、温度和压差；阀体与密封材料；连接标准；泄漏等级；执行方式和故障安全位；循环频率；清洗或灭菌要求；认证与材料文件。,不同阀体结构、密封原理和调节任务不可仅按口径互换；缺少接液材料、温压、排空或卫生证明时，不得外推到关键无菌流路。,B22|B26|B27|B2F|B42|B52|B54|BB06,DIRECT_OR_ADJACENT / 公用工程、设备隔离和非无菌过程 / 2651|2652|2654|2655|2657|2658|8804|8805,通径；腔体；密封；排空；连接；执行器；防爆；清洁边界,A,本卡仅汇总公开目录、官方产品页和规格主表，不等同于应用工程批准或验证文件。；HIGH表示制药相关性高，不表示全部配置均适用于无菌主工艺。；源记录边界：Official page description: The GEMÜ B47 3/2-way metal ball valve is pneumatically operated. The seat seal is made of PTFE.,https://www.gemu-group.com/en/products/valve-technology/ball-valves/b47,GEMU-SERIES-B20|GEMU-SERIES-B22|GEMU-SERIES-B26|GEMU-SERIES-B27|GEMU-SERIES-B42|GEMU-SERIES-B47|GEMU-SERIES-B52|GEMU-SERIES-B54,中国项目价格/净价、库存、产地、标准品与定制品交期、装机量、客户评价及售后服务表现需内部验证,B47：Pneumatic 3/2-way metal ball valve；优先联想到制药或生物技术过程；具体卫生等级需确认，再核对工况、配置和证据边界。,客户在什么工况下应选择或排除 B47？比较前必须确认哪些参数和证据？,GENERATED_REVIEWED_BY_RULES,2026-06-09,2026-06-24
GEMU-B52,GEMÜ,B52,Electromotive 2/2-way metal ball valve,,Valve Technology,Ball Valves,Electromotive 2/2-way metal ball valve,motorized | manual,在制药或生物技术过程；具体卫生等级需确认中完成介质隔离、切换或调节，适用性由阀体结构、密封和工况共同决定。,制药或生物技术过程；具体卫生等级需确认,"Ambient temperature=-40 Up to 60 °C；Ball configurations=Control ball；Body configurations=Straight through body；Body materials=1.4408, investment casting material；Conformities=ASME GEMÜ B31.3 ATEX EAC FDA Oxygen Reg. (EU) No. 10/2011 Regulation (EC) No. 1935/2004 Regulation (EC) No. 2023/2006 TA Luft (German Clean Air Act)；Connection standards=ASME DIN EN ISO NPT；Connection types=Flange Spigot thread；Media temperature=-40 to 180 °C；Nominal sizes=DN 8 to 100；Operating pressure=0 Up to 63 bar",介质；DN与目标Cv/Kv；压力、温度和压差；阀体与密封材料；连接标准；泄漏等级；执行方式和故障安全位；循环频率；清洗或灭菌要求；认证与材料文件。,不同阀体结构、密封原理和调节任务不可仅按口径互换；缺少接液材料、温压、排空或卫生证明时，不得外推到关键无菌流路。,B22|B26|B27|B2F|B42|B47|B54|BB06,DIRECT_OR_ADJACENT / 公用工程、大口径输送、设备隔离 / 8804|8805 / Ball/check/general industrial valve portfolio / 300 butterfly|400 ball|500 check series；DIRECT_OR_ADJACENT / 公用工程、设备隔离和非无菌过程 / 2651|2652|2654|2655|2657|2658|8804|8805,口径；衬里/密封；卫生等级；压温；执行器；扭矩；失效位；通径；腔体；密封；排空；连接；执行器；防爆；清洁边界,A,本卡仅汇总公开目录、官方产品页和规格主表，不等同于应用工程批准或验证文件。；HIGH表示制药相关性高，不表示全部配置均适用于无菌主工艺。；源记录边界：Official page description: The GEMÜ B52 3-piece 2/2-way metal ball valve is motorized. It has a plastic actuator housing. A manual override and an optical position indicator are integrated as standard. The seat seal is made of PTFE.,https://www.gemu-group.com/en/products/valve-technology/ball-valves/b52,BURKERT-CATALOG-002|BURKERT-COMPANY-001|GEMU-CHINA-002|GEMU-SERIES-D480|GEMU-SERIES-D488|GEMU-SERIES-490|GEMU-SERIES-491|GEMU-SERIES-B20|GEMU-SERIES-B22|GEMU-SERIES-B42|GEMU-SERIES-B52|FUJIKIN-COMPANY-001|ESG-PRODUCT-001|GEMU-SERIES-B26|GEMU-SERIES-B27|GEMU-SERIES-B47|GEMU-SERIES-B54,中国项目价格/净价、库存、产地、标准品与定制品交期、装机量、客户评价及售后服务表现需内部验证,B52：Electromotive 2/2-way metal ball valve；优先联想到制药或生物技术过程；具体卫生等级需确认，再核对工况、配置和证据边界。,客户在什么工况下应选择或排除 B52？比较前必须确认哪些参数和证据？,GENERATED_REVIEWED_BY_RULES,2026-06-09,2026-06-24
GEMU-B54,GEMÜ,B54,Electric 2/2-way metal ball valve,,Valve Technology,Ball Valves,Electric 2/2-way metal ball valve,未公开，需查当前数据表或项目文件,在制药或生物技术过程；具体卫生等级需确认中完成介质隔离、切换或调节，适用性由阀体结构、密封和工况共同决定。,制药或生物技术过程；具体卫生等级需确认,"90° operating time=4 Up to 58 s；Ambient temperature=-20 Up to 60 °C；Body configurations=Straight through body；Body materials=1.4435 (316L), investment casting material；Connection standards=ASME DIN ISO SMS；Connection type=Clamp Spigot；Media temperature=-10 to 220 °C；Nominal sizes=DN 8 to 100；Operating pressure=0 Up to 63 bar；Protection class=IP 65, IP 67, IP 68",介质；DN与目标Cv/Kv；压力、温度和压差；阀体与密封材料；连接标准；泄漏等级；执行方式和故障安全位；循环频率；清洗或灭菌要求；认证与材料文件。,不同阀体结构、密封原理和调节任务不可仅按口径互换；缺少接液材料、温压、排空或卫生证明时，不得外推到关键无菌流路。,B22|B26|B27|B2F|B42|B47|B52|BB06,DIRECT_OR_ADJACENT / 公用工程、设备隔离和非无菌过程 / 2651|2652|2654|2655|2657|2658|8804|8805,通径；腔体；密封；排空；连接；执行器；防爆；清洁边界,A,"本卡仅汇总公开目录、官方产品页和规格主表，不等同于应用工程批准或验证文件。；HIGH表示制药相关性高，不表示全部配置均适用于无菌主工艺。；源记录边界：Official page description: The GEMÜ B54 three-piece 2/2-way metal ball valve with free shaft end and an actuator flange to DIN ISO 5211 for easy mounting of different actuator variants is particularly suitable for applications in the supply sector in the pharmaceutical, food processing and biotechnology industries thanks to the stainless steel alloy used (material composition corresponds to 316L) with a low delta ferrite content of <3 %. Only those plastics which are compliant with FDA, USP Class VI and Regulation (EU) No.10/2011 are used for the seals.",https://www.gemu-group.com/en/products/valve-technology/ball-valves/b54,GEMU-SERIES-B20|GEMU-SERIES-B22|GEMU-SERIES-B26|GEMU-SERIES-B27|GEMU-SERIES-B42|GEMU-SERIES-B47|GEMU-SERIES-B52|GEMU-SERIES-B54,中国项目价格/净价、库存、产地、标准品与定制品交期、装机量、客户评价及售后服务表现需内部验证,B54：Electric 2/2-way metal ball valve；优先联想到制药或生物技术过程；具体卫生等级需确认，再核对工况、配置和证据边界。,客户在什么工况下应选择或排除 B54？比较前必须确认哪些参数和证据？,GENERATED_REVIEWED_BY_RULES,2026-06-09,2026-06-24
GEMU-BB06,GEMÜ,BB06,2/2-way ball valve with free shaft end made of metal,,Valve Technology,Ball Valves,2/2-way ball valve with free shaft end made of metal,未公开，需查当前数据表或项目文件,在制药或生物技术过程；具体卫生等级需确认中完成介质隔离、切换或调节，适用性由阀体结构、密封和工况共同决定。,制药或生物技术过程；具体卫生等级需确认,"Ambient temperature=-40 Up to 60 °C；Ball configurations=Control ball；Body configurations=Straight through body；Body materials=1.4408, investment casting material；Conformities=EAC FDA FMEDA Functional safety Reg. (EU) No. 10/2011 Regulation (EC) No. 1935/2004 Regulation (EC) No. 2023/2006 TA Luft (German Clean Air Act)；Connection standards=ANSI EN；Connection types=Flange；Media temperature=-40 to 180 °C；Nominal sizes=DN 15 to 100；Operating pressure=0 Up to 40 bar",介质；DN与目标Cv/Kv；压力、温度和压差；阀体与密封材料；连接标准；泄漏等级；执行方式和故障安全位；循环频率；清洗或灭菌要求；认证与材料文件。,不同阀体结构、密封原理和调节任务不可仅按口径互换；缺少接液材料、温压、排空或卫生证明时，不得外推到关键无菌流路。,B22|B26|B27|B2F|B42|B47|B52|B54,未形成明确系列级竞品映射；需按客户任务和具体配置另行检索。,产品功能；工况；接液材料；连接；自动化；文件与服务,A,本卡仅汇总公开目录、官方产品页和规格主表，不等同于应用工程批准或验证文件。；HIGH表示制药相关性高，不表示全部配置均适用于无菌主工艺。；源记录边界：Official page description: The GEMÜ BB06 metal one-piece 2/2-way ball valve has a bare shaft. The seat seal is made of PTFE.,https://www.gemu-group.com/en/products/valve-technology/ball-valves/bb06,无独立映射证据编号；以官方产品页和规格表为准,中国项目价格/净价、库存、产地、标准品与定制品交期、装机量、客户评价及售后服务表现需内部验证,BB06：2/2-way ball valve with free shaft end made of metal；优先联想到制药或生物技术过程；具体卫生等级需确认，再核对工况、配置和证据边界。,客户在什么工况下应选择或排除 BB06？比较前必须确认哪些参数和证据？,GENERATED_REVIEWED_BY_RULES,2026-06-09,2026-06-24
GEMU-BB07,GEMÜ,BB07,3/2-way ball valve with free shaft end made of metal,,Valve Technology,Ball Valves,3/2-way ball valve with free shaft end made of metal,未公开，需查当前数据表或项目文件,在制药或生物技术过程；具体卫生等级需确认中完成介质隔离、切换或调节，适用性由阀体结构、密封和工况共同决定。,制药或生物技术过程；具体卫生等级需确认,"Ambient temperature=-40 Up to 60 °C；Ball configurations=L-port T-port；Body configurations=Multi-port body；Body materials=1.4408, investment casting material；Conformities=FDA FMEDA Functional safety Functional safety Regulation (EC) No. 1935/2004；Connection standards=DIN NPT；Connection types=thread；Media temperature=-40 to 180 °C；Nominal sizes=DN 8 to 50；Operating pressure=0 Up to 40 bar",介质；DN与目标Cv/Kv；压力、温度和压差；阀体与密封材料；连接标准；泄漏等级；执行方式和故障安全位；循环频率；清洗或灭菌要求；认证与材料文件。,不同阀体结构、密封原理和调节任务不可仅按口径互换；缺少接液材料、温压、排空或卫生证明时，不得外推到关键无菌流路。,B22|B26|B27|B2F|B42|B47|B52|B54,未形成明确系列级竞品映射；需按客户任务和具体配置另行检索。,产品功能；工况；接液材料；连接；自动化；文件与服务,A,"本卡仅汇总公开目录、官方产品页和规格主表，不等同于应用工程批准或验证文件。；HIGH表示制药相关性高，不表示全部配置均适用于无菌主工艺。；源记录边界：Official page description: The GEMÜ BB07 stainless steel 3/2-way ball valve has a bare shaft. Thanks to the top flange according to ISO 5211, easy actuator mounting is possible.",https://www.gemu-group.com/en/products/valve-technology/ball-valves/bb07,无独立映射证据编号；以官方产品页和规格表为准,中国项目价格/净价、库存、产地、标准品与定制品交期、装机量、客户评价及售后服务表现需内部验证,BB07：3/2-way ball valve with free shaft end made of metal；优先联想到制药或生物技术过程；具体卫生等级需确认，再核对工况、配置和证据边界。,客户在什么工况下应选择或排除 BB07？比较前必须确认哪些参数和证据？,GENERATED_REVIEWED_BY_RULES,2026-06-09,2026-06-24
GEMU-BB0F,GEMÜ,BB0F,2/2-way ball valve with free shaft end made of metal,,Valve Technology,Ball Valves,2/2-way ball valve with free shaft end made of metal,未公开，需查当前数据表或项目文件,在制药或生物技术过程；具体卫生等级需确认中完成介质隔离、切换或调节，适用性由阀体结构、密封和工况共同决定。,制药或生物技术过程；具体卫生等级需确认,"Ambient temperature=-20 Up to 60 °C；Ball configurations=Control ball Standard ball, full bore；Body configurations=Straight through body；Body materials=1.4408, investment casting material；Conformities=EAC FireSafe FMEDA Functional safety TA Luft (German Clean Air Act)；Connection standards=ASME DIN EN；Connection types=Flange；Media temperature=-40 to 220 °C；Nominal sizes=DN 15 to 200；Operating pressure=0 Up to 40 bar",介质；DN与目标Cv/Kv；压力、温度和压差；阀体与密封材料；连接标准；泄漏等级；执行方式和故障安全位；循环频率；清洗或灭菌要求；认证与材料文件。,不同阀体结构、密封原理和调节任务不可仅按口径互换；缺少接液材料、温压、排空或卫生证明时，不得外推到关键无菌流路。,B22|B26|B27|B2F|B42|B47|B52|B54,未形成明确系列级竞品映射；需按客户任务和具体配置另行检索。,产品功能；工况；接液材料；连接；自动化；文件与服务,A,"本卡仅汇总公开目录、官方产品页和规格主表，不等同于应用工程批准或验证文件。；HIGH表示制药相关性高，不表示全部配置均适用于无菌主工艺。；源记录边界：Official page description: The GEMÜ BB0F two-piece 2/2-way ball valve made from stainless steel has a bare shaft. Due to the top flange according to ISO 5211, simple actuator mounting is possible.",https://www.gemu-group.com/en/products/valve-technology/ball-valves/bb0f,无独立映射证据编号；以官方产品页和规格表为准,中国项目价格/净价、库存、产地、标准品与定制品交期、装机量、客户评价及售后服务表现需内部验证,BB0F：2/2-way ball valve with free shaft end made of metal；优先联想到制药或生物技术过程；具体卫生等级需确认，再核对工况、配置和证据边界。,客户在什么工况下应选择或排除 BB0F？比较前必须确认哪些参数和证据？,GENERATED_REVIEWED_BY_RULES,2026-06-09,2026-06-24
GEMU-C30,GEMÜ,C30,Pressure gauge with PFA pressure transmitter,,Measurement And Control Technology,Temperature Measuring Devices And Pressure Measuring Devices,Pressure gauge with PFA pressure transmitter,未公开，需查当前数据表或项目文件,在制药或生物技术过程；具体卫生等级需确认中完成过程测量、监控或闭环控制，为批次放行、清洗终点或工艺稳定性提供信号。,制药或生物技术过程；具体卫生等级需确认,Body material=PFA PTFE；Conformities=FDA；Connection type=Flare NPT thread；Max. operating pressure=6 bar；Media temperature=5 Up to 60 °C；Nominal sizes=1/4'' (DN 4) Up to 1 1/4'' (DN 25),介质及电导/黏度/气体组分；量程与正常工作点；精度、重复性和响应时间；压力、温度及压降；接液材料；卫生连接与可清洗性；校准和验证要求；输出信号、现场总线和控制系统接口；安装方向与直管段。,量程、介质属性、安装条件或校准口径不一致时不得直接比较精度；没有卫生连接、材料和清洗适配证据时，不得仅凭测量原理判定可用于制药主工艺。,同类高相关记录未找到；需扩展到相邻产品族判断,DIRECT_FOR_GEMU_ADJACENT_FOR_OTHERS / 罐体、公用工程、过滤、制药用水和设备状态监控 / 8110|8111|8112|8188|8314|8316|8325 / 公开主产品更偏阀件、高纯系统和压力式流控；未形成制药过程压力/温度/液位传感器系列级直接映射 / 未发现自有过程压力、温度或液位传感器产品族；700/701为压力控制阀而非测量传感器,测量原理；范围；精度；接液材质；过程连接；卫生设计；输出；认证,A,"本卡仅汇总公开目录、官方产品页和规格主表，不等同于应用工程批准或验证文件。；HIGH表示制药相关性高，不表示全部配置均适用于无菌主工艺。；源记录边界：Official page description: The GEMÜ C30 pressure measurement device is equipped with a PFA pressure transmitter and an analogue pressure gauge. The device body is made of PFA/PTFE and can be integrated directly into the piping system using flare unions. The pressure transmission is carried out with a monitoring liquid (standard IPA (isopropyl alcohol)/DI water, others available on request).",https://www.gemu-group.com/en/products/measurement-and-control-technology/temperature-measuring-devices-and-pressure-measuring-devices/c30,BURKERT-CATALOG-002|BURKERT-COMPANY-001|GEMU-COMPANY-001|GEMU-SERIES-C30|GEMU-SERIES-C33|ESG-PORTFOLIO-GAP-001|ESG-SERIES-700-701,中国项目价格/净价、库存、产地、标准品与定制品交期、装机量、客户评价及售后服务表现需内部验证,C30：Pressure gauge with PFA pressure transmitter；优先联想到制药或生物技术过程；具体卫生等级需确认，再核对工况、配置和证据边界。,客户在什么工况下应选择或排除 C30？比较前必须确认哪些参数和证据？,GENERATED_REVIEWED_BY_RULES,2026-06-09,2026-06-24
GEMU-C53,GEMÜ,C53,Motorized 2/2-way diaphragm globe valve,,Valve Technology,Diaphragm Seat Valves,Motorized 2/2-way diaphragm globe valve,motorized,在制药或生物技术过程；具体卫生等级需确认中完成卫生隔离、切换、调节或低滞留流路设计；具体任务取决于阀体和执行配置。,制药或生物技术过程；具体卫生等级需确认,Actuating speed=Max. 2 mm/s；Ambient temperature=0 to 40 °C；Body configurations=Straight through body；Body materials=Modified PTFE PFA；Connection sizes=1/4'' to 3/4''；Connection types=Flare PrimeLock® Super 300 Type Pillar®；Input signals=0–10 V 4–20 mA；Media temperature=10 to 150 °C；Operating pressure=0 to 6 bar；Protection class=IP65,介质与批次风险；DN及目标Cv/Kv；阀体流路和排空方向；接液材料与表面粗糙度；膜片材质和寿命；连接标准；工作与灭菌温压；CIP/SIP程序；死区要求；认证与材料追溯；手动、开关或调节自动化。,不能用系列名称代替具体阀体、膜片和连接配置；未确认排空、死区、温压、材料证明或灭菌循环时，不得判定适用于关键无菌主工艺。,567|C58|F40|F60,未形成明确系列级竞品映射；需按客户任务和具体配置另行检索。,产品功能；工况；接液材料；连接；自动化；文件与服务,A,"本卡仅汇总公开目录、官方产品页和规格主表，不等同于应用工程批准或验证文件。；HIGH表示制药相关性高，不表示全部配置均适用于无菌主工艺。；源记录边界：Official page description: The GEMÜ C53 iComLine 2/2-way diaphragm globe valve was developed for precise and demanding control applications in semiconductor production. The sealing concept of the valve is based on the tried-and-tested GEMÜ PD design, whereby the actuator and medium are separated by a PTFE regulating cone. As the regulating cone contour, actuator stroke and connection size can be adapted, the GEMÜ C53 iComLine satisfies virtually all control and flow requirements of the semiconductor industry. The precise stepper motor, in conjunction with the ultra-pure body materials, is particularly suitable for lithography, CMP, and etching processes, as well as analytical applications in semiconductor production.",https://www.gemu-group.com/en/products/valve-technology/diaphragm-seat-valves/c53,无独立映射证据编号；以官方产品页和规格表为准,中国项目价格/净价、库存、产地、标准品与定制品交期、装机量、客户评价及售后服务表现需内部验证,C53：Motorized 2/2-way diaphragm globe valve；优先联想到制药或生物技术过程；具体卫生等级需确认，再核对工况、配置和证据边界。,客户在什么工况下应选择或排除 C53？比较前必须确认哪些参数和证据？,GENERATED_REVIEWED_BY_RULES,2026-06-09,2026-06-24
GEMU-C58,GEMÜ,C58,Pneumatic 3/2-way diaphragm globe valve,,Valve Technology,Diaphragm Seat Valves,Pneumatic 3/2-way diaphragm globe valve,pneumatic,在制药或生物技术过程；具体卫生等级需确认中完成卫生隔离、切换、调节或低滞留流路设计；具体任务取决于阀体和执行配置。,制药或生物技术过程；具体卫生等级需确认,"Ambient temperature=0 to 60 °C；Body configurations=Multi-port body；Body materials=PTFE；Connection types=Flare PrimeLock® Super 300 Type Pillar®；Media temperature=-10 to 130 °C；Nominal sizes=DN 4 to 10；Operating pressure=0 to 5,5 bar；Seal materials=PTFE",介质与批次风险；DN及目标Cv/Kv；阀体流路和排空方向；接液材料与表面粗糙度；膜片材质和寿命；连接标准；工作与灭菌温压；CIP/SIP程序；死区要求；认证与材料追溯；手动、开关或调节自动化。,不能用系列名称代替具体阀体、膜片和连接配置；未确认排空、死区、温压、材料证明或灭菌循环时，不得判定适用于关键无菌主工艺。,567|C53|F40|F60,未形成明确系列级竞品映射；需按客户任务和具体配置另行检索。,产品功能；工况；接液材料；连接；自动化；文件与服务,A,"本卡仅汇总公开目录、官方产品页和规格主表，不等同于应用工程批准或验证文件。；HIGH表示制药相关性高，不表示全部配置均适用于无菌主工艺。；源记录边界：Official page description: GGEMÜ C58 is a high-purity 3/2-way process valve. The medium flowing in via the inlet can be switched between two outlets, whereby operation in the opposite flow direction is also possible. All wetted parts are made of PTFE. The valve is therefore suitable for handling aggressive media in the supply and process area of semiconductor production.",https://www.gemu-group.com/en/products/valve-technology/diaphragm-seat-valves/c58,无独立映射证据编号；以官方产品页和规格表为准,中国项目价格/净价、库存、产地、标准品与定制品交期、装机量、客户评价及售后服务表现需内部验证,C58：Pneumatic 3/2-way diaphragm globe valve；优先联想到制药或生物技术过程；具体卫生等级需确认，再核对工况、配置和证据边界。,客户在什么工况下应选择或排除 C58？比较前必须确认哪些参数和证据？,GENERATED_REVIEWED_BY_RULES,2026-06-09,2026-06-24
GEMU-D40,GEMÜ,D40,Pneumatic 2/2-way diaphragm valve made of metal,,Valve Technology,Diaphragm Valves,Pneumatic 2/2-way diaphragm valve made of metal,pneumatic,在无菌主工艺、配液、纯化或卫生输送；CIP/SIP与蒸汽灭菌中完成卫生隔离、切换、调节或低滞留流路设计；具体任务取决于阀体和执行配置。,无菌主工艺、配液、纯化或卫生输送；CIP/SIP与蒸汽灭菌,"Ambient temperature=-10 to 80 °C；Body configurations=Straight through body T body；Body materials=(316L), forging material 1.4435 (316L), block material 1.4435 (BN2), block material 1.4435 (BN2), forged material；Conformities=ATEX FDA Regulation (EC) No. 1935/2004 USP；Connection standards=ASME DIN EN ISO；Connection types=Clamp Spigot；Diaphragm materials=PTFE/EPDM；Media temperature=-10 to 100 °C；Nominal sizes=DN 10 to 40；Operating pressure=0 to 16 bar",介质与批次风险；DN及目标Cv/Kv；阀体流路和排空方向；接液材料与表面粗糙度；膜片材质和寿命；连接标准；工作与灭菌温压；CIP/SIP程序；死区要求；认证与材料追溯；手动、开关或调节自动化。,不能用系列名称代替具体阀体、膜片和连接配置；未确认排空、死区、温压、材料证明或灭菌循环时，不得判定适用于关键无菌主工艺。,605|612|615|616|629|639|649|650,DIRECT / 配液、发酵、纯化、CIP/SIP、无菌输送 / 2030|2031|2032|2033|2034|2035|2103|2104|2105|2106 / BNWM/BNWC weir; BSW/BSWCN/LPS weirless diaphragm families / A00 pneumatic and A01 manual diaphragm valves,阀体结构；流路；DN；Cv；316L牌号；Ra；膜片；连接；温压；排空；认证；执行与反馈,A,"本卡仅汇总公开目录、官方产品页和规格主表，不等同于应用工程批准或验证文件。；HIGH表示制药相关性高，不表示全部配置均适用于无菌主工艺。；源记录边界：Official page description: The pneumatically actuated GEMÜ D40 diaphragm valve is designed for use in sterile applications. The diaphragm hermetically separates the actuator from the operating medium. All drive parts (except the sealing and design elements) are made of stainless steel. The control functions available are ""spring force closed"", ""spring force open"" and ""activated on both sides"".",https://www.gemu-group.com/en/products/valve-technology/diaphragm-valves/d40,BURKERT-CATALOG-002|BURKERT-DIAPHRAGM-001|BURKERT-DIAPHRAGM-002|BURKERT-2103-001|GEMU-650-001|GEMU-649-001|GEMU-SERIES-605|GEMU-SERIES-616|GEMU-SERIES-629|GEMU-SERIES-639|GEMU-SERIES-650|GEMU-SERIES-651|GEMU-SERIES-653|GEMU-SERIES-654|GEMU-SERIES-D40|GEMU-SERIES-D41|FUJIKIN-BNW-001|FUJIKIN-SERIES-BNWM-BNWC-66C6E5BE|FUJIKIN-SERIES-BNWC-2F0E12E0|FUJIKIN-SERIES-BSW-F5AFD21C|FUJIKIN-SERIES-BSWCN-AD5BAF95|FUJIKIN-SERIES-LPSM-LPSL-88A88889|FUJIKIN-SERIES-LPS-5E67B882|ESG-DIAPHRAGM-001|ESG-SERIES-A00|ESG-SERIES-A01,中国项目价格/净价、库存、产地、标准品与定制品交期、装机量、客户评价及售后服务表现需内部验证,D40：Pneumatic 2/2-way diaphragm valve made of metal；优先联想到无菌主工艺、配液、纯化或卫生输送；CIP/SIP与蒸汽灭菌，再核对工况、配置和证据边界。,客户在什么工况下应选择或排除 D40？比较前必须确认哪些参数和证据？,GENERATED_REVIEWED_BY_RULES,2026-06-09,2026-06-24
GEMU-D41,GEMÜ,D41,Pneumatic 2/2-way diaphragm valve made of metal,,Valve Technology,Diaphragm Valves,Pneumatic 2/2-way diaphragm valve made of metal,pneumatic,在无菌主工艺、配液、纯化或卫生输送；CIP/SIP与蒸汽灭菌中完成卫生隔离、切换、调节或低滞留流路设计；具体任务取决于阀体和执行配置。,无菌主工艺、配液、纯化或卫生输送；CIP/SIP与蒸汽灭菌,"Ambient temperature=-10 to 80 °C；Body configurations=Straight through body T body；Body materials=(316L), forging material 1.4435 (316L), block material；Conformities=ATEX FDA Reg. (EU) No. 10/2011 Regulation (EC) No. 1935/2004 USP；Connection standards=ASME DIN EN ISO；Connection types=Clamp Spigot；Diaphragm materials=PTFE/EPDM；Media temperature=-10 to 100 °C；Nominal sizes=DN 10 to 40；Operating pressure=0 to 10 bar",介质与批次风险；DN及目标Cv/Kv；阀体流路和排空方向；接液材料与表面粗糙度；膜片材质和寿命；连接标准；工作与灭菌温压；CIP/SIP程序；死区要求；认证与材料追溯；手动、开关或调节自动化。,不能用系列名称代替具体阀体、膜片和连接配置；未确认排空、死区、温压、材料证明或灭菌循环时，不得判定适用于关键无菌主工艺。,605|612|615|616|629|639|649|650,DIRECT / 配液、发酵、纯化、CIP/SIP、无菌输送 / 2030|2031|2032|2033|2034|2035|2103|2104|2105|2106 / BNWM/BNWC weir; BSW/BSWCN/LPS weirless diaphragm families / A00 pneumatic and A01 manual diaphragm valves,阀体结构；流路；DN；Cv；316L牌号；Ra；膜片；连接；温压；排空；认证；执行与反馈,A,"本卡仅汇总公开目录、官方产品页和规格主表，不等同于应用工程批准或验证文件。；HIGH表示制药相关性高，不表示全部配置均适用于无菌主工艺。；源记录边界：Official page description: The pneumatically actuated GEMÜ D41 diaphragm valve is designed for use in sterile applications. The diaphragm hermetically separates the actuator from the operating medium. The GEMÜ D41 valve with EasyLock technology is mounted completely without any loose components via a central gearbox. All drive parts (except the sealing and design elements) are made of stainless steel. Normally Closed, Normally Open and Double Acting control functions are available.",https://www.gemu-group.com/en/products/valve-technology/diaphragm-valves/d41,BURKERT-CATALOG-002|BURKERT-DIAPHRAGM-001|BURKERT-DIAPHRAGM-002|BURKERT-2103-001|GEMU-650-001|GEMU-649-001|GEMU-SERIES-605|GEMU-SERIES-616|GEMU-SERIES-629|GEMU-SERIES-639|GEMU-SERIES-650|GEMU-SERIES-651|GEMU-SERIES-653|GEMU-SERIES-654|GEMU-SERIES-D40|GEMU-SERIES-D41|FUJIKIN-BNW-001|FUJIKIN-SERIES-BNWM-BNWC-66C6E5BE|FUJIKIN-SERIES-BNWC-2F0E12E0|FUJIKIN-SERIES-BSW-F5AFD21C|FUJIKIN-SERIES-BSWCN-AD5BAF95|FUJIKIN-SERIES-LPSM-LPSL-88A88889|FUJIKIN-SERIES-LPS-5E67B882|ESG-DIAPHRAGM-001|ESG-SERIES-A00|ESG-SERIES-A01,中国项目价格/净价、库存、产地、标准品与定制品交期、装机量、客户评价及售后服务表现需内部验证,D41：Pneumatic 2/2-way diaphragm valve made of metal；优先联想到无菌主工艺、配液、纯化或卫生输送；CIP/SIP与蒸汽灭菌，再核对工况、配置和证据边界。,客户在什么工况下应选择或排除 D41？比较前必须确认哪些参数和证据？,GENERATED_REVIEWED_BY_RULES,2026-06-09,2026-06-24
GEMU-F40,GEMÜ,F40,Pneumatic 2/2-way diaphragm globe valve with PD technology,,Valve Technology,Diaphragm Seat Valves,Pneumatic 2/2-way diaphragm globe valve with PD technology,pneumatic,在无菌主工艺、配液、纯化或卫生输送中完成卫生隔离、切换、调节或低滞留流路设计；具体任务取决于阀体和执行配置。,无菌主工艺、配液、纯化或卫生输送,"Ambient temperature=-10 to 60 °C；Body configurations=Multi-port body Straight through body；Body materials=1.4435 (316L), block material 1.4435, investment casting material；Conformities=3A ATEX EAC FDA Reg. (EU) No. 10/2011 Regulation (EC) No. 1935/2004 Regulation (EC) No. 2023/2006 USP；Connection standards=ASME DIN EN；Connection types=Clamp Spigot；Media temperature=-10 to 140 °C；Nominal sizes=DN 8 to 25；Operating pressure=0 to 7 bar；Seat seal materials=PTFE",介质与批次风险；DN及目标Cv/Kv；阀体流路和排空方向；接液材料与表面粗糙度；膜片材质和寿命；连接标准；工作与灭菌温压；CIP/SIP程序；死区要求；认证与材料追溯；手动、开关或调节自动化。,不能用系列名称代替具体阀体、膜片和连接配置；未确认排空、死区、温压、材料证明或灭菌循环时，不得判定适用于关键无菌主工艺。,567|C53|C58|F60,未形成明确系列级竞品映射；需按客户任务和具体配置另行检索。,产品功能；工况；接液材料；连接；自动化；文件与服务,A,"本卡仅汇总公开目录、官方产品页和规格主表，不等同于应用工程批准或验证文件。；HIGH表示制药相关性高，不表示全部配置均适用于无菌主工艺。；源记录边界：Official page description: The GEMÜ F40 2/2-way filling valve is designed for filling processes in aseptic and hygienic applications. Flow rates of up to 18,500 l/h are possible, depending on the design. The sealing concept of the valve is based on the GEMÜ PD design, whereby the actuator is hermetically separated from the medium. All actuator parts (except the seals) are made from stainless steel. The ""Normally closed"" and ""Normally open"" control functions are available.",https://www.gemu-group.com/en/products/valve-technology/diaphragm-seat-valves/f40,无独立映射证据编号；以官方产品页和规格表为准,中国项目价格/净价、库存、产地、标准品与定制品交期、装机量、客户评价及售后服务表现需内部验证,F40：Pneumatic 2/2-way diaphragm globe valve with PD technology；优先联想到无菌主工艺、配液、纯化或卫生输送，再核对工况、配置和证据边界。,客户在什么工况下应选择或排除 F40？比较前必须确认哪些参数和证据？,GENERATED_REVIEWED_BY_RULES,2026-06-09,2026-06-24
GEMU-F60,GEMÜ,F60,Electromotive 2/2-way diaphragm globe valve with PD technology,,Valve Technology,Diaphragm Seat Valves,Electromotive 2/2-way diaphragm globe valve with PD technology,motorized,在无菌主工艺、配液、纯化或卫生输送中完成卫生隔离、切换、调节或低滞留流路设计；具体任务取决于阀体和执行配置。,无菌主工艺、配液、纯化或卫生输送,"Actuating speed=Max. 200 mm/s；Ambient temperature=-10 Up to 60 °C；Body configurations=Multi-port body Straight through body；Body materials=1.4435, investment casting material；Conformities=3A EAC EHEDG FDA Reg. (EU) No. 10/2011 Regulation (EC) No. 1935/2004 Regulation (EC) No. 2023/2006 USP；Connection standards=ASME DIN EN；Connection types=Clamp Spigot；Media temperature=-10 to 140 °C；Nominal sizes=DN 8 to 25；Operating pressure=0 Up to 7 bar",介质与批次风险；DN及目标Cv/Kv；阀体流路和排空方向；接液材料与表面粗糙度；膜片材质和寿命；连接标准；工作与灭菌温压；CIP/SIP程序；死区要求；认证与材料追溯；手动、开关或调节自动化。,不能用系列名称代替具体阀体、膜片和连接配置；未确认排空、死区、温压、材料证明或灭菌循环时，不得判定适用于关键无菌主工艺。,567|C53|C58|F40,未形成明确系列级竞品映射；需按客户任务和具体配置另行检索。,产品功能；工况；接液材料；连接；自动化；文件与服务,A,"本卡仅汇总公开目录、官方产品页和规格主表，不等同于应用工程批准或验证文件。；HIGH表示制药相关性高，不表示全部配置均适用于无菌主工艺。；源记录边界：Official page description: The GEMÜ F60 motorized 2/2-way filling valve is designed for extremely precise and fast filling processes in aseptic and hygienic applications. GEMÜ F60 enables activation in real time, ultra-quick load cycles and high flow rates of up to 18.500 l/h. The sealing concept of the valve is based on the GEMÜ PD design, whereby the actuator is hermetically separated from the medium. All actuator parts (except the seals) are made from stainless steel.",https://www.gemu-group.com/en/products/valve-technology/diaphragm-seat-valves/f60,无独立映射证据编号；以官方产品页和规格表为准,中国项目价格/净价、库存、产地、标准品与定制品交期、装机量、客户评价及售后服务表现需内部验证,F60：Electromotive 2/2-way diaphragm globe valve with PD technology；优先联想到无菌主工艺、配液、纯化或卫生输送，再核对工况、配置和证据边界。,客户在什么工况下应选择或排除 F60？比较前必须确认哪些参数和证据？,GENERATED_REVIEWED_BY_RULES,2026-06-09,2026-06-24
GEMU-P40,GEMÜ,P40,Radial-sealing pneumatic bottom outlet valve made of metal,,Valve Technology,Tank Bottom Valves,Radial-sealing pneumatic bottom outlet valve made of metal,pneumatic,在无菌主工艺、配液、纯化或卫生输送；CIP/SIP与蒸汽灭菌；罐底排放与低残留中完成卫生隔离、切换、调节或低滞留流路设计；具体任务取决于阀体和执行配置。,无菌主工艺、配液、纯化或卫生输送；CIP/SIP与蒸汽灭菌；罐底排放与低残留,"Ambient temperature=-20 Up to 80 °C；Body configurations=Tank bottom valve body；Body materials=1.4435 (316L), block material 1.4539 (904L), block material；Connection standards=ASME DIN EN ISO SMS；Connection types=Clamp Pipe bend Spigot；Media temperature=-20 to 160 °C；Nominal sizes=DN 6 to 65；Operating pressure=0 Up to 6 bar；Seat seal materials=PTFE",介质与批次风险；DN及目标Cv/Kv；阀体流路和排空方向；接液材料与表面粗糙度；膜片材质和寿命；连接标准；工作与灭菌温压；CIP/SIP程序；死区要求；认证与材料追溯；手动、开关或调节自动化。,不能用系列名称代替具体阀体、膜片和连接配置；未确认排空、死区、温压、材料证明或灭菌循环时，不得判定适用于关键无菌主工艺。,同类高相关记录未找到；需扩展到相邻产品族判断,DIRECT / 配液罐、生物反应器和储罐低残留排放 / 2033|2065|2105|2935|2975|3235|3325|3365,罐底接口；排空性；死区；焊接；执行器；膜片；CIP/SIP；维护空间,A,"本卡仅汇总公开目录、官方产品页和规格主表，不等同于应用工程批准或验证文件。；HIGH表示制药相关性高，不表示全部配置均适用于无菌主工艺。；源记录边界：Official page description: The pneumatically operated GEMÜ P40 PD tank bottom valve is designed for use in sterile applications. The sealing concept of the valve is based on the GEMÜ PD design comprising a radial sealing PTFE diaphragm, whereby the actuator is hermetically separated from the medium. All actuator parts (except the seals and design elements) are made from stainless steel. It is available with a “Normally closed” control function (further control functions possible on request). The valve has an optical position indicator with a transparent cap as standard.",https://www.gemu-group.com/en/products/valve-technology/tank-bottom-valves/p40,GEMU-SERIES-643|GEMU-SERIES-P40,中国项目价格/净价、库存、产地、标准品与定制品交期、装机量、客户评价及售后服务表现需内部验证,P40：Radial-sealing pneumatic bottom outlet valve made of metal；优先联想到无菌主工艺、配液、纯化或卫生输送；CIP/SIP与蒸汽灭菌；罐底排放与低残留，再核对工况、配置和证据边界。,客户在什么工况下应选择或排除 P40？比较前必须确认哪些参数和证据？,GENERATED_REVIEWED_BY_RULES,2026-06-09,2026-06-24
GEMU-P600M/P600S/P500M,GEMÜ,P600M/P600S/P500M,Multi-port valve blocks made of stainless steel,,Customised product solutions,Multi-port block valves,Multi-port valve blocks made of stainless steel,未公开，需查当前数据表或项目文件,在低死区分配、混合、排空与复杂无菌流路中完成卫生隔离、切换、调节或低滞留流路设计；具体任务取决于阀体和执行配置。,低死区分配、混合、排空与复杂无菌流路,未公开，需查当前数据表或项目文件,介质与批次风险；DN及目标Cv/Kv；阀体流路和排空方向；接液材料与表面粗糙度；膜片材质和寿命；连接标准；工作与灭菌温压；CIP/SIP程序；死区要求；认证与材料追溯；手动、开关或调节自动化。,不能用系列名称代替具体阀体、膜片和连接配置；未确认排空、死区、温压、材料证明或灭菌循环时，不得判定适用于关键无菌主工艺。,同类高相关记录未找到；需扩展到相邻产品族判断,DIRECT_FOR_GEMU / 低死区分配、混合、排空、罐底、PUPSIT与无菌取样 / 2034|2035|2036|2104|2105|2106 / 未发现同等清晰的制药多通阀块系列 / A31 sampling valve; T-valve claim; 103 three-way angle-seat valve；DIRECT / 低死区分配、混合、过滤、PUPSIT和复杂流路 / 2034|2035|2036|8806,P&ID；阀位；死区；排空；焊点；加工方式；传感器集成；验证文件；流路；阀位；死区；排空；加工方式；焊点；传感器；文件；交付,A,本卡仅汇总公开目录、官方产品页和规格主表，不等同于应用工程批准或验证文件。；HIGH表示制药相关性高，不表示全部配置均适用于无菌主工艺。；源记录边界：Discover flexible multi-port valve blocks made of stainless steel that meet your complex process requirements. Contact us for customised solutions!,https://www.gemu-group.com/en/products/customised-product-solutions/multi-port-block-valves/multi-port-valve-blocks-made-of-stainless-steel/,BURKERT-CATALOG-002|BURKERT-PHARMA-001|GEMU-MULTIPORT-001|ESG-SAMPLING-001|ESG-SERIES-A31|ESG-SERIES-T-VALVE|ESG-SERIES-103|GEMU-SERIES-P600M-P600S-P500M,中国项目价格/净价、库存、产地、标准品与定制品交期、装机量、客户评价及售后服务表现需内部验证,P600M/P600S/P500M：Multi-port valve blocks made of stainless steel；优先联想到低死区分配、混合、排空与复杂无菌流路，再核对工况、配置和证据边界。,客户在什么工况下应选择或排除 P600M/P600S/P500M？比较前必须确认哪些参数和证据？,GENERATED_REVIEWED_BY_RULES,2026-06-09,2026-06-24
GEMU-PUPSIT solutions,GEMÜ,PUPSIT solutions,Integrity is not a maybe. It’s a must.,,Customised product solutions,PUPSIT,Integrity is not a maybe. It’s a must.,未公开，需查当前数据表或项目文件,支持过滤器完整性测试与PUPSIT流路中的Integrity is not a maybe. It’s a must.任务，具体适用性需回到当前配置与官方技术文件确认。,过滤器完整性测试与PUPSIT流路,未公开，需查当前数据表或项目文件,介质；功能任务；尺寸或量程；工作压力和温度；接液材料；连接和安装；驱动与信号；清洗灭菌；认证与文件；维护条件。,GEMÜ产品族能力不能替代具体配置证明；关键工况或合规文件未确认时不得做最终选型。,同类高相关记录未找到；需扩展到相邻产品族判断,未形成明确系列级竞品映射；需按客户任务和具体配置另行检索。,产品功能；工况；接液材料；连接；自动化；文件与服务,A,"本卡仅汇总公开目录、官方产品页和规格主表，不等同于应用工程批准或验证文件。；HIGH表示制药相关性高，不表示全部配置均适用于无菌主工艺。；源记录边界：Multi-port block valves and single-use components for reliable integrity testing, compact system designs and GMP-compliant processes.",https://www.gemu-group.com/en/products/customised-product-solutions/product-solutions-for-pupsit/,无独立映射证据编号；以官方产品页和规格表为准,中国项目价格/净价、库存、产地、标准品与定制品交期、装机量、客户评价及售后服务表现需内部验证,PUPSIT solutions：Integrity is not a maybe. It’s a must.；优先联想到过滤器完整性测试与PUPSIT流路，再核对工况、配置和证据边界。,客户在什么工况下应选择或排除 PUPSIT solutions？比较前必须确认哪些参数和证据？,GENERATED_REVIEWED_BY_RULES,2026-06-09,2026-06-24
GEMU-R470,GEMÜ,R470,Butterfly valve with free shaft end made of metal,,Valve Technology,Butterfly Valves,Butterfly valve with free shaft end made of metal,未公开，需查当前数据表或项目文件,在制药或生物技术过程；具体卫生等级需确认中完成介质隔离、切换或调节，适用性由阀体结构、密封和工况共同决定。,制药或生物技术过程；具体卫生等级需确认,"Ambient temperature=-10 to 70 °C；Body materials=1.0619 (WCB), cast steel material with CDP coating 1.4408 (CF8M), investment casting material；Conformities=ATEX EAC FDA FMEDA TA Luft (German Clean Air Act)；Connection standards=ASME ISO；Disc materials=1.4408；Housing configurations=Wafer；Liner materials=PTFE；Media temperature=-10 to 230 °C；Nominal sizes=DN 50 to 600；Operating pressure=0 to 40 bar",介质；DN与目标Cv/Kv；压力、温度和压差；阀体与密封材料；连接标准；泄漏等级；执行方式和故障安全位；循环频率；清洗或灭菌要求；认证与材料文件。,不同阀体结构、密封原理和调节任务不可仅按口径互换；缺少接液材料、温压、排空或卫生证明时，不得外推到关键无菌流路。,411|415|490|491|498|R477|R478,未形成明确系列级竞品映射；需按客户任务和具体配置另行检索。,产品功能；工况；接液材料；连接；自动化；文件与服务,A,本卡仅汇总公开目录、官方产品页和规格主表，不等同于应用工程批准或验证文件。；HIGH表示制药相关性高，不表示全部配置均适用于无菌主工艺。；源记录边界：Official page description: The GEMÜ R470 Tugela double-eccentric metal butterfly valve has a bare shaft with a top flange in accordance with EN ISO 5211. The butterfly valve is available in nominal sizes DN 50 Up to 600 and in standardized installation lengths API 609 category A (DIN 3202 K1).,https://www.gemu-group.com/en/products/valve-technology/butterfly-valves/r470,无独立映射证据编号；以官方产品页和规格表为准,中国项目价格/净价、库存、产地、标准品与定制品交期、装机量、客户评价及售后服务表现需内部验证,R470：Butterfly valve with free shaft end made of metal；优先联想到制药或生物技术过程；具体卫生等级需确认，再核对工况、配置和证据边界。,客户在什么工况下应选择或排除 R470？比较前必须确认哪些参数和证据？,GENERATED_REVIEWED_BY_RULES,2026-06-09,2026-06-24
GEMU-R477,GEMÜ,R477,Manual metal shut-off damper,,Valve Technology,Butterfly Valves,Manual metal shut-off damper,manual,在制药或生物技术过程；具体卫生等级需确认中完成介质隔离、切换或调节，适用性由阀体结构、密封和工况共同决定。,制药或生物技术过程；具体卫生等级需确认,"Ambient temperature=-10 to 70 °C；Body materials=1.0619 (WCB), cast steel material with CDP coating 1.4408 (CF8M), investment casting material；Conformities=ATEX EAC FDA TA Luft (German Clean Air Act)；Connection standards=ASME ISO；Disc materials=1.4408；Housing configurations=Wafer；Liner materials=PTFE；Media temperature=-10 to 230 °C；Nominal sizes=DN 50 to 600；Operating pressure=0 to 40 bar",介质；DN与目标Cv/Kv；压力、温度和压差；阀体与密封材料；连接标准；泄漏等级；执行方式和故障安全位；循环频率；清洗或灭菌要求；认证与材料文件。,不同阀体结构、密封原理和调节任务不可仅按口径互换；缺少接液材料、温压、排空或卫生证明时，不得外推到关键无菌流路。,411|415|490|491|498|R470|R478,未形成明确系列级竞品映射；需按客户任务和具体配置另行检索。,产品功能；工况；接液材料；连接；自动化；文件与服务,A,本卡仅汇总公开目录、官方产品页和规格主表，不等同于应用工程批准或验证文件。；HIGH表示制药相关性高，不表示全部配置均适用于无菌主工艺。；源记录边界：Official page description: The GEMÜ R477 Tugela double eccentric metal butterfly valve is operated by a manual actuator. The butterfly valve is available in nominal sizes DN 50 Up to 600 and in standardized installation lengths API 609 category A (DIN 3202 K1).,https://www.gemu-group.com/en/products/valve-technology/butterfly-valves/r477,无独立映射证据编号；以官方产品页和规格表为准,中国项目价格/净价、库存、产地、标准品与定制品交期、装机量、客户评价及售后服务表现需内部验证,R477：Manual metal shut-off damper；优先联想到制药或生物技术过程；具体卫生等级需确认，再核对工况、配置和证据边界。,客户在什么工况下应选择或排除 R477？比较前必须确认哪些参数和证据？,GENERATED_REVIEWED_BY_RULES,2026-06-09,2026-06-24
GEMU-R478,GEMÜ,R478,Electromotive metal shut-off damper,,Valve Technology,Butterfly Valves,Electromotive metal shut-off damper,motorized,在制药或生物技术过程；具体卫生等级需确认中完成介质隔离、切换或调节，适用性由阀体结构、密封和工况共同决定。,制药或生物技术过程；具体卫生等级需确认,"90° operating time=13 Up to 35 s；Ambient temperature=-10 to 70 °C；Body materials=1.0619 (WCB), cast steel material with CDP coating 1.4408 (CF8M), investment casting material；Conformities=ATEX EAC FDA TA Luft (German Clean Air Act)；Connection standards=ASME ISO；Disc materials=1.4408；Housing configurations=Wafer；Liner materials=PTFE TFM™；Media temperature=-10 to 230 °C；Nominal sizes=DN 50 to 600",介质；DN与目标Cv/Kv；压力、温度和压差；阀体与密封材料；连接标准；泄漏等级；执行方式和故障安全位；循环频率；清洗或灭菌要求；认证与材料文件。,不同阀体结构、密封原理和调节任务不可仅按口径互换；缺少接液材料、温压、排空或卫生证明时，不得外推到关键无菌流路。,411|415|490|491|498|R470|R477,未形成明确系列级竞品映射；需按客户任务和具体配置另行检索。,产品功能；工况；接液材料；连接；自动化；文件与服务,A,本卡仅汇总公开目录、官方产品页和规格主表，不等同于应用工程批准或验证文件。；HIGH表示制药相关性高，不表示全部配置均适用于无菌主工艺。；源记录边界：Official page description: The GEMÜ R478 Tugela double-eccentric metal butterfly valve is operated by a motorized actuator. The butterfly valve is available in nominal sizes DN 50 Up to 600 and in standardized installation lengths API 609 category A (DIN 3202 K1).,https://www.gemu-group.com/en/products/valve-technology/butterfly-valves/r478,无独立映射证据编号；以官方产品页和规格表为准,中国项目价格/净价、库存、产地、标准品与定制品交期、装机量、客户评价及售后服务表现需内部验证,R478：Electromotive metal shut-off damper；优先联想到制药或生物技术过程；具体卫生等级需确认，再核对工况、配置和证据边界。,客户在什么工况下应选择或排除 R478？比较前必须确认哪些参数和证据？,GENERATED_REVIEWED_BY_RULES,2026-06-09,2026-06-24
GEMU-SU40,GEMÜ,SU40,Pneumatic actuator for Single-Use valve bodies,,Valve Technology,Single Use Valves Components,Pneumatic actuator for Single-Use valve bodies,pneumatic,在无菌主工艺、配液、纯化或卫生输送；一次性生物工艺流路中通过软管夹断或一次性流路实现介质隔离，减少清洗验证负担和交叉污染风险。,无菌主工艺、配液、纯化或卫生输送；一次性生物工艺流路,"Ambient temperature=0 to 40 °C；Body materials=PP-R, natural；Conformities=EAC USP；Connection types=Clamp Hose barb；Diaphragm materials=TPE；Media temperature=5 to 40 °C；Nominal sizes=DN 8 to 25；Operating pressure=0 to 4,9 bar",软管与接液材料；管径和壁厚；灭菌方式；压力与温度；密封完整性；死体积和滞留；循环次数或一次性使用边界；批次追溯；供应连续性；执行器和反馈要求。,软管尺寸、材料、灭菌方法或寿命未经确认时不得替代；一次性组件与可重复使用阀门的维护、验证和总成本口径不可直接混比。,SUB,ADJACENT / 一次性上游/下游、快速换批和交叉污染控制 / 2707,一次性边界；接液材料；辐照；洁净室；压力；DN；连接；验证文件,A,"本卡仅汇总公开目录、官方产品页和规格主表，不等同于应用工程批准或验证文件。；HIGH表示制药相关性高，不表示全部配置均适用于无菌主工艺。；源记录边界：Official page description: The pneumatically operated GEMÜ SU40 actuator guarantees a high level of performance and a long service life thanks to its high-quality stainless steel components. The actuator is joined to the media wetted GEMÜ SUB unit, comprising a valve body and welded sealing diaphragm, by means of a clamp connection. After use, the media wetted GEMÜ SUB unit can easily be disconnected from the actuator and replaced. The actuator remains in the plant.",https://www.gemu-group.com/en/products/valve-technology/single-use-valves-components/su40,GEMU-SERIES-SUMONDO-MULTIPORT|GEMU-SERIES-SU40|GEMU-SERIES-SUB,中国项目价格/净价、库存、产地、标准品与定制品交期、装机量、客户评价及售后服务表现需内部验证,SU40：Pneumatic actuator for Single-Use valve bodies；优先联想到无菌主工艺、配液、纯化或卫生输送；一次性生物工艺流路，再核对工况、配置和证据边界。,客户在什么工况下应选择或排除 SU40？比较前必须确认哪些参数和证据？,GENERATED_REVIEWED_BY_RULES,2026-06-09,2026-06-24
GEMU-SUB,GEMÜ,SUB,Diaphragm valve body for Single-Use applications,,Valve Technology,Single Use Valves Components,Diaphragm valve body for Single-Use applications,pneumatic | manual,在无菌主工艺、配液、纯化或卫生输送；一次性生物工艺流路中通过软管夹断或一次性流路实现介质隔离，减少清洗验证负担和交叉污染风险。,无菌主工艺、配液、纯化或卫生输送；一次性生物工艺流路,"Ambient temperature=0 to 40 °C；Body materials=PP-R, natural；Conformities=USP；Connection types=Clamp Hose barb；Diaphragm materials=TPE；Media temperature=5 Up to 40 °C；Nominal sizes=1/4'' (DN 8) Up to 1'' (DN 25)；Operating pressure=0 Up to 4,9 bar",软管与接液材料；管径和壁厚；灭菌方式；压力与温度；密封完整性；死体积和滞留；循环次数或一次性使用边界；批次追溯；供应连续性；执行器和反馈要求。,软管尺寸、材料、灭菌方法或寿命未经确认时不得替代；一次性组件与可重复使用阀门的维护、验证和总成本口径不可直接混比。,SU40,ADJACENT / 一次性上游/下游、快速换批和交叉污染控制 / 2707,一次性边界；接液材料；辐照；洁净室；压力；DN；连接；验证文件,A,"本卡仅汇总公开目录、官方产品页和规格主表，不等同于应用工程批准或验证文件。；HIGH表示制药相关性高，不表示全部配置均适用于无菌主工艺。；源记录边界：Official page description: The GEMÜ SUB valve body of the GEMÜ SUMONDO single-use valve has an internally welded diaphragm. The single-use valve body is fastened via a clamp to the GEMÜ SUPM pneumatic actuator made from stainless steel or to the GEMÜ SUHK plastic manual operator. The valve body and the actuator are locked with a defined opening and closing procedure. After a single use, the valve body and its diaphragm are removed from the actuator and disposed of. The actuator remains in the system and can be used multiple times.",https://www.gemu-group.com/en/products/valve-technology/single-use-valves-components/sub,GEMU-SERIES-SUMONDO-MULTIPORT|GEMU-SERIES-SU40|GEMU-SERIES-SUB,中国项目价格/净价、库存、产地、标准品与定制品交期、装机量、客户评价及售后服务表现需内部验证,SUB：Diaphragm valve body for Single-Use applications；优先联想到无菌主工艺、配液、纯化或卫生输送；一次性生物工艺流路，再核对工况、配置和证据边界。,客户在什么工况下应选择或排除 SUB？比较前必须确认哪些参数和证据？,GENERATED_REVIEWED_BY_RULES,2026-06-09,2026-06-24
GEMU-SUMONDO Multiport,GEMÜ,SUMONDO Multiport,Single-Use multi-port valve blocks,,Customised product solutions,Single-use solutions,Single-Use multi-port valve blocks,未公开，需查当前数据表或项目文件,在一次性生物工艺多通流路中通过软管夹断或一次性流路实现介质隔离，减少清洗验证负担和交叉污染风险。,一次性生物工艺多通流路,未公开，需查当前数据表或项目文件,软管与接液材料；管径和壁厚；灭菌方式；压力与温度；密封完整性；死体积和滞留；循环次数或一次性使用边界；批次追溯；供应连续性；执行器和反馈要求。,软管尺寸、材料、灭菌方法或寿命未经确认时不得替代；一次性组件与可重复使用阀门的维护、验证和总成本口径不可直接混比。,同类高相关记录未找到；需扩展到相邻产品族判断,ADJACENT / 一次性上游/下游、快速换批和交叉污染控制 / 2707,一次性边界；接液材料；辐照；洁净室；压力；DN；连接；验证文件,A,本卡仅汇总公开目录、官方产品页和规格主表，不等同于应用工程批准或验证文件。；HIGH表示制药相关性高，不表示全部配置均适用于无菌主工艺。；源记录边界：Optimize your production with single-use multi-port valve blocks that enhance effectiveness and safety. Discover how these solutions streamline your processes today!,https://www.gemu-group.com/en/products/customised-product-solutions/single-use-solutions/single-use-multi-port-valve-blocks/,GEMU-SERIES-SUMONDO-MULTIPORT|GEMU-SERIES-SU40|GEMU-SERIES-SUB,中国项目价格/净价、库存、产地、标准品与定制品交期、装机量、客户评价及售后服务表现需内部验证,SUMONDO Multiport：Single-Use multi-port valve blocks；优先联想到一次性生物工艺多通流路，再核对工况、配置和证据边界。,客户在什么工况下应选择或排除 SUMONDO Multiport？比较前必须确认哪些参数和证据？,GENERATED_REVIEWED_BY_RULES,2026-06-09,2026-06-24
FUJIKIN-BNWC-2F0E12E0,Fujikin,BNWC-2F0E12E0,BNW SERIES WEIR DIAPHRAGM VALVES,BNWC,Automatic Valves,2-6. Diaphragm Valves,Weir Diaphragm Valves,未公开，需查当前数据表或项目文件,在卫生流体、制药设备、CIP/SIP或灌装；必须按具体型号核对。中完成卫生隔离、切换、调节或低滞留流路设计；具体任务取决于阀体和执行配置。,卫生流体、制药设备、CIP/SIP或灌装；必须按具体型号核对。,Maximum nominal sizes=50A；Cleanliness=Class 1；Flow rate class=Medium；Materials=S,介质与批次风险；DN及目标Cv/Kv；阀体流路和排空方向；接液材料与表面粗糙度；膜片材质和寿命；连接标准；工作与灭菌温压；CIP/SIP程序；死区要求；认证与材料追溯；手动、开关或调节自动化。,不能用系列名称代替具体阀体、膜片和连接配置；未确认排空、死区、温压、材料证明或灭菌循环时，不得判定适用于关键无菌主工艺。,SVLCDC-244EFA5B|BSWCN-AD5BAF95|LPS-5E67B882,未形成明确系列级竞品映射；需按客户任务和具体配置另行检索。,产品功能；工况；接液材料；连接；自动化；文件与服务,A,本卡仅汇总公开目录、官方产品页和规格主表，不等同于应用工程批准或验证文件。；HIGH表示制药相关性高，不表示全部配置均适用于无菌主工艺。；高纯或生命科学产品定位不能自动等同于具体制药工况适用，必须锁定型号和配置。；源记录边界：Series-level catalogue row. Model codes may cover multiple variants; do not treat them as interchangeable.,https://www.fujikin.co.jp/support/pdf/sdv1e_diaphragm_01.pdf|https://www.fujikin.co.jp/en/support/download/,无独立映射证据编号；以官方产品页和规格表为准,中国项目价格/净价、库存、产地、标准品与定制品交期、装机量、客户评价及售后服务表现需内部验证,BNWC-2F0E12E0：Weir Diaphragm Valves；优先联想到卫生流体、制药设备、CIP/SIP或灌装；必须按具体型号核对。，再核对工况、配置和证据边界。,客户在什么工况下应选择或排除 BNWC-2F0E12E0？比较前必须确认哪些参数和证据？,GENERATED_REVIEWED_BY_RULES,2026-06-09,2026-06-24
FUJIKIN-BNWM-BNWC-66C6E5BE,Fujikin,BNWM-BNWC-66C6E5BE,BNW SERIES WEIR DIAPHRAGM VALVES,BNWM BNWC,Manual Valves,1-5. Diaphragm Valves,Weir Diaphragm Valves,未公开，需查当前数据表或项目文件,在卫生流体、制药设备、CIP/SIP或灌装；必须按具体型号核对。中完成卫生隔离、切换、调节或低滞留流路设计；具体任务取决于阀体和执行配置。,卫生流体、制药设备、CIP/SIP或灌装；必须按具体型号核对。,Maximum nominal sizes=50A；Cleanliness=Class 1；Flow rate class=Medium；Materials=S,介质与批次风险；DN及目标Cv/Kv；阀体流路和排空方向；接液材料与表面粗糙度；膜片材质和寿命；连接标准；工作与灭菌温压；CIP/SIP程序；死区要求；认证与材料追溯；手动、开关或调节自动化。,不能用系列名称代替具体阀体、膜片和连接配置；未确认排空、死区、温压、材料证明或灭菌循环时，不得判定适用于关键无菌主工艺。,BSW-F5AFD21C|LPSM-LPSL-88A88889,未形成明确系列级竞品映射；需按客户任务和具体配置另行检索。,产品功能；工况；接液材料；连接；自动化；文件与服务,A,本卡仅汇总公开目录、官方产品页和规格主表，不等同于应用工程批准或验证文件。；HIGH表示制药相关性高，不表示全部配置均适用于无菌主工艺。；高纯或生命科学产品定位不能自动等同于具体制药工况适用，必须锁定型号和配置。；源记录边界：Series-level catalogue row. Model codes may cover multiple variants; do not treat them as interchangeable.,https://www.fujikin.co.jp/support/pdf/sdv1e_diaphragm_01.pdf|https://www.fujikin.co.jp/en/support/download/,无独立映射证据编号；以官方产品页和规格表为准,中国项目价格/净价、库存、产地、标准品与定制品交期、装机量、客户评价及售后服务表现需内部验证,BNWM-BNWC-66C6E5BE：Weir Diaphragm Valves；优先联想到卫生流体、制药设备、CIP/SIP或灌装；必须按具体型号核对。，再核对工况、配置和证据边界。,客户在什么工况下应选择或排除 BNWM-BNWC-66C6E5BE？比较前必须确认哪些参数和证据？,GENERATED_REVIEWED_BY_RULES,2026-06-09,2026-06-24
FUJIKIN-BPV-HIN-9B49F6A4,Fujikin,BPV-HIN-9B49F6A4,BNW SERIES SOLUTION PINCH VALVE SYSTEMS (BPV SERIES),BPV-HIN,Manual Valves,1-6.Pinch Valves,Pinch Valves,未公开，需查当前数据表或项目文件,在卫生流体、制药设备、CIP/SIP或灌装；必须按具体型号核对。中通过软管夹断或一次性流路实现介质隔离，减少清洗验证负担和交叉污染风险。,卫生流体、制药设备、CIP/SIP或灌装；必须按具体型号核对。,Maximum nominal sizes=1 in.；Cleanliness=*；Flow rate class=-；Materials=-,软管与接液材料；管径和壁厚；灭菌方式；压力与温度；密封完整性；死体积和滞留；循环次数或一次性使用边界；批次追溯；供应连续性；执行器和反馈要求。,软管尺寸、材料、灭菌方法或寿命未经确认时不得替代；一次性组件与可重复使用阀门的维护、验证和总成本口径不可直接混比。,同类高相关记录未找到；需扩展到相邻产品族判断,未形成明确系列级竞品映射；需按客户任务和具体配置另行检索。,产品功能；工况；接液材料；连接；自动化；文件与服务,A,本卡仅汇总公开目录、官方产品页和规格主表，不等同于应用工程批准或验证文件。；HIGH表示制药相关性高，不表示全部配置均适用于无菌主工艺。；高纯或生命科学产品定位不能自动等同于具体制药工况适用，必须锁定型号和配置。；源记录边界：Series-level catalogue row. Model codes may cover multiple variants; do not treat them as interchangeable.,https://www.fujikin.co.jp/support/pdf/sdv1e_diaphragm_05.pdf|https://www.fujikin.co.jp/en/support/download/,无独立映射证据编号；以官方产品页和规格表为准,中国项目价格/净价、库存、产地、标准品与定制品交期、装机量、客户评价及售后服务表现需内部验证,BPV-HIN-9B49F6A4：Pinch Valves；优先联想到卫生流体、制药设备、CIP/SIP或灌装；必须按具体型号核对。，再核对工况、配置和证据边界。,客户在什么工况下应选择或排除 BPV-HIN-9B49F6A4？比较前必须确认哪些参数和证据？,GENERATED_REVIEWED_BY_RULES,2026-06-09,2026-06-24
FUJIKIN-BSW-F5AFD21C,Fujikin,BSW-F5AFD21C,BNW SERIES WEIRLESS DIAPHRAGM VALVES,BSW,Manual Valves,1-5. Diaphragm Valves,Weir Diaphragm Valves,未公开，需查当前数据表或项目文件,在卫生流体、制药设备、CIP/SIP或灌装；必须按具体型号核对。中完成卫生隔离、切换、调节或低滞留流路设计；具体任务取决于阀体和执行配置。,卫生流体、制药设备、CIP/SIP或灌装；必须按具体型号核对。,Maximum nominal sizes=50A；Cleanliness=Class 1；Flow rate class=High；Materials=S,介质与批次风险；DN及目标Cv/Kv；阀体流路和排空方向；接液材料与表面粗糙度；膜片材质和寿命；连接标准；工作与灭菌温压；CIP/SIP程序；死区要求；认证与材料追溯；手动、开关或调节自动化。,不能用系列名称代替具体阀体、膜片和连接配置；未确认排空、死区、温压、材料证明或灭菌循环时，不得判定适用于关键无菌主工艺。,BNWM-BNWC-66C6E5BE|LPSM-LPSL-88A88889,未形成明确系列级竞品映射；需按客户任务和具体配置另行检索。,产品功能；工况；接液材料；连接；自动化；文件与服务,A,本卡仅汇总公开目录、官方产品页和规格主表，不等同于应用工程批准或验证文件。；HIGH表示制药相关性高，不表示全部配置均适用于无菌主工艺。；高纯或生命科学产品定位不能自动等同于具体制药工况适用，必须锁定型号和配置。；源记录边界：Series-level catalogue row. Model codes may cover multiple variants; do not treat them as interchangeable.,https://www.fujikin.co.jp/support/pdf/sdv1e_diaphragm_02.pdf|https://www.fujikin.co.jp/en/support/download/,无独立映射证据编号；以官方产品页和规格表为准,中国项目价格/净价、库存、产地、标准品与定制品交期、装机量、客户评价及售后服务表现需内部验证,BSW-F5AFD21C：Weir Diaphragm Valves；优先联想到卫生流体、制药设备、CIP/SIP或灌装；必须按具体型号核对。，再核对工况、配置和证据边界。,客户在什么工况下应选择或排除 BSW-F5AFD21C？比较前必须确认哪些参数和证据？,GENERATED_REVIEWED_BY_RULES,2026-06-09,2026-06-24
FUJIKIN-BSWCN-AD5BAF95,Fujikin,BSWCN-AD5BAF95,BNW SERIES WEIRLESS DIAPHRAGM VALVES,BSWCN,Automatic Valves,2-6. Diaphragm Valves,Weirless Diaphragm Valves,未公开，需查当前数据表或项目文件,在卫生流体、制药设备、CIP/SIP或灌装；必须按具体型号核对。中完成卫生隔离、切换、调节或低滞留流路设计；具体任务取决于阀体和执行配置。,卫生流体、制药设备、CIP/SIP或灌装；必须按具体型号核对。,Maximum nominal sizes=50A；Cleanliness=Class 1；Flow rate class=High；Materials=S,介质与批次风险；DN及目标Cv/Kv；阀体流路和排空方向；接液材料与表面粗糙度；膜片材质和寿命；连接标准；工作与灭菌温压；CIP/SIP程序；死区要求；认证与材料追溯；手动、开关或调节自动化。,不能用系列名称代替具体阀体、膜片和连接配置；未确认排空、死区、温压、材料证明或灭菌循环时，不得判定适用于关键无菌主工艺。,SVLCDC-244EFA5B|BNWC-2F0E12E0|LPS-5E67B882,未形成明确系列级竞品映射；需按客户任务和具体配置另行检索。,产品功能；工况；接液材料；连接；自动化；文件与服务,A,本卡仅汇总公开目录、官方产品页和规格主表，不等同于应用工程批准或验证文件。；HIGH表示制药相关性高，不表示全部配置均适用于无菌主工艺。；高纯或生命科学产品定位不能自动等同于具体制药工况适用，必须锁定型号和配置。；源记录边界：Series-level catalogue row. Model codes may cover multiple variants; do not treat them as interchangeable.,https://www.fujikin.co.jp/support/pdf/sdv1e_diaphragm_02.pdf|https://www.fujikin.co.jp/en/support/download/,无独立映射证据编号；以官方产品页和规格表为准,中国项目价格/净价、库存、产地、标准品与定制品交期、装机量、客户评价及售后服务表现需内部验证,BSWCN-AD5BAF95：Weirless Diaphragm Valves；优先联想到卫生流体、制药设备、CIP/SIP或灌装；必须按具体型号核对。，再核对工况、配置和证据边界。,客户在什么工况下应选择或排除 BSWCN-AD5BAF95？比较前必须确认哪些参数和证据？,GENERATED_REVIEWED_BY_RULES,2026-06-09,2026-06-24
FUJIKIN-BYCFO-BYCFU-BF751B4A,Fujikin,BYCFO-BYCFU-BF751B4A,BY SERIES ANGLE SEAT VALVES,BYCFO BYCFU,Automatic Valves,2-2. Y Type Valves,ANGLE SEAT VALVES,未公开，需查当前数据表或项目文件,在卫生流体、制药设备、CIP/SIP或灌装；必须按具体型号核对。中完成介质隔离、切换或调节，适用性由阀体结构、密封和工况共同决定。,卫生流体、制药设备、CIP/SIP或灌装；必须按具体型号核对。,Maximum nominal sizes=50A；Cleanliness=*；Flow rate class=High；Materials=S,介质；DN与目标Cv/Kv；压力、温度和压差；阀体与密封材料；连接标准；泄漏等级；执行方式和故障安全位；循环频率；清洗或灭菌要求；认证与材料文件。,不同阀体结构、密封原理和调节任务不可仅按口径互换；缺少接液材料、温压、排空或卫生证明时，不得外推到关键无菌流路。,同类高相关记录未找到；需扩展到相邻产品族判断,未形成明确系列级竞品映射；需按客户任务和具体配置另行检索。,产品功能；工况；接液材料；连接；自动化；文件与服务,A,本卡仅汇总公开目录、官方产品页和规格主表，不等同于应用工程批准或验证文件。；HIGH表示制药相关性高，不表示全部配置均适用于无菌主工艺。；高纯或生命科学产品定位不能自动等同于具体制药工况适用，必须锁定型号和配置。；源记录边界：Series-level catalogue row. Model codes may cover multiple variants; do not treat them as interchangeable.,https://www.fujikin.co.jp/support/pdf/sdv1e_diaphragm_04.pdf|https://www.fujikin.co.jp/en/support/download/,无独立映射证据编号；以官方产品页和规格表为准,中国项目价格/净价、库存、产地、标准品与定制品交期、装机量、客户评价及售后服务表现需内部验证,BYCFO-BYCFU-BF751B4A：ANGLE SEAT VALVES；优先联想到卫生流体、制药设备、CIP/SIP或灌装；必须按具体型号核对。，再核对工况、配置和证据边界。,客户在什么工况下应选择或排除 BYCFO-BYCFU-BF751B4A？比较前必须确认哪些参数和证据？,GENERATED_REVIEWED_BY_RULES,2026-06-09,2026-06-24
FUJIKIN-LPS-5E67B882,Fujikin,LPS-5E67B882,LPS SERIES WEIRLESS DIAPHRAGM LPS VALVES,LPS,Automatic Valves,2-6. Diaphragm Valves,Weirless Diaphragm Valves,未公开，需查当前数据表或项目文件,在卫生流体、制药设备、CIP/SIP或灌装；必须按具体型号核对。中完成卫生隔离、切换、调节或低滞留流路设计；具体任务取决于阀体和执行配置。,卫生流体、制药设备、CIP/SIP或灌装；必须按具体型号核对。,Maximum nominal sizes=40A；Cleanliness=Class 1；Flow rate class=High；Materials=S,介质与批次风险；DN及目标Cv/Kv；阀体流路和排空方向；接液材料与表面粗糙度；膜片材质和寿命；连接标准；工作与灭菌温压；CIP/SIP程序；死区要求；认证与材料追溯；手动、开关或调节自动化。,不能用系列名称代替具体阀体、膜片和连接配置；未确认排空、死区、温压、材料证明或灭菌循环时，不得判定适用于关键无菌主工艺。,SVLCDC-244EFA5B|BNWC-2F0E12E0|BSWCN-AD5BAF95,未形成明确系列级竞品映射；需按客户任务和具体配置另行检索。,产品功能；工况；接液材料；连接；自动化；文件与服务,A,本卡仅汇总公开目录、官方产品页和规格主表，不等同于应用工程批准或验证文件。；HIGH表示制药相关性高，不表示全部配置均适用于无菌主工艺。；高纯或生命科学产品定位不能自动等同于具体制药工况适用，必须锁定型号和配置。；源记录边界：Series-level catalogue row. Model codes may cover multiple variants; do not treat them as interchangeable.,https://www.fujikin.co.jp/support/pdf/sdv1e_diaphragm_03.pdf|https://www.fujikin.co.jp/en/support/download/,无独立映射证据编号；以官方产品页和规格表为准,中国项目价格/净价、库存、产地、标准品与定制品交期、装机量、客户评价及售后服务表现需内部验证,LPS-5E67B882：Weirless Diaphragm Valves；优先联想到卫生流体、制药设备、CIP/SIP或灌装；必须按具体型号核对。，再核对工况、配置和证据边界。,客户在什么工况下应选择或排除 LPS-5E67B882？比较前必须确认哪些参数和证据？,GENERATED_REVIEWED_BY_RULES,2026-06-09,2026-06-24
FUJIKIN-LPSM-LPSL-88A88889,Fujikin,LPSM-LPSL-88A88889,LPS SERIES WEIRLESS DIAPHRAGM LPS VALVES,LPSM LPSL,Manual Valves,1-5. Diaphragm Valves,Weir Diaphragm Valves,未公开，需查当前数据表或项目文件,在卫生流体、制药设备、CIP/SIP或灌装；必须按具体型号核对。中完成卫生隔离、切换、调节或低滞留流路设计；具体任务取决于阀体和执行配置。,卫生流体、制药设备、CIP/SIP或灌装；必须按具体型号核对。,Maximum nominal sizes=40A；Cleanliness=Class 1；Flow rate class=High；Materials=S,介质与批次风险；DN及目标Cv/Kv；阀体流路和排空方向；接液材料与表面粗糙度；膜片材质和寿命；连接标准；工作与灭菌温压；CIP/SIP程序；死区要求；认证与材料追溯；手动、开关或调节自动化。,不能用系列名称代替具体阀体、膜片和连接配置；未确认排空、死区、温压、材料证明或灭菌循环时，不得判定适用于关键无菌主工艺。,BNWM-BNWC-66C6E5BE|BSW-F5AFD21C,未形成明确系列级竞品映射；需按客户任务和具体配置另行检索。,产品功能；工况；接液材料；连接；自动化；文件与服务,A,本卡仅汇总公开目录、官方产品页和规格主表，不等同于应用工程批准或验证文件。；HIGH表示制药相关性高，不表示全部配置均适用于无菌主工艺。；高纯或生命科学产品定位不能自动等同于具体制药工况适用，必须锁定型号和配置。；源记录边界：Series-level catalogue row. Model codes may cover multiple variants; do not treat them as interchangeable.,https://www.fujikin.co.jp/support/pdf/sdv1e_diaphragm_03.pdf|https://www.fujikin.co.jp/en/support/download/,无独立映射证据编号；以官方产品页和规格表为准,中国项目价格/净价、库存、产地、标准品与定制品交期、装机量、客户评价及售后服务表现需内部验证,LPSM-LPSL-88A88889：Weir Diaphragm Valves；优先联想到卫生流体、制药设备、CIP/SIP或灌装；必须按具体型号核对。，再核对工况、配置和证据边界。,客户在什么工况下应选择或排除 LPSM-LPSL-88A88889？比较前必须确认哪些参数和证据？,GENERATED_REVIEWED_BY_RULES,2026-06-09,2026-06-24
FUJIKIN-SVLCDC-244EFA5B,Fujikin,SVLCDC-244EFA5B,SVLCD VALVES Small volume filling valve,SVLCDC,Automatic Valves,2-6. Diaphragm Valves,Small volume filling valves,未公开，需查当前数据表或项目文件,在卫生流体、制药设备、CIP/SIP或灌装；必须按具体型号核对。中完成卫生隔离、切换、调节或低滞留流路设计；具体任务取决于阀体和执行配置。,卫生流体、制药设备、CIP/SIP或灌装；必须按具体型号核对。,Maximum nominal sizes=6A；Cleanliness=Class 1；Flow rate class=Low；Materials=S,介质与批次风险；DN及目标Cv/Kv；阀体流路和排空方向；接液材料与表面粗糙度；膜片材质和寿命；连接标准；工作与灭菌温压；CIP/SIP程序；死区要求；认证与材料追溯；手动、开关或调节自动化。,不能用系列名称代替具体阀体、膜片和连接配置；未确认排空、死区、温压、材料证明或灭菌循环时，不得判定适用于关键无菌主工艺。,BNWC-2F0E12E0|BSWCN-AD5BAF95|LPS-5E67B882,未形成明确系列级竞品映射；需按客户任务和具体配置另行检索。,产品功能；工况；接液材料；连接；自动化；文件与服务,A,本卡仅汇总公开目录、官方产品页和规格主表，不等同于应用工程批准或验证文件。；HIGH表示制药相关性高，不表示全部配置均适用于无菌主工艺。；高纯或生命科学产品定位不能自动等同于具体制药工况适用，必须锁定型号和配置。；源记录边界：Series-level catalogue row. Model codes may cover multiple variants; do not treat them as interchangeable.,https://www.fujikin.co.jp/support/pdf/lcd1e_svlcd.pdf|https://www.fujikin.co.jp/en/support/download/,无独立映射证据编号；以官方产品页和规格表为准,中国项目价格/净价、库存、产地、标准品与定制品交期、装机量、客户评价及售后服务表现需内部验证,SVLCDC-244EFA5B：Small volume filling valves；优先联想到卫生流体、制药设备、CIP/SIP或灌装；必须按具体型号核对。，再核对工况、配置和证据边界。,客户在什么工况下应选择或排除 SVLCDC-244EFA5B？比较前必须确认哪些参数和证据？,GENERATED_REVIEWED_BY_RULES,2026-06-09,2026-06-24
ESG-精锐-A00,ESG 精锐,A00,Pneumatic diaphragm valve,气动隔膜阀,Sanitary valves,Diaphragm valves,Pneumatic hygienic diaphragm valve,Pneumatic; control pressure 4.5-7 bar,在生物制药、配液、纯化、CIP/SIP及卫生输送中完成卫生隔离、切换、调节或低滞留流路设计；具体任务取决于阀体和执行配置。,生物制药、配液、纯化、CIP/SIP及卫生输送,Body material=SS316L；Seal or diaphragm=EPDM + PTFE double-layer diaphragm；Pressure=0-10 bar；Temperature=-10 to +150 C；Automation=Pneumatic; control pressure 4.5-7 bar；Compliance claim=Company states diaphragms passed FDA and USP and valves passed EC 1935/2004.（CLAIM）；Diaphragm endurance claim=Company states PTFE diaphragms withstand one million bending cycles.（CLAIM）,介质与批次风险；DN及目标Cv/Kv；阀体流路和排空方向；接液材料与表面粗糙度；膜片材质和寿命；连接标准；工作与灭菌温压；CIP/SIP程序；死区要求；认证与材料追溯；手动、开关或调节自动化。,不能用系列名称代替具体阀体、膜片和连接配置；未确认排空、死区、温压、材料证明或灭菌循环时，不得判定适用于关键无菌主工艺。,A01,DIRECT / 配液、发酵、纯化、CIP/SIP、无菌输送 / GEMÜ 605/616/629/639/649/650/651/653/654/D40/D41 / BNWM/BNWC weir; BSW/BSWCN/LPS weirless diaphragm families / 2030|2031|2032|2033|2034|2035|2103|2104|2105|2106；DIRECT / 配液、纯化、CIP/SIP和卫生输送 / 2030|2063|2103,阀体结构；流路；DN；Cv；316L牌号；Ra；膜片；连接；温压；排空；认证；执行与反馈；DN；Cv/Kv；阀体；Ra；膜片；连接；压力；温度；排空；认证,B,本卡仅汇总公开目录、官方产品页和规格主表，不等同于应用工程批准或验证文件。；HIGH表示制药相关性高，不表示全部配置均适用于无菌主工艺。；ESG公开资料中的认证与符合性声明需取得当前证书原件复核。；CLAIM内容是企业自述，尚未完成独立验证。；源记录边界：Official indexed page states Ra <= 0.4 um. FDA/USP/EC claims require certificate originals.,https://www.esgvalve.com/diaphragm-valve-a00.html,BURKERT-CATALOG-002|BURKERT-DIAPHRAGM-001|BURKERT-DIAPHRAGM-002|BURKERT-2103-001|GEMU-650-001|GEMU-649-001|GEMU-SERIES-605|GEMU-SERIES-616|GEMU-SERIES-629|GEMU-SERIES-639|GEMU-SERIES-650|GEMU-SERIES-651|GEMU-SERIES-653|GEMU-SERIES-654|GEMU-SERIES-D40|GEMU-SERIES-D41|FUJIKIN-BNW-001|FUJIKIN-SERIES-BNWM-BNWC-66C6E5BE|FUJIKIN-SERIES-BNWC-2F0E12E0|FUJIKIN-SERIES-BSW-F5AFD21C|FUJIKIN-SERIES-BSWCN-AD5BAF95|FUJIKIN-SERIES-LPSM-LPSL-88A88889|FUJIKIN-SERIES-LPS-5E67B882|ESG-DIAPHRAGM-001|ESG-SERIES-A00|ESG-SERIES-A01,中国项目价格/净价、库存、产地、标准品与定制品交期、装机量、客户评价及售后服务表现需内部验证,A00：Pneumatic hygienic diaphragm valve；优先联想到生物制药、配液、纯化、CIP/SIP及卫生输送，再核对工况、配置和证据边界。,客户在什么工况下应选择或排除 A00？比较前必须确认哪些参数和证据？,GENERATED_REVIEWED_BY_RULES,2026-06-09,2026-06-24
ESG-精锐-A01,ESG 精锐,A01,Manual diaphragm valve,手动隔膜阀,Sanitary valves,Diaphragm valves,Manual hygienic diaphragm valve,Manual,在卫生输送、配液、纯化及设备隔离中完成卫生隔离、切换、调节或低滞留流路设计；具体任务取决于阀体和执行配置。,卫生输送、配液、纯化及设备隔离,Body material=Investment cast CF3M or forged S316L；Seal or diaphragm=EPDM + PTFE or EPDM；Pressure=0-10 bar；Temperature=-10 to +150 C；Automation=Manual,介质与批次风险；DN及目标Cv/Kv；阀体流路和排空方向；接液材料与表面粗糙度；膜片材质和寿命；连接标准；工作与灭菌温压；CIP/SIP程序；死区要求；认证与材料追溯；手动、开关或调节自动化。,不能用系列名称代替具体阀体、膜片和连接配置；未确认排空、死区、温压、材料证明或灭菌循环时，不得判定适用于关键无菌主工艺。,A00,DIRECT / 配液、发酵、纯化、CIP/SIP、无菌输送 / GEMÜ 605/616/629/639/649/650/651/653/654/D40/D41 / BNWM/BNWC weir; BSW/BSWCN/LPS weirless diaphragm families / 2030|2031|2032|2033|2034|2035|2103|2104|2105|2106；DIRECT / 配液、纯化、CIP/SIP和卫生输送 / 2030|2063|2103,阀体结构；流路；DN；Cv；316L牌号；Ra；膜片；连接；温压；排空；认证；执行与反馈；DN；Cv/Kv；阀体；Ra；膜片；连接；压力；温度；排空；认证,B,本卡仅汇总公开目录、官方产品页和规格主表，不等同于应用工程批准或验证文件。；HIGH表示制药相关性高，不表示全部配置均适用于无菌主工艺。；ESG公开资料中的认证与符合性声明需取得当前证书原件复核。；CLAIM内容是企业自述，尚未完成独立验证。；源记录边界：Official indexed Chinese page states mechanically polished Ra <= 0.4 um.,https://www.esgvalve.cn/diaphragm-valve-a01.html,BURKERT-CATALOG-002|BURKERT-DIAPHRAGM-001|BURKERT-DIAPHRAGM-002|BURKERT-2103-001|GEMU-650-001|GEMU-649-001|GEMU-SERIES-605|GEMU-SERIES-616|GEMU-SERIES-629|GEMU-SERIES-639|GEMU-SERIES-650|GEMU-SERIES-651|GEMU-SERIES-653|GEMU-SERIES-654|GEMU-SERIES-D40|GEMU-SERIES-D41|FUJIKIN-BNW-001|FUJIKIN-SERIES-BNWM-BNWC-66C6E5BE|FUJIKIN-SERIES-BNWC-2F0E12E0|FUJIKIN-SERIES-BSW-F5AFD21C|FUJIKIN-SERIES-BSWCN-AD5BAF95|FUJIKIN-SERIES-LPSM-LPSL-88A88889|FUJIKIN-SERIES-LPS-5E67B882|ESG-DIAPHRAGM-001|ESG-SERIES-A00|ESG-SERIES-A01,中国项目价格/净价、库存、产地、标准品与定制品交期、装机量、客户评价及售后服务表现需内部验证,A01：Manual hygienic diaphragm valve；优先联想到卫生输送、配液、纯化及设备隔离，再核对工况、配置和证据边界。,客户在什么工况下应选择或排除 A01？比较前必须确认哪些参数和证据？,GENERATED_REVIEWED_BY_RULES,2026-06-09,2026-06-24
ESG-精锐-A31,ESG 精锐,A31,Manual aseptic sampling valve,手动无菌取样阀,Sanitary valves,Sampling valves,Single- or dual-port aseptic sampling valve,Manual,在罐体及管路无菌取样中完成卫生隔离、切换、调节或低滞留流路设计；具体任务取决于阀体和执行配置。,罐体及管路无菌取样,Body material=AISI 316L；Seal or diaphragm=PTFE diaphragm；Pressure=PN16; operating pressure 0-1.0 MPa；Temperature=-10 to +150 C；Connections=ASME BPE welded or clamp；Automation=Manual；Compliance claim=Company states the valve diaphragm is certified to FDA and USP.（CLAIM）,介质与批次风险；DN及目标Cv/Kv；阀体流路和排空方向；接液材料与表面粗糙度；膜片材质和寿命；连接标准；工作与灭菌温压；CIP/SIP程序；死区要求；认证与材料追溯；手动、开关或调节自动化。,不能用系列名称代替具体阀体、膜片和连接配置；未确认排空、死区、温压、材料证明或灭菌循环时，不得判定适用于关键无菌主工艺。,同类高相关记录未找到；需扩展到相邻产品族判断,DIRECT_FOR_GEMU / 低死区分配、混合、排空、罐底、PUPSIT与无菌取样 / P600M/P600S/P500M and custom multiport blocks / 未发现同等清晰的制药多通阀块系列 / 2034|2035|2036|2104|2105|2106；PORTFOLIO_ADJACENT / 罐体和管路无菌取样,P&ID；阀位；死区；排空；焊点；加工方式；传感器集成；验证文件；取样口；阀体；膜片；连接；灭菌；残留；容器；证书,B,本卡仅汇总公开目录、官方产品页和规格主表，不等同于应用工程批准或验证文件。；HIGH表示制药相关性高，不表示全部配置均适用于无菌主工艺。；ESG公开资料中的认证与符合性声明需取得当前证书原件复核。；CLAIM内容是企业自述，尚未完成独立验证。；源记录边界：FDA/USP diaphragm statement remains a company claim until certificate originals are checked.,https://www.esgvalve.com/dual-port-manual-aseptic-sampling-valve-a31.html,BURKERT-CATALOG-002|BURKERT-PHARMA-001|GEMU-MULTIPORT-001|ESG-SAMPLING-001|ESG-SERIES-A31|ESG-SERIES-T-VALVE|ESG-SERIES-103,中国项目价格/净价、库存、产地、标准品与定制品交期、装机量、客户评价及售后服务表现需内部验证,A31：Single- or dual-port aseptic sampling valve；优先联想到罐体及管路无菌取样，再核对工况、配置和证据边界。,客户在什么工况下应选择或排除 A31？比较前必须确认哪些参数和证据？,GENERATED_REVIEWED_BY_RULES,2026-06-09,2026-06-24
ESG-精锐-T-VALVE,ESG 精锐,T-VALVE,Sanitary stainless-steel T-valve,卫生级不锈钢T型阀,Sanitary valves,Special valve bodies,Sanitary T-pattern valve announced for pharmaceutical applications,未公开，需查当前数据表或项目文件,在制药卫生分支、低残留流路和设备连接中完成介质隔离、切换或调节，适用性由阀体结构、密封和工况共同决定。,制药卫生分支、低残留流路和设备连接,Body material=Stainless steel,介质；DN与目标Cv/Kv；压力、温度和压差；阀体与密封材料；连接标准；泄漏等级；执行方式和故障安全位；循环频率；清洗或灭菌要求；认证与材料文件。,不同阀体结构、密封原理和调节任务不可仅按口径互换；缺少接液材料、温压、排空或卫生证明时，不得外推到关键无菌流路。,同类高相关记录未找到；需扩展到相邻产品族判断,DIRECT_FOR_GEMU / 低死区分配、混合、排空、罐底、PUPSIT与无菌取样 / P600M/P600S/P500M and custom multiport blocks / 未发现同等清晰的制药多通阀块系列 / 2034|2035|2036|2104|2105|2106；ADJACENT_NOT_EQUIVALENT / 分流、切换、卫生支路和设备管路 / 2034|2035|2104|2106,P&ID；阀位；死区；排空；焊点；加工方式；传感器集成；验证文件；流路；阀位；死区；排空；焊点；阀座；膜片；验证文件,C,"本卡仅汇总公开目录、官方产品页和规格主表，不等同于应用工程批准或验证文件。；HIGH表示制药相关性高，不表示全部配置均适用于无菌主工艺。；ESG公开资料中的认证与符合性声明需取得当前证书原件复核。；CLAIM内容是企业自述，尚未完成独立验证。；源记录边界：Official news announcement found; current product page, drawings and specifications not verified.",https://www.esgvalve.com/,BURKERT-CATALOG-002|BURKERT-PHARMA-001|GEMU-MULTIPORT-001|ESG-SAMPLING-001|ESG-SERIES-A31|ESG-SERIES-T-VALVE|ESG-SERIES-103,中国项目价格/净价、库存、产地、标准品与定制品交期、装机量、客户评价及售后服务表现需内部验证,T-VALVE：Sanitary T-pattern valve announced for pharmaceutical applications；优先联想到制药卫生分支、低残留流路和设备连接，再核对工况、配置和证据边界。,客户在什么工况下应选择或排除 T-VALVE？比较前必须确认哪些参数和证据？,GENERATED_REVIEWED_BY_RULES,2026-06-09,2026-06-24
