type_id,spec_group,spec_key,value_min,value_max,value_text,unit,configuration_scope,source_url,accessed_date,notes
0044,actuation,actuation_method,,,pneumatic,,Type-level official page description,https://www.burkert.com/en/type/0044,2026-06-09,Only values explicitly present in the official Type page title or description are recorded.
0044,dimensions,diameter_range_1,12,25,Ø 12…25 mm,mm,Type-level official page description,https://www.burkert.com/en/type/0044,2026-06-09,Explicit range extracted from the official Type page; confirm configuration-specific limits in the data sheet.
0044,dimensions,diameter_range_2,32,50,Ø 32…50 mm,mm,Type-level official page description,https://www.burkert.com/en/type/0044,2026-06-09,Explicit range extracted from the official Type page; confirm configuration-specific limits in the data sheet.
0044,materials,explicit_materials,,,plastic,,Type-level official page description,https://www.burkert.com/en/type/0044,2026-06-09,Only values explicitly present in the official Type page title or description are recorded.
0045,actuation,actuation_method,,,pneumatic,,Type-level official page description,https://www.burkert.com/en/type/0045,2026-06-09,Only values explicitly present in the official Type page title or description are recorded.
0045,dimensions,diameter_range_1,12,25,Ø 12…25 mm,mm,Type-level official page description,https://www.burkert.com/en/type/0045,2026-06-09,Explicit range extracted from the official Type page; confirm configuration-specific limits in the data sheet.
0045,dimensions,diameter_range_2,32,50,Ø 32…50 mm,mm,Type-level official page description,https://www.burkert.com/en/type/0045,2026-06-09,Explicit range extracted from the official Type page; confirm configuration-specific limits in the data sheet.
0045,materials,explicit_materials,,,plastic,,Type-level official page description,https://www.burkert.com/en/type/0045,2026-06-09,Only values explicitly present in the official Type page title or description are recorded.
0117,actuation,actuation_method,,,solenoid,,Type-level official page description,https://www.burkert.com/en/type/0117,2026-06-09,Only values explicitly present in the official Type page title or description are recorded.
0117,materials,explicit_materials,,,PTFE,,Type-level official page description,https://www.burkert.com/en/type/0117,2026-06-09,Only values explicitly present in the official Type page title or description are recorded.
0117,seals,explicit_seal_materials,,,PTFE,,Type-level official page description,https://www.burkert.com/en/type/0117,2026-06-09,Only values explicitly present in the official Type page title or description are recorded.
0121,actuation,actuation_method,,,solenoid | manual,,Type-level official page description,https://www.burkert.com/en/type/0121,2026-06-09,Only values explicitly present in the official Type page title or description are recorded.
0121,function,way_configuration,,,3/2-way,,Type-level official page description,https://www.burkert.com/en/type/0121,2026-06-09,Only values explicitly present in the official Type page title or description are recorded.
0121,materials,explicit_materials,,,stainless steel | PTFE,,Type-level official page description,https://www.burkert.com/en/type/0121,2026-06-09,Only values explicitly present in the official Type page title or description are recorded.
0121,seals,explicit_seal_materials,,,PTFE,,Type-level official page description,https://www.burkert.com/en/type/0121,2026-06-09,Only values explicitly present in the official Type page title or description are recorded.
0124,actuation,actuation_method,,,solenoid | manual,,Type-level official page description,https://www.burkert.com/en/type/0124,2026-06-09,Only values explicitly present in the official Type page title or description are recorded.
0124,connection,explicit_connection_types,,,flange,,Type-level official page description,https://www.burkert.com/en/type/0124,2026-06-09,Only values explicitly present in the official Type page title or description are recorded.
0124,function,way_configuration,,,3/2-way,,Type-level official page description,https://www.burkert.com/en/type/0124,2026-06-09,Only values explicitly present in the official Type page title or description are recorded.
0124,materials,explicit_materials,,,plastic,,Type-level official page description,https://www.burkert.com/en/type/0124,2026-06-09,Only values explicitly present in the official Type page title or description are recorded.
0125,actuation,actuation_method,,,solenoid,,Type-level official page description,https://www.burkert.com/en/type/0125,2026-06-09,Only values explicitly present in the official Type page title or description are recorded.
0127,actuation,actuation_method,,,solenoid,,Type-level official page description,https://www.burkert.com/en/type/0127,2026-06-09,Only values explicitly present in the official Type page title or description are recorded.
0127,compliance,explicit_certifications_or_ratings,,,USP,,Type-level official page description,https://www.burkert.com/en/type/0127,2026-06-09,Only values explicitly present in the official Type page title or description are recorded.
0127,function,way_configuration,,,2/2-way,,Type-level official page description,https://www.burkert.com/en/type/0127,2026-06-09,Only values explicitly present in the official Type page title or description are recorded.
0131,actuation,actuation_method,,,solenoid | manual,,Type-level official page description,https://www.burkert.com/en/type/0131,2026-06-09,Only values explicitly present in the official Type page title or description are recorded.
0131,function,way_configuration,,,2/2-way,,Type-level official page description,https://www.burkert.com/en/type/0131,2026-06-09,Only values explicitly present in the official Type page title or description are recorded.
0131,materials,explicit_materials,,,plastic,,Type-level official page description,https://www.burkert.com/en/type/0131,2026-06-09,Only values explicitly present in the official Type page title or description are recorded.
0142,actuation,actuation_method,,,solenoid | manual,,Type-level official page description,https://www.burkert.com/en/type/0142,2026-06-09,Only values explicitly present in the official Type page title or description are recorded.
0142,function,way_configuration,,,2/2-way,,Type-level official page description,https://www.burkert.com/en/type/0142,2026-06-09,Only values explicitly present in the official Type page title or description are recorded.
0142,materials,explicit_materials,,,plastic,,Type-level official page description,https://www.burkert.com/en/type/0142,2026-06-09,Only values explicitly present in the official Type page title or description are recorded.
0200,actuation,actuation_method,,,solenoid,,Type-level official page description,https://www.burkert.com/en/type/0200,2026-06-09,Only values explicitly present in the official Type page title or description are recorded.
0200,connection,explicit_connection_types,,,thread,,Type-level official page description,https://www.burkert.com/en/type/0200,2026-06-09,Only values explicitly present in the official Type page title or description are recorded.
0200,function,way_configuration,,,2/2-way,,Type-level official page description,https://www.burkert.com/en/type/0200,2026-06-09,Only values explicitly present in the official Type page title or description are recorded.
0200,materials,explicit_materials,,,stainless steel | brass,,Type-level official page description,https://www.burkert.com/en/type/0200,2026-06-09,Only values explicitly present in the official Type page title or description are recorded.
0201,actuation,actuation_method,,,solenoid,,Type-level official page description,https://www.burkert.com/en/type/0201,2026-06-09,Only values explicitly present in the official Type page title or description are recorded.
0201,connection,explicit_connection_types,,,flange,,Type-level official page description,https://www.burkert.com/en/type/0201,2026-06-09,Only values explicitly present in the official Type page title or description are recorded.
0201,function,way_configuration,,,2/2-way,,Type-level official page description,https://www.burkert.com/en/type/0201,2026-06-09,Only values explicitly present in the official Type page title or description are recorded.
0201,materials,explicit_materials,,,stainless steel | brass,,Type-level official page description,https://www.burkert.com/en/type/0201,2026-06-09,Only values explicitly present in the official Type page title or description are recorded.
0211,actuation,actuation_method,,,solenoid,,Type-level official page description,https://www.burkert.com/en/type/0211,2026-06-09,Only values explicitly present in the official Type page title or description are recorded.
0211,function,way_configuration,,,2/2-way,,Type-level official page description,https://www.burkert.com/en/type/0211,2026-06-09,Only values explicitly present in the official Type page title or description are recorded.
0212,actuation,actuation_method,,,solenoid,,Type-level official page description,https://www.burkert.com/en/type/0212,2026-06-09,Only values explicitly present in the official Type page title or description are recorded.
0212,function,way_configuration,,,2/2-way,,Type-level official page description,https://www.burkert.com/en/type/0212,2026-06-09,Only values explicitly present in the official Type page title or description are recorded.
0243,actuation,actuation_method,,,solenoid,,Type-level official page description,https://www.burkert.com/en/type/0243,2026-06-09,Only values explicitly present in the official Type page title or description are recorded.
0248,actuation,actuation_method,,,electromotive,,Type-level official page description,https://www.burkert.com/en/type/0248,2026-06-09,Only values explicitly present in the official Type page title or description are recorded.
0248,connection,explicit_connection_types,,,flange,,Type-level official page description,https://www.burkert.com/en/type/0248,2026-06-09,Only values explicitly present in the official Type page title or description are recorded.
0248,function,way_configuration,,,2/2-way,,Type-level official page description,https://www.burkert.com/en/type/0248,2026-06-09,Only values explicitly present in the official Type page title or description are recorded.
0253,actuation,actuation_method,,,solenoid,,Type-level official page description,https://www.burkert.com/en/type/0253,2026-06-09,Only values explicitly present in the official Type page title or description are recorded.
0253,function,way_configuration,,,2/2-way,,Type-level official page description,https://www.burkert.com/en/type/0253,2026-06-09,Only values explicitly present in the official Type page title or description are recorded.
0253,materials,explicit_materials,,,stainless steel | brass,,Type-level official page description,https://www.burkert.com/en/type/0253,2026-06-09,Only values explicitly present in the official Type page title or description are recorded.
0255,actuation,actuation_method,,,solenoid,,Type-level official page description,https://www.burkert.com/en/type/0255,2026-06-09,Only values explicitly present in the official Type page title or description are recorded.
0255,connection,explicit_connection_types,,,thread,,Type-level official page description,https://www.burkert.com/en/type/0255,2026-06-09,Only values explicitly present in the official Type page title or description are recorded.
0255,function,way_configuration,,,2/2-way,,Type-level official page description,https://www.burkert.com/en/type/0255,2026-06-09,Only values explicitly present in the official Type page title or description are recorded.
0255,materials,explicit_materials,,,stainless steel | brass,,Type-level official page description,https://www.burkert.com/en/type/0255,2026-06-09,Only values explicitly present in the official Type page title or description are recorded.
0256,actuation,actuation_method,,,solenoid,,Type-level official page description,https://www.burkert.com/en/type/0256,2026-06-09,Only values explicitly present in the official Type page title or description are recorded.
0256,function,way_configuration,,,2/2-way,,Type-level official page description,https://www.burkert.com/en/type/0256,2026-06-09,Only values explicitly present in the official Type page title or description are recorded.
0256,materials,explicit_materials,,,stainless steel | brass,,Type-level official page description,https://www.burkert.com/en/type/0256,2026-06-09,Only values explicitly present in the official Type page title or description are recorded.
0262,actuation,actuation_method,,,pneumatic,,Type-level official page description,https://www.burkert.com/en/type/0262,2026-06-09,Only values explicitly present in the official Type page title or description are recorded.
0262,connection,explicit_connection_types,,,thread,,Type-level official page description,https://www.burkert.com/en/type/0262,2026-06-09,Only values explicitly present in the official Type page title or description are recorded.
0262,materials,explicit_materials,,,stainless steel | brass | plastic,,Type-level official page description,https://www.burkert.com/en/type/0262,2026-06-09,Only values explicitly present in the official Type page title or description are recorded.
0263,actuation,actuation_method,,,pneumatic,,Type-level official page description,https://www.burkert.com/en/type/0263,2026-06-09,Only values explicitly present in the official Type page title or description are recorded.
0263,connection,explicit_connection_types,,,thread,,Type-level official page description,https://www.burkert.com/en/type/0263,2026-06-09,Only values explicitly present in the official Type page title or description are recorded.
0263,function,way_configuration,,,2/2-way,,Type-level official page description,https://www.burkert.com/en/type/0263,2026-06-09,Only values explicitly present in the official Type page title or description are recorded.
0263,materials,explicit_materials,,,stainless steel | brass | plastic,,Type-level official page description,https://www.burkert.com/en/type/0263,2026-06-09,Only values explicitly present in the official Type page title or description are recorded.
0280,actuation,actuation_method,,,solenoid,,Type-level official page description,https://www.burkert.com/en/type/0280,2026-06-09,Only values explicitly present in the official Type page title or description are recorded.
0280,connection,explicit_connection_types,,,thread,,Type-level official page description,https://www.burkert.com/en/type/0280,2026-06-09,Only values explicitly present in the official Type page title or description are recorded.
0280,materials,explicit_materials,,,brass,,Type-level official page description,https://www.burkert.com/en/type/0280,2026-06-09,Only values explicitly present in the official Type page title or description are recorded.
0283,actuation,actuation_method,,,solenoid,,Type-level official page description,https://www.burkert.com/en/type/0283,2026-06-09,Only values explicitly present in the official Type page title or description are recorded.
0283,function,way_configuration,,,2/2-way,,Type-level official page description,https://www.burkert.com/en/type/0283,2026-06-09,Only values explicitly present in the official Type page title or description are recorded.
0283,materials,explicit_materials,,,stainless steel | brass,,Type-level official page description,https://www.burkert.com/en/type/0283,2026-06-09,Only values explicitly present in the official Type page title or description are recorded.
0285,actuation,actuation_method,,,solenoid,,Type-level official page description,https://www.burkert.com/en/type/0285,2026-06-09,Only values explicitly present in the official Type page title or description are recorded.
0285,materials,explicit_materials,,,brass,,Type-level official page description,https://www.burkert.com/en/type/0285,2026-06-09,Only values explicitly present in the official Type page title or description are recorded.
0286,actuation,actuation_method,,,solenoid,,Type-level official page description,https://www.burkert.com/en/type/0286,2026-06-09,Only values explicitly present in the official Type page title or description are recorded.
0287,actuation,actuation_method,,,solenoid,,Type-level official page description,https://www.burkert.com/en/type/0287,2026-06-09,Only values explicitly present in the official Type page title or description are recorded.
0287,function,way_configuration,,,2/2-way,,Type-level official page description,https://www.burkert.com/en/type/0287,2026-06-09,Only values explicitly present in the official Type page title or description are recorded.
0287,materials,explicit_materials,,,brass | plastic,,Type-level official page description,https://www.burkert.com/en/type/0287,2026-06-09,Only values explicitly present in the official Type page title or description are recorded.
0290,actuation,actuation_method,,,solenoid,,Type-level official page description,https://www.burkert.com/en/type/0290,2026-06-09,Only values explicitly present in the official Type page title or description are recorded.
0290,function,way_configuration,,,2/2-way,,Type-level official page description,https://www.burkert.com/en/type/0290,2026-06-09,Only values explicitly present in the official Type page title or description are recorded.
0290,materials,explicit_materials,,,stainless steel,,Type-level official page description,https://www.burkert.com/en/type/0290,2026-06-09,Only values explicitly present in the official Type page title or description are recorded.
0293,actuation,actuation_method,,,solenoid,,Type-level official page description,https://www.burkert.com/en/type/0293,2026-06-09,Only values explicitly present in the official Type page title or description are recorded.
0293,function,way_configuration,,,2/2-way,,Type-level official page description,https://www.burkert.com/en/type/0293,2026-06-09,Only values explicitly present in the official Type page title or description are recorded.
0293,materials,explicit_materials,,,brass,,Type-level official page description,https://www.burkert.com/en/type/0293,2026-06-09,Only values explicitly present in the official Type page title or description are recorded.
0300,actuation,actuation_method,,,solenoid,,Type-level official page description,https://www.burkert.com/en/type/0300,2026-06-09,Only values explicitly present in the official Type page title or description are recorded.
0300,connection,explicit_connection_types,,,thread,,Type-level official page description,https://www.burkert.com/en/type/0300,2026-06-09,Only values explicitly present in the official Type page title or description are recorded.
0300,function,way_configuration,,,3/2-way,,Type-level official page description,https://www.burkert.com/en/type/0300,2026-06-09,Only values explicitly present in the official Type page title or description are recorded.
0300,materials,explicit_materials,,,stainless steel | brass,,Type-level official page description,https://www.burkert.com/en/type/0300,2026-06-09,Only values explicitly present in the official Type page title or description are recorded.
0301,actuation,actuation_method,,,solenoid,,Type-level official page description,https://www.burkert.com/en/type/0301,2026-06-09,Only values explicitly present in the official Type page title or description are recorded.
0301,connection,explicit_connection_types,,,flange | hose,,Type-level official page description,https://www.burkert.com/en/type/0301,2026-06-09,Only values explicitly present in the official Type page title or description are recorded.
0301,function,way_configuration,,,3/2-way,,Type-level official page description,https://www.burkert.com/en/type/0301,2026-06-09,Only values explicitly present in the official Type page title or description are recorded.
0301,materials,explicit_materials,,,stainless steel | brass,,Type-level official page description,https://www.burkert.com/en/type/0301,2026-06-09,Only values explicitly present in the official Type page title or description are recorded.
0303,actuation,actuation_method,,,solenoid,,Type-level official page description,https://www.burkert.com/en/type/0303,2026-06-09,Only values explicitly present in the official Type page title or description are recorded.
0303,function,way_configuration,,,3/2-way,,Type-level official page description,https://www.burkert.com/en/type/0303,2026-06-09,Only values explicitly present in the official Type page title or description are recorded.
0304,actuation,actuation_method,,,solenoid,,Type-level official page description,https://www.burkert.com/en/type/0304,2026-06-09,Only values explicitly present in the official Type page title or description are recorded.
0304,function,way_configuration,,,3/2-way,,Type-level official page description,https://www.burkert.com/en/type/0304,2026-06-09,Only values explicitly present in the official Type page title or description are recorded.
0311,actuation,actuation_method,,,solenoid,,Type-level official page description,https://www.burkert.com/en/type/0311,2026-06-09,Only values explicitly present in the official Type page title or description are recorded.
0311,function,way_configuration,,,3/2-way,,Type-level official page description,https://www.burkert.com/en/type/0311,2026-06-09,Only values explicitly present in the official Type page title or description are recorded.
0312,actuation,actuation_method,,,solenoid,,Type-level official page description,https://www.burkert.com/en/type/0312,2026-06-09,Only values explicitly present in the official Type page title or description are recorded.
0312,function,way_configuration,,,3/2-way,,Type-level official page description,https://www.burkert.com/en/type/0312,2026-06-09,Only values explicitly present in the official Type page title or description are recorded.
0313,actuation,actuation_method,,,solenoid,,Type-level official page description,https://www.burkert.com/en/type/0313,2026-06-09,Only values explicitly present in the official Type page title or description are recorded.
0330,actuation,actuation_method,,,solenoid | manual,,Type-level official page description,https://www.burkert.com/en/type/0330,2026-06-09,Only values explicitly present in the official Type page title or description are recorded.
0330,function,way_configuration,,,3/2-way,,Type-level official page description,https://www.burkert.com/en/type/0330,2026-06-09,Only values explicitly present in the official Type page title or description are recorded.
0330,materials,explicit_materials,,,stainless steel | PEEK | brass,,Type-level official page description,https://www.burkert.com/en/type/0330,2026-06-09,Only values explicitly present in the official Type page title or description are recorded.
0331,actuation,actuation_method,,,solenoid | manual,,Type-level official page description,https://www.burkert.com/en/type/0331,2026-06-09,Only values explicitly present in the official Type page title or description are recorded.
0331,connection,explicit_connection_types,,,flange,,Type-level official page description,https://www.burkert.com/en/type/0331,2026-06-09,Only values explicitly present in the official Type page title or description are recorded.
0331,function,way_configuration,,,3/2-way,,Type-level official page description,https://www.burkert.com/en/type/0331,2026-06-09,Only values explicitly present in the official Type page title or description are recorded.
0331,materials,explicit_materials,,,stainless steel | PEEK | brass,,Type-level official page description,https://www.burkert.com/en/type/0331,2026-06-09,Only values explicitly present in the official Type page title or description are recorded.
0340,actuation,actuation_method,,,solenoid | manual,,Type-level official page description,https://www.burkert.com/en/type/0340,2026-06-09,Only values explicitly present in the official Type page title or description are recorded.
0340,environment,protection_rating,,,IP65,,Type-level official page description,https://www.burkert.com/en/type/0340,2026-06-09,Only values explicitly present in the official Type page title or description are recorded.
0340,function,way_configuration,,,3/2-way,,Type-level official page description,https://www.burkert.com/en/type/0340,2026-06-09,Only values explicitly present in the official Type page title or description are recorded.
0341,actuation,actuation_method,,,solenoid,,Type-level official page description,https://www.burkert.com/en/type/0341,2026-06-09,Only values explicitly present in the official Type page title or description are recorded.
0343,actuation,actuation_method,,,solenoid | manual,,Type-level official page description,https://www.burkert.com/en/type/0343,2026-06-09,Only values explicitly present in the official Type page title or description are recorded.
0343,dimensions,diameter_range_1,8,40,DN 8-40mm,mm,Type-level official page description,https://www.burkert.com/en/type/0343,2026-06-09,Explicit range extracted from the official Type page; confirm configuration-specific limits in the data sheet.
0343,function,way_configuration,,,3/2-way,,Type-level official page description,https://www.burkert.com/en/type/0343,2026-06-09,Only values explicitly present in the official Type page title or description are recorded.
0343,materials,explicit_materials,,,brass,,Type-level official page description,https://www.burkert.com/en/type/0343,2026-06-09,Only values explicitly present in the official Type page title or description are recorded.
0344,actuation,actuation_method,,,solenoid | manual,,Type-level official page description,https://www.burkert.com/en/type/0344,2026-06-09,Only values explicitly present in the official Type page title or description are recorded.
0344,environment,protection_rating,,,IP65,,Type-level official page description,https://www.burkert.com/en/type/0344,2026-06-09,Only values explicitly present in the official Type page title or description are recorded.
0344,function,way_configuration,,,3/2-way,,Type-level official page description,https://www.burkert.com/en/type/0344,2026-06-09,Only values explicitly present in the official Type page title or description are recorded.
0355,actuation,actuation_method,,,solenoid,,Type-level official page description,https://www.burkert.com/en/type/0355,2026-06-09,Only values explicitly present in the official Type page title or description are recorded.
0355,function,way_configuration,,,3/2-way,,Type-level official page description,https://www.burkert.com/en/type/0355,2026-06-09,Only values explicitly present in the official Type page title or description are recorded.
0355,operating_limits,temperature_max_1,,180,Medium temperature up to +180 °C,°C,Type-level official page description,https://www.burkert.com/en/type/0355,2026-06-09,Explicit upper limit extracted from the official Type page; confirm configuration-specific limits in the data sheet.
0375,actuation,actuation_method,,,pneumatic | solenoid,,Type-level official page description,https://www.burkert.com/en/type/0375,2026-06-09,Only values explicitly present in the official Type page title or description are recorded.
0375,function,way_configuration,,,3/2-way,,Type-level official page description,https://www.burkert.com/en/type/0375,2026-06-09,Only values explicitly present in the official Type page title or description are recorded.
0400,actuation,actuation_method,,,solenoid,,Type-level official page description,https://www.burkert.com/en/type/0400,2026-06-09,Only values explicitly present in the official Type page title or description are recorded.
0400,function,way_configuration,,,2/2-way,,Type-level official page description,https://www.burkert.com/en/type/0400,2026-06-09,Only values explicitly present in the official Type page title or description are recorded.
0404,actuation,actuation_method,,,solenoid,,Type-level official page description,https://www.burkert.com/en/type/0404,2026-06-09,Only values explicitly present in the official Type page title or description are recorded.
0404,connection,explicit_connection_types,,,flange | thread,,Type-level official page description,https://www.burkert.com/en/type/0404,2026-06-09,Only values explicitly present in the official Type page title or description are recorded.
0404,environment,protection_rating,,,IP65,,Type-level official page description,https://www.burkert.com/en/type/0404,2026-06-09,Only values explicitly present in the official Type page title or description are recorded.
0404,materials,explicit_materials,,,brass,,Type-level official page description,https://www.burkert.com/en/type/0404,2026-06-09,Only values explicitly present in the official Type page title or description are recorded.
0406,actuation,actuation_method,,,solenoid,,Type-level official page description,https://www.burkert.com/en/type/0406,2026-06-09,Only values explicitly present in the official Type page title or description are recorded.
0406,connection,explicit_connection_types,,,flange | thread,,Type-level official page description,https://www.burkert.com/en/type/0406,2026-06-09,Only values explicitly present in the official Type page title or description are recorded.
0406,materials,explicit_materials,,,brass,,Type-level official page description,https://www.burkert.com/en/type/0406,2026-06-09,Only values explicitly present in the official Type page title or description are recorded.
0407,actuation,actuation_method,,,solenoid,,Type-level official page description,https://www.burkert.com/en/type/0407,2026-06-09,Only values explicitly present in the official Type page title or description are recorded.
0407,materials,explicit_materials,,,brass,,Type-level official page description,https://www.burkert.com/en/type/0407,2026-06-09,Only values explicitly present in the official Type page title or description are recorded.
0450,actuation,actuation_method,,,pneumatic,,Type-level official page description,https://www.burkert.com/en/type/0450,2026-06-09,Only values explicitly present in the official Type page title or description are recorded.
0460,actuation,actuation_method,,,pneumatic | solenoid | manual,,Type-level official page description,https://www.burkert.com/en/type/0460,2026-06-09,Only values explicitly present in the official Type page title or description are recorded.
0461,actuation,actuation_method,,,pneumatic | solenoid | manual,,Type-level official page description,https://www.burkert.com/en/type/0461,2026-06-09,Only values explicitly present in the official Type page title or description are recorded.
0470,actuation,actuation_method,,,pneumatic | solenoid,,Type-level official page description,https://www.burkert.com/en/type/0470,2026-06-09,Only values explicitly present in the official Type page title or description are recorded.
0470,function,way_configuration,,,3/2-way,,Type-level official page description,https://www.burkert.com/en/type/0470,2026-06-09,Only values explicitly present in the official Type page title or description are recorded.
0498,actuation,actuation_method,,,pneumatic | manual,,Type-level official page description,https://www.burkert.com/en/type/0498,2026-06-09,Only values explicitly present in the official Type page title or description are recorded.
0498,function,way_configuration,,,3/2-way,,Type-level official page description,https://www.burkert.com/en/type/0498,2026-06-09,Only values explicitly present in the official Type page title or description are recorded.
0641,actuation,actuation_method,,,solenoid,,Type-level official page description,https://www.burkert.com/en/type/0641,2026-06-09,Only values explicitly present in the official Type page title or description are recorded.
0643,actuation,actuation_method,,,solenoid,,Type-level official page description,https://www.burkert.com/en/type/0643,2026-06-09,Only values explicitly present in the official Type page title or description are recorded.
0644,actuation,actuation_method,,,solenoid,,Type-level official page description,https://www.burkert.com/en/type/0644,2026-06-09,Only values explicitly present in the official Type page title or description are recorded.
0780,actuation,actuation_method,,,solenoid,,Type-level official page description,https://www.burkert.com/en/type/0780,2026-06-09,Only values explicitly present in the official Type page title or description are recorded.
0780,connection,explicit_connection_types,,,thread,,Type-level official page description,https://www.burkert.com/en/type/0780,2026-06-09,Only values explicitly present in the official Type page title or description are recorded.
0780,materials,explicit_materials,,,stainless steel | brass,,Type-level official page description,https://www.burkert.com/en/type/0780,2026-06-09,Only values explicitly present in the official Type page title or description are recorded.
0788,actuation,actuation_method,,,solenoid,,Type-level official page description,https://www.burkert.com/en/type/0788,2026-06-09,Only values explicitly present in the official Type page title or description are recorded.
0789,actuation,actuation_method,,,solenoid,,Type-level official page description,https://www.burkert.com/en/type/0789,2026-06-09,Only values explicitly present in the official Type page title or description are recorded.
1054,actuation,actuation_method,,,solenoid,,Type-level official page description,https://www.burkert.com/en/type/1054,2026-06-09,Only values explicitly present in the official Type page title or description are recorded.
1060,actuation,actuation_method,,,pneumatic,,Type-level official page description,https://www.burkert.com/en/type/1060,2026-06-09,Only values explicitly present in the official Type page title or description are recorded.
1061,actuation,actuation_method,,,pneumatic | solenoid,,Type-level official page description,https://www.burkert.com/en/type/1061,2026-06-09,Only values explicitly present in the official Type page title or description are recorded.
1061,compliance,explicit_certifications_or_ratings,,,ATEX,,Type-level official page description,https://www.burkert.com/en/type/1061,2026-06-09,Only values explicitly present in the official Type page title or description are recorded.
1061,function,way_configuration,,,3/2-way,,Type-level official page description,https://www.burkert.com/en/type/1061,2026-06-09,Only values explicitly present in the official Type page title or description are recorded.
1077,actuation,actuation_method,,,solenoid,,Type-level official page description,https://www.burkert.com/en/type/1077,2026-06-09,Only values explicitly present in the official Type page title or description are recorded.
1078,actuation,actuation_method,,,solenoid,,Type-level official page description,https://www.burkert.com/en/type/1078,2026-06-09,Only values explicitly present in the official Type page title or description are recorded.
1087,actuation,actuation_method,,,solenoid,,Type-level official page description,https://www.burkert.com/en/type/1087,2026-06-09,Only values explicitly present in the official Type page title or description are recorded.
1087,environment,protection_rating,,,IP65,,Type-level official page description,https://www.burkert.com/en/type/1087,2026-06-09,Only values explicitly present in the official Type page title or description are recorded.
1573,connection,explicit_connection_types,,,push-in,,Type-level official page description,https://www.burkert.com/en/type/1573,2026-06-09,Only values explicitly present in the official Type page title or description are recorded.
1573,materials,explicit_materials,,,plastic,,Type-level official page description,https://www.burkert.com/en/type/1573,2026-06-09,Only values explicitly present in the official Type page title or description are recorded.
2000,actuation,actuation_method,,,pneumatic | manual,,Type-level official page description,https://www.burkert.com/en/type/2000,2026-06-09,Only values explicitly present in the official Type page title or description are recorded.
2000,connection,explicit_connection_types,,,clamp | weld | flange,,Type-level official page description,https://www.burkert.com/en/type/2000,2026-06-09,Only values explicitly present in the official Type page title or description are recorded.
2000,function,way_configuration,,,2/2-way,,Type-level official page description,https://www.burkert.com/en/type/2000,2026-06-09,Only values explicitly present in the official Type page title or description are recorded.
2000,materials,explicit_materials,,,stainless steel | 316L | brass,,Type-level official page description,https://www.burkert.com/en/type/2000,2026-06-09,Only values explicitly present in the official Type page title or description are recorded.
2002,actuation,actuation_method,,,pneumatic | manual,,Type-level official page description,https://www.burkert.com/en/type/2002,2026-06-09,Only values explicitly present in the official Type page title or description are recorded.
2002,connection,explicit_connection_types,,,thread,,Type-level official page description,https://www.burkert.com/en/type/2002,2026-06-09,Only values explicitly present in the official Type page title or description are recorded.
2006,actuation,actuation_method,,,pneumatic,,Type-level official page description,https://www.burkert.com/en/type/2006,2026-06-09,Only values explicitly present in the official Type page title or description are recorded.
2006,function,way_configuration,,,3/2-way,,Type-level official page description,https://www.burkert.com/en/type/2006,2026-06-09,Only values explicitly present in the official Type page title or description are recorded.
2006,materials,explicit_materials,,,stainless steel,,Type-level official page description,https://www.burkert.com/en/type/2006,2026-06-09,Only values explicitly present in the official Type page title or description are recorded.
2012,actuation,actuation_method,,,pneumatic | manual,,Type-level official page description,https://www.burkert.com/en/type/2012,2026-06-09,Only values explicitly present in the official Type page title or description are recorded.
2012,connection,explicit_connection_types,,,weld | flange | thread,,Type-level official page description,https://www.burkert.com/en/type/2012,2026-06-09,Only values explicitly present in the official Type page title or description are recorded.
2012,function,way_configuration,,,2/2-way,,Type-level official page description,https://www.burkert.com/en/type/2012,2026-06-09,Only values explicitly present in the official Type page title or description are recorded.
2012,materials,explicit_materials,,,stainless steel,,Type-level official page description,https://www.burkert.com/en/type/2012,2026-06-09,Only values explicitly present in the official Type page title or description are recorded.
2030,actuation,actuation_method,,,pneumatic,,Type-level official page description,https://www.burkert.com/en/type/2030,2026-06-09,Only values explicitly present in the official Type page title or description are recorded.
2030,compliance,explicit_certifications_or_ratings,,,ATEX | IECEx,,Type-level official page description,https://www.burkert.com/en/type/2030,2026-06-09,Only values explicitly present in the official Type page title or description are recorded.
2030,function,way_configuration,,,2/2-way,,Type-level official page description,https://www.burkert.com/en/type/2030,2026-06-09,Only values explicitly present in the official Type page title or description are recorded.
2030,materials,explicit_materials,,,stainless steel | plastic,,Type-level official page description,https://www.burkert.com/en/type/2030,2026-06-09,Only values explicitly present in the official Type page title or description are recorded.
2030,surface_finish,explicit_roughness,,,Ra ≤ 0.38 µm...1.6 µm,µm,Type-level official page description,https://www.burkert.com/en/type/2030,2026-06-09,Only values explicitly present in the official Type page title or description are recorded.
2031,actuation,actuation_method,,,pneumatic,,Type-level official page description,https://www.burkert.com/en/type/2031,2026-06-09,Only values explicitly present in the official Type page title or description are recorded.
2031,compliance,explicit_certifications_or_ratings,,,ATEX | IECEx,,Type-level official page description,https://www.burkert.com/en/type/2031,2026-06-09,Only values explicitly present in the official Type page title or description are recorded.
2031,function,way_configuration,,,2/2-way,,Type-level official page description,https://www.burkert.com/en/type/2031,2026-06-09,Only values explicitly present in the official Type page title or description are recorded.
2031,materials,explicit_materials,,,stainless steel | plastic,,Type-level official page description,https://www.burkert.com/en/type/2031,2026-06-09,Only values explicitly present in the official Type page title or description are recorded.
2031,surface_finish,explicit_roughness,,,Ra ≤ 0.38 µm...≤ 1.6 µm,µm,Type-level official page description,https://www.burkert.com/en/type/2031,2026-06-09,Only values explicitly present in the official Type page title or description are recorded.
2032,actuation,actuation_method,,,pneumatic,,Type-level official page description,https://www.burkert.com/en/type/2032,2026-06-09,Only values explicitly present in the official Type page title or description are recorded.
2032,compliance,explicit_certifications_or_ratings,,,ATEX | IECEx,,Type-level official page description,https://www.burkert.com/en/type/2032,2026-06-09,Only values explicitly present in the official Type page title or description are recorded.
2032,materials,explicit_materials,,,stainless steel | plastic,,Type-level official page description,https://www.burkert.com/en/type/2032,2026-06-09,Only values explicitly present in the official Type page title or description are recorded.
2032,surface_finish,explicit_roughness,,,Ra ≤ 0.38 µm...≤ 1.6 µm,µm,Type-level official page description,https://www.burkert.com/en/type/2032,2026-06-09,Only values explicitly present in the official Type page title or description are recorded.
2033,actuation,actuation_method,,,pneumatic,,Type-level official page description,https://www.burkert.com/en/type/2033,2026-06-09,Only values explicitly present in the official Type page title or description are recorded.
2033,compliance,explicit_certifications_or_ratings,,,ATEX | IECEx,,Type-level official page description,https://www.burkert.com/en/type/2033,2026-06-09,Only values explicitly present in the official Type page title or description are recorded.
2033,materials,explicit_materials,,,stainless steel | plastic,,Type-level official page description,https://www.burkert.com/en/type/2033,2026-06-09,Only values explicitly present in the official Type page title or description are recorded.
2033,surface_finish,explicit_roughness,,,Ra ≤ 0.38 µm...≤ 1.6 µm,µm,Type-level official page description,https://www.burkert.com/en/type/2033,2026-06-09,Only values explicitly present in the official Type page title or description are recorded.
2034,actuation,actuation_method,,,pneumatic,,Type-level official page description,https://www.burkert.com/en/type/2034,2026-06-09,Only values explicitly present in the official Type page title or description are recorded.
2034,connection,explicit_connection_types,,,weld,,Type-level official page description,https://www.burkert.com/en/type/2034,2026-06-09,Only values explicitly present in the official Type page title or description are recorded.
2035,actuation,actuation_method,,,pneumatic,,Type-level official page description,https://www.burkert.com/en/type/2035,2026-06-09,Only values explicitly present in the official Type page title or description are recorded.
2035,materials,explicit_materials,,,stainless steel,,Type-level official page description,https://www.burkert.com/en/type/2035,2026-06-09,Only values explicitly present in the official Type page title or description are recorded.
2036,actuation,actuation_method,,,pneumatic,,Type-level official page description,https://www.burkert.com/en/type/2036,2026-06-09,Only values explicitly present in the official Type page title or description are recorded.
2036,connection,explicit_connection_types,,,weld,,Type-level official page description,https://www.burkert.com/en/type/2036,2026-06-09,Only values explicitly present in the official Type page title or description are recorded.
2036,materials,explicit_materials,,,stainless steel,,Type-level official page description,https://www.burkert.com/en/type/2036,2026-06-09,Only values explicitly present in the official Type page title or description are recorded.
2050,actuation,actuation_method,,,pneumatic,,Type-level official page description,https://www.burkert.com/en/type/2050,2026-06-09,Only values explicitly present in the official Type page title or description are recorded.
2050,connection,explicit_connection_types,,,flange | thread,,Type-level official page description,https://www.burkert.com/en/type/2050,2026-06-09,Only values explicitly present in the official Type page title or description are recorded.
2051,actuation,actuation_method,,,pneumatic,,Type-level official page description,https://www.burkert.com/en/type/2051,2026-06-09,Only values explicitly present in the official Type page title or description are recorded.
2051,compliance,explicit_certifications_or_ratings,,,ATEX,,Type-level official page description,https://www.burkert.com/en/type/2051,2026-06-09,Only values explicitly present in the official Type page title or description are recorded.
2052,actuation,actuation_method,,,pneumatic,,Type-level official page description,https://www.burkert.com/en/type/2052,2026-06-09,Only values explicitly present in the official Type page title or description are recorded.
2052,compliance,explicit_certifications_or_ratings,,,ATEX,,Type-level official page description,https://www.burkert.com/en/type/2052,2026-06-09,Only values explicitly present in the official Type page title or description are recorded.
2053,actuation,actuation_method,,,pneumatic,,Type-level official page description,https://www.burkert.com/en/type/2053,2026-06-09,Only values explicitly present in the official Type page title or description are recorded.
2053,connection,explicit_connection_types,,,weld,,Type-level official page description,https://www.burkert.com/en/type/2053,2026-06-09,Only values explicitly present in the official Type page title or description are recorded.
2053,materials,explicit_materials,,,stainless steel,,Type-level official page description,https://www.burkert.com/en/type/2053,2026-06-09,Only values explicitly present in the official Type page title or description are recorded.
2060,actuation,actuation_method,,,pneumatic,,Type-level official page description,https://www.burkert.com/en/type/2060,2026-06-09,Only values explicitly present in the official Type page title or description are recorded.
2060,compliance,explicit_certifications_or_ratings,,,FDA,,Type-level official page description,https://www.burkert.com/en/type/2060,2026-06-09,Only values explicitly present in the official Type page title or description are recorded.
2060,connection,explicit_connection_types,,,weld,,Type-level official page description,https://www.burkert.com/en/type/2060,2026-06-09,Only values explicitly present in the official Type page title or description are recorded.
2060,function,way_configuration,,,2/2-way,,Type-level official page description,https://www.burkert.com/en/type/2060,2026-06-09,Only values explicitly present in the official Type page title or description are recorded.
2060,materials,explicit_materials,,,stainless steel,,Type-level official page description,https://www.burkert.com/en/type/2060,2026-06-09,Only values explicitly present in the official Type page title or description are recorded.
2063,actuation,actuation_method,,,pneumatic,,Type-level official page description,https://www.burkert.com/en/type/2063,2026-06-09,Only values explicitly present in the official Type page title or description are recorded.
2063,function,way_configuration,,,2/2-way,,Type-level official page description,https://www.burkert.com/en/type/2063,2026-06-09,Only values explicitly present in the official Type page title or description are recorded.
2063,materials,explicit_materials,,,stainless steel,,Type-level official page description,https://www.burkert.com/en/type/2063,2026-06-09,Only values explicitly present in the official Type page title or description are recorded.
2063,surface_finish,explicit_roughness,,,Ra ≤ 0.38 µm...≤ 1.6 µm,µm,Type-level official page description,https://www.burkert.com/en/type/2063,2026-06-09,Only values explicitly present in the official Type page title or description are recorded.
2064,actuation,actuation_method,,,pneumatic,,Type-level official page description,https://www.burkert.com/en/type/2064,2026-06-09,Only values explicitly present in the official Type page title or description are recorded.
2064,materials,explicit_materials,,,stainless steel,,Type-level official page description,https://www.burkert.com/en/type/2064,2026-06-09,Only values explicitly present in the official Type page title or description are recorded.
2064,surface_finish,explicit_roughness,,,Ra ≤ 0.38 µm...≤ 1.6 µm,µm,Type-level official page description,https://www.burkert.com/en/type/2064,2026-06-09,Only values explicitly present in the official Type page title or description are recorded.
2065,actuation,actuation_method,,,pneumatic,,Type-level official page description,https://www.burkert.com/en/type/2065,2026-06-09,Only values explicitly present in the official Type page title or description are recorded.
2065,materials,explicit_materials,,,stainless steel,,Type-level official page description,https://www.burkert.com/en/type/2065,2026-06-09,Only values explicitly present in the official Type page title or description are recorded.
2065,surface_finish,explicit_roughness,,,Ra ≤ 0.38 µm...≤ 1.6 µm,µm,Type-level official page description,https://www.burkert.com/en/type/2065,2026-06-09,Only values explicitly present in the official Type page title or description are recorded.
2080,actuation,actuation_method,,,pneumatic,,Type-level official page description,https://www.burkert.com/en/type/2080,2026-06-09,Only values explicitly present in the official Type page title or description are recorded.
2080,compliance,explicit_certifications_or_ratings,,,ATEX | IECEx,,Type-level official page description,https://www.burkert.com/en/type/2080,2026-06-09,Only values explicitly present in the official Type page title or description are recorded.
2080,function,way_configuration,,,2/2-way,,Type-level official page description,https://www.burkert.com/en/type/2080,2026-06-09,Only values explicitly present in the official Type page title or description are recorded.
2080,materials,explicit_materials,,,stainless steel,,Type-level official page description,https://www.burkert.com/en/type/2080,2026-06-09,Only values explicitly present in the official Type page title or description are recorded.
2100,actuation,actuation_method,,,pneumatic,,Type-level official page description,https://www.burkert.com/en/type/2100,2026-06-09,Only values explicitly present in the official Type page title or description are recorded.
2100,compliance,explicit_certifications_or_ratings,,,NEMA Type 4X,,Type-level official page description,https://www.burkert.com/en/type/2100,2026-06-09,Only values explicitly present in the official Type page title or description are recorded.
2100,connection,explicit_connection_types,,,clamp | weld,,Type-level official page description,https://www.burkert.com/en/type/2100,2026-06-09,Only values explicitly present in the official Type page title or description are recorded.
2100,environment,protection_rating,,,IP65/67,,Type-level official page description,https://www.burkert.com/en/type/2100,2026-06-09,Only values explicitly present in the official Type page title or description are recorded.
2100,function,way_configuration,,,2/2-way,,Type-level official page description,https://www.burkert.com/en/type/2100,2026-06-09,Only values explicitly present in the official Type page title or description are recorded.
2100,materials,explicit_materials,,,stainless steel,,Type-level official page description,https://www.burkert.com/en/type/2100,2026-06-09,Only values explicitly present in the official Type page title or description are recorded.
2101,actuation,actuation_method,,,pneumatic,,Type-level official page description,https://www.burkert.com/en/type/2101,2026-06-09,Only values explicitly present in the official Type page title or description are recorded.
2101,compliance,explicit_certifications_or_ratings,,,NEMA Type 4X,,Type-level official page description,https://www.burkert.com/en/type/2101,2026-06-09,Only values explicitly present in the official Type page title or description are recorded.
2101,connection,explicit_connection_types,,,weld | flange,,Type-level official page description,https://www.burkert.com/en/type/2101,2026-06-09,Only values explicitly present in the official Type page title or description are recorded.
2101,environment,protection_rating,,,IP65/67,,Type-level official page description,https://www.burkert.com/en/type/2101,2026-06-09,Only values explicitly present in the official Type page title or description are recorded.
2101,function,way_configuration,,,2/2-way,,Type-level official page description,https://www.burkert.com/en/type/2101,2026-06-09,Only values explicitly present in the official Type page title or description are recorded.
2101,materials,explicit_materials,,,stainless steel,,Type-level official page description,https://www.burkert.com/en/type/2101,2026-06-09,Only values explicitly present in the official Type page title or description are recorded.
2103,actuation,actuation_method,,,pneumatic,,Type-level official page description,https://www.burkert.com/en/type/2103,2026-06-09,Only values explicitly present in the official Type page title or description are recorded.
2103,compliance,explicit_certifications_or_ratings,,,ATEX | IECEx | NEMA Type 4X,,Type-level official page description,https://www.burkert.com/en/type/2103,2026-06-09,Only values explicitly present in the official Type page title or description are recorded.
2103,environment,protection_rating,,,IP65/67,,Type-level official page description,https://www.burkert.com/en/type/2103,2026-06-09,Only values explicitly present in the official Type page title or description are recorded.
2103,function,way_configuration,,,2/2-way,,Type-level official page description,https://www.burkert.com/en/type/2103,2026-06-09,Only values explicitly present in the official Type page title or description are recorded.
2103,materials,explicit_materials,,,stainless steel | plastic,,Type-level official page description,https://www.burkert.com/en/type/2103,2026-06-09,Only values explicitly present in the official Type page title or description are recorded.
2103,surface_finish,explicit_roughness,,,Ra ≤ 0.38 µm...≤ 1.6 µm,µm,Type-level official page description,https://www.burkert.com/en/type/2103,2026-06-09,Only values explicitly present in the official Type page title or description are recorded.
2104,actuation,actuation_method,,,pneumatic,,Type-level official page description,https://www.burkert.com/en/type/2104,2026-06-09,Only values explicitly present in the official Type page title or description are recorded.
2104,compliance,explicit_certifications_or_ratings,,,ATEX | IECEx | NEMA Type 4X,,Type-level official page description,https://www.burkert.com/en/type/2104,2026-06-09,Only values explicitly present in the official Type page title or description are recorded.
2104,environment,protection_rating,,,IP65/67,,Type-level official page description,https://www.burkert.com/en/type/2104,2026-06-09,Only values explicitly present in the official Type page title or description are recorded.
2104,materials,explicit_materials,,,stainless steel | plastic,,Type-level official page description,https://www.burkert.com/en/type/2104,2026-06-09,Only values explicitly present in the official Type page title or description are recorded.
2104,surface_finish,explicit_roughness,,,Ra ≤ 0.38 µm...≤ 1.6 µm,µm,Type-level official page description,https://www.burkert.com/en/type/2104,2026-06-09,Only values explicitly present in the official Type page title or description are recorded.
2105,actuation,actuation_method,,,pneumatic,,Type-level official page description,https://www.burkert.com/en/type/2105,2026-06-09,Only values explicitly present in the official Type page title or description are recorded.
2105,compliance,explicit_certifications_or_ratings,,,ATEX | IECEx | NEMA Type 4X,,Type-level official page description,https://www.burkert.com/en/type/2105,2026-06-09,Only values explicitly present in the official Type page title or description are recorded.
2105,environment,protection_rating,,,IP65/67,,Type-level official page description,https://www.burkert.com/en/type/2105,2026-06-09,Only values explicitly present in the official Type page title or description are recorded.
2105,materials,explicit_materials,,,stainless steel | plastic,,Type-level official page description,https://www.burkert.com/en/type/2105,2026-06-09,Only values explicitly present in the official Type page title or description are recorded.
2105,surface_finish,explicit_roughness,,,Ra ≤ 0.38 µm...≤ 1.6 µm,µm,Type-level official page description,https://www.burkert.com/en/type/2105,2026-06-09,Only values explicitly present in the official Type page title or description are recorded.
2106,actuation,actuation_method,,,pneumatic,,Type-level official page description,https://www.burkert.com/en/type/2106,2026-06-09,Only values explicitly present in the official Type page title or description are recorded.
2106,compliance,explicit_certifications_or_ratings,,,NEMA Type 4X,,Type-level official page description,https://www.burkert.com/en/type/2106,2026-06-09,Only values explicitly present in the official Type page title or description are recorded.
2106,environment,protection_rating,,,IP65/67,,Type-level official page description,https://www.burkert.com/en/type/2106,2026-06-09,Only values explicitly present in the official Type page title or description are recorded.
2106,function,way_configuration,,,3/2-way,,Type-level official page description,https://www.burkert.com/en/type/2106,2026-06-09,Only values explicitly present in the official Type page title or description are recorded.
2106,materials,explicit_materials,,,stainless steel,,Type-level official page description,https://www.burkert.com/en/type/2106,2026-06-09,Only values explicitly present in the official Type page title or description are recorded.
2111,actuation,actuation_method,,,pneumatic,,Type-level official page description,https://www.burkert.com/en/type/2111,2026-06-09,Only values explicitly present in the official Type page title or description are recorded.
2111,function,way_configuration,,,2/2-way,,Type-level official page description,https://www.burkert.com/en/type/2111,2026-06-09,Only values explicitly present in the official Type page title or description are recorded.
2111,materials,explicit_materials,,,stainless steel,,Type-level official page description,https://www.burkert.com/en/type/2111,2026-06-09,Only values explicitly present in the official Type page title or description are recorded.
2121,actuation,actuation_method,,,pneumatic,,Type-level official page description,https://www.burkert.com/en/type/2121,2026-06-09,Only values explicitly present in the official Type page title or description are recorded.
2121,function,way_configuration,,,2/2-way,,Type-level official page description,https://www.burkert.com/en/type/2121,2026-06-09,Only values explicitly present in the official Type page title or description are recorded.
2121,materials,explicit_materials,,,stainless steel,,Type-level official page description,https://www.burkert.com/en/type/2121,2026-06-09,Only values explicitly present in the official Type page title or description are recorded.
2200,actuation,actuation_method,,,solenoid,,Type-level official page description,https://www.burkert.com/en/type/2200,2026-06-09,Only values explicitly present in the official Type page title or description are recorded.
2200,materials,explicit_materials,,,stainless steel,,Type-level official page description,https://www.burkert.com/en/type/2200,2026-06-09,Only values explicitly present in the official Type page title or description are recorded.
2300,actuation,actuation_method,,,pneumatic,,Type-level official page description,https://www.burkert.com/en/type/2300,2026-06-09,Only values explicitly present in the official Type page title or description are recorded.
2300,compliance,explicit_certifications_or_ratings,,,NEMA Type 4X,,Type-level official page description,https://www.burkert.com/en/type/2300,2026-06-09,Only values explicitly present in the official Type page title or description are recorded.
2300,connection,explicit_connection_types,,,clamp | weld | thread,,Type-level official page description,https://www.burkert.com/en/type/2300,2026-06-09,Only values explicitly present in the official Type page title or description are recorded.
2300,environment,protection_rating,,,IP65/67,,Type-level official page description,https://www.burkert.com/en/type/2300,2026-06-09,Only values explicitly present in the official Type page title or description are recorded.
2300,materials,explicit_materials,,,stainless steel | PTFE,,Type-level official page description,https://www.burkert.com/en/type/2300,2026-06-09,Only values explicitly present in the official Type page title or description are recorded.
2300,seals,explicit_seal_materials,,,PTFE,,Type-level official page description,https://www.burkert.com/en/type/2300,2026-06-09,Only values explicitly present in the official Type page title or description are recorded.
2301,actuation,actuation_method,,,pneumatic,,Type-level official page description,https://www.burkert.com/en/type/2301,2026-06-09,Only values explicitly present in the official Type page title or description are recorded.
2301,environment,protection_rating,,,IP65/67,,Type-level official page description,https://www.burkert.com/en/type/2301,2026-06-09,Only values explicitly present in the official Type page title or description are recorded.
2301,materials,explicit_materials,,,stainless steel | PTFE | PEEK,,Type-level official page description,https://www.burkert.com/en/type/2301,2026-06-09,Only values explicitly present in the official Type page title or description are recorded.
2301,seals,explicit_seal_materials,,,PTFE,,Type-level official page description,https://www.burkert.com/en/type/2301,2026-06-09,Only values explicitly present in the official Type page title or description are recorded.
2380,actuation,actuation_method,,,pneumatic,,Type-level official page description,https://www.burkert.com/en/type/2380,2026-06-09,Only values explicitly present in the official Type page title or description are recorded.
2380,materials,explicit_materials,,,PTFE,,Type-level official page description,https://www.burkert.com/en/type/2380,2026-06-09,Only values explicitly present in the official Type page title or description are recorded.
2380,seals,explicit_seal_materials,,,PTFE,,Type-level official page description,https://www.burkert.com/en/type/2380,2026-06-09,Only values explicitly present in the official Type page title or description are recorded.
2400,actuation,actuation_method,,,solenoid,,Type-level official page description,https://www.burkert.com/en/type/2400,2026-06-09,Only values explicitly present in the official Type page title or description are recorded.
2400,materials,explicit_materials,,,stainless steel,,Type-level official page description,https://www.burkert.com/en/type/2400,2026-06-09,Only values explicitly present in the official Type page title or description are recorded.
2503,actuation,actuation_method,,,solenoid,,Type-level official page description,https://www.burkert.com/en/type/2503,2026-06-09,Only values explicitly present in the official Type page title or description are recorded.
2504,actuation,actuation_method,,,solenoid,,Type-level official page description,https://www.burkert.com/en/type/2504,2026-06-09,Only values explicitly present in the official Type page title or description are recorded.
2505,actuation,actuation_method,,,pneumatic | solenoid,,Type-level official page description,https://www.burkert.com/en/type/2505,2026-06-09,Only values explicitly present in the official Type page title or description are recorded.
2505,connection,explicit_connection_types,,,push-in,,Type-level official page description,https://www.burkert.com/en/type/2505,2026-06-09,Only values explicitly present in the official Type page title or description are recorded.
2506,actuation,actuation_method,,,solenoid,,Type-level official page description,https://www.burkert.com/en/type/2506,2026-06-09,Only values explicitly present in the official Type page title or description are recorded.
2507,actuation,actuation_method,,,solenoid,,Type-level official page description,https://www.burkert.com/en/type/2507,2026-06-09,Only values explicitly present in the official Type page title or description are recorded.
2508,actuation,actuation_method,,,solenoid,,Type-level official page description,https://www.burkert.com/en/type/2508,2026-06-09,Only values explicitly present in the official Type page title or description are recorded.
2509,actuation,actuation_method,,,solenoid,,Type-level official page description,https://www.burkert.com/en/type/2509,2026-06-09,Only values explicitly present in the official Type page title or description are recorded.
2510,actuation,actuation_method,,,solenoid,,Type-level official page description,https://www.burkert.com/en/type/2510,2026-06-09,Only values explicitly present in the official Type page title or description are recorded.
2510,communication,explicit_protocols,,,AS-Interface,,Type-level official page description,https://www.burkert.com/en/type/2510,2026-06-09,Only values explicitly present in the official Type page title or description are recorded.
2511,actuation,actuation_method,,,solenoid,,Type-level official page description,https://www.burkert.com/en/type/2511,2026-06-09,Only values explicitly present in the official Type page title or description are recorded.
2511,communication,explicit_protocols,,,AS-Interface,,Type-level official page description,https://www.burkert.com/en/type/2511,2026-06-09,Only values explicitly present in the official Type page title or description are recorded.
2511,environment,protection_rating,,,IP65,,Type-level official page description,https://www.burkert.com/en/type/2511,2026-06-09,Only values explicitly present in the official Type page title or description are recorded.
2513,actuation,actuation_method,,,solenoid,,Type-level official page description,https://www.burkert.com/en/type/2513,2026-06-09,Only values explicitly present in the official Type page title or description are recorded.
2513,compliance,explicit_certifications_or_ratings,,,ATEX,,Type-level official page description,https://www.burkert.com/en/type/2513,2026-06-09,Only values explicitly present in the official Type page title or description are recorded.
2516,actuation,actuation_method,,,solenoid,,Type-level official page description,https://www.burkert.com/en/type/2516,2026-06-09,Only values explicitly present in the official Type page title or description are recorded.
2518,actuation,actuation_method,,,solenoid,,Type-level official page description,https://www.burkert.com/en/type/2518,2026-06-09,Only values explicitly present in the official Type page title or description are recorded.
2610,actuation,actuation_method,,,solenoid,,Type-level official page description,https://www.burkert.com/en/type/2610,2026-06-09,Only values explicitly present in the official Type page title or description are recorded.
2610,connection,explicit_connection_types,,,weld,,Type-level official page description,https://www.burkert.com/en/type/2610,2026-06-09,Only values explicitly present in the official Type page title or description are recorded.
2610,materials,explicit_materials,,,stainless steel | PTFE,,Type-level official page description,https://www.burkert.com/en/type/2610,2026-06-09,Only values explicitly present in the official Type page title or description are recorded.
2610,seals,explicit_seal_materials,,,PTFE,,Type-level official page description,https://www.burkert.com/en/type/2610,2026-06-09,Only values explicitly present in the official Type page title or description are recorded.
2651,actuation,actuation_method,,,pneumatic,,Type-level official page description,https://www.burkert.com/en/type/2651,2026-06-09,Only values explicitly present in the official Type page title or description are recorded.
2651,connection,explicit_connection_types,,,flange,,Type-level official page description,https://www.burkert.com/en/type/2651,2026-06-09,Only values explicitly present in the official Type page title or description are recorded.
2651,function,way_configuration,,,2/2-way,,Type-level official page description,https://www.burkert.com/en/type/2651,2026-06-09,Only values explicitly present in the official Type page title or description are recorded.
2651,materials,explicit_materials,,,stainless steel,,Type-level official page description,https://www.burkert.com/en/type/2651,2026-06-09,Only values explicitly present in the official Type page title or description are recorded.
2652,actuation,actuation_method,,,pneumatic,,Type-level official page description,https://www.burkert.com/en/type/2652,2026-06-09,Only values explicitly present in the official Type page title or description are recorded.
2652,connection,explicit_connection_types,,,flange | thread,,Type-level official page description,https://www.burkert.com/en/type/2652,2026-06-09,Only values explicitly present in the official Type page title or description are recorded.
2652,function,way_configuration,,,2/2-way,,Type-level official page description,https://www.burkert.com/en/type/2652,2026-06-09,Only values explicitly present in the official Type page title or description are recorded.
2654,actuation,actuation_method,,,pneumatic,,Type-level official page description,https://www.burkert.com/en/type/2654,2026-06-09,Only values explicitly present in the official Type page title or description are recorded.
2654,connection,explicit_connection_types,,,flange,,Type-level official page description,https://www.burkert.com/en/type/2654,2026-06-09,Only values explicitly present in the official Type page title or description are recorded.
2654,function,way_configuration,,,2/2-way,,Type-level official page description,https://www.burkert.com/en/type/2654,2026-06-09,Only values explicitly present in the official Type page title or description are recorded.
2654,materials,explicit_materials,,,stainless steel,,Type-level official page description,https://www.burkert.com/en/type/2654,2026-06-09,Only values explicitly present in the official Type page title or description are recorded.
2655,actuation,actuation_method,,,pneumatic,,Type-level official page description,https://www.burkert.com/en/type/2655,2026-06-09,Only values explicitly present in the official Type page title or description are recorded.
2655,connection,explicit_connection_types,,,flange | thread,,Type-level official page description,https://www.burkert.com/en/type/2655,2026-06-09,Only values explicitly present in the official Type page title or description are recorded.
2655,function,way_configuration,,,2/2-way,,Type-level official page description,https://www.burkert.com/en/type/2655,2026-06-09,Only values explicitly present in the official Type page title or description are recorded.
2657,actuation,actuation_method,,,manual,,Type-level official page description,https://www.burkert.com/en/type/2657,2026-06-09,Only values explicitly present in the official Type page title or description are recorded.
2657,function,way_configuration,,,3/2-way,,Type-level official page description,https://www.burkert.com/en/type/2657,2026-06-09,Only values explicitly present in the official Type page title or description are recorded.
2657,materials,explicit_materials,,,plastic,,Type-level official page description,https://www.burkert.com/en/type/2657,2026-06-09,Only values explicitly present in the official Type page title or description are recorded.
2658,actuation,actuation_method,,,pneumatic,,Type-level official page description,https://www.burkert.com/en/type/2658,2026-06-09,Only values explicitly present in the official Type page title or description are recorded.
2658,connection,explicit_connection_types,,,flange | thread,,Type-level official page description,https://www.burkert.com/en/type/2658,2026-06-09,Only values explicitly present in the official Type page title or description are recorded.
2658,materials,explicit_materials,,,plastic,,Type-level official page description,https://www.burkert.com/en/type/2658,2026-06-09,Only values explicitly present in the official Type page title or description are recorded.
2660,actuation,actuation_method,,,pneumatic | manual,,Type-level official page description,https://www.burkert.com/en/type/2660,2026-06-09,Only values explicitly present in the official Type page title or description are recorded.
2660,connection,explicit_connection_types,,,flange,,Type-level official page description,https://www.burkert.com/en/type/2660,2026-06-09,Only values explicitly present in the official Type page title or description are recorded.
2660,function,way_configuration,,,3/2-way,,Type-level official page description,https://www.burkert.com/en/type/2660,2026-06-09,Only values explicitly present in the official Type page title or description are recorded.
2660,materials,explicit_materials,,,brass,,Type-level official page description,https://www.burkert.com/en/type/2660,2026-06-09,Only values explicitly present in the official Type page title or description are recorded.
2664,actuation,actuation_method,,,electromotive,,Type-level official page description,https://www.burkert.com/en/type/2664,2026-06-09,Only values explicitly present in the official Type page title or description are recorded.
2671,actuation,actuation_method,,,manual,,Type-level official page description,https://www.burkert.com/en/type/2671,2026-06-09,Only values explicitly present in the official Type page title or description are recorded.
2671,function,way_configuration,,,2/2-way,,Type-level official page description,https://www.burkert.com/en/type/2671,2026-06-09,Only values explicitly present in the official Type page title or description are recorded.
2671,materials,explicit_materials,,,PFA,,Type-level official page description,https://www.burkert.com/en/type/2671,2026-06-09,Only values explicitly present in the official Type page title or description are recorded.
2672,actuation,actuation_method,,,pneumatic,,Type-level official page description,https://www.burkert.com/en/type/2672,2026-06-09,Only values explicitly present in the official Type page title or description are recorded.
2672,connection,explicit_connection_types,,,flange | thread,,Type-level official page description,https://www.burkert.com/en/type/2672,2026-06-09,Only values explicitly present in the official Type page title or description are recorded.
2672,materials,explicit_materials,,,stainless steel,,Type-level official page description,https://www.burkert.com/en/type/2672,2026-06-09,Only values explicitly present in the official Type page title or description are recorded.
2674,actuation,actuation_method,,,pneumatic | manual,,Type-level official page description,https://www.burkert.com/en/type/2674,2026-06-09,Only values explicitly present in the official Type page title or description are recorded.
2674,materials,explicit_materials,,,EPDM | PVDF | plastic,,Type-level official page description,https://www.burkert.com/en/type/2674,2026-06-09,Only values explicitly present in the official Type page title or description are recorded.
2674,seals,explicit_seal_materials,,,EPDM,,Type-level official page description,https://www.burkert.com/en/type/2674,2026-06-09,Only values explicitly present in the official Type page title or description are recorded.
2702,actuation,actuation_method,,,pneumatic | manual,,Type-level official page description,https://www.burkert.com/en/type/2702,2026-06-09,Only values explicitly present in the official Type page title or description are recorded.
2702,connection,explicit_connection_types,,,weld,,Type-level official page description,https://www.burkert.com/en/type/2702,2026-06-09,Only values explicitly present in the official Type page title or description are recorded.
2702,materials,explicit_materials,,,stainless steel | PTFE,,Type-level official page description,https://www.burkert.com/en/type/2702,2026-06-09,Only values explicitly present in the official Type page title or description are recorded.
2702,seals,explicit_seal_materials,,,PTFE,,Type-level official page description,https://www.burkert.com/en/type/2702,2026-06-09,Only values explicitly present in the official Type page title or description are recorded.
2707,actuation,actuation_method,,,pneumatic,,Type-level official page description,https://www.burkert.com/en/type/2707,2026-06-09,Only values explicitly present in the official Type page title or description are recorded.
2707,connection,explicit_connection_types,,,hose,,Type-level official page description,https://www.burkert.com/en/type/2707,2026-06-09,Only values explicitly present in the official Type page title or description are recorded.
2712,actuation,actuation_method,,,pneumatic,,Type-level official page description,https://www.burkert.com/en/type/2712,2026-06-09,Only values explicitly present in the official Type page title or description are recorded.
2712,connection,explicit_connection_types,,,weld | flange | thread,,Type-level official page description,https://www.burkert.com/en/type/2712,2026-06-09,Only values explicitly present in the official Type page title or description are recorded.
2712,materials,explicit_materials,,,stainless steel | PTFE,,Type-level official page description,https://www.burkert.com/en/type/2712,2026-06-09,Only values explicitly present in the official Type page title or description are recorded.
2712,seals,explicit_seal_materials,,,PTFE,,Type-level official page description,https://www.burkert.com/en/type/2712,2026-06-09,Only values explicitly present in the official Type page title or description are recorded.
2730,actuation,actuation_method,,,pneumatic,,Type-level official page description,https://www.burkert.com/en/type/2730,2026-06-09,Only values explicitly present in the official Type page title or description are recorded.
2730,compliance,explicit_certifications_or_ratings,,,ATEX | IECEx,,Type-level official page description,https://www.burkert.com/en/type/2730,2026-06-09,Only values explicitly present in the official Type page title or description are recorded.
2730,function,way_configuration,,,2/2-way,,Type-level official page description,https://www.burkert.com/en/type/2730,2026-06-09,Only values explicitly present in the official Type page title or description are recorded.
2730,materials,explicit_materials,,,stainless steel | PVDF | plastic,,Type-level official page description,https://www.burkert.com/en/type/2730,2026-06-09,Only values explicitly present in the official Type page title or description are recorded.
2731,actuation,actuation_method,,,pneumatic,,Type-level official page description,https://www.burkert.com/en/type/2731,2026-06-09,Only values explicitly present in the official Type page title or description are recorded.
2731,compliance,explicit_certifications_or_ratings,,,ATEX | IECEx,,Type-level official page description,https://www.burkert.com/en/type/2731,2026-06-09,Only values explicitly present in the official Type page title or description are recorded.
2731,function,way_configuration,,,2/2-way,,Type-level official page description,https://www.burkert.com/en/type/2731,2026-06-09,Only values explicitly present in the official Type page title or description are recorded.
2731,materials,explicit_materials,,,stainless steel | plastic,,Type-level official page description,https://www.burkert.com/en/type/2731,2026-06-09,Only values explicitly present in the official Type page title or description are recorded.
2731,surface_finish,explicit_roughness,,,Ra ≤ 0.38 µm...1.6 µm,µm,Type-level official page description,https://www.burkert.com/en/type/2731,2026-06-09,Only values explicitly present in the official Type page title or description are recorded.
2732,actuation,actuation_method,,,pneumatic,,Type-level official page description,https://www.burkert.com/en/type/2732,2026-06-09,Only values explicitly present in the official Type page title or description are recorded.
2732,compliance,explicit_certifications_or_ratings,,,FDA,,Type-level official page description,https://www.burkert.com/en/type/2732,2026-06-09,Only values explicitly present in the official Type page title or description are recorded.
2732,connection,explicit_connection_types,,,weld,,Type-level official page description,https://www.burkert.com/en/type/2732,2026-06-09,Only values explicitly present in the official Type page title or description are recorded.
2822,actuation,actuation_method,,,solenoid,,Type-level official page description,https://www.burkert.com/en/type/2822,2026-06-09,Only values explicitly present in the official Type page title or description are recorded.
2822,dimensions,diameter_range_1,0.05,1.0,DN 0.05 ... 1.0 mm,mm,Type-level official page description,https://www.burkert.com/en/type/2822,2026-06-09,Explicit range extracted from the official Type page; confirm configuration-specific limits in the data sheet.
2822,operating_limits,pressure_range_1,0,10,0 ... 10 bar,bar,Type-level official page description,https://www.burkert.com/en/type/2822,2026-06-09,Explicit range extracted from the official Type page; confirm configuration-specific limits in the data sheet.
2824,actuation,actuation_method,,,solenoid,,Type-level official page description,https://www.burkert.com/en/type/2824,2026-06-09,Only values explicitly present in the official Type page title or description are recorded.
2824,dimensions,diameter_range_1,0.8,2.0,DN 0.8 ... 2.0 mm,mm,Type-level official page description,https://www.burkert.com/en/type/2824,2026-06-09,Explicit range extracted from the official Type page; confirm configuration-specific limits in the data sheet.
2833,actuation,actuation_method,,,solenoid,,Type-level official page description,https://www.burkert.com/en/type/2833,2026-06-09,Only values explicitly present in the official Type page title or description are recorded.
2833,dimensions,diameter_range_1,0.8,4,DN 0.8 ... 4 mm,mm,Type-level official page description,https://www.burkert.com/en/type/2833,2026-06-09,Explicit range extracted from the official Type page; confirm configuration-specific limits in the data sheet.
2833,operating_limits,pressure_range_1,0,16,0 ... 16 bar,bar,Type-level official page description,https://www.burkert.com/en/type/2833,2026-06-09,Explicit range extracted from the official Type page; confirm configuration-specific limits in the data sheet.
2835,actuation,actuation_method,,,solenoid,,Type-level official page description,https://www.burkert.com/en/type/2835,2026-06-09,Only values explicitly present in the official Type page title or description are recorded.
2835,dimensions,diameter_range_1,2,8,DN 2 to 8 mm,mm,Type-level official page description,https://www.burkert.com/en/type/2835,2026-06-09,Explicit range extracted from the official Type page; confirm configuration-specific limits in the data sheet.
2835,operating_limits,pressure_range_1,0,25,0 to 25 bar,bar,Type-level official page description,https://www.burkert.com/en/type/2835,2026-06-09,Explicit range extracted from the official Type page; confirm configuration-specific limits in the data sheet.
2836,operating_limits,pressure_range_1,0,25,0…25 bar,bar,Type-level official page description,https://www.burkert.com/en/type/2836,2026-06-09,Explicit range extracted from the official Type page; confirm configuration-specific limits in the data sheet.
2852,connection,explicit_connection_types,,,flange,,Type-level official page description,https://www.burkert.com/en/type/2852,2026-06-09,Only values explicitly present in the official Type page title or description are recorded.
2852,operating_limits,pressure_max_1,,7,Operating pressure up to 7 bar(g),bar,Type-level official page description,https://www.burkert.com/en/type/2852,2026-06-09,Explicit upper limit extracted from the official Type page; confirm configuration-specific limits in the data sheet.
2853,actuation,actuation_method,,,solenoid,,Type-level official page description,https://www.burkert.com/en/type/2853,2026-06-09,Only values explicitly present in the official Type page title or description are recorded.
2861,actuation,actuation_method,,,solenoid,,Type-level official page description,https://www.burkert.com/en/type/2861,2026-06-09,Only values explicitly present in the official Type page title or description are recorded.
2861,dimensions,nominal_diameter_dn_range_1,0.8,2.0,DN 0.8…DN 2.0,DN,Type-level official page description,https://www.burkert.com/en/type/2861,2026-06-09,Explicit range extracted from the official Type page; confirm configuration-specific limits in the data sheet.
2863,actuation,actuation_method,,,solenoid,,Type-level official page description,https://www.burkert.com/en/type/2863,2026-06-09,Only values explicitly present in the official Type page title or description are recorded.
2865,actuation,actuation_method,,,solenoid,,Type-level official page description,https://www.burkert.com/en/type/2865,2026-06-09,Only values explicitly present in the official Type page title or description are recorded.
2865,dimensions,nominal_diameter_dn_range_1,2,8,DN 2…DN 8,DN,Type-level official page description,https://www.burkert.com/en/type/2865,2026-06-09,Explicit range extracted from the official Type page; confirm configuration-specific limits in the data sheet.
2920,actuation,actuation_method,,,manual,,Type-level official page description,https://www.burkert.com/en/type/2920,2026-06-09,Only values explicitly present in the official Type page title or description are recorded.
2920,connection,explicit_connection_types,,,clamp | weld,,Type-level official page description,https://www.burkert.com/en/type/2920,2026-06-09,Only values explicitly present in the official Type page title or description are recorded.
2920,function,way_configuration,,,2/2-way,,Type-level official page description,https://www.burkert.com/en/type/2920,2026-06-09,Only values explicitly present in the official Type page title or description are recorded.
2920,materials,explicit_materials,,,stainless steel | PTFE | PEEK | plastic,,Type-level official page description,https://www.burkert.com/en/type/2920,2026-06-09,Only values explicitly present in the official Type page title or description are recorded.
2920,seals,explicit_seal_materials,,,PTFE,,Type-level official page description,https://www.burkert.com/en/type/2920,2026-06-09,Only values explicitly present in the official Type page title or description are recorded.
2921,actuation,actuation_method,,,manual,,Type-level official page description,https://www.burkert.com/en/type/2921,2026-06-09,Only values explicitly present in the official Type page title or description are recorded.
2921,connection,explicit_connection_types,,,clamp | weld,,Type-level official page description,https://www.burkert.com/en/type/2921,2026-06-09,Only values explicitly present in the official Type page title or description are recorded.
2921,function,way_configuration,,,2/2-way,,Type-level official page description,https://www.burkert.com/en/type/2921,2026-06-09,Only values explicitly present in the official Type page title or description are recorded.
2921,materials,explicit_materials,,,stainless steel | PTFE | PEEK | plastic,,Type-level official page description,https://www.burkert.com/en/type/2921,2026-06-09,Only values explicitly present in the official Type page title or description are recorded.
2921,seals,explicit_seal_materials,,,PTFE,,Type-level official page description,https://www.burkert.com/en/type/2921,2026-06-09,Only values explicitly present in the official Type page title or description are recorded.
2933,actuation,actuation_method,,,manual,,Type-level official page description,https://www.burkert.com/en/type/2933,2026-06-09,Only values explicitly present in the official Type page title or description are recorded.
2933,compliance,explicit_certifications_or_ratings,,,ATEX | IECEx,,Type-level official page description,https://www.burkert.com/en/type/2933,2026-06-09,Only values explicitly present in the official Type page title or description are recorded.
2933,function,way_configuration,,,2/2-way,,Type-level official page description,https://www.burkert.com/en/type/2933,2026-06-09,Only values explicitly present in the official Type page title or description are recorded.
2933,materials,explicit_materials,,,stainless steel | plastic,,Type-level official page description,https://www.burkert.com/en/type/2933,2026-06-09,Only values explicitly present in the official Type page title or description are recorded.
2933,surface_finish,explicit_roughness,,,Ra ≤ 0.38 µm...1.6 µm,µm,Type-level official page description,https://www.burkert.com/en/type/2933,2026-06-09,Only values explicitly present in the official Type page title or description are recorded.
2934,actuation,actuation_method,,,manual,,Type-level official page description,https://www.burkert.com/en/type/2934,2026-06-09,Only values explicitly present in the official Type page title or description are recorded.
2934,compliance,explicit_certifications_or_ratings,,,ATEX | IECEx,,Type-level official page description,https://www.burkert.com/en/type/2934,2026-06-09,Only values explicitly present in the official Type page title or description are recorded.
2934,materials,explicit_materials,,,stainless steel | plastic,,Type-level official page description,https://www.burkert.com/en/type/2934,2026-06-09,Only values explicitly present in the official Type page title or description are recorded.
2934,surface_finish,explicit_roughness,,,Ra ≤ 0.38 µm...1.6 µm,µm,Type-level official page description,https://www.burkert.com/en/type/2934,2026-06-09,Only values explicitly present in the official Type page title or description are recorded.
2935,actuation,actuation_method,,,manual,,Type-level official page description,https://www.burkert.com/en/type/2935,2026-06-09,Only values explicitly present in the official Type page title or description are recorded.
2935,compliance,explicit_certifications_or_ratings,,,ATEX | IECEx,,Type-level official page description,https://www.burkert.com/en/type/2935,2026-06-09,Only values explicitly present in the official Type page title or description are recorded.
2935,materials,explicit_materials,,,stainless steel | plastic,,Type-level official page description,https://www.burkert.com/en/type/2935,2026-06-09,Only values explicitly present in the official Type page title or description are recorded.
2935,surface_finish,explicit_roughness,,,Ra ≤ 0.38 µm...1.6 µm,µm,Type-level official page description,https://www.burkert.com/en/type/2935,2026-06-09,Only values explicitly present in the official Type page title or description are recorded.
2960,actuation,actuation_method,,,manual,,Type-level official page description,https://www.burkert.com/en/type/2960,2026-06-09,Only values explicitly present in the official Type page title or description are recorded.
2960,connection,explicit_connection_types,,,clamp | weld,,Type-level official page description,https://www.burkert.com/en/type/2960,2026-06-09,Only values explicitly present in the official Type page title or description are recorded.
2960,materials,explicit_materials,,,stainless steel | PTFE | PEEK | plastic,,Type-level official page description,https://www.burkert.com/en/type/2960,2026-06-09,Only values explicitly present in the official Type page title or description are recorded.
2960,seals,explicit_seal_materials,,,PTFE,,Type-level official page description,https://www.burkert.com/en/type/2960,2026-06-09,Only values explicitly present in the official Type page title or description are recorded.
2961,actuation,actuation_method,,,manual,,Type-level official page description,https://www.burkert.com/en/type/2961,2026-06-09,Only values explicitly present in the official Type page title or description are recorded.
2961,connection,explicit_connection_types,,,clamp | weld | flange,,Type-level official page description,https://www.burkert.com/en/type/2961,2026-06-09,Only values explicitly present in the official Type page title or description are recorded.
2961,materials,explicit_materials,,,stainless steel | PTFE | PEEK | plastic,,Type-level official page description,https://www.burkert.com/en/type/2961,2026-06-09,Only values explicitly present in the official Type page title or description are recorded.
2961,seals,explicit_seal_materials,,,PTFE,,Type-level official page description,https://www.burkert.com/en/type/2961,2026-06-09,Only values explicitly present in the official Type page title or description are recorded.
2973,actuation,actuation_method,,,manual,,Type-level official page description,https://www.burkert.com/en/type/2973,2026-06-09,Only values explicitly present in the official Type page title or description are recorded.
2973,compliance,explicit_certifications_or_ratings,,,ATEX | IECEx,,Type-level official page description,https://www.burkert.com/en/type/2973,2026-06-09,Only values explicitly present in the official Type page title or description are recorded.
2973,function,way_configuration,,,2/2-way,,Type-level official page description,https://www.burkert.com/en/type/2973,2026-06-09,Only values explicitly present in the official Type page title or description are recorded.
2973,materials,explicit_materials,,,plastic,,Type-level official page description,https://www.burkert.com/en/type/2973,2026-06-09,Only values explicitly present in the official Type page title or description are recorded.
2973,surface_finish,explicit_roughness,,,Ra ≤ 0.38 µm...≤ 1.6 µm,µm,Type-level official page description,https://www.burkert.com/en/type/2973,2026-06-09,Only values explicitly present in the official Type page title or description are recorded.
2974,actuation,actuation_method,,,manual,,Type-level official page description,https://www.burkert.com/en/type/2974,2026-06-09,Only values explicitly present in the official Type page title or description are recorded.
2974,compliance,explicit_certifications_or_ratings,,,ATEX | IECEx,,Type-level official page description,https://www.burkert.com/en/type/2974,2026-06-09,Only values explicitly present in the official Type page title or description are recorded.
2974,materials,explicit_materials,,,plastic,,Type-level official page description,https://www.burkert.com/en/type/2974,2026-06-09,Only values explicitly present in the official Type page title or description are recorded.
2974,surface_finish,explicit_roughness,,,Ra ≤ 0.38 µm...≤ 1.6 µm,µm,Type-level official page description,https://www.burkert.com/en/type/2974,2026-06-09,Only values explicitly present in the official Type page title or description are recorded.
2975,actuation,actuation_method,,,manual,,Type-level official page description,https://www.burkert.com/en/type/2975,2026-06-09,Only values explicitly present in the official Type page title or description are recorded.
2975,compliance,explicit_certifications_or_ratings,,,ATEX | IECEx,,Type-level official page description,https://www.burkert.com/en/type/2975,2026-06-09,Only values explicitly present in the official Type page title or description are recorded.
2975,materials,explicit_materials,,,plastic,,Type-level official page description,https://www.burkert.com/en/type/2975,2026-06-09,Only values explicitly present in the official Type page title or description are recorded.
2975,surface_finish,explicit_roughness,,,Ra ≤ 0.38 µm...≤ 1.6 µm,µm,Type-level official page description,https://www.burkert.com/en/type/2975,2026-06-09,Only values explicitly present in the official Type page title or description are recorded.
3003,actuation,actuation_method,,,manual,,Type-level official page description,https://www.burkert.com/en/type/3003,2026-06-09,Only values explicitly present in the official Type page title or description are recorded.
3003,connection,explicit_connection_types,,,hose,,Type-level official page description,https://www.burkert.com/en/type/3003,2026-06-09,Only values explicitly present in the official Type page title or description are recorded.
3003,electrical,explicit_voltage,,,10 V,,Type-level official page description,https://www.burkert.com/en/type/3003,2026-06-09,Only values explicitly present in the official Type page title or description are recorded.
3004,actuation,actuation_method,,,manual,,Type-level official page description,https://www.burkert.com/en/type/3004,2026-06-09,Only values explicitly present in the official Type page title or description are recorded.
3004,compliance,explicit_certifications_or_ratings,,,ATEX,,Type-level official page description,https://www.burkert.com/en/type/3004,2026-06-09,Only values explicitly present in the official Type page title or description are recorded.
3004,connection,explicit_connection_types,,,hose,,Type-level official page description,https://www.burkert.com/en/type/3004,2026-06-09,Only values explicitly present in the official Type page title or description are recorded.
3005,actuation,actuation_method,,,manual,,Type-level official page description,https://www.burkert.com/en/type/3005,2026-06-09,Only values explicitly present in the official Type page title or description are recorded.
3005,connection,explicit_connection_types,,,hose,,Type-level official page description,https://www.burkert.com/en/type/3005,2026-06-09,Only values explicitly present in the official Type page title or description are recorded.
3210,actuation,actuation_method,,,pneumatic,,Type-level official page description,https://www.burkert.com/en/type/3210,2026-06-09,Only values explicitly present in the official Type page title or description are recorded.
3230,actuation,actuation_method,,,pneumatic,,Type-level official page description,https://www.burkert.com/en/type/3230,2026-06-09,Only values explicitly present in the official Type page title or description are recorded.
3230,function,way_configuration,,,2/2-way,,Type-level official page description,https://www.burkert.com/en/type/3230,2026-06-09,Only values explicitly present in the official Type page title or description are recorded.
3230,materials,explicit_materials,,,plastic,,Type-level official page description,https://www.burkert.com/en/type/3230,2026-06-09,Only values explicitly present in the official Type page title or description are recorded.
3232,actuation,actuation_method,,,manual,,Type-level official page description,https://www.burkert.com/en/type/3232,2026-06-09,Only values explicitly present in the official Type page title or description are recorded.
3232,connection,explicit_connection_types,,,flange,,Type-level official page description,https://www.burkert.com/en/type/3232,2026-06-09,Only values explicitly present in the official Type page title or description are recorded.
3232,function,way_configuration,,,2/2-way,,Type-level official page description,https://www.burkert.com/en/type/3232,2026-06-09,Only values explicitly present in the official Type page title or description are recorded.
3232,materials,explicit_materials,,,PVDF | plastic,,Type-level official page description,https://www.burkert.com/en/type/3232,2026-06-09,Only values explicitly present in the official Type page title or description are recorded.
3233,actuation,actuation_method,,,manual,,Type-level official page description,https://www.burkert.com/en/type/3233,2026-06-09,Only values explicitly present in the official Type page title or description are recorded.
3233,compliance,explicit_certifications_or_ratings,,,ATEX | IECEx,,Type-level official page description,https://www.burkert.com/en/type/3233,2026-06-09,Only values explicitly present in the official Type page title or description are recorded.
3233,function,way_configuration,,,2/2-way,,Type-level official page description,https://www.burkert.com/en/type/3233,2026-06-09,Only values explicitly present in the official Type page title or description are recorded.
3233,materials,explicit_materials,,,stainless steel | plastic,,Type-level official page description,https://www.burkert.com/en/type/3233,2026-06-09,Only values explicitly present in the official Type page title or description are recorded.
3233,surface_finish,explicit_roughness,,,Ra ≤ 0.38 µm...≤ 1.6 µm,µm,Type-level official page description,https://www.burkert.com/en/type/3233,2026-06-09,Only values explicitly present in the official Type page title or description are recorded.
3234,actuation,actuation_method,,,manual,,Type-level official page description,https://www.burkert.com/en/type/3234,2026-06-09,Only values explicitly present in the official Type page title or description are recorded.
3234,compliance,explicit_certifications_or_ratings,,,ATEX | IECEx,,Type-level official page description,https://www.burkert.com/en/type/3234,2026-06-09,Only values explicitly present in the official Type page title or description are recorded.
3234,materials,explicit_materials,,,stainless steel | plastic,,Type-level official page description,https://www.burkert.com/en/type/3234,2026-06-09,Only values explicitly present in the official Type page title or description are recorded.
3234,surface_finish,explicit_roughness,,,Ra ≤ 0.38 µm...≤ 1.6 µm,µm,Type-level official page description,https://www.burkert.com/en/type/3234,2026-06-09,Only values explicitly present in the official Type page title or description are recorded.
3235,actuation,actuation_method,,,manual,,Type-level official page description,https://www.burkert.com/en/type/3235,2026-06-09,Only values explicitly present in the official Type page title or description are recorded.
3235,compliance,explicit_certifications_or_ratings,,,ATEX | IECEx,,Type-level official page description,https://www.burkert.com/en/type/3235,2026-06-09,Only values explicitly present in the official Type page title or description are recorded.
3235,materials,explicit_materials,,,stainless steel | plastic,,Type-level official page description,https://www.burkert.com/en/type/3235,2026-06-09,Only values explicitly present in the official Type page title or description are recorded.
3235,surface_finish,explicit_roughness,,,Ra ≤ 0.38 µm...≤ 1.6 µm,µm,Type-level official page description,https://www.burkert.com/en/type/3235,2026-06-09,Only values explicitly present in the official Type page title or description are recorded.
3236,actuation,actuation_method,,,manual,,Type-level official page description,https://www.burkert.com/en/type/3236,2026-06-09,Only values explicitly present in the official Type page title or description are recorded.
3260,actuation,actuation_method,,,manual,,Type-level official page description,https://www.burkert.com/en/type/3260,2026-06-09,Only values explicitly present in the official Type page title or description are recorded.
3280,actuation,actuation_method,,,electromotive,,Type-level official page description,https://www.burkert.com/en/type/3280,2026-06-09,Only values explicitly present in the official Type page title or description are recorded.
3280,flow_capacity,kvs_range_1,0.03,1.9,"Kvs value 0,03…1,9 m³/h",m³/h,Type-level official page description,https://www.burkert.com/en/type/3280,2026-06-09,Explicit range extracted from the official Type page; confirm configuration-specific limits in the data sheet.
3281,actuation,actuation_method,,,electromotive,,Type-level official page description,https://www.burkert.com/en/type/3281,2026-06-09,Only values explicitly present in the official Type page title or description are recorded.
3281,flow_capacity,kvs_range_1,0.57,4.55,"Kvs value 0,57…4,55 m³/h",m³/h,Type-level official page description,https://www.burkert.com/en/type/3281,2026-06-09,Explicit range extracted from the official Type page; confirm configuration-specific limits in the data sheet.
3281,operating_limits,temperature_max_1,,130,Medium temperature up to +130°C,°C,Type-level official page description,https://www.burkert.com/en/type/3281,2026-06-09,Explicit upper limit extracted from the official Type page; confirm configuration-specific limits in the data sheet.
3285,actuation,actuation_method,,,electromotive,,Type-level official page description,https://www.burkert.com/en/type/3285,2026-06-09,Only values explicitly present in the official Type page title or description are recorded.
3285,flow_capacity,kvs_range_1,1.8,9.6,Kvs value 1.8…9.6 m³/h,m³/h,Type-level official page description,https://www.burkert.com/en/type/3285,2026-06-09,Explicit range extracted from the official Type page; confirm configuration-specific limits in the data sheet.
3320,actuation,actuation_method,,,electromotive,,Type-level official page description,https://www.burkert.com/en/type/3320,2026-06-09,Only values explicitly present in the official Type page title or description are recorded.
3320,environment,protection_rating,,,IP65 | IP67,,Type-level official page description,https://www.burkert.com/en/type/3320,2026-06-09,Only values explicitly present in the official Type page title or description are recorded.
3321,actuation,actuation_method,,,electromotive,,Type-level official page description,https://www.burkert.com/en/type/3321,2026-06-09,Only values explicitly present in the official Type page title or description are recorded.
3321,environment,protection_rating,,,IP65 | IP67,,Type-level official page description,https://www.burkert.com/en/type/3321,2026-06-09,Only values explicitly present in the official Type page title or description are recorded.
3323,actuation,actuation_method,,,electromotive,,Type-level official page description,https://www.burkert.com/en/type/3323,2026-06-09,Only values explicitly present in the official Type page title or description are recorded.
3323,compliance,explicit_certifications_or_ratings,,,ATEX,,Type-level official page description,https://www.burkert.com/en/type/3323,2026-06-09,Only values explicitly present in the official Type page title or description are recorded.
3323,dimensions,nominal_diameter_dn_range_1,6,100,DN 06…DN 100,DN,Type-level official page description,https://www.burkert.com/en/type/3323,2026-06-09,Explicit range extracted from the official Type page; confirm configuration-specific limits in the data sheet.
3323,environment,protection_rating,,,IP65 | IP67,,Type-level official page description,https://www.burkert.com/en/type/3323,2026-06-09,Only values explicitly present in the official Type page title or description are recorded.
3323,function,way_configuration,,,2/2-way,,Type-level official page description,https://www.burkert.com/en/type/3323,2026-06-09,Only values explicitly present in the official Type page title or description are recorded.
3323,surface_finish,explicit_roughness,,,Ra ≤ 0.38 µm,µm,Type-level official page description,https://www.burkert.com/en/type/3323,2026-06-09,Only values explicitly present in the official Type page title or description are recorded.
3324,actuation,actuation_method,,,electromotive,,Type-level official page description,https://www.burkert.com/en/type/3324,2026-06-09,Only values explicitly present in the official Type page title or description are recorded.
3324,compliance,explicit_certifications_or_ratings,,,ATEX,,Type-level official page description,https://www.burkert.com/en/type/3324,2026-06-09,Only values explicitly present in the official Type page title or description are recorded.
3324,dimensions,nominal_diameter_dn_range_1,6,100,DN 06…DN 100,DN,Type-level official page description,https://www.burkert.com/en/type/3324,2026-06-09,Explicit range extracted from the official Type page; confirm configuration-specific limits in the data sheet.
3324,environment,protection_rating,,,IP65 | IP67,,Type-level official page description,https://www.burkert.com/en/type/3324,2026-06-09,Only values explicitly present in the official Type page title or description are recorded.
3324,surface_finish,explicit_roughness,,,Ra ≤ 0.38 µm,µm,Type-level official page description,https://www.burkert.com/en/type/3324,2026-06-09,Only values explicitly present in the official Type page title or description are recorded.
3325,actuation,actuation_method,,,electromotive,,Type-level official page description,https://www.burkert.com/en/type/3325,2026-06-09,Only values explicitly present in the official Type page title or description are recorded.
3325,compliance,explicit_certifications_or_ratings,,,ATEX,,Type-level official page description,https://www.burkert.com/en/type/3325,2026-06-09,Only values explicitly present in the official Type page title or description are recorded.
3325,dimensions,nominal_diameter_dn_range_1,6,100,DN 06…DN 100,DN,Type-level official page description,https://www.burkert.com/en/type/3325,2026-06-09,Explicit range extracted from the official Type page; confirm configuration-specific limits in the data sheet.
3325,environment,protection_rating,,,IP65 | IP67,,Type-level official page description,https://www.burkert.com/en/type/3325,2026-06-09,Only values explicitly present in the official Type page title or description are recorded.
3325,function,way_configuration,,,2/2-way,,Type-level official page description,https://www.burkert.com/en/type/3325,2026-06-09,Only values explicitly present in the official Type page title or description are recorded.
3325,surface_finish,explicit_roughness,,,Ra ≤ 0.38 µm,µm,Type-level official page description,https://www.burkert.com/en/type/3325,2026-06-09,Only values explicitly present in the official Type page title or description are recorded.
3360,actuation,actuation_method,,,electromotive,,Type-level official page description,https://www.burkert.com/en/type/3360,2026-06-09,Only values explicitly present in the official Type page title or description are recorded.
3360,environment,protection_rating,,,IP65 | IP67,,Type-level official page description,https://www.burkert.com/en/type/3360,2026-06-09,Only values explicitly present in the official Type page title or description are recorded.
3361,actuation,actuation_method,,,electromotive,,Type-level official page description,https://www.burkert.com/en/type/3361,2026-06-09,Only values explicitly present in the official Type page title or description are recorded.
3361,environment,protection_rating,,,IP65 | IP67,,Type-level official page description,https://www.burkert.com/en/type/3361,2026-06-09,Only values explicitly present in the official Type page title or description are recorded.
3363,actuation,actuation_method,,,electromotive,,Type-level official page description,https://www.burkert.com/en/type/3363,2026-06-09,Only values explicitly present in the official Type page title or description are recorded.
3363,compliance,explicit_certifications_or_ratings,,,ATEX,,Type-level official page description,https://www.burkert.com/en/type/3363,2026-06-09,Only values explicitly present in the official Type page title or description are recorded.
3363,dimensions,nominal_diameter_dn_range_1,6,100,DN 06…DN 100,DN,Type-level official page description,https://www.burkert.com/en/type/3363,2026-06-09,Explicit range extracted from the official Type page; confirm configuration-specific limits in the data sheet.
3363,environment,protection_rating,,,IP65 | IP67,,Type-level official page description,https://www.burkert.com/en/type/3363,2026-06-09,Only values explicitly present in the official Type page title or description are recorded.
3363,surface_finish,explicit_roughness,,,Ra ≤ 0.38 µm,µm,Type-level official page description,https://www.burkert.com/en/type/3363,2026-06-09,Only values explicitly present in the official Type page title or description are recorded.
3364,actuation,actuation_method,,,electromotive,,Type-level official page description,https://www.burkert.com/en/type/3364,2026-06-09,Only values explicitly present in the official Type page title or description are recorded.
3364,compliance,explicit_certifications_or_ratings,,,ATEX,,Type-level official page description,https://www.burkert.com/en/type/3364,2026-06-09,Only values explicitly present in the official Type page title or description are recorded.
3364,dimensions,nominal_diameter_dn_range_1,6,100,DN 06…DN 100,DN,Type-level official page description,https://www.burkert.com/en/type/3364,2026-06-09,Explicit range extracted from the official Type page; confirm configuration-specific limits in the data sheet.
3364,environment,protection_rating,,,IP65 | IP67,,Type-level official page description,https://www.burkert.com/en/type/3364,2026-06-09,Only values explicitly present in the official Type page title or description are recorded.
3364,surface_finish,explicit_roughness,,,Ra ≤ 0.38 µm,µm,Type-level official page description,https://www.burkert.com/en/type/3364,2026-06-09,Only values explicitly present in the official Type page title or description are recorded.
3365,actuation,actuation_method,,,electromotive,,Type-level official page description,https://www.burkert.com/en/type/3365,2026-06-09,Only values explicitly present in the official Type page title or description are recorded.
3365,compliance,explicit_certifications_or_ratings,,,ATEX,,Type-level official page description,https://www.burkert.com/en/type/3365,2026-06-09,Only values explicitly present in the official Type page title or description are recorded.
3365,dimensions,nominal_diameter_dn_range_1,6,100,DN 06…DN 100,DN,Type-level official page description,https://www.burkert.com/en/type/3365,2026-06-09,Explicit range extracted from the official Type page; confirm configuration-specific limits in the data sheet.
3365,environment,protection_rating,,,IP65 | IP67,,Type-level official page description,https://www.burkert.com/en/type/3365,2026-06-09,Only values explicitly present in the official Type page title or description are recorded.
3365,surface_finish,explicit_roughness,,,Ra ≤ 0.38 µm,µm,Type-level official page description,https://www.burkert.com/en/type/3365,2026-06-09,Only values explicitly present in the official Type page title or description are recorded.
5281,actuation,actuation_method,,,solenoid,,Type-level official page description,https://www.burkert.com/en/type/5281,2026-06-09,Only values explicitly present in the official Type page title or description are recorded.
5281,materials,explicit_materials,,,brass,,Type-level official page description,https://www.burkert.com/en/type/5281,2026-06-09,Only values explicitly present in the official Type page title or description are recorded.
5282,actuation,actuation_method,,,solenoid | manual,,Type-level official page description,https://www.burkert.com/en/type/5282,2026-06-09,Only values explicitly present in the official Type page title or description are recorded.
5282,function,way_configuration,,,2/2-way,,Type-level official page description,https://www.burkert.com/en/type/5282,2026-06-09,Only values explicitly present in the official Type page title or description are recorded.
5282,materials,explicit_materials,,,stainless steel | brass,,Type-level official page description,https://www.burkert.com/en/type/5282,2026-06-09,Only values explicitly present in the official Type page title or description are recorded.
5404,actuation,actuation_method,,,solenoid,,Type-level official page description,https://www.burkert.com/en/type/5404,2026-06-09,Only values explicitly present in the official Type page title or description are recorded.
5404,environment,protection_rating,,,IP65,,Type-level official page description,https://www.burkert.com/en/type/5404,2026-06-09,Only values explicitly present in the official Type page title or description are recorded.
5404,function,way_configuration,,,2/2-way,,Type-level official page description,https://www.burkert.com/en/type/5404,2026-06-09,Only values explicitly present in the official Type page title or description are recorded.
5406,actuation,actuation_method,,,solenoid,,Type-level official page description,https://www.burkert.com/en/type/5406,2026-06-09,Only values explicitly present in the official Type page title or description are recorded.
5406,environment,protection_rating,,,IP65,,Type-level official page description,https://www.burkert.com/en/type/5406,2026-06-09,Only values explicitly present in the official Type page title or description are recorded.
5406,function,way_configuration,,,2/2-way,,Type-level official page description,https://www.burkert.com/en/type/5406,2026-06-09,Only values explicitly present in the official Type page title or description are recorded.
5407,actuation,actuation_method,,,solenoid,,Type-level official page description,https://www.burkert.com/en/type/5407,2026-06-09,Only values explicitly present in the official Type page title or description are recorded.
5407,function,way_configuration,,,2/2-way,,Type-level official page description,https://www.burkert.com/en/type/5407,2026-06-09,Only values explicitly present in the official Type page title or description are recorded.
5420,actuation,actuation_method,,,pneumatic | solenoid,,Type-level official page description,https://www.burkert.com/en/type/5420,2026-06-09,Only values explicitly present in the official Type page title or description are recorded.
5420,connection,explicit_connection_types,,,thread,,Type-level official page description,https://www.burkert.com/en/type/5420,2026-06-09,Only values explicitly present in the official Type page title or description are recorded.
5470,actuation,actuation_method,,,pneumatic | solenoid,,Type-level official page description,https://www.burkert.com/en/type/5470,2026-06-09,Only values explicitly present in the official Type page title or description are recorded.
5470,connection,explicit_connection_types,,,flange,,Type-level official page description,https://www.burkert.com/en/type/5470,2026-06-09,Only values explicitly present in the official Type page title or description are recorded.
5470,function,way_configuration,,,4/2-way,,Type-level official page description,https://www.burkert.com/en/type/5470,2026-06-09,Only values explicitly present in the official Type page title or description are recorded.
5500,actuation,actuation_method,,,pneumatic,,Type-level official page description,https://www.burkert.com/en/type/5500,2026-06-09,Only values explicitly present in the official Type page title or description are recorded.
5550,actuation,actuation_method,,,solenoid,,Type-level official page description,https://www.burkert.com/en/type/5550,2026-06-09,Only values explicitly present in the official Type page title or description are recorded.
5550,connection,explicit_connection_types,,,flange,,Type-level official page description,https://www.burkert.com/en/type/5550,2026-06-09,Only values explicitly present in the official Type page title or description are recorded.
5686,actuation,actuation_method,,,solenoid,,Type-level official page description,https://www.burkert.com/en/type/5686,2026-06-09,Only values explicitly present in the official Type page title or description are recorded.
6011,actuation,actuation_method,,,solenoid,,Type-level official page description,https://www.burkert.com/en/type/6011,2026-06-09,Only values explicitly present in the official Type page title or description are recorded.
6011,connection,explicit_connection_types,,,weld | flange | push-in | hose,,Type-level official page description,https://www.burkert.com/en/type/6011,2026-06-09,Only values explicitly present in the official Type page title or description are recorded.
6011,environment,protection_rating,,,IP65,,Type-level official page description,https://www.burkert.com/en/type/6011,2026-06-09,Only values explicitly present in the official Type page title or description are recorded.
6012,actuation,actuation_method,,,pneumatic | manual,,Type-level official page description,https://www.burkert.com/en/type/6012,2026-06-09,Only values explicitly present in the official Type page title or description are recorded.
6012,connection,explicit_connection_types,,,weld | flange | thread | push-in | hose,,Type-level official page description,https://www.burkert.com/en/type/6012,2026-06-09,Only values explicitly present in the official Type page title or description are recorded.
6012,environment,protection_rating,,,IP65,,Type-level official page description,https://www.burkert.com/en/type/6012,2026-06-09,Only values explicitly present in the official Type page title or description are recorded.
6013,actuation,actuation_method,,,solenoid,,Type-level official page description,https://www.burkert.com/en/type/6013,2026-06-09,Only values explicitly present in the official Type page title or description are recorded.
6013,connection,explicit_connection_types,,,weld | flange,,Type-level official page description,https://www.burkert.com/en/type/6013,2026-06-09,Only values explicitly present in the official Type page title or description are recorded.
6013,function,way_configuration,,,2/2-way,,Type-level official page description,https://www.burkert.com/en/type/6013,2026-06-09,Only values explicitly present in the official Type page title or description are recorded.
6014,actuation,actuation_method,,,pneumatic,,Type-level official page description,https://www.burkert.com/en/type/6014,2026-06-09,Only values explicitly present in the official Type page title or description are recorded.
6014,connection,explicit_connection_types,,,weld | flange | thread,,Type-level official page description,https://www.burkert.com/en/type/6014,2026-06-09,Only values explicitly present in the official Type page title or description are recorded.
6014,function,way_configuration,,,3/2-way,,Type-level official page description,https://www.burkert.com/en/type/6014,2026-06-09,Only values explicitly present in the official Type page title or description are recorded.
6020,actuation,actuation_method,,,solenoid,,Type-level official page description,https://www.burkert.com/en/type/6020,2026-06-09,Only values explicitly present in the official Type page title or description are recorded.
6020,environment,protection_rating,,,IP65,,Type-level official page description,https://www.burkert.com/en/type/6020,2026-06-09,Only values explicitly present in the official Type page title or description are recorded.
6024,operating_limits,pressure_range_1,0,0.7,0 ... 0.7 bar,bar,Type-level official page description,https://www.burkert.com/en/type/6024,2026-06-09,Explicit range extracted from the official Type page; confirm configuration-specific limits in the data sheet.
6026,actuation,actuation_method,,,solenoid,,Type-level official page description,https://www.burkert.com/en/type/6026,2026-06-09,Only values explicitly present in the official Type page title or description are recorded.
6026,environment,protection_rating,,,IP65,,Type-level official page description,https://www.burkert.com/en/type/6026,2026-06-09,Only values explicitly present in the official Type page title or description are recorded.
6026,function,way_configuration,,,2/2-way,,Type-level official page description,https://www.burkert.com/en/type/6026,2026-06-09,Only values explicitly present in the official Type page title or description are recorded.
6026,materials,explicit_materials,,,stainless steel | PTFE,,Type-level official page description,https://www.burkert.com/en/type/6026,2026-06-09,Only values explicitly present in the official Type page title or description are recorded.
6026,seals,explicit_seal_materials,,,PTFE,,Type-level official page description,https://www.burkert.com/en/type/6026,2026-06-09,Only values explicitly present in the official Type page title or description are recorded.
6027,actuation,actuation_method,,,solenoid,,Type-level official page description,https://www.burkert.com/en/type/6027,2026-06-09,Only values explicitly present in the official Type page title or description are recorded.
6027,connection,explicit_connection_types,,,weld,,Type-level official page description,https://www.burkert.com/en/type/6027,2026-06-09,Only values explicitly present in the official Type page title or description are recorded.
6027,environment,protection_rating,,,IP65,,Type-level official page description,https://www.burkert.com/en/type/6027,2026-06-09,Only values explicitly present in the official Type page title or description are recorded.
6027,function,way_configuration,,,2/2-way,,Type-level official page description,https://www.burkert.com/en/type/6027,2026-06-09,Only values explicitly present in the official Type page title or description are recorded.
6030,actuation,actuation_method,,,solenoid,,Type-level official page description,https://www.burkert.com/en/type/6030,2026-06-09,Only values explicitly present in the official Type page title or description are recorded.
6030,connection,explicit_connection_types,,,weld | flange,,Type-level official page description,https://www.burkert.com/en/type/6030,2026-06-09,Only values explicitly present in the official Type page title or description are recorded.
6030,environment,protection_rating,,,IP65,,Type-level official page description,https://www.burkert.com/en/type/6030,2026-06-09,Only values explicitly present in the official Type page title or description are recorded.
6030,function,way_configuration,,,2/2-way,,Type-level official page description,https://www.burkert.com/en/type/6030,2026-06-09,Only values explicitly present in the official Type page title or description are recorded.
6038,actuation,actuation_method,,,solenoid,,Type-level official page description,https://www.burkert.com/en/type/6038,2026-06-09,Only values explicitly present in the official Type page title or description are recorded.
6038,function,way_configuration,,,2/2-way,,Type-level official page description,https://www.burkert.com/en/type/6038,2026-06-09,Only values explicitly present in the official Type page title or description are recorded.
6038,materials,explicit_materials,,,brass,,Type-level official page description,https://www.burkert.com/en/type/6038,2026-06-09,Only values explicitly present in the official Type page title or description are recorded.
6038,operating_limits,temperature_range_1,12,180,12 to 180°C,°C,Type-level official page description,https://www.burkert.com/en/type/6038,2026-06-09,Explicit range extracted from the official Type page; confirm configuration-specific limits in the data sheet.
6080,actuation,actuation_method,,,solenoid,,Type-level official page description,https://www.burkert.com/en/type/6080,2026-06-09,Only values explicitly present in the official Type page title or description are recorded.
6080,compliance,explicit_certifications_or_ratings,,,ATEX | IECEx,,Type-level official page description,https://www.burkert.com/en/type/6080,2026-06-09,Only values explicitly present in the official Type page title or description are recorded.
6080,function,way_configuration,,,2/2-way,,Type-level official page description,https://www.burkert.com/en/type/6080,2026-06-09,Only values explicitly present in the official Type page title or description are recorded.
6106,actuation,actuation_method,,,pneumatic | solenoid,,Type-level official page description,https://www.burkert.com/en/type/6106,2026-06-09,Only values explicitly present in the official Type page title or description are recorded.
6106,compliance,explicit_certifications_or_ratings,,,ATEX,,Type-level official page description,https://www.burkert.com/en/type/6106,2026-06-09,Only values explicitly present in the official Type page title or description are recorded.
6106,materials,explicit_materials,,,stainless steel,,Type-level official page description,https://www.burkert.com/en/type/6106,2026-06-09,Only values explicitly present in the official Type page title or description are recorded.
6114,actuation,actuation_method,,,solenoid,,Type-level official page description,https://www.burkert.com/en/type/6114,2026-06-09,Only values explicitly present in the official Type page title or description are recorded.
6115,actuation,actuation_method,,,pneumatic,,Type-level official page description,https://www.burkert.com/en/type/6115,2026-06-09,Only values explicitly present in the official Type page title or description are recorded.
6126,actuation,actuation_method,,,solenoid,,Type-level official page description,https://www.burkert.com/en/type/6126,2026-06-09,Only values explicitly present in the official Type page title or description are recorded.
6126,flow_capacity,cv_max_1,,0.058,Cv ratings up to 0.058,Cv,Type-level official page description,https://www.burkert.com/en/type/6126,2026-06-09,Explicit upper limit extracted from the official Type page; confirm configuration-specific limits in the data sheet.
6126,materials,explicit_materials,,,stainless steel,,Type-level official page description,https://www.burkert.com/en/type/6126,2026-06-09,Only values explicitly present in the official Type page title or description are recorded.
6126,seals,explicit_seal_materials,,,FKM,,Type-level official page description,https://www.burkert.com/en/type/6126,2026-06-09,Only values explicitly present in the official Type page title or description are recorded.
6144,actuation,actuation_method,,,pneumatic | solenoid,,Type-level official page description,https://www.burkert.com/en/type/6144,2026-06-09,Only values explicitly present in the official Type page title or description are recorded.
6144,connection,explicit_connection_types,,,flange,,Type-level official page description,https://www.burkert.com/en/type/6144,2026-06-09,Only values explicitly present in the official Type page title or description are recorded.
6144,function,way_configuration,,,3/2-way,,Type-level official page description,https://www.burkert.com/en/type/6144,2026-06-09,Only values explicitly present in the official Type page title or description are recorded.
6144,operating_limits,pressure_range_1,0,10,0…10 bar,bar,Type-level official page description,https://www.burkert.com/en/type/6144,2026-06-09,Explicit range extracted from the official Type page; confirm configuration-specific limits in the data sheet.
6164,actuation,actuation_method,,,pneumatic | solenoid,,Type-level official page description,https://www.burkert.com/en/type/6164,2026-06-09,Only values explicitly present in the official Type page title or description are recorded.
6164,compliance,explicit_certifications_or_ratings,,,ATEX,,Type-level official page description,https://www.burkert.com/en/type/6164,2026-06-09,Only values explicitly present in the official Type page title or description are recorded.
6164,function,way_configuration,,,3/2-way,,Type-level official page description,https://www.burkert.com/en/type/6164,2026-06-09,Only values explicitly present in the official Type page title or description are recorded.
6164,materials,explicit_materials,,,plastic,,Type-level official page description,https://www.burkert.com/en/type/6164,2026-06-09,Only values explicitly present in the official Type page title or description are recorded.
6211,actuation,actuation_method,,,solenoid,,Type-level official page description,https://www.burkert.com/en/type/6211,2026-06-09,Only values explicitly present in the official Type page title or description are recorded.
6211,function,way_configuration,,,2/2-way,,Type-level official page description,https://www.burkert.com/en/type/6211,2026-06-09,Only values explicitly present in the official Type page title or description are recorded.
6211,materials,explicit_materials,,,stainless steel | brass | plastic,,Type-level official page description,https://www.burkert.com/en/type/6211,2026-06-09,Only values explicitly present in the official Type page title or description are recorded.
6212,actuation,actuation_method,,,solenoid,,Type-level official page description,https://www.burkert.com/en/type/6212,2026-06-09,Only values explicitly present in the official Type page title or description are recorded.
6212,function,way_configuration,,,2/2-way,,Type-level official page description,https://www.burkert.com/en/type/6212,2026-06-09,Only values explicitly present in the official Type page title or description are recorded.
6212,materials,explicit_materials,,,stainless steel | brass | plastic,,Type-level official page description,https://www.burkert.com/en/type/6212,2026-06-09,Only values explicitly present in the official Type page title or description are recorded.
6213,actuation,actuation_method,,,solenoid,,Type-level official page description,https://www.burkert.com/en/type/6213,2026-06-09,Only values explicitly present in the official Type page title or description are recorded.
6213,dimensions,nominal_diameter_dn_max_1,,40,nominal diameter of up to DN 40,DN,Type-level official page description,https://www.burkert.com/en/type/6213,2026-06-09,Explicit upper limit extracted from the official Type page; confirm configuration-specific limits in the data sheet.
6213,function,way_configuration,,,2/2-way,,Type-level official page description,https://www.burkert.com/en/type/6213,2026-06-09,Only values explicitly present in the official Type page title or description are recorded.
6213,materials,explicit_materials,,,stainless steel | brass,,Type-level official page description,https://www.burkert.com/en/type/6213,2026-06-09,Only values explicitly present in the official Type page title or description are recorded.
6221,actuation,actuation_method,,,solenoid,,Type-level official page description,https://www.burkert.com/en/type/6221,2026-06-09,Only values explicitly present in the official Type page title or description are recorded.
6221,materials,explicit_materials,,,brass,,Type-level official page description,https://www.burkert.com/en/type/6221,2026-06-09,Only values explicitly present in the official Type page title or description are recorded.
6222,actuation,actuation_method,,,solenoid,,Type-level official page description,https://www.burkert.com/en/type/6222,2026-06-09,Only values explicitly present in the official Type page title or description are recorded.
6227,actuation,actuation_method,,,solenoid,,Type-level official page description,https://www.burkert.com/en/type/6227,2026-06-09,Only values explicitly present in the official Type page title or description are recorded.
6227,connection,explicit_connection_types,,,thread | hose,,Type-level official page description,https://www.burkert.com/en/type/6227,2026-06-09,Only values explicitly present in the official Type page title or description are recorded.
6227,dimensions,nominal_diameter_dn_range_1,1,13,DN1 …DN13,DN,Type-level official page description,https://www.burkert.com/en/type/6227,2026-06-09,Explicit range extracted from the official Type page; confirm configuration-specific limits in the data sheet.
6227,function,way_configuration,,,2/2-way,,Type-level official page description,https://www.burkert.com/en/type/6227,2026-06-09,Only values explicitly present in the official Type page title or description are recorded.
6227,materials,explicit_materials,,,brass,,Type-level official page description,https://www.burkert.com/en/type/6227,2026-06-09,Only values explicitly present in the official Type page title or description are recorded.
6228,actuation,actuation_method,,,solenoid,,Type-level official page description,https://www.burkert.com/en/type/6228,2026-06-09,Only values explicitly present in the official Type page title or description are recorded.
6228,function,way_configuration,,,2/2-way,,Type-level official page description,https://www.burkert.com/en/type/6228,2026-06-09,Only values explicitly present in the official Type page title or description are recorded.
6228,materials,explicit_materials,,,plastic,,Type-level official page description,https://www.burkert.com/en/type/6228,2026-06-09,Only values explicitly present in the official Type page title or description are recorded.
6240,actuation,actuation_method,,,solenoid,,Type-level official page description,https://www.burkert.com/en/type/6240,2026-06-09,Only values explicitly present in the official Type page title or description are recorded.
6240,connection,explicit_connection_types,,,weld,,Type-level official page description,https://www.burkert.com/en/type/6240,2026-06-09,Only values explicitly present in the official Type page title or description are recorded.
6240,function,way_configuration,,,2/2-way,,Type-level official page description,https://www.burkert.com/en/type/6240,2026-06-09,Only values explicitly present in the official Type page title or description are recorded.
6281,actuation,actuation_method,,,solenoid | manual,,Type-level official page description,https://www.burkert.com/en/type/6281,2026-06-09,Only values explicitly present in the official Type page title or description are recorded.
6281,function,way_configuration,,,2/2-way,,Type-level official page description,https://www.burkert.com/en/type/6281,2026-06-09,Only values explicitly present in the official Type page title or description are recorded.
6281,materials,explicit_materials,,,stainless steel | brass,,Type-level official page description,https://www.burkert.com/en/type/6281,2026-06-09,Only values explicitly present in the official Type page title or description are recorded.
6407,actuation,actuation_method,,,solenoid,,Type-level official page description,https://www.burkert.com/en/type/6407,2026-06-09,Only values explicitly present in the official Type page title or description are recorded.
6407,connection,explicit_connection_types,,,weld,,Type-level official page description,https://www.burkert.com/en/type/6407,2026-06-09,Only values explicitly present in the official Type page title or description are recorded.
6407,environment,protection_rating,,,IP65,,Type-level official page description,https://www.burkert.com/en/type/6407,2026-06-09,Only values explicitly present in the official Type page title or description are recorded.
6407,function,way_configuration,,,2/2-way,,Type-level official page description,https://www.burkert.com/en/type/6407,2026-06-09,Only values explicitly present in the official Type page title or description are recorded.
6430,actuation,actuation_method,,,solenoid | manual,,Type-level official page description,https://www.burkert.com/en/type/6430,2026-06-09,Only values explicitly present in the official Type page title or description are recorded.
6430,dimensions,nominal_diameter_dn_range_1,8,40,DN 8 to DN 40,DN,Type-level official page description,https://www.burkert.com/en/type/6430,2026-06-09,Explicit range extracted from the official Type page; confirm configuration-specific limits in the data sheet.
6430,environment,protection_rating,,,IP65,,Type-level official page description,https://www.burkert.com/en/type/6430,2026-06-09,Only values explicitly present in the official Type page title or description are recorded.
6430,function,way_configuration,,,3/2-way,,Type-level official page description,https://www.burkert.com/en/type/6430,2026-06-09,Only values explicitly present in the official Type page title or description are recorded.
6430,operating_limits,pressure_range_1,1,16,1-16 bar,bar,Type-level official page description,https://www.burkert.com/en/type/6430,2026-06-09,Explicit range extracted from the official Type page; confirm configuration-specific limits in the data sheet.
6440,actuation,actuation_method,,,solenoid,,Type-level official page description,https://www.burkert.com/en/type/6440,2026-06-09,Only values explicitly present in the official Type page title or description are recorded.
6440,connection,explicit_connection_types,,,weld | flange,,Type-level official page description,https://www.burkert.com/en/type/6440,2026-06-09,Only values explicitly present in the official Type page title or description are recorded.
6440,environment,protection_rating,,,IP65,,Type-level official page description,https://www.burkert.com/en/type/6440,2026-06-09,Only values explicitly present in the official Type page title or description are recorded.
6440,function,way_configuration,,,2/2-way,,Type-level official page description,https://www.burkert.com/en/type/6440,2026-06-09,Only values explicitly present in the official Type page title or description are recorded.
6480,actuation,actuation_method,,,solenoid,,Type-level official page description,https://www.burkert.com/en/type/6480,2026-06-09,Only values explicitly present in the official Type page title or description are recorded.
6480,compliance,explicit_certifications_or_ratings,,,ATEX | IECEx,,Type-level official page description,https://www.burkert.com/en/type/6480,2026-06-09,Only values explicitly present in the official Type page title or description are recorded.
6480,function,way_configuration,,,2/2-way,,Type-level official page description,https://www.burkert.com/en/type/6480,2026-06-09,Only values explicitly present in the official Type page title or description are recorded.
6481,actuation,actuation_method,,,solenoid,,Type-level official page description,https://www.burkert.com/en/type/6481,2026-06-09,Only values explicitly present in the official Type page title or description are recorded.
6481,compliance,explicit_certifications_or_ratings,,,ATEX | IECEx,,Type-level official page description,https://www.burkert.com/en/type/6481,2026-06-09,Only values explicitly present in the official Type page title or description are recorded.
6481,function,way_configuration,,,2/2-way,,Type-level official page description,https://www.burkert.com/en/type/6481,2026-06-09,Only values explicitly present in the official Type page title or description are recorded.
6510,actuation,actuation_method,,,pneumatic | solenoid | manual,,Type-level official page description,https://www.burkert.com/en/type/6510,2026-06-09,Only values explicitly present in the official Type page title or description are recorded.
6510,function,way_configuration,,,3/2-way,,Type-level official page description,https://www.burkert.com/en/type/6510,2026-06-09,Only values explicitly present in the official Type page title or description are recorded.
6511,actuation,actuation_method,,,pneumatic | solenoid | manual,,Type-level official page description,https://www.burkert.com/en/type/6511,2026-06-09,Only values explicitly present in the official Type page title or description are recorded.
6516,actuation,actuation_method,,,pneumatic | solenoid,,Type-level official page description,https://www.burkert.com/en/type/6516,2026-06-09,Only values explicitly present in the official Type page title or description are recorded.
6516,function,way_configuration,,,3/2-way,,Type-level official page description,https://www.burkert.com/en/type/6516,2026-06-09,Only values explicitly present in the official Type page title or description are recorded.
6517,actuation,actuation_method,,,pneumatic | solenoid,,Type-level official page description,https://www.burkert.com/en/type/6517,2026-06-09,Only values explicitly present in the official Type page title or description are recorded.
6517,connection,explicit_connection_types,,,flange,,Type-level official page description,https://www.burkert.com/en/type/6517,2026-06-09,Only values explicitly present in the official Type page title or description are recorded.
6518,actuation,actuation_method,,,pneumatic | solenoid,,Type-level official page description,https://www.burkert.com/en/type/6518,2026-06-09,Only values explicitly present in the official Type page title or description are recorded.
6518,connection,explicit_connection_types,,,flange,,Type-level official page description,https://www.burkert.com/en/type/6518,2026-06-09,Only values explicitly present in the official Type page title or description are recorded.
6518,function,way_configuration,,,3/2-way,,Type-level official page description,https://www.burkert.com/en/type/6518,2026-06-09,Only values explicitly present in the official Type page title or description are recorded.
6519,actuation,actuation_method,,,pneumatic | solenoid,,Type-level official page description,https://www.burkert.com/en/type/6519,2026-06-09,Only values explicitly present in the official Type page title or description are recorded.
6519,connection,explicit_connection_types,,,flange,,Type-level official page description,https://www.burkert.com/en/type/6519,2026-06-09,Only values explicitly present in the official Type page title or description are recorded.
6519,function,way_configuration,,,3/2-way,,Type-level official page description,https://www.burkert.com/en/type/6519,2026-06-09,Only values explicitly present in the official Type page title or description are recorded.
6520,actuation,actuation_method,,,pneumatic,,Type-level official page description,https://www.burkert.com/en/type/6520,2026-06-09,Only values explicitly present in the official Type page title or description are recorded.
6520,communication,explicit_protocols,,,PROFIBUS,,Type-level official page description,https://www.burkert.com/en/type/6520,2026-06-09,Only values explicitly present in the official Type page title or description are recorded.
6520,compliance,explicit_certifications_or_ratings,,,ATEX,,Type-level official page description,https://www.burkert.com/en/type/6520,2026-06-09,Only values explicitly present in the official Type page title or description are recorded.
6520,connection,explicit_connection_types,,,flange,,Type-level official page description,https://www.burkert.com/en/type/6520,2026-06-09,Only values explicitly present in the official Type page title or description are recorded.
6520,function,way_configuration,,,3/2-way,,Type-level official page description,https://www.burkert.com/en/type/6520,2026-06-09,Only values explicitly present in the official Type page title or description are recorded.
6521,actuation,actuation_method,,,pneumatic,,Type-level official page description,https://www.burkert.com/en/type/6521,2026-06-09,Only values explicitly present in the official Type page title or description are recorded.
6521,function,way_configuration,,,3/2-way,,Type-level official page description,https://www.burkert.com/en/type/6521,2026-06-09,Only values explicitly present in the official Type page title or description are recorded.
6523,actuation,actuation_method,,,pneumatic,,Type-level official page description,https://www.burkert.com/en/type/6523,2026-06-09,Only values explicitly present in the official Type page title or description are recorded.
6524,actuation,actuation_method,,,pneumatic | solenoid | manual,,Type-level official page description,https://www.burkert.com/en/type/6524,2026-06-09,Only values explicitly present in the official Type page title or description are recorded.
6524,function,way_configuration,,,3/2-way,,Type-level official page description,https://www.burkert.com/en/type/6524,2026-06-09,Only values explicitly present in the official Type page title or description are recorded.
6525,actuation,actuation_method,,,pneumatic | solenoid | manual,,Type-level official page description,https://www.burkert.com/en/type/6525,2026-06-09,Only values explicitly present in the official Type page title or description are recorded.
6526,actuation,actuation_method,,,pneumatic | solenoid | manual,,Type-level official page description,https://www.burkert.com/en/type/6526,2026-06-09,Only values explicitly present in the official Type page title or description are recorded.
6526,function,way_configuration,,,3/2-way,,Type-level official page description,https://www.burkert.com/en/type/6526,2026-06-09,Only values explicitly present in the official Type page title or description are recorded.
6527,actuation,actuation_method,,,pneumatic | solenoid | manual,,Type-level official page description,https://www.burkert.com/en/type/6527,2026-06-09,Only values explicitly present in the official Type page title or description are recorded.
6606,actuation,actuation_method,,,solenoid,,Type-level official page description,https://www.burkert.com/en/type/6606,2026-06-09,Only values explicitly present in the official Type page title or description are recorded.
6606,flow_capacity,cv_max_1,,0.058,Cv ratings up to 0.058,Cv,Type-level official page description,https://www.burkert.com/en/type/6606,2026-06-09,Explicit upper limit extracted from the official Type page; confirm configuration-specific limits in the data sheet.
6606,materials,explicit_materials,,,stainless steel,,Type-level official page description,https://www.burkert.com/en/type/6606,2026-06-09,Only values explicitly present in the official Type page title or description are recorded.
6606,seals,explicit_seal_materials,,,FKM | FFKM,,Type-level official page description,https://www.burkert.com/en/type/6606,2026-06-09,Only values explicitly present in the official Type page title or description are recorded.
6624,actuation,actuation_method,,,solenoid,,Type-level official page description,https://www.burkert.com/en/type/6624,2026-06-09,Only values explicitly present in the official Type page title or description are recorded.
6626,actuation,actuation_method,,,solenoid,,Type-level official page description,https://www.burkert.com/en/type/6626,2026-06-09,Only values explicitly present in the official Type page title or description are recorded.
6626,function,way_configuration,,,2/2-way,,Type-level official page description,https://www.burkert.com/en/type/6626,2026-06-09,Only values explicitly present in the official Type page title or description are recorded.
6628,actuation,actuation_method,,,solenoid,,Type-level official page description,https://www.burkert.com/en/type/6628,2026-06-09,Only values explicitly present in the official Type page title or description are recorded.
6628,compliance,explicit_certifications_or_ratings,,,USP,,Type-level official page description,https://www.burkert.com/en/type/6628,2026-06-09,Only values explicitly present in the official Type page title or description are recorded.
6628,function,way_configuration,,,3/2-way,,Type-level official page description,https://www.burkert.com/en/type/6628,2026-06-09,Only values explicitly present in the official Type page title or description are recorded.
6642,actuation,actuation_method,,,solenoid,,Type-level official page description,https://www.burkert.com/en/type/6642,2026-06-09,Only values explicitly present in the official Type page title or description are recorded.
6642,materials,explicit_materials,,,plastic,,Type-level official page description,https://www.burkert.com/en/type/6642,2026-06-09,Only values explicitly present in the official Type page title or description are recorded.
6650,actuation,actuation_method,,,solenoid,,Type-level official page description,https://www.burkert.com/en/type/6650,2026-06-09,Only values explicitly present in the official Type page title or description are recorded.
6650,function,way_configuration,,,2/2-way,,Type-level official page description,https://www.burkert.com/en/type/6650,2026-06-09,Only values explicitly present in the official Type page title or description are recorded.
6712,actuation,actuation_method,,,solenoid,,Type-level official page description,https://www.burkert.com/en/type/6712,2026-06-09,Only values explicitly present in the official Type page title or description are recorded.
6712,function,way_configuration,,,2/2-way,,Type-level official page description,https://www.burkert.com/en/type/6712,2026-06-09,Only values explicitly present in the official Type page title or description are recorded.
6724,actuation,actuation_method,,,solenoid,,Type-level official page description,https://www.burkert.com/en/type/6724,2026-06-09,Only values explicitly present in the official Type page title or description are recorded.
6724,function,way_configuration,,,3/2-way,,Type-level official page description,https://www.burkert.com/en/type/6724,2026-06-09,Only values explicitly present in the official Type page title or description are recorded.
6732,actuation,actuation_method,,,solenoid,,Type-level official page description,https://www.burkert.com/en/type/6732,2026-06-09,Only values explicitly present in the official Type page title or description are recorded.
6732,function,way_configuration,,,2/2-way,,Type-level official page description,https://www.burkert.com/en/type/6732,2026-06-09,Only values explicitly present in the official Type page title or description are recorded.
6757,actuation,actuation_method,,,solenoid,,Type-level official page description,https://www.burkert.com/en/type/6757,2026-06-09,Only values explicitly present in the official Type page title or description are recorded.
6757,function,way_configuration,,,3/2-way,,Type-level official page description,https://www.burkert.com/en/type/6757,2026-06-09,Only values explicitly present in the official Type page title or description are recorded.
6757,operating_limits,pressure_max_1,,16,High pressure range up to 16 bar,bar,Type-level official page description,https://www.burkert.com/en/type/6757,2026-06-09,Explicit upper limit extracted from the official Type page; confirm configuration-specific limits in the data sheet.
7011,actuation,actuation_method,,,solenoid,,Type-level official page description,https://www.burkert.com/en/type/7011,2026-06-09,Only values explicitly present in the official Type page title or description are recorded.
7011,connection,explicit_connection_types,,,weld | flange | push-in | hose,,Type-level official page description,https://www.burkert.com/en/type/7011,2026-06-09,Only values explicitly present in the official Type page title or description are recorded.
7011,environment,protection_rating,,,IP65,,Type-level official page description,https://www.burkert.com/en/type/7011,2026-06-09,Only values explicitly present in the official Type page title or description are recorded.
7011,function,way_configuration,,,2/2-way,,Type-level official page description,https://www.burkert.com/en/type/7011,2026-06-09,Only values explicitly present in the official Type page title or description are recorded.
7012,actuation,actuation_method,,,pneumatic | solenoid | manual,,Type-level official page description,https://www.burkert.com/en/type/7012,2026-06-09,Only values explicitly present in the official Type page title or description are recorded.
7012,connection,explicit_connection_types,,,weld | flange | push-in | hose,,Type-level official page description,https://www.burkert.com/en/type/7012,2026-06-09,Only values explicitly present in the official Type page title or description are recorded.
7012,environment,protection_rating,,,IP65,,Type-level official page description,https://www.burkert.com/en/type/7012,2026-06-09,Only values explicitly present in the official Type page title or description are recorded.
7012,function,way_configuration,,,3/2-way,,Type-level official page description,https://www.burkert.com/en/type/7012,2026-06-09,Only values explicitly present in the official Type page title or description are recorded.
7015,actuation,actuation_method,,,solenoid,,Type-level official page description,https://www.burkert.com/en/type/7015,2026-06-09,Only values explicitly present in the official Type page title or description are recorded.
7015,compliance,explicit_certifications_or_ratings,,,FDA,,Type-level official page description,https://www.burkert.com/en/type/7015,2026-06-09,Only values explicitly present in the official Type page title or description are recorded.
7015,connection,explicit_connection_types,,,flange | push-in,,Type-level official page description,https://www.burkert.com/en/type/7015,2026-06-09,Only values explicitly present in the official Type page title or description are recorded.
7015,environment,protection_rating,,,IP20,,Type-level official page description,https://www.burkert.com/en/type/7015,2026-06-09,Only values explicitly present in the official Type page title or description are recorded.
7015,function,way_configuration,,,2/2-way,,Type-level official page description,https://www.burkert.com/en/type/7015,2026-06-09,Only values explicitly present in the official Type page title or description are recorded.
7016,actuation,actuation_method,,,solenoid,,Type-level official page description,https://www.burkert.com/en/type/7016,2026-06-09,Only values explicitly present in the official Type page title or description are recorded.
7016,compliance,explicit_certifications_or_ratings,,,FDA,,Type-level official page description,https://www.burkert.com/en/type/7016,2026-06-09,Only values explicitly present in the official Type page title or description are recorded.
7016,connection,explicit_connection_types,,,flange | push-in,,Type-level official page description,https://www.burkert.com/en/type/7016,2026-06-09,Only values explicitly present in the official Type page title or description are recorded.
7016,environment,protection_rating,,,IP20,,Type-level official page description,https://www.burkert.com/en/type/7016,2026-06-09,Only values explicitly present in the official Type page title or description are recorded.
7016,function,way_configuration,,,3/2-way,,Type-level official page description,https://www.burkert.com/en/type/7016,2026-06-09,Only values explicitly present in the official Type page title or description are recorded.
7017,actuation,actuation_method,,,solenoid,,Type-level official page description,https://www.burkert.com/en/type/7017,2026-06-09,Only values explicitly present in the official Type page title or description are recorded.
7017,compliance,explicit_certifications_or_ratings,,,FDA,,Type-level official page description,https://www.burkert.com/en/type/7017,2026-06-09,Only values explicitly present in the official Type page title or description are recorded.
7017,connection,explicit_connection_types,,,flange | push-in,,Type-level official page description,https://www.burkert.com/en/type/7017,2026-06-09,Only values explicitly present in the official Type page title or description are recorded.
7017,environment,protection_rating,,,IP20,,Type-level official page description,https://www.burkert.com/en/type/7017,2026-06-09,Only values explicitly present in the official Type page title or description are recorded.
7017,function,way_configuration,,,3/2-way,,Type-level official page description,https://www.burkert.com/en/type/7017,2026-06-09,Only values explicitly present in the official Type page title or description are recorded.
7604,materials,explicit_materials,,,PEEK,,Type-level official page description,https://www.burkert.com/en/type/7604,2026-06-09,Only values explicitly present in the official Type page title or description are recorded.
8006,environment,protection_rating,,,IP65,,Type-level official page description,https://www.burkert.com/en/type/8006,2026-06-09,Only values explicitly present in the official Type page title or description are recorded.
8007,materials,explicit_materials,,,stainless steel,,Type-level official page description,https://www.burkert.com/en/type/8007,2026-06-09,Only values explicitly present in the official Type page title or description are recorded.
8008,actuation,actuation_method,,,solenoid,,Type-level official page description,https://www.burkert.com/en/type/8008,2026-06-09,Only values explicitly present in the official Type page title or description are recorded.
8008,materials,explicit_materials,,,stainless steel,,Type-level official page description,https://www.burkert.com/en/type/8008,2026-06-09,Only values explicitly present in the official Type page title or description are recorded.
8010,dimensions,nominal_diameter_dn_range_1,15,40,DN 15 to DN 40,DN,Type-level official page description,https://www.burkert.com/en/type/8010,2026-06-09,Explicit range extracted from the official Type page; confirm configuration-specific limits in the data sheet.
8010,dimensions,nominal_diameter_dn_range_2,32,50,DN 32 to DN 50,DN,Type-level official page description,https://www.burkert.com/en/type/8010,2026-06-09,Explicit range extracted from the official Type page; confirm configuration-specific limits in the data sheet.
8011,dimensions,nominal_diameter_dn_range_1,6,65,DN06 to DN65,DN,Type-level official page description,https://www.burkert.com/en/type/8011,2026-06-09,Explicit range extracted from the official Type page; confirm configuration-specific limits in the data sheet.
8012,dimensions,nominal_diameter_dn_range_1,6,65,DN 06…DN 65,DN,Type-level official page description,https://www.burkert.com/en/type/8012,2026-06-09,Explicit range extracted from the official Type page; confirm configuration-specific limits in the data sheet.
8020,dimensions,nominal_diameter_dn_range_1,20,400,DN 20 to DN 400,DN,Type-level official page description,https://www.burkert.com/en/type/8020,2026-06-09,Explicit range extracted from the official Type page; confirm configuration-specific limits in the data sheet.
8025,actuation,actuation_method,,,solenoid,,Type-level official page description,https://www.burkert.com/en/type/8025,2026-06-09,Only values explicitly present in the official Type page title or description are recorded.
8025,dimensions,nominal_diameter_dn_range_1,20,400,DN 20 to DN 400,DN,Type-level official page description,https://www.burkert.com/en/type/8025,2026-06-09,Explicit range extracted from the official Type page; confirm configuration-specific limits in the data sheet.
8025,dimensions,nominal_diameter_dn_range_2,6,400,DN 06 to DN 400,DN,Type-level official page description,https://www.burkert.com/en/type/8025,2026-06-09,Explicit range extracted from the official Type page; confirm configuration-specific limits in the data sheet.
8026,dimensions,nominal_diameter_dn_range_1,20,400,DN 20 to DN 400,DN,Type-level official page description,https://www.burkert.com/en/type/8026,2026-06-09,Explicit range extracted from the official Type page; confirm configuration-specific limits in the data sheet.
8026,dimensions,nominal_diameter_dn_range_2,20,400,DN 20 to DN 400,DN,Type-level official page description,https://www.burkert.com/en/type/8026,2026-06-09,Explicit range extracted from the official Type page; confirm configuration-specific limits in the data sheet.
8030,dimensions,nominal_diameter_dn_range_1,6,65,DN 06 to DN 65,DN,Type-level official page description,https://www.burkert.com/en/type/8030,2026-06-09,Explicit range extracted from the official Type page; confirm configuration-specific limits in the data sheet.
8031,materials,explicit_materials,,,stainless steel | EPDM,,Type-level official page description,https://www.burkert.com/en/type/8031,2026-06-09,Only values explicitly present in the official Type page title or description are recorded.
8031,seals,explicit_seal_materials,,,EPDM | FKM,,Type-level official page description,https://www.burkert.com/en/type/8031,2026-06-09,Only values explicitly present in the official Type page title or description are recorded.
8032,dimensions,nominal_diameter_dn_range_1,6,65,DN 06…DN 65,DN,Type-level official page description,https://www.burkert.com/en/type/8032,2026-06-09,Explicit range extracted from the official Type page; confirm configuration-specific limits in the data sheet.
8035,dimensions,nominal_diameter_dn_range_1,6,65,DN 06 to DN 65,DN,Type-level official page description,https://www.burkert.com/en/type/8035,2026-06-09,Explicit range extracted from the official Type page; confirm configuration-specific limits in the data sheet.
8035,dimensions,nominal_diameter_dn_range_2,6,65,DN 06 to DN 65,DN,Type-level official page description,https://www.burkert.com/en/type/8035,2026-06-09,Explicit range extracted from the official Type page; confirm configuration-specific limits in the data sheet.
8036,dimensions,nominal_diameter_dn_range_1,6,65,DN 06 to DN 65,DN,Type-level official page description,https://www.burkert.com/en/type/8036,2026-06-09,Explicit range extracted from the official Type page; confirm configuration-specific limits in the data sheet.
8036,dimensions,nominal_diameter_dn_range_2,6,65,DN 06 to DN 65,DN,Type-level official page description,https://www.burkert.com/en/type/8036,2026-06-09,Explicit range extracted from the official Type page; confirm configuration-specific limits in the data sheet.
8041,compliance,explicit_certifications_or_ratings,,,FDA,,Type-level official page description,https://www.burkert.com/en/type/8041,2026-06-09,Only values explicitly present in the official Type page title or description are recorded.
8041,connection,explicit_connection_types,,,clamp,,Type-level official page description,https://www.burkert.com/en/type/8041,2026-06-09,Only values explicitly present in the official Type page title or description are recorded.
8041,dimensions,nominal_diameter_dn_range_1,6,400,DN 06…DN 400,DN,Type-level official page description,https://www.burkert.com/en/type/8041,2026-06-09,Explicit range extracted from the official Type page; confirm configuration-specific limits in the data sheet.
8041,materials,explicit_materials,,,stainless steel | PVDF,,Type-level official page description,https://www.burkert.com/en/type/8041,2026-06-09,Only values explicitly present in the official Type page title or description are recorded.
8045,compliance,explicit_certifications_or_ratings,,,FDA,,Type-level official page description,https://www.burkert.com/en/type/8045,2026-06-09,Only values explicitly present in the official Type page title or description are recorded.
8045,connection,explicit_connection_types,,,clamp,,Type-level official page description,https://www.burkert.com/en/type/8045,2026-06-09,Only values explicitly present in the official Type page title or description are recorded.
8045,dimensions,nominal_diameter_dn_range_1,6,400,DN 06…DN 400,DN,Type-level official page description,https://www.burkert.com/en/type/8045,2026-06-09,Explicit range extracted from the official Type page; confirm configuration-specific limits in the data sheet.
8045,materials,explicit_materials,,,stainless steel | PVDF,,Type-level official page description,https://www.burkert.com/en/type/8045,2026-06-09,Only values explicitly present in the official Type page title or description are recorded.
8050,communication,explicit_protocols,,,IO-Link,,Type-level official page description,https://www.burkert.com/en/type/8050,2026-06-09,Only values explicitly present in the official Type page title or description are recorded.
8051,dimensions,nominal_diameter_dn_range_1,3,20,DN 03…DN 20,DN,Type-level official page description,https://www.burkert.com/en/type/8051,2026-06-09,Explicit range extracted from the official Type page; confirm configuration-specific limits in the data sheet.
8054,connection,explicit_connection_types,,,flange,,Type-level official page description,https://www.burkert.com/en/type/8054,2026-06-09,Only values explicitly present in the official Type page title or description are recorded.
8054,dimensions,nominal_diameter_dn_range_1,25,200,DN 25…DN 200,DN,Type-level official page description,https://www.burkert.com/en/type/8054,2026-06-09,Explicit range extracted from the official Type page; confirm configuration-specific limits in the data sheet.
8055,connection,explicit_connection_types,,,flange,,Type-level official page description,https://www.burkert.com/en/type/8055,2026-06-09,Only values explicitly present in the official Type page title or description are recorded.
8055,dimensions,nominal_diameter_dn_range_1,25,200,DN 25…DN 200,DN,Type-level official page description,https://www.burkert.com/en/type/8055,2026-06-09,Explicit range extracted from the official Type page; confirm configuration-specific limits in the data sheet.
8056,dimensions,nominal_diameter_dn_range_1,3,100,DN 03…DN 100,DN,Type-level official page description,https://www.burkert.com/en/type/8056,2026-06-09,Explicit range extracted from the official Type page; confirm configuration-specific limits in the data sheet.
8070,dimensions,nominal_diameter_dn_range_1,15,100,DN15 to DN100,DN,Type-level official page description,https://www.burkert.com/en/type/8070,2026-06-09,Explicit range extracted from the official Type page; confirm configuration-specific limits in the data sheet.
8076,actuation,actuation_method,,,solenoid,,Type-level official page description,https://www.burkert.com/en/type/8076,2026-06-09,Only values explicitly present in the official Type page title or description are recorded.
8081,flow,flow_range_1,0.06,20,0.06 to 20 l/min,l/min,Type-level official page description,https://www.burkert.com/en/type/8081,2026-06-09,Explicit range extracted from the official Type page; confirm configuration-specific limits in the data sheet.
8081,flow,flow_range_2,0.1,50,0.1 to 50 l/min,l/min,Type-level official page description,https://www.burkert.com/en/type/8081,2026-06-09,Explicit range extracted from the official Type page; confirm configuration-specific limits in the data sheet.
8081,flow,flow_range_3,0.16,82,0.16 to 82 l/min,l/min,Type-level official page description,https://www.burkert.com/en/type/8081,2026-06-09,Explicit range extracted from the official Type page; confirm configuration-specific limits in the data sheet.
8081,flow,flow_range_4,0.6,116,0.6 to 116 l/min,l/min,Type-level official page description,https://www.burkert.com/en/type/8081,2026-06-09,Explicit range extracted from the official Type page; confirm configuration-specific limits in the data sheet.
8081,flow,flow_range_5,1,200,1 to 200 l/min,l/min,Type-level official page description,https://www.burkert.com/en/type/8081,2026-06-09,Explicit range extracted from the official Type page; confirm configuration-specific limits in the data sheet.
8081,materials,explicit_materials,,,brass,,Type-level official page description,https://www.burkert.com/en/type/8081,2026-06-09,Only values explicitly present in the official Type page title or description are recorded.
8098,communication,explicit_protocols,,,PROFINET | EtherNet/IP | EtherCAT | IO-Link | CANopen | Modbus | büS,,Type-level official page description,https://www.burkert.com/en/type/8098,2026-06-09,Only values explicitly present in the official Type page title or description are recorded.
8098,compliance,explicit_certifications_or_ratings,,,ATEX | IECEx,,Type-level official page description,https://www.burkert.com/en/type/8098,2026-06-09,Only values explicitly present in the official Type page title or description are recorded.
8098,materials,explicit_materials,,,stainless steel,,Type-level official page description,https://www.burkert.com/en/type/8098,2026-06-09,Only values explicitly present in the official Type page title or description are recorded.
8110,communication,explicit_protocols,,,IO-Link,,Type-level official page description,https://www.burkert.com/en/type/8110,2026-06-09,Only values explicitly present in the official Type page title or description are recorded.
8111,compliance,explicit_certifications_or_ratings,,,ATEX,,Type-level official page description,https://www.burkert.com/en/type/8111,2026-06-09,Only values explicitly present in the official Type page title or description are recorded.
8112,compliance,explicit_certifications_or_ratings,,,ATEX,,Type-level official page description,https://www.burkert.com/en/type/8112,2026-06-09,Only values explicitly present in the official Type page title or description are recorded.
8131,connection,explicit_connection_types,,,thread,,Type-level official page description,https://www.burkert.com/en/type/8131,2026-06-09,Only values explicitly present in the official Type page title or description are recorded.
8131,materials,explicit_materials,,,plastic,,Type-level official page description,https://www.burkert.com/en/type/8131,2026-06-09,Only values explicitly present in the official Type page title or description are recorded.
8140,connection,explicit_connection_types,,,clamp | flange | thread,,Type-level official page description,https://www.burkert.com/en/type/8140,2026-06-09,Only values explicitly present in the official Type page title or description are recorded.
8140,materials,explicit_materials,,,plastic,,Type-level official page description,https://www.burkert.com/en/type/8140,2026-06-09,Only values explicitly present in the official Type page title or description are recorded.
8176,communication,explicit_protocols,,,HART,,Type-level official page description,https://www.burkert.com/en/type/8176,2026-06-09,Only values explicitly present in the official Type page title or description are recorded.
8176,compliance,explicit_certifications_or_ratings,,,ATEX,,Type-level official page description,https://www.burkert.com/en/type/8176,2026-06-09,Only values explicitly present in the official Type page title or description are recorded.
8178,communication,explicit_protocols,,,HART,,Type-level official page description,https://www.burkert.com/en/type/8178,2026-06-09,Only values explicitly present in the official Type page title or description are recorded.
8181,connection,explicit_connection_types,,,thread,,Type-level official page description,https://www.burkert.com/en/type/8181,2026-06-09,Only values explicitly present in the official Type page title or description are recorded.
8181,materials,explicit_materials,,,stainless steel,,Type-level official page description,https://www.burkert.com/en/type/8181,2026-06-09,Only values explicitly present in the official Type page title or description are recorded.
8185,communication,explicit_protocols,,,HART,,Type-level official page description,https://www.burkert.com/en/type/8185,2026-06-09,Only values explicitly present in the official Type page title or description are recorded.
8185,compliance,explicit_certifications_or_ratings,,,ATEX,,Type-level official page description,https://www.burkert.com/en/type/8185,2026-06-09,Only values explicitly present in the official Type page title or description are recorded.
8186,communication,explicit_protocols,,,HART,,Type-level official page description,https://www.burkert.com/en/type/8186,2026-06-09,Only values explicitly present in the official Type page title or description are recorded.
8186,compliance,explicit_certifications_or_ratings,,,ATEX,,Type-level official page description,https://www.burkert.com/en/type/8186,2026-06-09,Only values explicitly present in the official Type page title or description are recorded.
8188,communication,explicit_protocols,,,HART,,Type-level official page description,https://www.burkert.com/en/type/8188,2026-06-09,Only values explicitly present in the official Type page title or description are recorded.
8188,compliance,explicit_certifications_or_ratings,,,ATEX | IECEx,,Type-level official page description,https://www.burkert.com/en/type/8188,2026-06-09,Only values explicitly present in the official Type page title or description are recorded.
8189,communication,explicit_protocols,,,HART,,Type-level official page description,https://www.burkert.com/en/type/8189,2026-06-09,Only values explicitly present in the official Type page title or description are recorded.
8189,compliance,explicit_certifications_or_ratings,,,ATEX | IECEx,,Type-level official page description,https://www.burkert.com/en/type/8189,2026-06-09,Only values explicitly present in the official Type page title or description are recorded.
8189,materials,explicit_materials,,,stainless steel | PFA,,Type-level official page description,https://www.burkert.com/en/type/8189,2026-06-09,Only values explicitly present in the official Type page title or description are recorded.
8189,surface_finish,explicit_roughness,,,Ra < 0.76 µm,µm,Type-level official page description,https://www.burkert.com/en/type/8189,2026-06-09,Only values explicitly present in the official Type page title or description are recorded.
8201,connection,explicit_connection_types,,,hose,,Type-level official page description,https://www.burkert.com/en/type/8201,2026-06-09,Only values explicitly present in the official Type page title or description are recorded.
8201,seals,explicit_seal_materials,,,NBR,,Type-level official page description,https://www.burkert.com/en/type/8201,2026-06-09,Only values explicitly present in the official Type page title or description are recorded.
8202,communication,explicit_protocols,,,IO-Link | CANopen | büS,,Type-level official page description,https://www.burkert.com/en/type/8202,2026-06-09,Only values explicitly present in the official Type page title or description are recorded.
8203,dimensions,nominal_diameter_dn_range_1,15,200,DN 15…DN 200,DN,Type-level official page description,https://www.burkert.com/en/type/8203,2026-06-09,Explicit range extracted from the official Type page; confirm configuration-specific limits in the data sheet.
8205,dimensions,nominal_diameter_dn_range_1,15,200,DN15 to DN200,DN,Type-level official page description,https://www.burkert.com/en/type/8205,2026-06-09,Explicit range extracted from the official Type page; confirm configuration-specific limits in the data sheet.
8206,dimensions,nominal_diameter_dn_range_1,15,200,DN15 to DN200,DN,Type-level official page description,https://www.burkert.com/en/type/8206,2026-06-09,Explicit range extracted from the official Type page; confirm configuration-specific limits in the data sheet.
8220,dimensions,nominal_diameter_dn_range_1,15,200,DN 15 to DN 200,DN,Type-level official page description,https://www.burkert.com/en/type/8220,2026-06-09,Explicit range extracted from the official Type page; confirm configuration-specific limits in the data sheet.
8222,communication,explicit_protocols,,,IO-Link | CANopen | büS,,Type-level official page description,https://www.burkert.com/en/type/8222,2026-06-09,Only values explicitly present in the official Type page title or description are recorded.
8222,connection,explicit_connection_types,,,thread,,Type-level official page description,https://www.burkert.com/en/type/8222,2026-06-09,Only values explicitly present in the official Type page title or description are recorded.
8222,materials,explicit_materials,,,stainless steel,,Type-level official page description,https://www.burkert.com/en/type/8222,2026-06-09,Only values explicitly present in the official Type page title or description are recorded.
8226,materials,explicit_materials,,,PEEK,,Type-level official page description,https://www.burkert.com/en/type/8226,2026-06-09,Only values explicitly present in the official Type page title or description are recorded.
8228,communication,explicit_protocols,,,IO-Link | CANopen | büS,,Type-level official page description,https://www.burkert.com/en/type/8228,2026-06-09,Only values explicitly present in the official Type page title or description are recorded.
8228,compliance,explicit_certifications_or_ratings,,,ASME BPE,,Type-level official page description,https://www.burkert.com/en/type/8228,2026-06-09,Only values explicitly present in the official Type page title or description are recorded.
8228,connection,explicit_connection_types,,,clamp,,Type-level official page description,https://www.burkert.com/en/type/8228,2026-06-09,Only values explicitly present in the official Type page title or description are recorded.
8228,materials,explicit_materials,,,PEEK | PVDF,,Type-level official page description,https://www.burkert.com/en/type/8228,2026-06-09,Only values explicitly present in the official Type page title or description are recorded.
8285,materials,explicit_materials,,,stainless steel,,Type-level official page description,https://www.burkert.com/en/type/8285,2026-06-09,Only values explicitly present in the official Type page title or description are recorded.
8312,communication,explicit_protocols,,,CANopen | büS,,Type-level official page description,https://www.burkert.com/en/type/8312,2026-06-09,Only values explicitly present in the official Type page title or description are recorded.
8312,connection,explicit_connection_types,,,clamp,,Type-level official page description,https://www.burkert.com/en/type/8312,2026-06-09,Only values explicitly present in the official Type page title or description are recorded.
8312,materials,explicit_materials,,,ceramic,,Type-level official page description,https://www.burkert.com/en/type/8312,2026-06-09,Only values explicitly present in the official Type page title or description are recorded.
8312,operating_limits,pressure_range_1,1,5,1…5 bar,bar,Type-level official page description,https://www.burkert.com/en/type/8312,2026-06-09,Explicit range extracted from the official Type page; confirm configuration-specific limits in the data sheet.
8312,operating_limits,pressure_range_2,0,0.25,0…0.25 bar,bar,Type-level official page description,https://www.burkert.com/en/type/8312,2026-06-09,Explicit range extracted from the official Type page; confirm configuration-specific limits in the data sheet.
8312,operating_limits,pressure_range_3,0,16,0…16 bar,bar,Type-level official page description,https://www.burkert.com/en/type/8312,2026-06-09,Explicit range extracted from the official Type page; confirm configuration-specific limits in the data sheet.
8314,materials,explicit_materials,,,ceramic,,Type-level official page description,https://www.burkert.com/en/type/8314,2026-06-09,Only values explicitly present in the official Type page title or description are recorded.
8316,materials,explicit_materials,,,stainless steel | PVDF | ceramic,,Type-level official page description,https://www.burkert.com/en/type/8316,2026-06-09,Only values explicitly present in the official Type page title or description are recorded.
8318,communication,explicit_protocols,,,IO-Link,,Type-level official page description,https://www.burkert.com/en/type/8318,2026-06-09,Only values explicitly present in the official Type page title or description are recorded.
8318,connection,explicit_connection_types,,,clamp,,Type-level official page description,https://www.burkert.com/en/type/8318,2026-06-09,Only values explicitly present in the official Type page title or description are recorded.
8323,connection,explicit_connection_types,,,weld,,Type-level official page description,https://www.burkert.com/en/type/8323,2026-06-09,Only values explicitly present in the official Type page title or description are recorded.
8323,materials,explicit_materials,,,stainless steel,,Type-level official page description,https://www.burkert.com/en/type/8323,2026-06-09,Only values explicitly present in the official Type page title or description are recorded.
8323,operating_limits,pressure_range_1,0,25,0...25 bar,bar,Type-level official page description,https://www.burkert.com/en/type/8323,2026-06-09,Explicit range extracted from the official Type page; confirm configuration-specific limits in the data sheet.
8325,connection,explicit_connection_types,,,weld,,Type-level official page description,https://www.burkert.com/en/type/8325,2026-06-09,Only values explicitly present in the official Type page title or description are recorded.
8325,materials,explicit_materials,,,stainless steel,,Type-level official page description,https://www.burkert.com/en/type/8325,2026-06-09,Only values explicitly present in the official Type page title or description are recorded.
8325,operating_limits,pressure_range_1,0,25,0…25 bar,bar,Type-level official page description,https://www.burkert.com/en/type/8325,2026-06-09,Explicit range extracted from the official Type page; confirm configuration-specific limits in the data sheet.
8412,communication,explicit_protocols,,,CANopen | büS,,Type-level official page description,https://www.burkert.com/en/type/8412,2026-06-09,Only values explicitly present in the official Type page title or description are recorded.
8418,communication,explicit_protocols,,,IO-Link,,Type-level official page description,https://www.burkert.com/en/type/8418,2026-06-09,Only values explicitly present in the official Type page title or description are recorded.
8418,connection,explicit_connection_types,,,clamp,,Type-level official page description,https://www.burkert.com/en/type/8418,2026-06-09,Only values explicitly present in the official Type page title or description are recorded.
8605,actuation,actuation_method,,,solenoid,,Type-level official page description,https://www.burkert.com/en/type/8605,2026-06-09,Only values explicitly present in the official Type page title or description are recorded.
8605,communication,explicit_protocols,,,büS,,Type-level official page description,https://www.burkert.com/en/type/8605,2026-06-09,Only values explicitly present in the official Type page title or description are recorded.
8611,electrical,explicit_voltage,,,10 V,,Type-level official page description,https://www.burkert.com/en/type/8611,2026-06-09,Only values explicitly present in the official Type page title or description are recorded.
8614,actuation,actuation_method,,,pneumatic,,Type-level official page description,https://www.burkert.com/en/type/8614,2026-06-09,Only values explicitly present in the official Type page title or description are recorded.
8614,communication,explicit_protocols,,,PROFINET | EtherNet/IP | PROFIBUS,,Type-level official page description,https://www.burkert.com/en/type/8614,2026-06-09,Only values explicitly present in the official Type page title or description are recorded.
8614,environment,protection_rating,,,IP65,,Type-level official page description,https://www.burkert.com/en/type/8614,2026-06-09,Only values explicitly present in the official Type page title or description are recorded.
8614,materials,explicit_materials,,,stainless steel,,Type-level official page description,https://www.burkert.com/en/type/8614,2026-06-09,Only values explicitly present in the official Type page title or description are recorded.
8619,communication,explicit_protocols,,,PROFINET | EtherNet/IP | Modbus,,Type-level official page description,https://www.burkert.com/en/type/8619,2026-06-09,Only values explicitly present in the official Type page title or description are recorded.
8619,electrical,explicit_voltage,,,10 V | 2 V | 5 V,,Type-level official page description,https://www.burkert.com/en/type/8619,2026-06-09,Only values explicitly present in the official Type page title or description are recorded.
8620,actuation,actuation_method,,,manual,,Type-level official page description,https://www.burkert.com/en/type/8620,2026-06-09,Only values explicitly present in the official Type page title or description are recorded.
8626,environment,protection_rating,,,IP65,,Type-level official page description,https://www.burkert.com/en/type/8626,2026-06-09,Only values explicitly present in the official Type page title or description are recorded.
8635,actuation,actuation_method,,,pneumatic,,Type-level official page description,https://www.burkert.com/en/type/8635,2026-06-09,Only values explicitly present in the official Type page title or description are recorded.
8635,compliance,explicit_certifications_or_ratings,,,ATEX,,Type-level official page description,https://www.burkert.com/en/type/8635,2026-06-09,Only values explicitly present in the official Type page title or description are recorded.
8640,actuation,actuation_method,,,pneumatic,,Type-level official page description,https://www.burkert.com/en/type/8640,2026-06-09,Only values explicitly present in the official Type page title or description are recorded.
8640,materials,explicit_materials,,,plastic,,Type-level official page description,https://www.burkert.com/en/type/8640,2026-06-09,Only values explicitly present in the official Type page title or description are recorded.
8644,actuation,actuation_method,,,pneumatic,,Type-level official page description,https://www.burkert.com/en/type/8644,2026-06-09,Only values explicitly present in the official Type page title or description are recorded.
8647,actuation,actuation_method,,,pneumatic,,Type-level official page description,https://www.burkert.com/en/type/8647,2026-06-09,Only values explicitly present in the official Type page title or description are recorded.
8650,actuation,actuation_method,,,pneumatic,,Type-level official page description,https://www.burkert.com/en/type/8650,2026-06-09,Only values explicitly present in the official Type page title or description are recorded.
8650,communication,explicit_protocols,,,PROFINET | PROFIBUS,,Type-level official page description,https://www.burkert.com/en/type/8650,2026-06-09,Only values explicitly present in the official Type page title or description are recorded.
8652,actuation,actuation_method,,,pneumatic,,Type-level official page description,https://www.burkert.com/en/type/8652,2026-06-09,Only values explicitly present in the official Type page title or description are recorded.
8652,communication,explicit_protocols,,,PROFINET,,Type-level official page description,https://www.burkert.com/en/type/8652,2026-06-09,Only values explicitly present in the official Type page title or description are recorded.
8652,compliance,explicit_certifications_or_ratings,,,ATEX | IECEx,,Type-level official page description,https://www.burkert.com/en/type/8652,2026-06-09,Only values explicitly present in the official Type page title or description are recorded.
8653,actuation,actuation_method,,,pneumatic,,Type-level official page description,https://www.burkert.com/en/type/8653,2026-06-09,Only values explicitly present in the official Type page title or description are recorded.
8653,communication,explicit_protocols,,,IO-Link | CANopen | büS,,Type-level official page description,https://www.burkert.com/en/type/8653,2026-06-09,Only values explicitly present in the official Type page title or description are recorded.
8653,environment,protection_rating,,,IP65/67,,Type-level official page description,https://www.burkert.com/en/type/8653,2026-06-09,Only values explicitly present in the official Type page title or description are recorded.
8681,actuation,actuation_method,,,pneumatic | manual,,Type-level official page description,https://www.burkert.com/en/type/8681,2026-06-09,Only values explicitly present in the official Type page title or description are recorded.
8681,communication,explicit_protocols,,,IO-Link | CANopen | büS | AS-Interface,,Type-level official page description,https://www.burkert.com/en/type/8681,2026-06-09,Only values explicitly present in the official Type page title or description are recorded.
8685,actuation,actuation_method,,,pneumatic,,Type-level official page description,https://www.burkert.com/en/type/8685,2026-06-09,Only values explicitly present in the official Type page title or description are recorded.
8685,communication,explicit_protocols,,,AS-Interface,,Type-level official page description,https://www.burkert.com/en/type/8685,2026-06-09,Only values explicitly present in the official Type page title or description are recorded.
8685,compliance,explicit_certifications_or_ratings,,,ATEX,,Type-level official page description,https://www.burkert.com/en/type/8685,2026-06-09,Only values explicitly present in the official Type page title or description are recorded.
8686,actuation,actuation_method,,,pneumatic,,Type-level official page description,https://www.burkert.com/en/type/8686,2026-06-09,Only values explicitly present in the official Type page title or description are recorded.
8686,communication,explicit_protocols,,,AS-Interface,,Type-level official page description,https://www.burkert.com/en/type/8686,2026-06-09,Only values explicitly present in the official Type page title or description are recorded.
8686,compliance,explicit_certifications_or_ratings,,,ATEX,,Type-level official page description,https://www.burkert.com/en/type/8686,2026-06-09,Only values explicitly present in the official Type page title or description are recorded.
8686,materials,explicit_materials,,,stainless steel,,Type-level official page description,https://www.burkert.com/en/type/8686,2026-06-09,Only values explicitly present in the official Type page title or description are recorded.
8690,actuation,actuation_method,,,pneumatic | manual,,Type-level official page description,https://www.burkert.com/en/type/8690,2026-06-09,Only values explicitly present in the official Type page title or description are recorded.
8690,compliance,explicit_certifications_or_ratings,,,ATEX,,Type-level official page description,https://www.burkert.com/en/type/8690,2026-06-09,Only values explicitly present in the official Type page title or description are recorded.
8691,actuation,actuation_method,,,pneumatic,,Type-level official page description,https://www.burkert.com/en/type/8691,2026-06-09,Only values explicitly present in the official Type page title or description are recorded.
8691,communication,explicit_protocols,,,IO-Link | CANopen | büS | AS-Interface,,Type-level official page description,https://www.burkert.com/en/type/8691,2026-06-09,Only values explicitly present in the official Type page title or description are recorded.
8691,compliance,explicit_certifications_or_ratings,,,ATEX | IECEx,,Type-level official page description,https://www.burkert.com/en/type/8691,2026-06-09,Only values explicitly present in the official Type page title or description are recorded.
8692,actuation,actuation_method,,,pneumatic,,Type-level official page description,https://www.burkert.com/en/type/8692,2026-06-09,Only values explicitly present in the official Type page title or description are recorded.
8692,communication,explicit_protocols,,,PROFINET | EtherNet/IP | Modbus | büS | PROFIBUS,,Type-level official page description,https://www.burkert.com/en/type/8692,2026-06-09,Only values explicitly present in the official Type page title or description are recorded.
8692,materials,explicit_materials,,,stainless steel,,Type-level official page description,https://www.burkert.com/en/type/8692,2026-06-09,Only values explicitly present in the official Type page title or description are recorded.
8693,actuation,actuation_method,,,pneumatic,,Type-level official page description,https://www.burkert.com/en/type/8693,2026-06-09,Only values explicitly present in the official Type page title or description are recorded.
8693,communication,explicit_protocols,,,PROFINET | EtherNet/IP | CANopen | Modbus | büS | PROFIBUS,,Type-level official page description,https://www.burkert.com/en/type/8693,2026-06-09,Only values explicitly present in the official Type page title or description are recorded.
8693,materials,explicit_materials,,,stainless steel,,Type-level official page description,https://www.burkert.com/en/type/8693,2026-06-09,Only values explicitly present in the official Type page title or description are recorded.
8694,actuation,actuation_method,,,pneumatic | manual,,Type-level official page description,https://www.burkert.com/en/type/8694,2026-06-09,Only values explicitly present in the official Type page title or description are recorded.
8694,communication,explicit_protocols,,,IO-Link | büS,,Type-level official page description,https://www.burkert.com/en/type/8694,2026-06-09,Only values explicitly present in the official Type page title or description are recorded.
8694,materials,explicit_materials,,,stainless steel,,Type-level official page description,https://www.burkert.com/en/type/8694,2026-06-09,Only values explicitly present in the official Type page title or description are recorded.
8695,actuation,actuation_method,,,pneumatic,,Type-level official page description,https://www.burkert.com/en/type/8695,2026-06-09,Only values explicitly present in the official Type page title or description are recorded.
8695,communication,explicit_protocols,,,IO-Link | büS | AS-Interface,,Type-level official page description,https://www.burkert.com/en/type/8695,2026-06-09,Only values explicitly present in the official Type page title or description are recorded.
8695,compliance,explicit_certifications_or_ratings,,,ATEX,,Type-level official page description,https://www.burkert.com/en/type/8695,2026-06-09,Only values explicitly present in the official Type page title or description are recorded.
8696,actuation,actuation_method,,,pneumatic | manual,,Type-level official page description,https://www.burkert.com/en/type/8696,2026-06-09,Only values explicitly present in the official Type page title or description are recorded.
8696,communication,explicit_protocols,,,IO-Link | büS,,Type-level official page description,https://www.burkert.com/en/type/8696,2026-06-09,Only values explicitly present in the official Type page title or description are recorded.
8696,materials,explicit_materials,,,stainless steel,,Type-level official page description,https://www.burkert.com/en/type/8696,2026-06-09,Only values explicitly present in the official Type page title or description are recorded.
8697,actuation,actuation_method,,,pneumatic | manual,,Type-level official page description,https://www.burkert.com/en/type/8697,2026-06-09,Only values explicitly present in the official Type page title or description are recorded.
8697,compliance,explicit_certifications_or_ratings,,,ATEX,,Type-level official page description,https://www.burkert.com/en/type/8697,2026-06-09,Only values explicitly present in the official Type page title or description are recorded.
8700,flow,nominal_flow_range_1,0.005,15,from 0.005 l/min to 15 l/min,l/min,Type-level official page description,https://www.burkert.com/en/type/8700,2026-06-09,Explicit range extracted from the official Type page; confirm configuration-specific limits in the data sheet.
8700,materials,explicit_materials,,,stainless steel,,Type-level official page description,https://www.burkert.com/en/type/8700,2026-06-09,Only values explicitly present in the official Type page title or description are recorded.
8700,seals,explicit_seal_materials,,,FKM | FFKM,,Type-level official page description,https://www.burkert.com/en/type/8700,2026-06-09,Only values explicitly present in the official Type page title or description are recorded.
8701,flow,nominal_flow_range_1,0.010,80,from 0.010 l/min to 80 l/min,l/min,Type-level official page description,https://www.burkert.com/en/type/8701,2026-06-09,Explicit range extracted from the official Type page; confirm configuration-specific limits in the data sheet.
8702,flow,nominal_flow_range_1,0.010,80,from 0.010 l/min to 80 l/min,l/min,Type-level official page description,https://www.burkert.com/en/type/8702,2026-06-09,Explicit range extracted from the official Type page; confirm configuration-specific limits in the data sheet.
8703,flow,nominal_flow_range_1,0.010,80,from 0.010 l/min to 80 l/min,l/min,Type-level official page description,https://www.burkert.com/en/type/8703,2026-06-09,Explicit range extracted from the official Type page; confirm configuration-specific limits in the data sheet.
8705,flow,nominal_flow_range_1,0.005,15,from 0.005 l/min to 15 l/min,l/min,Type-level official page description,https://www.burkert.com/en/type/8705,2026-06-09,Explicit range extracted from the official Type page; confirm configuration-specific limits in the data sheet.
8709,environment,protection_rating,,,IP65,,Type-level official page description,https://www.burkert.com/en/type/8709,2026-06-09,Only values explicitly present in the official Type page title or description are recorded.
8710,flow,nominal_flow_range_1,0.005,15,from 0.005 IN/min to 15 IN/min,IN/min,Type-level official page description,https://www.burkert.com/en/type/8710,2026-06-09,Explicit range extracted from the official Type page; confirm configuration-specific limits in the data sheet.
8710,materials,explicit_materials,,,stainless steel,,Type-level official page description,https://www.burkert.com/en/type/8710,2026-06-09,Only values explicitly present in the official Type page title or description are recorded.
8710,seals,explicit_seal_materials,,,FKM | FFKM,,Type-level official page description,https://www.burkert.com/en/type/8710,2026-06-09,Only values explicitly present in the official Type page title or description are recorded.
8711,flow,nominal_flow_range_1,0.010,80,from 0.010 l/min to 80 l/min,l/min,Type-level official page description,https://www.burkert.com/en/type/8711,2026-06-09,Explicit range extracted from the official Type page; confirm configuration-specific limits in the data sheet.
8712,flow,nominal_flow_range_1,0.010,80,from 0.010 l/min to 80 l/min,l/min,Type-level official page description,https://www.burkert.com/en/type/8712,2026-06-09,Explicit range extracted from the official Type page; confirm configuration-specific limits in the data sheet.
8713,flow,nominal_flow_range_1,0.010,80,from 0.010 l/min to 80 l/min,l/min,Type-level official page description,https://www.burkert.com/en/type/8713,2026-06-09,Explicit range extracted from the official Type page; confirm configuration-specific limits in the data sheet.
8715,flow,nominal_flow_range_1,0.005,15,from 0.005 l/min to 15 l/min,l/min,Type-level official page description,https://www.burkert.com/en/type/8715,2026-06-09,Explicit range extracted from the official Type page; confirm configuration-specific limits in the data sheet.
8719,environment,protection_rating,,,IP65,,Type-level official page description,https://www.burkert.com/en/type/8719,2026-06-09,Only values explicitly present in the official Type page title or description are recorded.
8735,flow,nominal_flow_range_1,0.01,20,from 0.01 lN/min to 20 lN/min,lN/min,Type-level official page description,https://www.burkert.com/en/type/8735,2026-06-09,Explicit range extracted from the official Type page; confirm configuration-specific limits in the data sheet.
8741,communication,explicit_protocols,,,CANopen | Modbus | büS,,Type-level official page description,https://www.burkert.com/en/type/8741,2026-06-09,Only values explicitly present in the official Type page title or description are recorded.
8741,compliance,explicit_certifications_or_ratings,,,FDA | USP,,Type-level official page description,https://www.burkert.com/en/type/8741,2026-06-09,Only values explicitly present in the official Type page title or description are recorded.
8741,flow,nominal_flow_range_1,0.010,160,from 0.010 IN/min to 160 IN/min,IN/min,Type-level official page description,https://www.burkert.com/en/type/8741,2026-06-09,Explicit range extracted from the official Type page; confirm configuration-specific limits in the data sheet.
8742,communication,explicit_protocols,,,CANopen | büS,,Type-level official page description,https://www.burkert.com/en/type/8742,2026-06-09,Only values explicitly present in the official Type page title or description are recorded.
8742,compliance,explicit_certifications_or_ratings,,,FDA | USP | ATEX,,Type-level official page description,https://www.burkert.com/en/type/8742,2026-06-09,Only values explicitly present in the official Type page title or description are recorded.
8742,flow,nominal_flow_range_1,0.010,160,from 0.010 IN/min to 160 IN/min,IN/min,Type-level official page description,https://www.burkert.com/en/type/8742,2026-06-09,Explicit range extracted from the official Type page; confirm configuration-specific limits in the data sheet.
8743,communication,explicit_protocols,,,büS,,Type-level official page description,https://www.burkert.com/en/type/8743,2026-06-09,Only values explicitly present in the official Type page title or description are recorded.
8743,environment,protection_rating,,,IP65,,Type-level official page description,https://www.burkert.com/en/type/8743,2026-06-09,Only values explicitly present in the official Type page title or description are recorded.
8743,flow,nominal_flow_range_1,0.01,100,from 0.01 IN/min to 100 IN/min,IN/min,Type-level official page description,https://www.burkert.com/en/type/8743,2026-06-09,Explicit range extracted from the official Type page; confirm configuration-specific limits in the data sheet.
8743,materials,explicit_materials,,,stainless steel,,Type-level official page description,https://www.burkert.com/en/type/8743,2026-06-09,Only values explicitly present in the official Type page title or description are recorded.
8743,seals,explicit_seal_materials,,,FKM | FFKM,,Type-level official page description,https://www.burkert.com/en/type/8743,2026-06-09,Only values explicitly present in the official Type page title or description are recorded.
8744,communication,explicit_protocols,,,büS,,Type-level official page description,https://www.burkert.com/en/type/8744,2026-06-09,Only values explicitly present in the official Type page title or description are recorded.
8744,environment,protection_rating,,,IP65,,Type-level official page description,https://www.burkert.com/en/type/8744,2026-06-09,Only values explicitly present in the official Type page title or description are recorded.
8744,flow,nominal_flow_range_1,0.01,100,from 0.01 IN/min to 100 IN/min,IN/min,Type-level official page description,https://www.burkert.com/en/type/8744,2026-06-09,Explicit range extracted from the official Type page; confirm configuration-specific limits in the data sheet.
8744,materials,explicit_materials,,,stainless steel,,Type-level official page description,https://www.burkert.com/en/type/8744,2026-06-09,Only values explicitly present in the official Type page title or description are recorded.
8744,seals,explicit_seal_materials,,,FKM | FFKM,,Type-level official page description,https://www.burkert.com/en/type/8744,2026-06-09,Only values explicitly present in the official Type page title or description are recorded.
8745,communication,explicit_protocols,,,Modbus,,Type-level official page description,https://www.burkert.com/en/type/8745,2026-06-09,Only values explicitly present in the official Type page title or description are recorded.
8745,flow,nominal_flow_range_1,20,2500,from 20 IN/min to 2500 IN/min,IN/min,Type-level official page description,https://www.burkert.com/en/type/8745,2026-06-09,Explicit range extracted from the official Type page; confirm configuration-specific limits in the data sheet.
8746,communication,explicit_protocols,,,CANopen | büS,,Type-level official page description,https://www.burkert.com/en/type/8746,2026-06-09,Only values explicitly present in the official Type page title or description are recorded.
8746,compliance,explicit_certifications_or_ratings,,,FDA | USP | ATEX,,Type-level official page description,https://www.burkert.com/en/type/8746,2026-06-09,Only values explicitly present in the official Type page title or description are recorded.
8746,flow,nominal_flow_range_1,20,2500,from 20 IN/min to 2500 IN/min,IN/min,Type-level official page description,https://www.burkert.com/en/type/8746,2026-06-09,Explicit range extracted from the official Type page; confirm configuration-specific limits in the data sheet.
8750,actuation,actuation_method,,,manual,,Type-level official page description,https://www.burkert.com/en/type/8750,2026-06-09,Only values explicitly present in the official Type page title or description are recorded.
8752,environment,protection_rating,,,IP65,,Type-level official page description,https://www.burkert.com/en/type/8752,2026-06-09,Only values explicitly present in the official Type page title or description are recorded.
8791,actuation,actuation_method,,,pneumatic | manual,,Type-level official page description,https://www.burkert.com/en/type/8791,2026-06-09,Only values explicitly present in the official Type page title or description are recorded.
8791,communication,explicit_protocols,,,IO-Link | büS,,Type-level official page description,https://www.burkert.com/en/type/8791,2026-06-09,Only values explicitly present in the official Type page title or description are recorded.
8792,actuation,actuation_method,,,pneumatic,,Type-level official page description,https://www.burkert.com/en/type/8792,2026-06-09,Only values explicitly present in the official Type page title or description are recorded.
8792,communication,explicit_protocols,,,PROFINET | EtherNet/IP | Modbus | büS | PROFIBUS,,Type-level official page description,https://www.burkert.com/en/type/8792,2026-06-09,Only values explicitly present in the official Type page title or description are recorded.
8793,actuation,actuation_method,,,pneumatic,,Type-level official page description,https://www.burkert.com/en/type/8793,2026-06-09,Only values explicitly present in the official Type page title or description are recorded.
8793,communication,explicit_protocols,,,PROFINET | EtherNet/IP | Modbus | büS | PROFIBUS,,Type-level official page description,https://www.burkert.com/en/type/8793,2026-06-09,Only values explicitly present in the official Type page title or description are recorded.
8798,actuation,actuation_method,,,pneumatic,,Type-level official page description,https://www.burkert.com/en/type/8798,2026-06-09,Only values explicitly present in the official Type page title or description are recorded.
8798,compliance,explicit_certifications_or_ratings,,,ATEX,,Type-level official page description,https://www.burkert.com/en/type/8798,2026-06-09,Only values explicitly present in the official Type page title or description are recorded.
8801,actuation,actuation_method,,,pneumatic,,Type-level official page description,https://www.burkert.com/en/type/8801,2026-06-09,Only values explicitly present in the official Type page title or description are recorded.
8801,environment,protection_rating,,,IP65/67,,Type-level official page description,https://www.burkert.com/en/type/8801,2026-06-09,Only values explicitly present in the official Type page title or description are recorded.
8802,environment,protection_rating,,,IP65/67,,Type-level official page description,https://www.burkert.com/en/type/8802,2026-06-09,Only values explicitly present in the official Type page title or description are recorded.
8803,actuation,actuation_method,,,pneumatic,,Type-level official page description,https://www.burkert.com/en/type/8803,2026-06-09,Only values explicitly present in the official Type page title or description are recorded.
8804,actuation,actuation_method,,,electromotive | manual,,Type-level official page description,https://www.burkert.com/en/type/8804,2026-06-09,Only values explicitly present in the official Type page title or description are recorded.
8804,function,way_configuration,,,2/2-way,,Type-level official page description,https://www.burkert.com/en/type/8804,2026-06-09,Only values explicitly present in the official Type page title or description are recorded.
8804,materials,explicit_materials,,,stainless steel,,Type-level official page description,https://www.burkert.com/en/type/8804,2026-06-09,Only values explicitly present in the official Type page title or description are recorded.
8805,actuation,actuation_method,,,pneumatic,,Type-level official page description,https://www.burkert.com/en/type/8805,2026-06-09,Only values explicitly present in the official Type page title or description are recorded.
8806,actuation,actuation_method,,,pneumatic,,Type-level official page description,https://www.burkert.com/en/type/8806,2026-06-09,Only values explicitly present in the official Type page title or description are recorded.
8806,communication,explicit_protocols,,,AS-Interface,,Type-level official page description,https://www.burkert.com/en/type/8806,2026-06-09,Only values explicitly present in the official Type page title or description are recorded.
8806,connection,explicit_connection_types,,,weld,,Type-level official page description,https://www.burkert.com/en/type/8806,2026-06-09,Only values explicitly present in the official Type page title or description are recorded.
8820,actuation,actuation_method,,,solenoid,,Type-level official page description,https://www.burkert.com/en/type/8820,2026-06-09,Only values explicitly present in the official Type page title or description are recorded.
8840,actuation,actuation_method,,,pneumatic,,Type-level official page description,https://www.burkert.com/en/type/8840,2026-06-09,Only values explicitly present in the official Type page title or description are recorded.
8840,connection,explicit_connection_types,,,weld | thread,,Type-level official page description,https://www.burkert.com/en/type/8840,2026-06-09,Only values explicitly present in the official Type page title or description are recorded.
8840,materials,explicit_materials,,,stainless steel | plastic,,Type-level official page description,https://www.burkert.com/en/type/8840,2026-06-09,Only values explicitly present in the official Type page title or description are recorded.
8880,compliance,explicit_certifications_or_ratings,,,FDA,,Type-level official page description,https://www.burkert.com/en/type/8880,2026-06-09,Only values explicitly present in the official Type page title or description are recorded.
8906,communication,explicit_protocols,,,PROFINET | EtherNet/IP | Modbus,,Type-level official page description,https://www.burkert.com/en/type/8906,2026-06-09,Only values explicitly present in the official Type page title or description are recorded.
8920,communication,explicit_protocols,,,CANopen,,Type-level official page description,https://www.burkert.com/en/type/8920,2026-06-09,Only values explicitly present in the official Type page title or description are recorded.
8923,communication,explicit_protocols,,,büS,,Type-level official page description,https://www.burkert.com/en/type/8923,2026-06-09,Only values explicitly present in the official Type page title or description are recorded.
AC07,actuation,actuation_method,,,solenoid,,Type-level official page description,https://www.burkert.com/en/type/AC07,2026-06-09,Only values explicitly present in the official Type page title or description are recorded.
AC10,actuation,actuation_method,,,solenoid,,Type-level official page description,https://www.burkert.com/en/type/AC10,2026-06-09,Only values explicitly present in the official Type page title or description are recorded.
AC19,actuation,actuation_method,,,solenoid,,Type-level official page description,https://www.burkert.com/en/type/AC19,2026-06-09,Only values explicitly present in the official Type page title or description are recorded.
BBS-03,connection,explicit_connection_types,,,thread,,Type-level official page description,https://www.burkert.com/en/type/BBS-03,2026-06-09,Only values explicitly present in the official Type page title or description are recorded.
BBS-04,connection,explicit_connection_types,,,hose,,Type-level official page description,https://www.burkert.com/en/type/BBS-04,2026-06-09,Only values explicitly present in the official Type page title or description are recorded.
BBS-05,connection,explicit_connection_types,,,clamp | weld,,Type-level official page description,https://www.burkert.com/en/type/BBS-05,2026-06-09,Only values explicitly present in the official Type page title or description are recorded.
BBS-06,connection,explicit_connection_types,,,weld | flange,,Type-level official page description,https://www.burkert.com/en/type/BBS-06,2026-06-09,Only values explicitly present in the official Type page title or description are recorded.
BBS-07,connection,explicit_connection_types,,,clamp | flange,,Type-level official page description,https://www.burkert.com/en/type/BBS-07,2026-06-09,Only values explicitly present in the official Type page title or description are recorded.
BBS-10,connection,explicit_connection_types,,,weld,,Type-level official page description,https://www.burkert.com/en/type/BBS-10,2026-06-09,Only values explicitly present in the official Type page title or description are recorded.
BBS-25,connection,explicit_connection_types,,,clamp,,Type-level official page description,https://www.burkert.com/en/type/BBS-25,2026-06-09,Only values explicitly present in the official Type page title or description are recorded.
BBS-4S,connection,explicit_connection_types,,,hose,,Type-level official page description,https://www.burkert.com/en/type/BBS-4S,2026-06-09,Only values explicitly present in the official Type page title or description are recorded.
CUT-02,materials,explicit_materials,,,PVDF,,Type-level official page description,https://www.burkert.com/en/type/CUT-02,2026-06-09,Only values explicitly present in the official Type page title or description are recorded.
CUT-03,compliance,explicit_certifications_or_ratings,,,USP,,Type-level official page description,https://www.burkert.com/en/type/CUT-03,2026-06-09,Only values explicitly present in the official Type page title or description are recorded.
CUT-04,materials,explicit_materials,,,PVDF,,Type-level official page description,https://www.burkert.com/en/type/CUT-04,2026-06-09,Only values explicitly present in the official Type page title or description are recorded.
KK01,actuation,actuation_method,,,pneumatic,,Type-level official page description,https://www.burkert.com/en/type/KK01,2026-06-09,Only values explicitly present in the official Type page title or description are recorded.
KK02,connection,explicit_connection_types,,,push-in,,Type-level official page description,https://www.burkert.com/en/type/KK02,2026-06-09,Only values explicitly present in the official Type page title or description are recorded.
ME2X,communication,explicit_protocols,,,CANopen,,Type-level official page description,https://www.burkert.com/en/type/ME2X,2026-06-09,Only values explicitly present in the official Type page title or description are recorded.
ME43,communication,explicit_protocols,,,PROFINET | CANopen,,Type-level official page description,https://www.burkert.com/en/type/ME43,2026-06-09,Only values explicitly present in the official Type page title or description are recorded.
ME44,connection,explicit_connection_types,,,push-in,,Type-level official page description,https://www.burkert.com/en/type/ME44,2026-06-09,Only values explicitly present in the official Type page title or description are recorded.
ME61,communication,explicit_protocols,,,CANopen | büS,,Type-level official page description,https://www.burkert.com/en/type/ME61,2026-06-09,Only values explicitly present in the official Type page title or description are recorded.
ME63,communication,explicit_protocols,,,CANopen,,Type-level official page description,https://www.burkert.com/en/type/ME63,2026-06-09,Only values explicitly present in the official Type page title or description are recorded.
ME63,environment,protection_rating,,,IP65 | IP67,,Type-level official page description,https://www.burkert.com/en/type/ME63,2026-06-09,Only values explicitly present in the official Type page title or description are recorded.
ME64,actuation,actuation_method,,,pneumatic,,Type-level official page description,https://www.burkert.com/en/type/ME64,2026-06-09,Only values explicitly present in the official Type page title or description are recorded.
ME64,communication,explicit_protocols,,,CANopen,,Type-level official page description,https://www.burkert.com/en/type/ME64,2026-06-09,Only values explicitly present in the official Type page title or description are recorded.
ME64,environment,protection_rating,,,IP65 | IP67,,Type-level official page description,https://www.burkert.com/en/type/ME64,2026-06-09,Only values explicitly present in the official Type page title or description are recorded.
ME66,communication,explicit_protocols,,,CANopen | büS,,Type-level official page description,https://www.burkert.com/en/type/ME66,2026-06-09,Only values explicitly present in the official Type page title or description are recorded.
ME66,environment,protection_rating,,,IP65 | IP67,,Type-level official page description,https://www.burkert.com/en/type/ME66,2026-06-09,Only values explicitly present in the official Type page title or description are recorded.
MKRS,actuation,actuation_method,,,pneumatic,,Type-level official page description,https://www.burkert.com/en/type/MKRS,2026-06-09,Only values explicitly present in the official Type page title or description are recorded.
MS01,communication,explicit_protocols,,,büS,,Type-level official page description,https://www.burkert.com/en/type/MS01,2026-06-09,Only values explicitly present in the official Type page title or description are recorded.
MS01,connection,explicit_connection_types,,,hose,,Type-level official page description,https://www.burkert.com/en/type/MS01,2026-06-09,Only values explicitly present in the official Type page title or description are recorded.
MS02,communication,explicit_protocols,,,büS,,Type-level official page description,https://www.burkert.com/en/type/MS02,2026-06-09,Only values explicitly present in the official Type page title or description are recorded.
MS03,communication,explicit_protocols,,,büS,,Type-level official page description,https://www.burkert.com/en/type/MS03,2026-06-09,Only values explicitly present in the official Type page title or description are recorded.
MS04,communication,explicit_protocols,,,büS,,Type-level official page description,https://www.burkert.com/en/type/MS04,2026-06-09,Only values explicitly present in the official Type page title or description are recorded.
MS04,connection,explicit_connection_types,,,hose,,Type-level official page description,https://www.burkert.com/en/type/MS04,2026-06-09,Only values explicitly present in the official Type page title or description are recorded.
MS05,communication,explicit_protocols,,,büS,,Type-level official page description,https://www.burkert.com/en/type/MS05,2026-06-09,Only values explicitly present in the official Type page title or description are recorded.
MS06,communication,explicit_protocols,,,büS,,Type-level official page description,https://www.burkert.com/en/type/MS06,2026-06-09,Only values explicitly present in the official Type page title or description are recorded.
MZ15,actuation,actuation_method,,,manual,,Type-level official page description,https://www.burkert.com/en/type/MZ15,2026-06-09,Only values explicitly present in the official Type page title or description are recorded.
MZ20,actuation,actuation_method,,,manual,,Type-level official page description,https://www.burkert.com/en/type/MZ20,2026-06-09,Only values explicitly present in the official Type page title or description are recorded.
S020,connection,explicit_connection_types,,,clamp,,Type-level official page description,https://www.burkert.com/en/type/S020,2026-06-09,Only values explicitly present in the official Type page title or description are recorded.
S020,dimensions,nominal_diameter_dn_range_1,6,400,DN 06…DN 400,DN,Type-level official page description,https://www.burkert.com/en/type/S020,2026-06-09,Explicit range extracted from the official Type page; confirm configuration-specific limits in the data sheet.
S020,materials,explicit_materials,,,stainless steel | PVDF | brass,,Type-level official page description,https://www.burkert.com/en/type/S020,2026-06-09,Only values explicitly present in the official Type page title or description are recorded.
S022,connection,explicit_connection_types,,,weld | thread,,Type-level official page description,https://www.burkert.com/en/type/S022,2026-06-09,Only values explicitly present in the official Type page title or description are recorded.
S022,materials,explicit_materials,,,stainless steel | plastic,,Type-level official page description,https://www.burkert.com/en/type/S022,2026-06-09,Only values explicitly present in the official Type page title or description are recorded.
S030,dimensions,nominal_diameter_dn_range_1,6,65,DN 06…DN 65,DN,Type-level official page description,https://www.burkert.com/en/type/S030,2026-06-09,Explicit range extracted from the official Type page; confirm configuration-specific limits in the data sheet.
S051,connection,explicit_connection_types,,,thread,,Type-level official page description,https://www.burkert.com/en/type/S051,2026-06-09,Only values explicitly present in the official Type page title or description are recorded.
S051,dimensions,nominal_diameter_dn_range_1,3,20,DN 03 to DN 20,DN,Type-level official page description,https://www.burkert.com/en/type/S051,2026-06-09,Explicit range extracted from the official Type page; confirm configuration-specific limits in the data sheet.
S054,connection,explicit_connection_types,,,flange,,Type-level official page description,https://www.burkert.com/en/type/S054,2026-06-09,Only values explicitly present in the official Type page title or description are recorded.
S054,dimensions,nominal_diameter_dn_range_1,25,400,DN 25 to DN 400,DN,Type-level official page description,https://www.burkert.com/en/type/S054,2026-06-09,Explicit range extracted from the official Type page; confirm configuration-specific limits in the data sheet.
S055,connection,explicit_connection_types,,,flange,,Type-level official page description,https://www.burkert.com/en/type/S055,2026-06-09,Only values explicitly present in the official Type page title or description are recorded.
S055,dimensions,nominal_diameter_dn_range_1,25,400,DN 25 to DN 400,DN,Type-level official page description,https://www.burkert.com/en/type/S055,2026-06-09,Explicit range extracted from the official Type page; confirm configuration-specific limits in the data sheet.
S056,connection,explicit_connection_types,,,clamp | thread,,Type-level official page description,https://www.burkert.com/en/type/S056,2026-06-09,Only values explicitly present in the official Type page title or description are recorded.
S056,dimensions,nominal_diameter_dn_range_1,3,100,DN 03…DN 100,DN,Type-level official page description,https://www.burkert.com/en/type/S056,2026-06-09,Explicit range extracted from the official Type page; confirm configuration-specific limits in the data sheet.
S077,dimensions,nominal_diameter_dn_range_1,15,100,DN 15 to DN 100,DN,Type-level official page description,https://www.burkert.com/en/type/S077,2026-06-09,Explicit range extracted from the official Type page; confirm configuration-specific limits in the data sheet.
SE56,actuation,actuation_method,,,manual,,Type-level official page description,https://www.burkert.com/en/type/SE56,2026-06-09,Only values explicitly present in the official Type page title or description are recorded.
SE58,materials,explicit_materials,,,stainless steel | plastic,,Type-level official page description,https://www.burkert.com/en/type/SE58,2026-06-09,Only values explicitly present in the official Type page title or description are recorded.
SV01,materials,explicit_materials,,,PTFE | EPDM,,Type-level official page description,https://www.burkert.com/en/type/SV01,2026-06-09,Only values explicitly present in the official Type page title or description are recorded.
SV01,seals,explicit_seal_materials,,,EPDM | PTFE,,Type-level official page description,https://www.burkert.com/en/type/SV01,2026-06-09,Only values explicitly present in the official Type page title or description are recorded.
SV02,materials,explicit_materials,,,PTFE | EPDM,,Type-level official page description,https://www.burkert.com/en/type/SV02,2026-06-09,Only values explicitly present in the official Type page title or description are recorded.
SV02,seals,explicit_seal_materials,,,EPDM | PTFE | FKM,,Type-level official page description,https://www.burkert.com/en/type/SV02,2026-06-09,Only values explicitly present in the official Type page title or description are recorded.
SV04,actuation,actuation_method,,,pneumatic,,Type-level official page description,https://www.burkert.com/en/type/SV04,2026-06-09,Only values explicitly present in the official Type page title or description are recorded.
SVVI,actuation,actuation_method,,,pneumatic,,Type-level official page description,https://www.burkert.com/en/type/SVVI,2026-06-09,Only values explicitly present in the official Type page title or description are recorded.
SY06CS,actuation,actuation_method,,,manual,,Type-level official page description,https://www.burkert.com/en/type/SY06CS,2026-06-09,Only values explicitly present in the official Type page title or description are recorded.
TAU003,actuation,actuation_method,,,solenoid,,Type-level official page description,https://www.burkert.com/en/type/TAU003,2026-06-09,Only values explicitly present in the official Type page title or description are recorded.
TAU003,dimensions,nominal_diameter_dn_range_1,10,65,DN10 to DN65,DN,Type-level official page description,https://www.burkert.com/en/type/TAU003,2026-06-09,Explicit range extracted from the official Type page; confirm configuration-specific limits in the data sheet.
TBU001,actuation,actuation_method,,,pneumatic,,Type-level official page description,https://www.burkert.com/en/type/TBU001,2026-06-09,Only values explicitly present in the official Type page title or description are recorded.
TCD001,actuation,actuation_method,,,pneumatic,,Type-level official page description,https://www.burkert.com/en/type/TCD001,2026-06-09,Only values explicitly present in the official Type page title or description are recorded.
TEU001,actuation,actuation_method,,,pneumatic,,Type-level official page description,https://www.burkert.com/en/type/TEU001,2026-06-09,Only values explicitly present in the official Type page title or description are recorded.
TEU001,compliance,explicit_certifications_or_ratings,,,ATEX,,Type-level official page description,https://www.burkert.com/en/type/TEU001,2026-06-09,Only values explicitly present in the official Type page title or description are recorded.
TEU002,actuation,actuation_method,,,pneumatic,,Type-level official page description,https://www.burkert.com/en/type/TEU002,2026-06-09,Only values explicitly present in the official Type page title or description are recorded.
TEU002,compliance,explicit_certifications_or_ratings,,,ATEX,,Type-level official page description,https://www.burkert.com/en/type/TEU002,2026-06-09,Only values explicitly present in the official Type page title or description are recorded.
TEU003,actuation,actuation_method,,,pneumatic,,Type-level official page description,https://www.burkert.com/en/type/TEU003,2026-06-09,Only values explicitly present in the official Type page title or description are recorded.
TEU003,compliance,explicit_certifications_or_ratings,,,ATEX,,Type-level official page description,https://www.burkert.com/en/type/TEU003,2026-06-09,Only values explicitly present in the official Type page title or description are recorded.
TEU004,actuation,actuation_method,,,pneumatic,,Type-level official page description,https://www.burkert.com/en/type/TEU004,2026-06-09,Only values explicitly present in the official Type page title or description are recorded.
TEU004,compliance,explicit_certifications_or_ratings,,,ATEX,,Type-level official page description,https://www.burkert.com/en/type/TEU004,2026-06-09,Only values explicitly present in the official Type page title or description are recorded.
TEU005,actuation,actuation_method,,,pneumatic,,Type-level official page description,https://www.burkert.com/en/type/TEU005,2026-06-09,Only values explicitly present in the official Type page title or description are recorded.
TEU007,actuation,actuation_method,,,pneumatic,,Type-level official page description,https://www.burkert.com/en/type/TEU007,2026-06-09,Only values explicitly present in the official Type page title or description are recorded.
TFU001,materials,explicit_materials,,,stainless steel | brass,,Type-level official page description,https://www.burkert.com/en/type/TFU001,2026-06-09,Only values explicitly present in the official Type page title or description are recorded.
TFU002,materials,explicit_materials,,,stainless steel | brass,,Type-level official page description,https://www.burkert.com/en/type/TFU002,2026-06-09,Only values explicitly present in the official Type page title or description are recorded.
TFU005,materials,explicit_materials,,,brass,,Type-level official page description,https://www.burkert.com/en/type/TFU005,2026-06-09,Only values explicitly present in the official Type page title or description are recorded.
TFU006,connection,explicit_connection_types,,,thread,,Type-level official page description,https://www.burkert.com/en/type/TFU006,2026-06-09,Only values explicitly present in the official Type page title or description are recorded.
TFU006,materials,explicit_materials,,,stainless steel | brass | plastic,,Type-level official page description,https://www.burkert.com/en/type/TFU006,2026-06-09,Only values explicitly present in the official Type page title or description are recorded.
TKU001,actuation,actuation_method,,,manual,,Type-level official page description,https://www.burkert.com/en/type/TKU001,2026-06-09,Only values explicitly present in the official Type page title or description are recorded.
TKU001,connection,explicit_connection_types,,,flange,,Type-level official page description,https://www.burkert.com/en/type/TKU001,2026-06-09,Only values explicitly present in the official Type page title or description are recorded.
TKU001,materials,explicit_materials,,,stainless steel,,Type-level official page description,https://www.burkert.com/en/type/TKU001,2026-06-09,Only values explicitly present in the official Type page title or description are recorded.
TKU002,actuation,actuation_method,,,pneumatic | manual,,Type-level official page description,https://www.burkert.com/en/type/TKU002,2026-06-09,Only values explicitly present in the official Type page title or description are recorded.
TKU002,materials,explicit_materials,,,stainless steel,,Type-level official page description,https://www.burkert.com/en/type/TKU002,2026-06-09,Only values explicitly present in the official Type page title or description are recorded.
TKU003,actuation,actuation_method,,,pneumatic | manual,,Type-level official page description,https://www.burkert.com/en/type/TKU003,2026-06-09,Only values explicitly present in the official Type page title or description are recorded.
TKU003,materials,explicit_materials,,,stainless steel,,Type-level official page description,https://www.burkert.com/en/type/TKU003,2026-06-09,Only values explicitly present in the official Type page title or description are recorded.
TKU004,actuation,actuation_method,,,manual,,Type-level official page description,https://www.burkert.com/en/type/TKU004,2026-06-09,Only values explicitly present in the official Type page title or description are recorded.
TKU004,materials,explicit_materials,,,stainless steel | brass,,Type-level official page description,https://www.burkert.com/en/type/TKU004,2026-06-09,Only values explicitly present in the official Type page title or description are recorded.
TPM001,actuation,actuation_method,,,pneumatic,,Type-level official page description,https://www.burkert.com/en/type/TPM001,2026-06-09,Only values explicitly present in the official Type page title or description are recorded.
TRF003,connection,explicit_connection_types,,,flange | thread,,Type-level official page description,https://www.burkert.com/en/type/TRF003,2026-06-09,Only values explicitly present in the official Type page title or description are recorded.
TSD001,materials,explicit_materials,,,ceramic,,Type-level official page description,https://www.burkert.com/en/type/TSD001,2026-06-09,Only values explicitly present in the official Type page title or description are recorded.
TSD001,seals,explicit_seal_materials,,,FKM,,Type-level official page description,https://www.burkert.com/en/type/TSD001,2026-06-09,Only values explicitly present in the official Type page title or description are recorded.
TST001,connection,explicit_connection_types,,,weld,,Type-level official page description,https://www.burkert.com/en/type/TST001,2026-06-09,Only values explicitly present in the official Type page title or description are recorded.
TST001,materials,explicit_materials,,,stainless steel,,Type-level official page description,https://www.burkert.com/en/type/TST001,2026-06-09,Only values explicitly present in the official Type page title or description are recorded.
TVG002,actuation,actuation_method,,,pneumatic,,Type-level official page description,https://www.burkert.com/en/type/TVG002,2026-06-09,Only values explicitly present in the official Type page title or description are recorded.
TVG002,connection,explicit_connection_types,,,thread | push-in,,Type-level official page description,https://www.burkert.com/en/type/TVG002,2026-06-09,Only values explicitly present in the official Type page title or description are recorded.
TVG002,materials,explicit_materials,,,stainless steel | brass | plastic,,Type-level official page description,https://www.burkert.com/en/type/TVG002,2026-06-09,Only values explicitly present in the official Type page title or description are recorded.
TVG003,actuation,actuation_method,,,pneumatic,,Type-level official page description,https://www.burkert.com/en/type/TVG003,2026-06-09,Only values explicitly present in the official Type page title or description are recorded.
TVG003,connection,explicit_connection_types,,,push-in | hose,,Type-level official page description,https://www.burkert.com/en/type/TVG003,2026-06-09,Only values explicitly present in the official Type page title or description are recorded.
TVG003,materials,explicit_materials,,,stainless steel | brass | plastic,,Type-level official page description,https://www.burkert.com/en/type/TVG003,2026-06-09,Only values explicitly present in the official Type page title or description are recorded.
TVG006,actuation,actuation_method,,,pneumatic,,Type-level official page description,https://www.burkert.com/en/type/TVG006,2026-06-09,Only values explicitly present in the official Type page title or description are recorded.
TVG006,connection,explicit_connection_types,,,thread,,Type-level official page description,https://www.burkert.com/en/type/TVG006,2026-06-09,Only values explicitly present in the official Type page title or description are recorded.
TVG006,materials,explicit_materials,,,stainless steel | plastic,,Type-level official page description,https://www.burkert.com/en/type/TVG006,2026-06-09,Only values explicitly present in the official Type page title or description are recorded.
TVG007,actuation,actuation_method,,,pneumatic,,Type-level official page description,https://www.burkert.com/en/type/TVG007,2026-06-09,Only values explicitly present in the official Type page title or description are recorded.
TVG007,connection,explicit_connection_types,,,hose,,Type-level official page description,https://www.burkert.com/en/type/TVG007,2026-06-09,Only values explicitly present in the official Type page title or description are recorded.
TVG007,materials,explicit_materials,,,PTFE | plastic,,Type-level official page description,https://www.burkert.com/en/type/TVG007,2026-06-09,Only values explicitly present in the official Type page title or description are recorded.
TVG007,seals,explicit_seal_materials,,,PTFE,,Type-level official page description,https://www.burkert.com/en/type/TVG007,2026-06-09,Only values explicitly present in the official Type page title or description are recorded.
TVU001,connection,explicit_connection_types,,,push-in | hose,,Type-level official page description,https://www.burkert.com/en/type/TVU001,2026-06-09,Only values explicitly present in the official Type page title or description are recorded.
TVU001,materials,explicit_materials,,,stainless steel | brass | plastic,,Type-level official page description,https://www.burkert.com/en/type/TVU001,2026-06-09,Only values explicitly present in the official Type page title or description are recorded.
TVU002,compliance,explicit_certifications_or_ratings,,,FDA,,Type-level official page description,https://www.burkert.com/en/type/TVU002,2026-06-09,Only values explicitly present in the official Type page title or description are recorded.
TVU002,connection,explicit_connection_types,,,thread | push-in,,Type-level official page description,https://www.burkert.com/en/type/TVU002,2026-06-09,Only values explicitly present in the official Type page title or description are recorded.
TVU002,materials,explicit_materials,,,stainless steel | brass | plastic,,Type-level official page description,https://www.burkert.com/en/type/TVU002,2026-06-09,Only values explicitly present in the official Type page title or description are recorded.
TVU003,connection,explicit_connection_types,,,thread | push-in | hose,,Type-level official page description,https://www.burkert.com/en/type/TVU003,2026-06-09,Only values explicitly present in the official Type page title or description are recorded.
TVU003,materials,explicit_materials,,,PTFE | PEEK,,Type-level official page description,https://www.burkert.com/en/type/TVU003,2026-06-09,Only values explicitly present in the official Type page title or description are recorded.
TVU003,seals,explicit_seal_materials,,,PTFE,,Type-level official page description,https://www.burkert.com/en/type/TVU003,2026-06-09,Only values explicitly present in the official Type page title or description are recorded.
TZG001,actuation,actuation_method,,,pneumatic,,Type-level official page description,https://www.burkert.com/en/type/TZG001,2026-06-09,Only values explicitly present in the official Type page title or description are recorded.
TZG001,dimensions,diameter_range_1,8,25,Ø 8...25 mm,mm,Type-level official page description,https://www.burkert.com/en/type/TZG001,2026-06-09,Explicit range extracted from the official Type page; confirm configuration-specific limits in the data sheet.
TZU002,actuation,actuation_method,,,pneumatic,,Type-level official page description,https://www.burkert.com/en/type/TZU002,2026-06-09,Only values explicitly present in the official Type page title or description are recorded.
