type_id,name_en,name_zh,category,subcategory,product_role,operating_principle,primary_media,primary_applications,pharma_relevance,pharma_applications,lifecycle_status,china_visibility,global_product_url,china_product_url,english_datasheet_url,chinese_datasheet_url,accessed_date,evidence_grade,notes
0044,Pneumatic cylinder in plastic according to ISO,符合 ISO 标准的塑料材质气动缸,气动与过程接口,Pneumatic Cylinder > Double Acting,Double Acting,Single-acting pneumatic cylinders (Type 0045) and double-acting pneumatic cylinders (Type 0044) according to ISO 6432 (Ø 12…25 mm) without end position damping and according to ISO 15552 (Ø 32…50 mm) with end position damping with piston rod nut.,腐蚀性介质,食品饮料,MEDIUM,制药设备气动自动化,CURRENT,CHINA_PAGE_ONLY,https://www.burkert.com/en/type/0044,https://www.burkert.com.cn/cn/type/0044,https://www.burkert.com/en/Media/plm/DTS/DS/ds0044-standard-eu-en.pdf?id=DTS0000000000000001000268330ENK,,2026-06-09,A,"Global official Type page is the product master. China visibility indicates public page/document visibility only, not stock, origin or lead time. Official category paths: Pneumatics and Process Interfaces > Pneumatic Cylinder > Double Acting."
0045,Pneumatic cylinder in plastic according to ISO,符合 ISO 标准的塑料材质气动缸,气动与过程接口,Pneumatic Cylinder > Single Acting,Single Acting,Single-acting (Type 0045) and double-acting (Type 0044) pneumatic cylinders according to ISO 6432 (Ø 12…25 mm) without end position damping and according to ISO 15552 (Ø 32…50 mm) with end position damping with piston rod nut.,腐蚀性介质,食品饮料,MEDIUM,制药设备气动自动化,CURRENT,CHINA_PAGE_ONLY,https://www.burkert.com/en/type/0045,https://www.burkert.com.cn/cn/type/0045,,,2026-06-09,A,"Global official Type page is the product master. China visibility indicates public page/document visibility only, not stock, origin or lead time. Official category paths: Pneumatics and Process Interfaces > Pneumatic Cylinder > Single Acting."
0117,2/2 way plunger solenoid valve with separating diaphragm,二位二通隔膜柱塞式电磁阀,电磁阀,General Purpose 2/2 Solenoids,General Purpose 2/2 Solenoids,"Type 117 is a normally-closed direct-actingplunger-type solenoid valve with PTFE-coated diaphragm. The diaphragm isolates the fluidfrom the solenoid system. When deenergized (in circuit function A)the valve is closed by spring action. When energized, the solenoid armature is drawn in 2/2 way, G 1/8, UNF 1/4-28 FluidControl Systems against a spring to open the valve. The solenoid epoxy encapsulation efficiently dissipates the heat generated by the coil.",液体/气体,General Purpose 2/2 Solenoids,LOW,,CURRENT,CHINA_PAGE_ONLY,https://www.burkert.com/en/type/0117,https://www.burkert.com.cn/cn/type/0117,https://www.burkert.com/en/Media/plm/DTS/DS/ds0117-standard-eu-en.pdf?id=DTS0000000000000001000010903ENK,,2026-06-09,A,"Global official Type page is the product master. China visibility indicates public page/document visibility only, not stock, origin or lead time. Official category paths: Solenoid Valves > General Purpose 2/2 Solenoids | Solenoid Valves > Media Separated | Microfluidics Products and Pumps > 2/2 and 3/2 way Micro Solenoids > Media Separated."
0121,Direct-acting 2/2 or 3/2-way pivoted armature valve,直动式两位两通或二位三通枢轴电枢阀,电磁阀,General Purpose 2/2 Solenoids,General Purpose 2/2 Solenoids,"The 0121 valve is a direct-acting, media separated pivoted armature valve. It is available as a 2/2 and 3/2-way variant. As a 3/2-way variant, it can be used as a distributor or mixing valve. Various diaphragm materials and circuit functions are available depending on the actual application. The range of bodies includes stainless steel, PTFE and PVC. The solenoid coils are moulded with a chemically resistant epoxy. Since the coil system is separated from the medium by a diaphragm, the valve is especially suitable for critical media such as aggressive acids and lyes. The 0121 is equipped with manual override for start-up and testing. To reduce energy demands, all the coils can be delivered with electronic power reduction or as an impulse variant. The switching status can be indicated via position feedback as a binary or NAMUR signal.",腐蚀性介质,混合,LOW,,CURRENT,CHINA_PAGE_AND_ZH_DATASHEET,https://www.burkert.com/en/type/0121,https://www.burkert.com.cn/cn/type/0121,https://www.burkert.com/en/Media/plm/DTS/DS/ds0121-standard-eu-en.pdf?id=DTS0000000000000001000010904ENS,https://www.burkert.com/en/Media/plm/DTS/DS/ds0121-standard-cn-zh.pdf?id=DTS0000000000000001000721755ZH-,2026-06-09,A,"Global official Type page is the product master. China visibility indicates public page/document visibility only, not stock, origin or lead time. Official category paths: Solenoid Valves > General Purpose 2/2 Solenoids | Solenoid Valves > Media Separated | Solenoid Valves > General Purpose 3/2 Solenoids | Solenoid Valves > Hazardous Location Solenoids."
0124,Direct-acting 2/2 or 3/2 way pivoted armature valve,直动式二位三通旋启式衔铁阀,电磁阀,Media Separated,Media Separated,"The Type 0124 is a direct-acting 2/2 or 3/2-way pivoted armature solenoid valve. Deliverable in many circuit functions for opening, closing, dosing, mixing and distribution. The magnetic system and the media chamber are separated from one another by a separating diaphragm system.",,定量/加注；混合,LOW,,CURRENT,CHINA_PAGE_ONLY,https://www.burkert.com/en/type/0124,https://www.burkert.com.cn/cn/type/0124,https://www.burkert.com/en/Media/plm/DTS/DS/ds0124-standard-eu-en.pdf?id=DTS0000000000000001000010905END,,2026-06-09,A,"Global official Type page is the product master. China visibility indicates public page/document visibility only, not stock, origin or lead time. Official category paths: Solenoid Valves > Media Separated | Solenoid Valves > General Purpose 3/2 Solenoids | Solenoid Valves > General Purpose 2/2 Solenoids."
0125,Direct-acting 2/2 or 3/2 way pivoted armature valve,直动式二位三通旋启式衔铁阀,电磁阀,General Purpose 3/2 Solenoids,General Purpose 3/2 Solenoids,,,General Purpose 3/2 Solenoids,LOW,,CURRENT,CHINA_PAGE_ONLY,https://www.burkert.com/en/type/0125,https://www.burkert.com.cn/cn/type/0125,,,2026-06-09,A,"Global official Type page is the product master. China visibility indicates public page/document visibility only, not stock, origin or lead time. Official category paths: Solenoid Valves > General Purpose 3/2 Solenoids | Solenoid Valves > General Purpose 2/2 Solenoids | Solenoid Valves > Media Separated."
0127,2/2-way or 3/2-way rocker solenoid valve with separating diaphragm,二位二通或二位三通摇臂隔膜式电磁阀,电磁阀,General Purpose 2/2 Solenoids,General Purpose 2/2 Solenoids,"Bürkert’s unique Type 0127 solenoid valve is pre-destined for use in laboratory, medical and analytical technology as the pioneer of small media-separated valves. It continues to set the pace today with its rocker technology, which activates the separating diaphragms between actuator and fluid. It guarantees precise switching of tiny volumes of even aggressive media at the lowest temperature input, thanks to the coil. It is also very easy to flush and is characterised by its minimal internal volume and freedom from almost all dead space. The valves can be stacked on manifolds and can be wired with central wiring on request. Special variants with minimum dead space are available on request.",液体/气体；腐蚀性介质,实验室设备；医疗设备,LOW,,CURRENT,CHINA_PAGE_AND_ZH_DATASHEET,https://www.burkert.com/en/type/0127,https://www.burkert.com.cn/cn/type/0127,https://www.burkert.com/en/Media/plm/DTS/DS/ds0127-standard-eu-en.pdf?id=DTS0000000000000001000010906ENAA,https://www.burkert.com/en/Media/plm/DTS/DS/ds0127-standard-cn-zh.pdf?id=DTS0000000000000001000580056ZHG,2026-06-09,A,"Global official Type page is the product master. China visibility indicates public page/document visibility only, not stock, origin or lead time. Official category paths: Solenoid Valves > General Purpose 2/2 Solenoids | Solenoid Valves > General Purpose 3/2 Solenoids | Solenoid Valves > Media Separated | Microfluidics Products and Pumps > 2/2 and 3/2 way Micro Solenoids > Media Separated."
0131,Direct-acting 2/2-way or 3/2-way toggle valve,直动式二位二通或二位三通肘节阀,电磁阀,General Purpose 2/2 Solenoids,General Purpose 2/2 Solenoids,"The 0131 valve is a direct-acting toggle valve. A variety of seal material combinations are available depending on the application. Thanks to the diaphragm separation between actuator and valve body, aggressive media such as acids and alkaline solutions can also be safely controlled. The assortment is rounded out with plastic housings made of PVC. The solenoids are moulded with a highly resistant chemical epoxy. “Kick and drop” electronics are moulded into all DC solenoid variants for reduced electrical power consumption. An optional electrical position feedback sensor reliably detects the switching position. Conformity for drinking water applications according to the German regulations (drinking water regulation) is available. Furthermore, variants of type 0131 are available that conform with DIN EN 45545:2016 (standard parts 2 and 5) – fire protection in railway vehicles.",水；腐蚀性介质,General Purpose 2/2 Solenoids,LOW,,CURRENT,CHINA_PAGE_ONLY,https://www.burkert.com/en/type/0131,https://www.burkert.com.cn/cn/type/0131,https://www.burkert.com/en/Media/plm/DTS/DS/ds0131-standard-eu-en.pdf?id=DTS0000000000000001000010907ENR,,2026-06-09,A,"Global official Type page is the product master. China visibility indicates public page/document visibility only, not stock, origin or lead time. Official category paths: Solenoid Valves > General Purpose 2/2 Solenoids | Solenoid Valves > Media Separated | Solenoid Valves > General Purpose 3/2 Solenoids."
0142,"Diaphragm valve, 2/2-way, servo-assisted",伺服控制式二位二通隔膜阀,电磁阀,General Purpose 2/2 Solenoids,General Purpose 2/2 Solenoids,"The 0142 valve is a servo-assisted diaphragm valve. A minimum differential pressure of 0.5 bar is required to open and close the valve. Various diaphragm materials and circuit functions are available depending on the actual application. The circuit function fo the 3/2 way pilot valve can be easily converted NC to NO by rotating it on the main seat. The pilot valve position feedback can take place with a switching or NAMUR signal. The solenoid coils are moulded with a chemically resistant epoxy. The 0142 is equipped with manual override for start-up and testing. To reduce electrical power consumption during operation, coils with integrated “Kick and Drop” (KD) electronics featuring double coil technology are available.",腐蚀性介质,General Purpose 2/2 Solenoids,LOW,,CURRENT,CHINA_PAGE_ONLY,https://www.burkert.com/en/type/0142,https://www.burkert.com.cn/cn/type/0142,https://www.burkert.com/en/Media/plm/DTS/DS/ds0142-standard-eu-en.pdf?id=DTS0000000000000001000010909ENL,,2026-06-09,A,"Global official Type page is the product master. China visibility indicates public page/document visibility only, not stock, origin or lead time. Official category paths: Solenoid Valves > General Purpose 2/2 Solenoids | Solenoid Valves > Media Separated | Solenoid Valves > Hazardous Location Solenoids."
0200,Direct-acting 2/2-way plunger valve,直动式二位二通升降式衔铁阀,电磁阀,General Purpose 2/2 Solenoids,General Purpose 2/2 Solenoids,"Type 200 is a direct-acting plunger type solenoid valve normally closedby spring action (circuit function A). A diaphragm isolates the fluid from the solenoid system. When energized, the solenoid armature is drawn against a spring to open the valve. The solenoid epoxy encap sulation efficiently dissipates the heat generated by the coil. Specific testing and cleaning and low power versions are available according to application requirements.",液体/气体,General Purpose 2/2 Solenoids,LOW,,CURRENT,CHINA_PAGE_ONLY,https://www.burkert.com/en/type/0200,https://www.burkert.com.cn/cn/type/0200,https://www.burkert.com/en/Media/plm/DTS/DS/ds0200-standard-eu-en.pdf?id=DTS0000000000000001000010912ENA,,2026-06-09,A,"Global official Type page is the product master. China visibility indicates public page/document visibility only, not stock, origin or lead time. Official category paths: Solenoid Valves > General Purpose 2/2 Solenoids."
0201,Direct-acting 2/2-way plunger valve,直动式二位二通升降式衔铁阀,电磁阀,General Purpose 2/2 Solenoids,General Purpose 2/2 Solenoids,"Type 201 is a normally-closed direct-acting plunger-type solenoid valve. Direct-acting, Sub-base When energized, the solenoid armatureis drawn in against a spring to open the valve. The solenoid epoxy encapsulation efficiently dissipates the heat generated by the coil.",,General Purpose 2/2 Solenoids,LOW,,CURRENT,CHINA_PAGE_ONLY,https://www.burkert.com/en/type/0201,https://www.burkert.com.cn/cn/type/0201,https://www.burkert.com/en/Media/plm/DTS/DS/ds0201-standard-eu-en.pdf?id=DTS0000000000000001000010915ENA,,2026-06-09,A,"Global official Type page is the product master. China visibility indicates public page/document visibility only, not stock, origin or lead time. Official category paths: Solenoid Valves > General Purpose 2/2 Solenoids."
0211,Direct-acting 2/2-way plunger valve,直动式二位二通升降式衔铁阀,电磁阀,General Purpose 2/2 Solenoids,General Purpose 2/2 Solenoids,,,General Purpose 2/2 Solenoids,LOW,,CURRENT,CHINA_PAGE_ONLY,https://www.burkert.com/en/type/0211,https://www.burkert.com.cn/cn/type/0211,,,2026-06-09,A,"Global official Type page is the product master. China visibility indicates public page/document visibility only, not stock, origin or lead time. Official category paths: Solenoid Valves > General Purpose 2/2 Solenoids."
0212,Direct-acting 2/2-way plunger valve,直动式二位二通升降式衔铁阀,电磁阀,General Purpose 2/2 Solenoids,General Purpose 2/2 Solenoids,,,General Purpose 2/2 Solenoids,LOW,,CURRENT,CHINA_PAGE_ONLY,https://www.burkert.com/en/type/0212,https://www.burkert.com.cn/cn/type/0212,,,2026-06-09,A,"Global official Type page is the product master. China visibility indicates public page/document visibility only, not stock, origin or lead time. Official category paths: Solenoid Valves > General Purpose 2/2 Solenoids."
0243,Direct-acting 2/2 way plunger valve,直动式二位二通升降式衔铁阀,电磁阀,General Purpose 2/2 Solenoids,General Purpose 2/2 Solenoids,,,General Purpose 2/2 Solenoids,LOW,,CURRENT,CHINA_PAGE_ONLY,https://www.burkert.com/en/type/0243,https://www.burkert.com.cn/cn/type/0243,,,2026-06-09,A,"Global official Type page is the product master. China visibility indicates public page/document visibility only, not stock, origin or lead time. Official category paths: Solenoid Valves > General Purpose 2/2 Solenoids."
0248,Motor ball valve,电动球阀,过程与控制阀,Control Valves > Ball Valves > Electromotive,Electromotive,"The complete ball valve Type 0248 consists of an electromotive rotary actuator and a 2/2-way mini ball valve. The connection between the actuator and the ball valve is achieved by a mechanical interface (flange connection). The electromotive rotary actuator moves the ball valve by 90° and opens or closes the cable cross-section. The ball valve Type 0248 has a compact design. It can be used for a wide range of applications with relatively low flow rates, e.g. as a final control element for heating or cooling water circuits in commercial and amphibian vehicles as well as in machine tool construction. Type 0248 can optionally be supplied with a position indicator.",水,Control Valves > Ball Valves > Electromotive,MEDIUM,,CURRENT,CHINA_PAGE_ONLY,https://www.burkert.com/en/type/0248,https://www.burkert.com.cn/cn/type/0248,,,2026-06-09,A,"Global official Type page is the product master. China visibility indicates public page/document visibility only, not stock, origin or lead time. Official category paths: Process and Control Valves > Control Valves > Ball Valves > Electromotive | Electromotive Valves > Ball Valves > Control | Process and Control Valves > Shut-off Valves (On/Off) > Ball Valves > Electromotive | Electromotive Valves > Ball Valves > ON/OFF."
0253,"2/2-way solenoid valve, direct-acting",二位二通电磁阀，直动式,电磁阀,General Purpose 2/2 Solenoids,General Purpose 2/2 Solenoids,"Type 253 is a 2/2 normally-closed plunger-type solenoid valve. When energized, the solenoid armature is pulled-in against a spring and the valve opens. Direct-acting, G 1/4 as a standard feature, the valve seat is made of stainless steel in order to avoid erosion.The solenoid epoxy encapsulation efficiently dissipates the heat generated by the coil.",液体/气体,General Purpose 2/2 Solenoids,LOW,,CURRENT,CHINA_PAGE_ONLY,https://www.burkert.com/en/type/0253,https://www.burkert.com.cn/cn/type/0253,https://www.burkert.com/en/Media/plm/DTS/DS/ds0253-standard-eu-en.pdf?id=DTS0000000000000001000010916ENA,,2026-06-09,A,"Global official Type page is the product master. China visibility indicates public page/document visibility only, not stock, origin or lead time. Official category paths: Solenoid Valves > General Purpose 2/2 Solenoids."
0255,Direct-acting 2/2-way plunger valve,直动式二位二通升降式衔铁阀,电磁阀,Steam Solenoid Valves,Steam Solenoid Valves,The direct-acting plunger solenoid valve Type 0255 is also suitable for high pressures and high temperatures.,蒸汽,Steam Solenoid Valves,LOW,,CURRENT,CHINA_PAGE_AND_ZH_DATASHEET,https://www.burkert.com/en/type/0255,https://www.burkert.com.cn/cn/type/0255,https://www.burkert.com/en/Media/plm/DTS/DS/ds0255-standard-eu-en.pdf?id=DTS0000000000000001000010917ENS,https://www.burkert.com/en/Media/plm/DTS/DS/ds0255-standard-cn-zh.pdf?id=DTS0000000000000001000721768ZH-,2026-06-09,A,"Global official Type page is the product master. China visibility indicates public page/document visibility only, not stock, origin or lead time. Official category paths: Solenoid Valves > Steam Solenoid Valves | Solenoid Valves > General Purpose 2/2 Solenoids | Solenoid Valves > Cryogenic."
0256,Direct-acting 2/2-way solenoid valve,二位二通电磁阀；直动式；适合中性介质,电磁阀,General Purpose 2/2 Solenoids,General Purpose 2/2 Solenoids,This direct-acting plunger solenoid valve Type 0256 can be used in many ways. It is delivered with brass or stainless steel bodies for a wide range of orifices and connections.,,General Purpose 2/2 Solenoids,LOW,,CURRENT,CHINA_PAGE_AND_ZH_DATASHEET,https://www.burkert.com/en/type/0256,https://www.burkert.com.cn/cn/type/0256,https://www.burkert.com/en/Media/plm/DTS/DS/ds0256-standard-eu-en.pdf?id=DTS0000000000000001000010918ENK,https://www.burkert.com/en/Media/plm/DTS/DS/ds0256-standard-cn-zh.pdf?id=DTS0000000000000001000659664ZHC,2026-06-09,A,"Global official Type page is the product master. China visibility indicates public page/document visibility only, not stock, origin or lead time. Official category paths: Solenoid Valves > General Purpose 2/2 Solenoids."
0262,Pneumatically operated 2/2 way Valve,气动操作的二位二通阀,过程与控制阀,Shut-off Valves (On/Off) > Globe Valves > Pneumatic,Pneumatic,The externally piloted 2-way valve is operated by a diaphragm actuator. A double spindle seal guarantees high tightness and a high service live. The compact actuator housing is made out of chemical resistant plastic and ideal for customer specific multifunction block solutions. This low maintenance and robust valve can be supplemented by a large accessory program.,蒸汽,Shut-off Valves (On/Off) > Globe Valves > Pneumatic,MEDIUM,,CURRENT,CHINA_PAGE_ONLY,https://www.burkert.com/en/type/0262,https://www.burkert.com.cn/cn/type/0262,https://www.burkert.com/en/Media/plm/DTS/DS/ds0262-standard-eu-en.pdf?id=DTS0000000000000001000010919ENJ,,2026-06-09,A,"Global official Type page is the product master. China visibility indicates public page/document visibility only, not stock, origin or lead time. Official category paths: Process and Control Valves > Shut-off Valves (On/Off) > Globe Valves > Pneumatic | Process and Control Valves > Shut-off Valves (On/Off) > Diaphragm Valves > Pneumatic."
0263,Pneumatically operated 2/2-way valve with separating diaphragm,气动操作的二位二通阀，带有隔膜,过程与控制阀,Shut-off Valves (On/Off) > Globe Valves > Pneumatic,Pneumatic,The externally piloted 2-way valve is operated by a diaphragm actuator. A diaphragm between valve body and actuator separates the media. A double packing gland guarantees high tightness and a high service live. The compact actuator housing is made out of chemical resistant plastic and is ideal for customer specific multifunction block solutions. This low maintenance and robust valve can be supplemented by a large accessory program.,,Shut-off Valves (On/Off) > Globe Valves > Pneumatic,MEDIUM,,CURRENT,CHINA_PAGE_ONLY,https://www.burkert.com/en/type/0263,https://www.burkert.com.cn/cn/type/0263,https://www.burkert.com/en/Media/plm/DTS/DS/ds0263-standard-eu-en.pdf?id=DTS0000000000000001000193675ENI,,2026-06-09,A,"Global official Type page is the product master. China visibility indicates public page/document visibility only, not stock, origin or lead time. Official category paths: Process and Control Valves > Shut-off Valves (On/Off) > Globe Valves > Pneumatic | Process and Control Valves > Shut-off Valves (On/Off) > Diaphragm Valves > Pneumatic."
0280,Diaphragm valve 2/2 way servo-assisted,伺服控制的二位二通隔膜阀,电磁阀,General Purpose 2/2 Solenoids,General Purpose 2/2 Solenoids,"Type 280 is a normally closed or normally open servo-assisted solenoid valve (circuit functions A and B). For circuit function A, the valve is normally closed by spring action assisted by the fluid pressure. When de-energized, a pressure is built up above the servo diaphragm pressing it down to close the valve. When energized, the space above the servo diaphragm is exhausted via the pilot valve, the diaphragm is lifted by the fluid pressure to open the valve. G 1/4, G 3/8, G 1/2 Circuit function B, normally open, provides the opposite function. It is important to note that the media is exhausted to atmosphere via the pilot operator when the valve is deenergised. The solenoid epoxy encapsulation efficiently dissipates the heat generated by the coil.",液体/气体,General Purpose 2/2 Solenoids,LOW,,CURRENT,CHINA_PAGE_ONLY,https://www.burkert.com/en/type/0280,https://www.burkert.com.cn/cn/type/0280,https://www.burkert.com/en/Media/plm/DTS/DS/ds0280-standard-eu-en.pdf?id=DTS0000000000000001000010920ENA,,2026-06-09,A,"Global official Type page is the product master. China visibility indicates public page/document visibility only, not stock, origin or lead time. Official category paths: Solenoid Valves > General Purpose 2/2 Solenoids."
0283,Direct-acting 2/2-way plunger valve,直动式二位二通升降式衔铁阀,电磁阀,General Purpose 2/2 Solenoids,General Purpose 2/2 Solenoids,Type 283 switches without pressure change from zero bar. The direct acting solenoid feed valve is delivered with circuit function A. It is normally closed. Upon switching the magnetic core is tightened against the spring and the valve opens. A fi lter is built-in to the inlet. The valve is especially good for switching lowpressure combustible gases.,气体,General Purpose 2/2 Solenoids,LOW,,CURRENT,CHINA_PAGE_ONLY,https://www.burkert.com/en/type/0283,https://www.burkert.com.cn/cn/type/0283,,,2026-06-09,A,"Global official Type page is the product master. China visibility indicates public page/document visibility only, not stock, origin or lead time. Official category paths: Solenoid Valves > General Purpose 2/2 Solenoids."
0285,Direct-acting 2/2 way plunger valve,直动式二位二通升降式衔铁阀,电磁阀,General Purpose 2/2 Solenoids,General Purpose 2/2 Solenoids,"The direct acting plunger solenoid valve Type 0285 is normally closed by spring force. During switching the core of the seal is tightened against the spring force, and opens the valve. The inlet has a gauze fi lter fi tted. The valve is delivered as standard with a bracket fi tment. Type 0285 is best suited to fl ammable gases.",气体,General Purpose 2/2 Solenoids,LOW,,CURRENT,CHINA_PAGE_ONLY,https://www.burkert.com/en/type/0285,https://www.burkert.com.cn/cn/type/0285,https://www.burkert.com/en/Media/plm/DTS/DS/ds0285-dvgw-eu-en.pdf?id=DTS0000000000000001000178266ENH,,2026-06-09,A,"Global official Type page is the product master. China visibility indicates public page/document visibility only, not stock, origin or lead time. Official category paths: Solenoid Valves > General Purpose 2/2 Solenoids."
0286,Direct-acting 2/2 way plunger valve,直动式二位二通升降式衔铁阀,电磁阀,General Purpose 2/2 Solenoids,General Purpose 2/2 Solenoids,,,General Purpose 2/2 Solenoids,LOW,,CURRENT,CHINA_PAGE_ONLY,https://www.burkert.com/en/type/0286,https://www.burkert.com.cn/cn/type/0286,,,2026-06-09,A,"Global official Type page is the product master. China visibility indicates public page/document visibility only, not stock, origin or lead time. Official category paths: Solenoid Valves > General Purpose 2/2 Solenoids."
0287,2/2-way solenoid valve for neutral media,用于中性介质的两位两通电磁阀,电磁阀,General Purpose 2/2 Solenoids,General Purpose 2/2 Solenoids,"The Type 0287 is a servo-assisted 2/2-way valve. The modular stackable valve can be obtained as a distributor or collector variant in DN 13. It is suitable for neutral media, such as compressed air or water.",空气；水；中性介质,General Purpose 2/2 Solenoids,LOW,,CURRENT,CHINA_PAGE_AND_ZH_DATASHEET,https://www.burkert.com/en/type/0287,https://www.burkert.com.cn/cn/type/0287,https://www.burkert.com/en/Media/plm/DTS/DS/ds0287-standard-eu-en.pdf?id=DTS0000000000000001000551788ENC,https://www.burkert.com/en/Media/plm/DTS/DS/ds0287-standard-cn-zh.pdf?id=DTS0000000000000001000713675ZHB,2026-06-09,A,"Global official Type page is the product master. China visibility indicates public page/document visibility only, not stock, origin or lead time. Official category paths: Solenoid Valves > General Purpose 2/2 Solenoids."
0290,Servo-assisted 2/2-way diaphragm valve,伺服控制式两位两通隔膜阀,电磁阀,General Purpose 2/2 Solenoids,General Purpose 2/2 Solenoids,Valve 0290 is a servo-assisted diaphragm valve. The valve opens without differential pressure. The opening process is facilitated by the fix-coupling of the diaphragm to the magnetic core. The integrated ‘soft-kick’ function ensures gentle opening. Various diaphragm materials are available depending on the actual application. The range includes variants with a stainless steel body. The solenoid coils are moulded with an epoxy that has a high level of chemical resistance. Kick and drop electronics are moulded into all DC solenoid variants for reduced electrical power consumption.,,General Purpose 2/2 Solenoids,LOW,,CURRENT,CHINA_PAGE_AND_ZH_DATASHEET,https://www.burkert.com/en/type/0290,https://www.burkert.com.cn/cn/type/0290,https://www.burkert.com/en/Media/plm/DTS/DS/ds0290-standard-eu-en.pdf?id=DTS0000000000000001000024859ENZ,https://www.burkert.com/en/Media/plm/DTS/DS/ds0290-standard-cn-zh.pdf?id=DTS0000000000000001000673542ZHB,2026-06-09,A,"Global official Type page is the product master. China visibility indicates public page/document visibility only, not stock, origin or lead time. Official category paths: Solenoid Valves > General Purpose 2/2 Solenoids | Solenoid Valves > Water Solenoid Valves."
0293,Direct-acting 2/2-way plunger valve,直动式二位二通升降式衔铁阀,电磁阀,General Purpose 2/2 Solenoids,General Purpose 2/2 Solenoids,"Type 0293 switches without pressure difference from zero bar. The valve is especially good for switching low-pressure combustible gases.The direct-acting solenoid valve is delivered with circuit function A. It is normally closed. Upon switching, the magnetic core is tightened against the spring and the valve opens. A filter is built-in to the inlet. A dirt trap <= 500 µm (example our type TFU001) needs to be installed before the valve when using DN 25. This dirt trap needs to be accessible for maintenance.",气体,General Purpose 2/2 Solenoids,LOW,,CURRENT,CHINA_PAGE_ONLY,https://www.burkert.com/en/type/0293,https://www.burkert.com.cn/cn/type/0293,https://www.burkert.com/en/Media/plm/DTS/DS/ds0293-standard-eu-en.pdf?id=DTS0000000000000001000204244ENH,,2026-06-09,A,"Global official Type page is the product master. China visibility indicates public page/document visibility only, not stock, origin or lead time. Official category paths: Solenoid Valves > General Purpose 2/2 Solenoids."
0300,Direct-acting 3/2-way plunger valve,直动式二位三通升降式衔铁阀,电磁阀,General Purpose 3/2 Solenoids,General Purpose 3/2 Solenoids,"Type 300 is a direct-actingplunger-type solenoid valve available in a variety of different circuit functions, to suit there spective application. When energized, the solenoid armature is drawn against a spring. The solenoid epoxy encapsulation efficiently dissipates the heat generated by the coil. The valve is available in brass (stainless steel on request). Electrical connections are DIN-plug ore leads. Specific testing and cleaning and low power versions are available on request.",,General Purpose 3/2 Solenoids,LOW,,CURRENT,CHINA_PAGE_ONLY,https://www.burkert.com/en/type/0300,https://www.burkert.com.cn/cn/type/0300,https://www.burkert.com/en/Media/plm/DTS/DS/ds0300-standard-eu-en.pdf?id=DTS0000000000000001000010921ENA,,2026-06-09,A,"Global official Type page is the product master. China visibility indicates public page/document visibility only, not stock, origin or lead time. Official category paths: Solenoid Valves > General Purpose 3/2 Solenoids | Process and Control Valves > Process Valve Automation > External (Banjo) Pilots."
0301,Direct-acting 3/2-way plunger valve,直动式二位三通升降式衔铁阀,电磁阀,General Purpose 3/2 Solenoids,General Purpose 3/2 Solenoids,"Type 301 is available in a variety of different circuit functions for different applications. When energized, the solenoid armature is drawn against a spring. The flow path through the valve is dependent on the chosen circuit function. The solenoid epoxy encapsulation efficiently dissipates the heat generated by the coil.",,General Purpose 3/2 Solenoids,LOW,,CURRENT,CHINA_PAGE_ONLY,https://www.burkert.com/en/type/0301,https://www.burkert.com.cn/cn/type/0301,https://www.burkert.com/en/Media/plm/DTS/DS/ds0301-standard-eu-en.pdf?id=DTS0000000000000001000010923ENA,,2026-06-09,A,"Global official Type page is the product master. China visibility indicates public page/document visibility only, not stock, origin or lead time. Official category paths: Solenoid Valves > General Purpose 3/2 Solenoids."
0303,Direct-acting 3/2-way plunger valve,直动式二位三通升降式衔铁阀,电磁阀,General Purpose 3/2 Solenoids,General Purpose 3/2 Solenoids,,,General Purpose 3/2 Solenoids,LOW,,CURRENT,CHINA_PAGE_ONLY,https://www.burkert.com/en/type/0303,https://www.burkert.com.cn/cn/type/0303,,,2026-06-09,A,"Global official Type page is the product master. China visibility indicates public page/document visibility only, not stock, origin or lead time. Official category paths: Solenoid Valves > General Purpose 3/2 Solenoids."
0304,Direct-acting 3/2-way plunger valve,直动式二位三通升降式衔铁阀,电磁阀,General Purpose 3/2 Solenoids,General Purpose 3/2 Solenoids,,,General Purpose 3/2 Solenoids,LOW,,CURRENT,CHINA_PAGE_ONLY,https://www.burkert.com/en/type/0304,https://www.burkert.com.cn/cn/type/0304,,,2026-06-09,A,"Global official Type page is the product master. China visibility indicates public page/document visibility only, not stock, origin or lead time. Official category paths: Solenoid Valves > General Purpose 3/2 Solenoids."
0311,Direct-acting 3/2-way plunger valve,直动式二位三通升降式衔铁阀,电磁阀,General Purpose 3/2 Solenoids,General Purpose 3/2 Solenoids,,,General Purpose 3/2 Solenoids,LOW,,CURRENT,CHINA_PAGE_ONLY,https://www.burkert.com/en/type/0311,https://www.burkert.com.cn/cn/type/0311,,,2026-06-09,A,"Global official Type page is the product master. China visibility indicates public page/document visibility only, not stock, origin or lead time. Official category paths: Solenoid Valves > General Purpose 3/2 Solenoids."
0312,Direct-acting 3/2-way plunger valve,直动式二位三通升降式衔铁阀,电磁阀,General Purpose 3/2 Solenoids,General Purpose 3/2 Solenoids,,,General Purpose 3/2 Solenoids,LOW,,CURRENT,CHINA_PAGE_ONLY,https://www.burkert.com/en/type/0312,https://www.burkert.com.cn/cn/type/0312,,,2026-06-09,A,"Global official Type page is the product master. China visibility indicates public page/document visibility only, not stock, origin or lead time. Official category paths: Solenoid Valves > General Purpose 3/2 Solenoids."
0313,Direct-acting 3/2 way lifting armature valve,直动式二位三通升降式衔铁阀,电磁阀,General Purpose 3/2 Solenoids,General Purpose 3/2 Solenoids,,,General Purpose 3/2 Solenoids,LOW,,CURRENT,CHINA_PAGE_ONLY,https://www.burkert.com/en/type/0313,https://www.burkert.com.cn/cn/type/0313,,,2026-06-09,A,"Global official Type page is the product master. China visibility indicates public page/document visibility only, not stock, origin or lead time. Official category paths: Solenoid Valves > General Purpose 3/2 Solenoids."
0330,Direct-acting 2/2 or 3/2-way pivoted armature valve,直动式二位二通或二位三通枢轴电枢阀,电磁阀,General Purpose 2/2 Solenoids,General Purpose 2/2 Solenoids,"The 0330 valve is a direct-acting, media-separated pivoted armature valve. It is available as a 2/2 and 3/2-way variant. As a 3/2-way variant, it can be used as a distributor or mixing valve. Various diaphragm materials and circuit functions are available depending on the actual application. The housing range consists of brass, stainless steel, PEEK and polypropylene. The solenoid coils are moulded with a chemically resistant epoxy. Since the coil system is separated from the medium by a diaphragm, the valve is especially suitable for critical media such as aggressive acids and alkalis. The 0330 is equipped with manual override for start-up and testing. To reduce energy demands, all the coils can be delivered with electronic power reduction or as an impulse variant. The switching status can be indicated via position feedback as a binary or NAMUR signal.",腐蚀性介质,混合,LOW,,CURRENT,CHINA_PAGE_AND_ZH_DATASHEET,https://www.burkert.com/en/type/0330,https://www.burkert.com.cn/cn/type/0330,https://www.burkert.com/en/Media/plm/DTS/DS/ds0330-standard-eu-en.pdf?id=DTS0000000000000001000079488ENAJ,https://www.burkert.com/en/Media/plm/DTS/DS/ds0330-standard-cn-zh.pdf?id=DTS0000000000000001000574583ZHG,2026-06-09,A,"Global official Type page is the product master. China visibility indicates public page/document visibility only, not stock, origin or lead time. Official category paths: Solenoid Valves > General Purpose 2/2 Solenoids | Solenoid Valves > Media Separated | Solenoid Valves > General Purpose 3/2 Solenoids | Solenoid Valves > Hazardous Location Solenoids."
0331,Direct-acting 2/2 or 3/2-way pivoted armature valve,直动式二位二通或二位三通枢轴电枢阀,过程与控制阀,Process Valve Automation > External (Banjo) Pilots,External (Banjo) Pilots,"The 0331 valve is a direct-acting, media-separated pivoted armature valve. It is available as a 2/2 and 3/2-way variant. As a 3/2-way variant, it can be used as a distributor or mixing valve. Various diaphragm materials and circuit functions are available depending on the actual application. Brass, stainless steel, PEEK and polypropylene bodies are offered. The solenoid coils are moulded with a chemically resistant epoxy. Since the coil system is separated from the medium by a diaphragm, the valve is especially suitable for critical media such as aggressive acids and lyes. The 0331 is equipped with manual override for start-up and testing. To reduce energy demands, all the coils can be delivered with electronic power reduction or as an impulse variant. The switching status can be indicated via position feedback as a binary or NAMUR signal.",腐蚀性介质,混合,MEDIUM,,CURRENT,CHINA_PAGE_AND_ZH_DATASHEET,https://www.burkert.com/en/type/0331,https://www.burkert.com.cn/cn/type/0331,https://www.burkert.com/en/Media/plm/DTS/DS/ds0331-standard-eu-en.pdf?id=DTS0000000000000001000010928ENAA,https://www.burkert.com/en/Media/plm/DTS/DS/ds0331-standard-cn-zh.pdf?id=DTS0000000000000001000670650ZHF,2026-06-09,A,"Global official Type page is the product master. China visibility indicates public page/document visibility only, not stock, origin or lead time. Official category paths: Process and Control Valves > Process Valve Automation > External (Banjo) Pilots | Solenoid Valves > General Purpose 2/2 Solenoids | Solenoid Valves > Media Separated | Solenoid Valves > General Purpose 3/2 Solenoids | Process and Control Valves > Shut-off Valves (On/Off) > Pneumatic Control | Solenoid Valves > Hazardous Location Solenoids."
0340,Piston valve 3/2 way servo-assisted,伺服辅助式两位三通活塞电磁阀,电磁阀,General Purpose 3/2 Solenoids,General Purpose 3/2 Solenoids,"The 0340 valve is a servo-assisted 3/2-way piston valve. A minimum differential pressure is required for the valve to function. A maintenance-free, media separated 3/2-way pivoted armature valve (type 0331) is used as a pilot valve. The pivoted armature valve can be easily converted from NC to NO functioning principle by rotating it on the main seat. The solenoid coils are moulded with a chemically resistant epoxy. The 0340 is equipped with manual override for commissioning and testing. For reduced energy requirements all coils can be delivered with electronic power reduction or as an impulse version.. The switching status can be indicated with position feedback as a binary or NAMUR signal. In combination with a plug in accordance with DIN EN 175301-803 Form A, the valves satisfy protection class IP65.",,General Purpose 3/2 Solenoids,LOW,,CURRENT,CHINA_PAGE_ONLY,https://www.burkert.com/en/type/0340,https://www.burkert.com.cn/cn/type/0340,https://www.burkert.com/en/Media/plm/DTS/DS/ds0340-standard-eu-en.pdf?id=DTS0000000000000001000010929ENJ,,2026-06-09,A,"Global official Type page is the product master. China visibility indicates public page/document visibility only, not stock, origin or lead time. Official category paths: Solenoid Valves > General Purpose 3/2 Solenoids | Solenoid Valves > Hazardous Location Solenoids."
0341,Externally controlled 3/2 way servo piston valve,外部控制的二位三通伺服活塞阀,电磁阀,General Purpose 3/2 Solenoids,General Purpose 3/2 Solenoids,,,General Purpose 3/2 Solenoids,LOW,,CURRENT,CHINA_PAGE_ONLY,https://www.burkert.com/en/type/0341,https://www.burkert.com.cn/cn/type/0341,,,2026-06-09,A,"Global official Type page is the product master. China visibility indicates public page/document visibility only, not stock, origin or lead time. Official category paths: Solenoid Valves > General Purpose 3/2 Solenoids."
0343,"3/2 way Solenoid Valve, Pilot Controlled with Pivoted Armature Valve, DN 8-40mm",外部控制的二位三通伺服活塞阀,电磁阀,General Purpose 3/2 Solenoids,General Purpose 3/2 Solenoids,"The pilot-controlled 3/2-way valve Type 0343 with a smoothly operating servo-piston requires no differential pressure for complete opening and closing.A 3/2-way pilot valve (Pivoted armature valve) ensures safe and reliable operation. It is available in circuit function C and D. The externally controlled valve, Type 0343, requires auxiliary pilot air of at least 2 bar above the operating pressure.",空气,General Purpose 3/2 Solenoids,LOW,,CURRENT,CHINA_PAGE_ONLY,https://www.burkert.com/en/type/0343,https://www.burkert.com.cn/cn/type/0343,https://www.burkert.com/en/Media/plm/DTS/DS/ds0343-standard-eu-en.pdf?id=DTS0000000000000001000219736ENC,,2026-06-09,A,"Global official Type page is the product master. China visibility indicates public page/document visibility only, not stock, origin or lead time. Official category paths: Solenoid Valves > General Purpose 3/2 Solenoids."
0344,Piston valve 3/2 way servo-assisted,伺服辅助式两位三通活塞电磁阀,电磁阀,General Purpose 3/2 Solenoids,General Purpose 3/2 Solenoids,"The 0344 valve is a servo-assisted 3/2-way piston valve. A minimum differential pressure is required for the valve to function. A maintenance-free, media separated 3/2-way pivoted armature valve (type 0331) is used as a pilot valve. The pivoted armature valve can be easily converted from NC to NO functioning principle by rotating it on the main seat. The solenoid coils are moulded with a chemically resistant epoxy. The 0344 is equipped with manual override for commissioning and testing. For reduced energy requirements all coils can be delivered with electronic power reduction or as an impulse version.. The switching status can be indicated with position feedback as a binary or NAMUR signal. In combination with a plug in accordance with DIN EN 175301-803 Form A, the valves satisfy protection class IP65.",,General Purpose 3/2 Solenoids,LOW,,CURRENT,CHINA_PAGE_ONLY,https://www.burkert.com/en/type/0344,https://www.burkert.com.cn/cn/type/0344,https://www.burkert.com/en/Media/plm/DTS/DS/ds0344-standard-eu-en.pdf?id=DTS0000000000000001000010930ENH,,2026-06-09,A,"Global official Type page is the product master. China visibility indicates public page/document visibility only, not stock, origin or lead time. Official category paths: Solenoid Valves > General Purpose 3/2 Solenoids."
0355,Plunger valve 3/2-way direct-acting,直动式二位三通升降式衔铁阀,电磁阀,Steam Solenoid Valves,Steam Solenoid Valves,"Direct-acting plunger solenoid valve Type 0355 for controlling hot media such as steams, oils and gases.",气体；蒸汽；液体,Steam Solenoid Valves,LOW,,CURRENT,CHINA_PAGE_ONLY,https://www.burkert.com/en/type/0355,https://www.burkert.com.cn/cn/type/0355,https://www.burkert.com/en/Media/plm/DTS/DS/ds0355-standard-eu-en.pdf?id=DTS0000000000000001000010931ENM,,2026-06-09,A,"Global official Type page is the product master. China visibility indicates public page/document visibility only, not stock, origin or lead time. Official category paths: Solenoid Valves > Steam Solenoid Valves | Solenoid Valves > General Purpose 3/2 Solenoids."
0375,2/2 or 3/2-way pneumatic rocker valve,2 位 2 通或 2 位 3 通气动摇臂阀,微流体产品与泵,2/2 and 3/2 way Micro Solenoids > Not media separated,Not media separated,"The direct-acting rocker solenoid valves Type 375 are designed, in particular, for use with neutral gaseous media. The valves can be directly, individually or manifold mounted. They are used for dosing, filling, mixing and distributing tasks.",气体；液体/气体；中性介质,定量/加注；混合,MEDIUM,实验室/分析及精密定量,CURRENT,CHINA_PAGE_ONLY,https://www.burkert.com/en/type/0375,https://www.burkert.com.cn/cn/type/0375,,,2026-06-09,A,"Global official Type page is the product master. China visibility indicates public page/document visibility only, not stock, origin or lead time. Official category paths: Microfluidics Products and Pumps > 2/2 and 3/2 way Micro Solenoids > Not media separated."
0400,Piston valve 2/2-way servo-assisted,伺服控制的二位二通活塞阀,电磁阀,General Purpose 2/2 Solenoids,General Purpose 2/2 Solenoids,,,General Purpose 2/2 Solenoids,LOW,,CURRENT,CHINA_PAGE_ONLY,https://www.burkert.com/en/type/0400,https://www.burkert.com.cn/cn/type/0400,,,2026-06-09,A,"Global official Type page is the product master. China visibility indicates public page/document visibility only, not stock, origin or lead time. Official category paths: Solenoid Valves > General Purpose 2/2 Solenoids."
0404,Servo-assisted 2/2 way piston valve,伺服辅助式两位两通活塞电磁阀,电磁阀,General Purpose 2/2 Solenoids,General Purpose 2/2 Solenoids,"The 0404 valve is a servo-assisted piston valve available in both NC and NO versions. A minimum differential pressure is required for the valve switching function. The standard brass housing satisfies all European drinking water requirements. The solenoid coils are moulded with a chemically resistant epoxy. The process connections are available both as threaded and flanged connections. In combination with a plug in accordance with DIN EN 175301-803 Form A, the valves satisfy protection class IP65.",水,General Purpose 2/2 Solenoids,LOW,,CURRENT,CHINA_PAGE_ONLY,https://www.burkert.com/en/type/0404,https://www.burkert.com.cn/cn/type/0404,,,2026-06-09,A,"Global official Type page is the product master. China visibility indicates public page/document visibility only, not stock, origin or lead time. Official category paths: Solenoid Valves > General Purpose 2/2 Solenoids."
0406,Piston valve 2/2 way servo-assisted,伺服控制的二位二通活塞阀,电磁阀,Steam Solenoid Valves,Steam Solenoid Valves,Type 0406 is a pilot controlled solenoid valve with servo-piston and is suitable for media up to 356°F (+180°C). A minimum differential pressure of 14.5 PSI is required to fully open the valve.The valve is closed by its own media pressure and spring force without power supply.,蒸汽,Steam Solenoid Valves,LOW,,CURRENT,CHINA_PAGE_ONLY,https://www.burkert.com/en/type/0406,https://www.burkert.com.cn/cn/type/0406,https://www.burkert.com/en/Media/plm/DTS/DS/ds0406-standard-eu-en.pdf?id=DTS0000000000000001000010932END,,2026-06-09,A,"Global official Type page is the product master. China visibility indicates public page/document visibility only, not stock, origin or lead time. Official category paths: Solenoid Valves > Steam Solenoid Valves | Solenoid Valves > General Purpose 2/2 Solenoids."
0407,Piston valve 2/2 way servo-assisted,伺服控制的二位二通活塞阀,电磁阀,Steam Solenoid Valves,Steam Solenoid Valves,"The Type 0407 is a pilot controlled solenoid valve with servo-piston and forced valve lifting, and is suitable for media temperatures up to+180°C. The valve opens without differential pressure from zero bar, and is closed by its own media pressure and spring force without power supply.",蒸汽,Steam Solenoid Valves,LOW,,CURRENT,CHINA_PAGE_ONLY,https://www.burkert.com/en/type/0407,https://www.burkert.com.cn/cn/type/0407,https://www.burkert.com/en/Media/plm/DTS/DS/ds0407-standard-eu-en.pdf?id=DTS0000000000000001000010933END,,2026-06-09,A,"Global official Type page is the product master. China visibility indicates public page/document visibility only, not stock, origin or lead time. Official category paths: Solenoid Valves > Steam Solenoid Valves | Solenoid Valves > General Purpose 2/2 Solenoids."
0450,3/2 or 5/2 way Spool Valve,二位三通和二位五通活塞滑阀,气动与过程接口,Pneumatic Valves > 3/2 way valves,3/2 way valves,,,Pneumatic Valves > 3/2 way valves,MEDIUM,制药设备气动自动化,CURRENT,CHINA_PAGE_ONLY,https://www.burkert.com/en/type/0450,https://www.burkert.com.cn/cn/type/0450,https://www.burkert.com/en/Media/plm/DTS/DS/ds0450-eexi-eu-en.pdf?id=DTS0000000000000001000010935ENA,,2026-06-09,A,"Global official Type page is the product master. China visibility indicates public page/document visibility only, not stock, origin or lead time. Official category paths: Pneumatics and Process Interfaces > Pneumatic Valves > 3/2 way valves | Pneumatics and Process Interfaces > Pneumatic Valves > 5/2 way valves."
0460,5/2-way pulse or 5/3-way solenoid valve for pneumatic applications,用于气动系统的两位五通脉冲电磁阀或者三位五通电磁阀,气动与过程接口,Pneumatic Valves > 5/3 way valves,5/3 way valves,The pilot valve Type 0460 consists of a pilot control solenoid valve with double coil and pneumatic slide valve. The principle allows the switching of high pressures together with low power consumption and fast switching times. All valves are equipped with a manual override as a standard.,,Pneumatic Valves > 5/3 way valves,MEDIUM,制药设备气动自动化,CURRENT,CHINA_PAGE_ONLY,https://www.burkert.com/en/type/0460,https://www.burkert.com.cn/cn/type/0460,https://www.burkert.com/en/Media/plm/DTS/DS/ds0460-standard-eu-en.pdf?id=DTS0000000000000001000187175ENG,,2026-06-09,A,"Global official Type page is the product master. China visibility indicates public page/document visibility only, not stock, origin or lead time. Official category paths: Pneumatics and Process Interfaces > Pneumatic Valves > 5/3 way valves | Pneumatics and Process Interfaces > Pneumatic Valves > 5/2 way valves."
0461,5/2-way pulse and 5/3-way solenoid valve for pneumatic applications,用于气动系统的两位五通脉冲电磁阀和三位五通电磁阀,气动与过程接口,Pneumatic Valves > 5/3 way valves,5/3 way valves,The pilot valve Type 0461 consists of a pilot control solenoid valve with double coil and pneumatic slide valve. The principle allows the switching of high pressures together with low power consumption and fast switching times. All valves are equipped with a manual override as a standard.,,Pneumatic Valves > 5/3 way valves,MEDIUM,制药设备气动自动化,CURRENT,CHINA_PAGE_ONLY,https://www.burkert.com/en/type/0461,https://www.burkert.com.cn/cn/type/0461,https://www.burkert.com/en/Media/plm/DTS/DS/ds0461-standard-eu-en.pdf?id=DTS0000000000000001000187176END,,2026-06-09,A,"Global official Type page is the product master. China visibility indicates public page/document visibility only, not stock, origin or lead time. Official category paths: Pneumatics and Process Interfaces > Pneumatic Valves > 5/3 way valves | Pneumatics and Process Interfaces > Pneumatic Valves > 5/2 way valves."
0470,3/2-way or 4/2-way solenoid valve,二位三通或二位四通电磁阀,气动与过程接口,Pneumatic Valves > 3/2 way valves,3/2 way valves,,,Pneumatic Valves > 3/2 way valves,MEDIUM,制药设备气动自动化,CURRENT,CHINA_PAGE_ONLY,https://www.burkert.com/en/type/0470,https://www.burkert.com.cn/cn/type/0470,,,2026-06-09,A,"Global official Type page is the product master. China visibility indicates public page/document visibility only, not stock, origin or lead time. Official category paths: Pneumatics and Process Interfaces > Pneumatic Valves > 3/2 way valves | Pneumatics and Process Interfaces > Pneumatic Valves > 4/2 way valves."
0498,Double pilot controlled check valve for realising 5/3-way function with all ports blocked,三位五通带双止回阀,气动与过程接口,Accessories > Double Check Valve,Double Check Valve,"Two check valves are integrated in Type 0498. If this double pilot controlled check valve is combined with two 3/2-way valves, a 5/3-way function with all parts blocked (circuit function L) can then be released.",,Accessories > Double Check Valve,MEDIUM,制药设备气动自动化,CURRENT,CHINA_PAGE_ONLY,https://www.burkert.com/en/type/0498,https://www.burkert.com.cn/cn/type/0498,https://www.burkert.com/en/Media/plm/DTS/DS/ds0498-standard-eu-en.pdf?id=DTS0000000000000001000085808ENE,,2026-06-09,A,"Global official Type page is the product master. China visibility indicates public page/document visibility only, not stock, origin or lead time. Official category paths: Pneumatics and Process Interfaces > Accessories > Double Check Valve."
0641,Direct-acting 2/2 way lifting armature valve,直动式二位二通升降式衔铁阀,电磁阀,General Purpose 2/2 Solenoids,General Purpose 2/2 Solenoids,,,General Purpose 2/2 Solenoids,LOW,,CURRENT,CHINA_PAGE_ONLY,https://www.burkert.com/en/type/0641,https://www.burkert.com.cn/cn/type/0641,https://www.burkert.com/en/Media/plm/DTS/DS/ds0641-atexversion-eu-en.pdf?id=DTS0000000000000001000219035ENF,,2026-06-09,A,"Global official Type page is the product master. China visibility indicates public page/document visibility only, not stock, origin or lead time. Official category paths: Solenoid Valves > General Purpose 2/2 Solenoids."
0643,Direct-acting 3/2 way lifting armature valve,直动式二位二通升降式衔铁阀,电磁阀,General Purpose 2/2 Solenoids,General Purpose 2/2 Solenoids,,,General Purpose 2/2 Solenoids,LOW,,CURRENT,CHINA_PAGE_ONLY,https://www.burkert.com/en/type/0643,https://www.burkert.com.cn/cn/type/0643,https://www.burkert.com/en/Media/plm/DTS/DS/ds0643-0653atexv.-eu-en.pdf?id=DTS0000000000000001000219162ENA,,2026-06-09,A,"Global official Type page is the product master. China visibility indicates public page/document visibility only, not stock, origin or lead time. Official category paths: Solenoid Valves > General Purpose 2/2 Solenoids | Solenoid Valves > General Purpose 3/2 Solenoids."
0644,Direct-acting 3/2 way lifting armature valve,直动式二位二通升降式衔铁阀,电磁阀,General Purpose 3/2 Solenoids,General Purpose 3/2 Solenoids,,,General Purpose 3/2 Solenoids,LOW,,CURRENT,CHINA_PAGE_ONLY,https://www.burkert.com/en/type/0644,https://www.burkert.com.cn/cn/type/0644,,,2026-06-09,A,"Global official Type page is the product master. China visibility indicates public page/document visibility only, not stock, origin or lead time. Official category paths: Solenoid Valves > General Purpose 3/2 Solenoids | Solenoid Valves > General Purpose 2/2 Solenoids."
0780,Direct-acting 2/2 or 3/2 way pivoted armature valve,直动式二位三通旋启式衔铁阀,电磁阀,General Purpose 2/2 Solenoids,General Purpose 2/2 Solenoids,"The Type 780 is a direct-acting 2/2 or 3/2- way pivoted armature solenoid valve with EXApprovalsIt has a long lifespan, also for non-lubricated conditions. The magnetic system and the media chamber are separated from one another by a separating diaphragm system. Type 780 is supplied with diferent circuit functions, is very versatile and can be used for opening, locking, feeding, aerating, mixing and distribution.It is suitable for neutral abrasive and slightly contaminated mediumswith stainless steel housing for aggressive media.",腐蚀性介质；中性介质,混合,LOW,,CURRENT,CHINA_PAGE_ONLY,https://www.burkert.com/en/type/0780,https://www.burkert.com.cn/cn/type/0780,https://www.burkert.com/en/Media/plm/DTS/DS/ds0780-eexed-eu-en.pdf?id=DTS0000000000000001000010947ENF,,2026-06-09,A,"Global official Type page is the product master. China visibility indicates public page/document visibility only, not stock, origin or lead time. Official category paths: Solenoid Valves > General Purpose 2/2 Solenoids | Solenoid Valves > Media Separated | Solenoid Valves > General Purpose 3/2 Solenoids."
0788,Direct-acting 2/2 or 3/2 way pivoted armature valve,直动式二位三通旋启式衔铁阀,电磁阀,Media Separated,Media Separated,,,Media Separated,LOW,,CURRENT,CHINA_PAGE_ONLY,https://www.burkert.com/en/type/0788,https://www.burkert.com.cn/cn/type/0788,,,2026-06-09,A,"Global official Type page is the product master. China visibility indicates public page/document visibility only, not stock, origin or lead time. Official category paths: Solenoid Valves > Media Separated."
0789,Direct-acting 2/2 or 3/2 way pivoted armature valve,直动式二位三通旋启式衔铁阀,电磁阀,Media Separated,Media Separated,,,Media Separated,LOW,,CURRENT,CHINA_PAGE_ONLY,https://www.burkert.com/en/type/0789,https://www.burkert.com.cn/cn/type/0789,,,2026-06-09,A,"Global official Type page is the product master. China visibility indicates public page/document visibility only, not stock, origin or lead time. Official category paths: Solenoid Valves > Media Separated | Solenoid Valves > General Purpose 2/2 Solenoids | Solenoid Valves > General Purpose 3/2 Solenoids."
1054,Device plug,电缆插头,电磁阀,Accessories > Cable Plugs,Cable Plugs,,,Accessories > Cable Plugs,LOW,,CURRENT,CHINA_PAGE_ONLY,https://www.burkert.com/en/type/1054,https://www.burkert.com.cn/cn/type/1054,,,2026-06-09,A,"Global official Type page is the product master. China visibility indicates public page/document visibility only, not stock, origin or lead time. Official category paths: Solenoid Valves > Accessories > Cable Plugs."
1060,Electrical position feedback for pneumatically operated process valves,适用于气动过程阀的位置反馈器,过程与控制阀,Accessories > Position Feedback,Position Feedback,"The electrical position feedback Type 1060 is designed for integrated mounting on CLASSIC Series process valves. Due to its simple and a very compact design, the position feedback can easily be mounted on a valve. Depending on the switch type of the electrical position feedback, the positions of the valve are reported electrically: open, closed.",,Accessories > Position Feedback,MEDIUM,,CURRENT,CHINA_PAGE_ONLY,https://www.burkert.com/en/type/1060,https://www.burkert.com.cn/cn/type/1060,https://www.burkert.com/en/Media/plm/DTS/DS/ds1060-standard-eu-en.pdf?id=DTS0000000000000001000282018END,,2026-06-09,A,"Global official Type page is the product master. China visibility indicates public page/document visibility only, not stock, origin or lead time. Official category paths: Process and Control Valves > Accessories > Position Feedback."
1061,Position feedback unit for pneumatic rotary actuators,适用于气动摆动执行机构的位置反馈器,过程与控制阀,Accessories > Position Feedback,Position Feedback,"Type 1061 combines the functions of a position feedback indicator and a solenoid valve in one box. It can also be ideally combined with the Type 2051 and 2052 rotary actuators (and/or with the Type 8805 system). Type 1061 is available with different variants of limit switches (micro switches, inductive sensors) and solenoid valves (3/2-way, 5/2-way and without solenoid valve). ATEX variants and variants with ASi fieldbus connection are also available. Requirements for a wide variety of applications and processes can be met due to multiple variants.",,Accessories > Position Feedback,MEDIUM,,CURRENT,CHINA_PAGE_ONLY,https://www.burkert.com/en/type/1061,https://www.burkert.com.cn/cn/type/1061,https://www.burkert.com/en/Media/plm/DTS/DS/ds1061-standard-eu-en.pdf?id=DTS0000000000000001000275088ENT,,2026-06-09,A,"Global official Type page is the product master. China visibility indicates public page/document visibility only, not stock, origin or lead time. Official category paths: Process and Control Valves > Accessories > Position Feedback | Process and Control Valves > Process Valve Automation > ON/OFF | Process and Control Valves > Shut-off Valves (On/Off) > Pneumatic Control | Process and Control Valves > Shut-off Valves (On/Off) > Ball Valves > Pneumatic | Process and Control Valves > Shut-off Valves (On/Off) > Butterfly Valves > Pneumatic | Industrial Communication > ASi > ASi capable products."
1077,Control Unit,显示和编程模块,电磁阀,Accessories > Timers,Timers,,,Accessories > Timers,LOW,,CURRENT,CHINA_PAGE_ONLY,https://www.burkert.com/en/type/1077,https://www.burkert.com.cn/cn/type/1077,https://www.burkert.com/en/Media/plm/DTS/DS/ds1077-2-eu-en.pdf?id=DTS0000000000000001000010951ENA,,2026-06-09,A,"Global official Type page is the product master. China visibility indicates public page/document visibility only, not stock, origin or lead time. Official category paths: Solenoid Valves > Accessories > Timers."
1078,Timer Unit,适合电磁阀的时间控制装置,电磁阀,Accessories > Timers,Timers,"The Type 1078–1 works on the basis of amicro–processor, and is used for the control of the cycle times of solenoid valves. Up to four different switching time cycles can be set up. The controller is plugged onto the tag connector of the solenoid valve using the integrated instrument socket according to DIN 43650 Form A. The setting of the program and the cycle times is carried out using DIP switches and potentiometers. The availability of mains voltage and the switch status is shown on 2 LEDs.",,Accessories > Timers,LOW,,CURRENT,CHINA_PAGE_ONLY,https://www.burkert.com/en/type/1078,https://www.burkert.com.cn/cn/type/1078,https://www.burkert.com/en/Media/plm/DTS/DS/ds1078-mechanical-eu-en.pdf?id=DTS0000000000000001000010952ENE,,2026-06-09,A,"Global official Type page is the product master. China visibility indicates public page/document visibility only, not stock, origin or lead time. Official category paths: Solenoid Valves > Accessories > Timers."
1087,"Timer, form A according to DIN EN 175301-803",定时器,电磁阀,Accessories > Timers,Timers,Solenoid valve timer Type 1087 from Bürkert ➤ Define the switching time of your solenoid valves now. Degree of protection IP65 Digital or analogue variant,,Accessories > Timers,LOW,,CURRENT,CHINA_PAGE_ONLY,https://www.burkert.com/en/type/1087,https://www.burkert.com.cn/cn/type/1087,https://www.burkert.com/en/Media/plm/DTS/DS/ds1087-standard-eu-en.pdf?id=DTS0000000000000001000391602ENI,,2026-06-09,A,"Global official Type page is the product master. China visibility indicates public page/document visibility only, not stock, origin or lead time. Official category paths: Solenoid Valves > Accessories > Timers."
1500,INSERTION fitting for flow or analytical measurements (please see data sheet Type S020),用于流量或分析测量的 INSERTION 配件（参见 S020 型的数据页）,传感器、变送器与控制器,Flow > Flow Fittings / Armature,Flow Fittings / Armature,,,Flow > Flow Fittings / Armature,MEDIUM,,CURRENT,CHINA_PAGE_ONLY,https://www.burkert.com/en/type/1500,https://www.burkert.com.cn/cn/type/1500,,,2026-06-09,A,"Global official Type page is the product master. China visibility indicates public page/document visibility only, not stock, origin or lead time. Official category paths: Sensors, Transmitters and Controllers > Flow > Flow Fittings / Armature | Sensors, Transmitters and Controllers > Armatures for Analysis Sensors."
1501,INSERTION fitting for flow or analytical measurements (see data sheet Type S020),用于流量或分析测量的 INSERTION 配件（参见 S020 型的数据页）,传感器、变送器与控制器,Flow > Flow Fittings / Armature,Flow Fittings / Armature,,,Flow > Flow Fittings / Armature,MEDIUM,,CURRENT,CHINA_PAGE_ONLY,https://www.burkert.com/en/type/1501,https://www.burkert.com.cn/cn/type/1501,,,2026-06-09,A,"Global official Type page is the product master. China visibility indicates public page/document visibility only, not stock, origin or lead time. Official category paths: Sensors, Transmitters and Controllers > Flow > Flow Fittings / Armature | Sensors, Transmitters and Controllers > Armatures for Analysis Sensors."
1573,Primary clocked power supply unit,主开关电源,附加产品,Various Components,Various Components,"Efficient, primary clocked power supply unit in a slimline plastic valve body. Strength and flexibility terms of application, but nevertheless light and compact. The power supply units are suitable for a wide range of applications in measurement and control technology as well as in industrial and building automation. The output voltage is easily set using the rotary potentiometer on the front of the body. The DIN rail mounting and push-in terminal blocks enable fast and secure installation.",,Various Components,LOW,,CURRENT,CHINA_PAGE_ONLY,https://www.burkert.com/en/type/1573,https://www.burkert.com.cn/cn/type/1573,https://www.burkert.com/en/Media/plm/DTS/DS/ds1573-standard-eu-en.pdf?id=DTS0000000000000001000252581ENL,,2026-06-09,A,"Global official Type page is the product master. China visibility indicates public page/document visibility only, not stock, origin or lead time. Official category paths: Additional Products > Various Components."
2000,Pneumatically operated angle seat valve - Bürkert,气动二位二通 CLASSIC 座阀,过程与控制阀,Shut-off Valves (On/Off) > Angle Seat Valves > Pneumatic,Pneumatic,"The externally controlled angle seat valve consists of a pneumatically operated piston actuator and a 2-way valve body. The actuator is available in two different materials, PA or PPS, depending on the ambient temperature. The proven, self-adjusting packing gland guarantees a high degree of tightness. The flow-optimised 2/2-way valve bodies from red brass or stainless steel investment casting enable high volume flow rates. These maintenance-free and robust valves can be retrofitted with a comprehensive range of accessories for position indication, stroke limitation or manual override.",,Shut-off Valves (On/Off) > Angle Seat Valves > Pneumatic,MEDIUM,CIP/SIP辅助回路及洁净公用工程,CURRENT,CHINA_PAGE_AND_ZH_DATASHEET,https://www.burkert.com/en/type/2000,https://www.burkert.com.cn/cn/type/2000,https://www.burkert.com/en/Media/plm/DTS/DS/ds2000-standard-eu-en.pdf?id=DTS0000000000000001000444947ENAD,https://www.burkert.com/en/Media/plm/DTS/DS/ds2000-standard-cn-zh.pdf?id=DTS0000000000000001000357095ZHL,2026-06-09,A,"Global official Type page is the product master. China visibility indicates public page/document visibility only, not stock, origin or lead time. Official category paths: Process and Control Valves > Shut-off Valves (On/Off) > Angle Seat Valves > Pneumatic."
2002,Pneumatically operated 3/2 way globe valve CLASSIC,气动操作的二位三通阀,过程与控制阀,Shut-off Valves (On/Off) > Globe Valves > Pneumatic,Pneumatic,The pneumatically operated 3-way valve is operated with a piston actuator. The standard actuator material is PA. For high ambient temperatures (eg external sterilization) PPS is available on request for temperatures upto 140º. High flow rates are attained with the gunmetal 3-way body. The reliable selfadjusting packing gland provides high sealingintegrity.Various fluidic circuit functions can be obtained by a simple exchange of the pressure andservice ports.These maintenance-free and robust valves can be retro-fitted with a comprehensive range of accessories for position indication or manual override.,液体/气体,Shut-off Valves (On/Off) > Globe Valves > Pneumatic,MEDIUM,,CURRENT,CHINA_PAGE_ONLY,https://www.burkert.com/en/type/2002,https://www.burkert.com.cn/cn/type/2002,https://www.burkert.com/en/Media/plm/DTS/DS/ds2002-32way-eu-en.pdf?id=DTS0000000000000001000010967ENJ,,2026-06-09,A,"Global official Type page is the product master. China visibility indicates public page/document visibility only, not stock, origin or lead time. Official category paths: Process and Control Valves > Shut-off Valves (On/Off) > Globe Valves > Pneumatic | Process and Control Valves > Shut-off Valves (On/Off) > 3-Way Process Valves."
2006,Pneumatically operated 3/2-way seat valve CLASSIC,CLASSIC 两位三通气动座阀,过程与控制阀,Shut-off Valves (On/Off) > 3-Way Process Valves,3-Way Process Valves,"The Bürkert 3/2-way seat valve Type 2006 consists of a pneumatically operated CLASSIC actuator and a 3-way valve body. The actuator is available in two different materials, PA or PPS, depending on the ambient temperature. Interchanging of pressure and working connections enables different fluidic control functions, such as the mixing or distributing of media. The flow-optimised valve body Type 2006 allows excellent flow values. The tried-and-tested self-adjusting packing gland secures a high level of tightness and thus ensures reliable operation over years. The 3-way valve Type 2006 is controlled by a pilot valve or by centralised automation using a valve island. It can be equipped easily with electrical position feedback. For the user, the compact Type 2006 is thus often an economic alternative instead of two single shut-off valves.",液体/气体,混合,MEDIUM,,CURRENT,CHINA_PAGE_AND_ZH_DATASHEET,https://www.burkert.com/en/type/2006,https://www.burkert.com.cn/cn/type/2006,https://www.burkert.com/en/Media/plm/DTS/DS/ds2006-classic-eu-en.pdf?id=DTS0000000000000001000257612ENL,https://www.burkert.com/en/Media/plm/DTS/DS/ds2006-classic-cn-zh.pdf?id=DTS0000000000000001000546232ZHC,2026-06-09,A,"Global official Type page is the product master. China visibility indicates public page/document visibility only, not stock, origin or lead time. Official category paths: Process and Control Valves > Shut-off Valves (On/Off) > 3-Way Process Valves | Process and Control Valves > Shut-off Valves (On/Off) > Globe Valves > Pneumatic."
2012,Pneumatically operated 2/2-way globe valve CLASSIC,气动操作的二位二通直座阀,过程与控制阀,Shut-off Valves (On/Off) > Globe Valves > Pneumatic,Pneumatic,"The externally piloted globe valve consists of a pneumatically operated piston actuator and a 2/2-way valve body. The actuator is made of PA or, for special operating conditions, PPS. The reliable self-adjusting packing gland provides high sealing integrity. These maintenance-free and robust valves can be retro-fitted with a comprehensive range of accessories for position indication, stroke limitation or manual override.",,Shut-off Valves (On/Off) > Globe Valves > Pneumatic,MEDIUM,,CURRENT,CHINA_PAGE_AND_ZH_DATASHEET,https://www.burkert.com/en/type/2012,https://www.burkert.com.cn/cn/type/2012,https://www.burkert.com/en/Media/plm/DTS/DS/ds2012-globevalve-eu-en.pdf?id=DTS0000000000000001000010970ENAR,https://www.burkert.com/en/Media/plm/DTS/DS/ds2012-standard-cn-zh.pdf?id=DTS0000000000000001000546251ZHK,2026-06-09,A,"Global official Type page is the product master. China visibility indicates public page/document visibility only, not stock, origin or lead time. Official category paths: Process and Control Valves > Shut-off Valves (On/Off) > Globe Valves > Pneumatic."
2030,2/2-way diaphragm valve with pneumatic plastic actuator,带气动塑料执行机构的二位二通隔膜阀（CLASSIC 型）,过程与控制阀,Shut-off Valves (On/Off) > Diaphragm Valves > Pneumatic,Pneumatic,"The externally controlled diaphragm valve Type 2030/2031 consists of a pneumatically operated piston actuator, a diaphragm and a 2-way valve body. The proven and robust actuator with plastic valve body ensures reliable operation in hygienic or aggressive environments. The flow-optimised valve body with minimal dead space enables high volume flow rates and a wide range of possible applications. The valve body and the diaphragms are available in all common materials and versions. The actuator has a compact, autoclavable design (PPS variant). The integration of automation units 8690/8697 is possible at all levels of expansion (can be retrofitted). An explosion-proof ATEX/IECEx device variant is available. The diaphragm bonnet is available in either plastic or stainless steel. The actuator is equipped with an integrated, optical position indicator as standard, optionally a min./max. stroke limiter can be installed.",腐蚀性介质,卫生过程,HIGH,无菌输送/隔离；CIP/SIP；制药用水,CURRENT,CHINA_PAGE_AND_ZH_DATASHEET,https://www.burkert.com/en/type/2030,https://www.burkert.com.cn/cn/type/2030,https://www.burkert.com/en/Media/plm/DTS/DS/ds2030-classic-eu-en.pdf?id=DTS0000000000000001000450587ENR,https://www.burkert.com/en/Media/plm/DTS/DS/ds2030-classic-cn-zh.pdf?id=DTS0000000000000001000547355ZHC,2026-06-09,A,"Global official Type page is the product master. China visibility indicates public page/document visibility only, not stock, origin or lead time. Official category paths: Process and Control Valves > Shut-off Valves (On/Off) > Diaphragm Valves > Pneumatic | Process and Control Valves > Hygienic / Pharma / Hydrogen / Speciality Process Valves > Diaphragm Valves > Pneumatic."
2031,2/2-way diaphragm valve with pneumatic plastic actuator (Type CLASSIC),带气动塑料驱动器的两位两通隔膜阀（CLASSIC 型）,过程与控制阀,Shut-off Valves (On/Off) > Diaphragm Valves > Pneumatic,Pneumatic,"The externally controlled diaphragm valve Type 2031/2030 consists of a pneumatically operated piston actuator, a diaphragm and a 2-way valve body. The proven and robust actuator with a plastic housing ensures use in hygienic or aggressive ambient conditions. The flow-efficient valve bodies with little dead space enable high flow rates and a wide range of possible uses. The valve body and the diaphragm are available in all common materials and variants. The actuator has a compact, autoclavable design (PPS variant). The integration of the automation units 8690/8697 is possible in all configuration levels (can be retrofitted). An explosion-proof ATEX / IECEx device variant is available. The add-on body is optionally available in plastic or stainless steel. The actuator is equipped with an integrated, optical position indicator as standard, optionally a minimum/maximum stroke limiter can be installed.",腐蚀性介质,卫生过程,HIGH,无菌输送/隔离；CIP/SIP；制药用水,CURRENT,CHINA_PAGE_ONLY,https://www.burkert.com/en/type/2031,https://www.burkert.com.cn/cn/type/2031,,,2026-06-09,A,"Global official Type page is the product master. China visibility indicates public page/document visibility only, not stock, origin or lead time. Official category paths: Process and Control Valves > Shut-off Valves (On/Off) > Diaphragm Valves > Pneumatic | Process and Control Valves > Hygienic / Pharma / Hydrogen / Speciality Process Valves > Diaphragm Valves > Pneumatic."
2032,T-diaphragm valve with pneumatic plastic actuator (Type CLASSIC),带气动塑料驱动器的 T 型隔膜阀（CLASSIC 型）,过程与控制阀,Shut-off Valves (On/Off) > Diaphragm Valves > Pneumatic,Pneumatic,"The externally controlled diaphragm valve Type 2032 consists of a pneumatically operated piston actuator, a diaphragm and a T-valve body. The proven and robust actuator with a plastic housing ensures use in hygienic or aggressive ambient conditions. The flow-efficient valve bodies with little dead space enable high flow rates and a wide range of possible uses. The valve body and the diaphragm are available in all common materials and variants. The actuator has a compact, autoclavable design (PPS variant). The integration of the automation units Type 8690/8697 is possible in all configuration levels (can be retrofitted). An explosion-proof ATEX/IECEx device variant is available. The add-on body is optionally available in plastic or stainless steel. The actuator is equipped with an integrated, optical position indicator as standard, optionally a minimum/maximum stroke limiter can be installed.",腐蚀性介质,卫生过程,HIGH,无菌输送/隔离；CIP/SIP；制药用水,CURRENT,CHINA_PAGE_AND_ZH_DATASHEET,https://www.burkert.com/en/type/2032,https://www.burkert.com.cn/cn/type/2032,https://www.burkert.com/en/Media/plm/DTS/DS/ds2032-classic-eu-en.pdf?id=DTS0000000000000001000450589ENL,https://www.burkert.com/en/Media/plm/DTS/DS/ds2032-standard-cn-zh.pdf?id=DTS0000000000000001000666047ZHD,2026-06-09,A,"Global official Type page is the product master. China visibility indicates public page/document visibility only, not stock, origin or lead time. Official category paths: Process and Control Valves > Shut-off Valves (On/Off) > Diaphragm Valves > Pneumatic | Process and Control Valves > Hygienic / Pharma / Hydrogen / Speciality Process Valves > T-valves | Process and Control Valves > Hygienic / Pharma / Hydrogen / Speciality Process Valves > Diaphragm Valves > Pneumatic."
2033,Tank bottom diaphragm valve with pneumatic plastic actuator (Type CLASSIC),带气动塑料驱动器的罐底隔膜阀（CLASSIC 型）,过程与控制阀,Hygienic / Pharma / Hydrogen / Speciality Process Valves > Tank Bottom Valves,Tank Bottom Valves,"The externally controlled diaphragm valve Type 2033 consists of a pneumatically operated piston actuator, a diaphragm and a tank bottom valve body. The proven and robust actuator with a plastic housing ensures use in hygienic or aggressive ambient conditions. The flow-efficient valve bodies with little dead space enable high flow rates and a wide range of possible uses. The valve body and the diaphragm are available in all common materials and variants. The actuator has a compact, autoclavable design (PPS variant). The integration of the automation units Type 8690/8697 is possible in all configuration levels (can be retrofitted). An explosion-proof ATEX/IECEx device variant is available. The add-on body is optionally available in plastic or stainless steel. The actuator is equipped with an integrated, optical position indicator as standard, optionally a minimum/maximum stroke limiter can be installed.",腐蚀性介质,卫生过程；制药,HIGH,无菌输送/隔离；CIP/SIP；制药用水,CURRENT,CHINA_PAGE_AND_ZH_DATASHEET,https://www.burkert.com/en/type/2033,https://www.burkert.com.cn/cn/type/2033,https://www.burkert.com/en/Media/plm/DTS/DS/ds2033-classic-eu-en.pdf?id=DTS0000000000000001000450595ENM,https://www.burkert.com/en/Media/plm/DTS/DS/ds2033-standard-cn-zh.pdf?id=DTS0000000000000001000672522ZHC,2026-06-09,A,"Global official Type page is the product master. China visibility indicates public page/document visibility only, not stock, origin or lead time. Official category paths: Process and Control Valves > Hygienic / Pharma / Hydrogen / Speciality Process Valves > Tank Bottom Valves | Process and Control Valves > Shut-off Valves (On/Off) > Diaphragm Valves > Pneumatic | Process and Control Valves > Hygienic / Pharma / Hydrogen / Speciality Process Valves > Diaphragm Valves > Pneumatic."
2034,Multifunction block solutions,多功能阀组解决方案,过程与控制阀,Shut-off Valves (On/Off) > Diaphragm Valves > Pneumatic,Pneumatic,"These multi-way diaphragm valve blocks enable an almost infinite number of valve and process combinations. Multi-way valve systems achieve an extremely compact, space-saving design and represent an alternative to previous welded combinations, for example. Configurations can also be constructed that cannot be produced as welded combinations. The valve body is made of solid material and is available in all industry-standard materials and surface qualities. By using multi-way diaphragm valve blocks, the number of weld seams is reduced, the effort and documentation within the validation is minimised and ultimately compliance with the 2D rule or 3D rule is possible. Designs with the smallest dead spaces and the desired optimised draining are possible. All multi-way valve systems can be combined with the proven Bürkert actuator and automation concepts.",,Shut-off Valves (On/Off) > Diaphragm Valves > Pneumatic,HIGH,无菌输送/隔离；CIP/SIP；制药用水,CURRENT,CHINA_PAGE_AND_ZH_DATASHEET,https://www.burkert.com/en/type/2034,https://www.burkert.com.cn/cn/type/2034,https://www.burkert.com/en/Media/plm/DTS/DS/ds2034-block-eu-en.pdf?id=DTS0000000000000001000213540ENP,https://www.burkert.com/en/Media/plm/DTS/DS/ds2034-block-cn-zh.pdf?id=DTS0000000000000001000562422ZHF,2026-06-09,A,"Global official Type page is the product master. China visibility indicates public page/document visibility only, not stock, origin or lead time. Official category paths: Process and Control Valves > Shut-off Valves (On/Off) > Diaphragm Valves > Pneumatic | Process and Control Valves > Shut-off Valves (On/Off) > Robolux (Multiport valves) | Process and Control Valves > Hygienic / Pharma / Hydrogen / Speciality Process Valves > Robolux / Multiport valve | Process and Control Valves > Hygienic / Pharma / Hydrogen / Speciality Process Valves > Diaphragm Valves > Pneumatic."
2035,"Robolux multiway multiport diaphragm valve, pneumatically operated",Robolux 多路多接头气动隔膜阀,过程与控制阀,Hygienic / Pharma / Hydrogen / Speciality Process Valves > Robolux / Multiport valve,Robolux / Multiport valve,Revised and replaced by Type 2036 (stainless steel actuator with optimised position feedbacks and control heads).,,卫生过程；制药,HIGH,无菌输送/隔离；CIP/SIP；制药用水,TRANSITION,CHINA_PAGE_ONLY,https://www.burkert.com/en/type/2035,https://www.burkert.com.cn/cn/type/2035,,,2026-06-09,A,"Global official Type page is the product master. China visibility indicates public page/document visibility only, not stock, origin or lead time. Official category paths: Process and Control Valves > Hygienic / Pharma / Hydrogen / Speciality Process Valves > Robolux / Multiport valve."
2036,"Robolux multiway diaphragm valve, pneumatically operated",Robolux 多通道组合隔膜阀，气动操作,过程与控制阀,Shut-off Valves (On/Off) > Robolux (Multiport valves),Robolux (Multiport valves),"This multi-way diaphragm valve is designed to control high purity, sterile, aseptic, steam and CIP media. The Robolux system enables an extremely compact, space-saving design and is based on the patented Robolux 2-weir technology, where a diaphragm covers two valve weirs in one valve. Thanks to the individual design, valve combinations with minimal dead spaces can be realised in the smallest of spaces. The valve housing is machined from a stainless steel block. The valve actuator contains two independently operating actuators in a stainless steel housing and is operated with compressed air. With the special feedback indicators and control heads, the Robolux system can be perfectly integrated into the decentralized Bürkert automation concept.",空气；蒸汽,Shut-off Valves (On/Off) > Robolux (Multiport valves),HIGH,无菌输送/隔离；CIP/SIP；制药用水,CURRENT,CHINA_PAGE_AND_ZH_DATASHEET,https://www.burkert.com/en/type/2036,https://www.burkert.com.cn/cn/type/2036,https://www.burkert.com/en/Media/plm/DTS/DS/ds2036-standard-eu-en.pdf?id=DTS0000000000000001000215411ENL,https://www.burkert.com/en/Media/plm/DTS/DS/ds2036-standard-cn-zh.pdf?id=DTS0000000000000001000567894ZHC,2026-06-09,A,"Global official Type page is the product master. China visibility indicates public page/document visibility only, not stock, origin or lead time. Official category paths: Process and Control Valves > Shut-off Valves (On/Off) > Robolux (Multiport valves) | Process and Control Valves > Hygienic / Pharma / Hydrogen / Speciality Process Valves > Robolux / Multiport valve."
2050,Single or double-acting Pneumatic Rotary Actuator,单作用和双作用的气动旋转执行机构,过程与控制阀,Control Valves > Ball Valves > Actuators,Actuators,"The pneumatic rotary actuator, Type 2050, consists of a single or double-acting pneumatic linear piston actuator with internal quick-acting screw thread coupling to a turn element and a universal mechanical interface to DIN 3337 and ISO 5211. During the linear movement of the piston under the pressure of the control air or the force of the return spring, the actuator shaft is turned through 90° by the quick-acting screw thread coupling. This rotary movement can be used to operate corresponding armatures such as ball valves, flap valves, etc. The actuator has an optical display for the piston position. The materials employed permit use under heavy-duty, slightly aggressive environmental conditions. In order to ensure the full functionality of the rotary actuator, a minimum control pressure of 2 bar (control function I) or 3.5/4.0 bar (control function A, see Technical data) is required. The drive operates maintenance-free.",空气；腐蚀性介质,Control Valves > Ball Valves > Actuators,MEDIUM,,CURRENT,CHINA_PAGE_ONLY,https://www.burkert.com/en/type/2050,https://www.burkert.com.cn/cn/type/2050,https://www.burkert.com/en/Media/plm/DTS/DS/ds2050-standard-eu-en.pdf?id=DTS0000000000000001000096374END,,2026-06-09,A,"Global official Type page is the product master. China visibility indicates public page/document visibility only, not stock, origin or lead time. Official category paths: Process and Control Valves > Control Valves > Ball Valves > Actuators | Process and Control Valves > Shut-off Valves (On/Off) > Ball Valves > Quarter Turn Actuators."
2051,Pneumatic rotary actuator,气动摆动执行机构,过程与控制阀,Control Valves > Ball Valves > Actuators,Actuators,The actuator rotary actuator Type 2051 includes single-acting and double-acting pneumatic linear piston actuators with a universal mechanical interface in accordance with ISO 5211. The actuator stem is rotated through 90º by the pressure force of the pilot air or the force of the reset fields. The rotary movement can in turn be used to actuate corresponding proportional valves such as ball valves or butterfly valves. The rotary actuator can also be combined with the positioners from the 8791/8792/8793 series. The actuator can be equipped with the end position feedback boxes from the 1061 series for pure position monitoring.,空气,Control Valves > Ball Valves > Actuators,MEDIUM,,CURRENT,CHINA_PAGE_ONLY,https://www.burkert.com/en/type/2051,https://www.burkert.com.cn/cn/type/2051,https://www.burkert.com/en/Media/plm/DTS/DS/ds2051-standard-eu-en.pdf?id=DTS0000000000000001000104926ENS,,2026-06-09,A,"Global official Type page is the product master. China visibility indicates public page/document visibility only, not stock, origin or lead time. Official category paths: Process and Control Valves > Control Valves > Ball Valves > Actuators | Process and Control Valves > Shut-off Valves (On/Off) > Ball Valves > Quarter Turn Actuators | Process and Control Valves > Shut-off Valves (On/Off) > Butterfly Valves > Quarter Turn Actuators."
2052,Pneumatic rotary actuator,气动摆动执行机构,过程与控制阀,Shut-off Valves (On/Off) > Ball Valves > Quarter Turn Actuators,Quarter Turn Actuators,The actuator series 2052 includes single-acting and double-acting pneumatic linear piston actuators with a universal mechanical interface in accordance with ISO 5211. The actuator stem is rotated by 90º by the pressure force of the pilot air or the force of the reset fields. The rotary movement can in turn be used to actuate corresponding proportional valves such as ball valves or butterfly valves. The rotary actuator can also be combined with the positioners from the 8791/8792/8793 series. The actuator can be equipped with the end position feedback boxes from the 1061 series for pure position monitoring.,空气,Shut-off Valves (On/Off) > Ball Valves > Quarter Turn Actuators,MEDIUM,,CURRENT,CHINA_PAGE_ONLY,https://www.burkert.com/en/type/2052,https://www.burkert.com.cn/cn/type/2052,https://www.burkert.com/en/Media/plm/DTS/DS/ds2052-standard-eu-en.pdf?id=DTS0000000000000001000202407ENH,,2026-06-09,A,"Global official Type page is the product master. China visibility indicates public page/document visibility only, not stock, origin or lead time. Official category paths: Process and Control Valves > Shut-off Valves (On/Off) > Ball Valves > Quarter Turn Actuators | Process and Control Valves > Control Valves > Ball Valves > Actuators | Process and Control Valves > Shut-off Valves (On/Off) > Butterfly Valves > Quarter Turn Actuators."
2053,Pneumatic rotary actuator for the automation of ball and butterfly valves,气动摆动执行机构，用于球阀和截止阀的自动化控制,过程与控制阀,Shut-off Valves (On/Off) > Ball Valves > Quarter Turn Actuators,Quarter Turn Actuators,"The pneumatic actuator Type 2053 enables the automated actuation of ball and butterfly valves. The linear stroke movement of the actuator piston is deflected into a 90° rotary movement of the actuator stem. The interface on the armature is designed according to ISO 5211. In addition, the rotary actuator can be combined with the 8691/2/3/4 series position feedback sensors. The single-acting actuators are returned to the initial position by spring force, while double-acting actuators are returned by compressed air. The welded construction of the stainless steel housing ensures the actuator is 100% maintenance-free. Overall, the actuator is available in three different sizes: P0 - P1 - P2. All three sizes have an extremely high torque in the closing area despite their compact design. The air consumption per stroke cycle is very low due to the low cylinder volume. This offers a remarkable energy saving potential.",空气,卫生过程,HIGH,卫生过程阀执行与自动化,CURRENT,CHINA_PAGE_ONLY,https://www.burkert.com/en/type/2053,https://www.burkert.com.cn/cn/type/2053,https://www.burkert.com/en/Media/plm/DTS/DS/ds2053-standard-eu-en.pdf?id=DTS0000000000000001000436877ENE,,2026-06-09,A,"Global official Type page is the product master. China visibility indicates public page/document visibility only, not stock, origin or lead time. Official category paths: Process and Control Valves > Shut-off Valves (On/Off) > Ball Valves > Quarter Turn Actuators | Process and Control Valves > Control Valves > Ball Valves > Actuators | Process and Control Valves > Shut-off Valves (On/Off) > Butterfly Valves > Quarter Turn Actuators."
2060,Pneumatically operated 2/2-way angle seat valve with stainless steel actuator,配备不锈钢执行机构的两位两通气动角座阀,过程与控制阀,Shut-off Valves (On/Off) > Angle Seat Valves > Pneumatic,Pneumatic,"The pneumatically operated angle seat valve with stainless steel actuators fulfils the demands of tough process environments. Unrivalled life time and sealing integrity is guaranteed by the trusted self-adjusting packing gland. The stainless steel actuator has been designed for tough applications. Laser welding ensures it is both cleanable and robust. With a ducted exhaust air port, the actuator can be operated isolated from the environment to guarantee an optimum life time and hygiene. High flow rates are attained with the optimised stainless steel angle seat body. As part of the Bürkert process valve range a large accessory program is available. All wetted parts comply with the EC Directive 1935/2004, variants with FDA conformity are available on request, also explosion proof variants are available.",空气,Shut-off Valves (On/Off) > Angle Seat Valves > Pneumatic,MEDIUM,CIP/SIP辅助回路及洁净公用工程,CURRENT,CHINA_PAGE_AND_ZH_DATASHEET,https://www.burkert.com/en/type/2060,https://www.burkert.com.cn/cn/type/2060,https://www.burkert.com/en/Media/plm/DTS/DS/ds2060-standard-eu-en.pdf?id=DTS0000000000000001000290884ENW,https://www.burkert.com/en/Media/plm/DTS/DS/ds2060-standard-cn-zh.pdf?id=DTS0000000000000001000666050ZHE,2026-06-09,A,"Global official Type page is the product master. China visibility indicates public page/document visibility only, not stock, origin or lead time. Official category paths: Process and Control Valves > Shut-off Valves (On/Off) > Angle Seat Valves > Pneumatic."
2063,2/2-way diaphragm valve with pneumatic actuator in stainless steel (Type INOX),配备不锈钢气动执行机构的二位二通隔膜阀 (INOX 型),过程与控制阀,Shut-off Valves (On/Off) > Diaphragm Valves > Pneumatic,Pneumatic,"The externally controlled diaphragm valve, Type 2063, consists of a pneumatically operated stainless steel piston actuator, a diaphragm and a 2-way body. The proven and robust actuator with stainless steel valve body ensures use under hygienic or aggressive environmental conditions. The flow-efficient valve body with little dead space enables high flow rates and a wide range of possible uses. The valve body and the diaphragm are available in all common materials and variants. The actuator has a compact, autoclavable design with a large stainless steel body, high temperature resistance and gap-free seals. The integration of the automation units Type 8697 is possible in all expansion stages (can be retrofitted). The actuator is provided with an integrated, optical position indicator as standard.",腐蚀性介质,卫生过程,HIGH,无菌输送/隔离；CIP/SIP；制药用水,CURRENT,CHINA_PAGE_AND_ZH_DATASHEET,https://www.burkert.com/en/type/2063,https://www.burkert.com.cn/cn/type/2063,,https://www.burkert.com/en/Media/plm/DTS/DS/ds2063-inox-cn-zh.pdf?id=DTS0000000000000001000562434ZHH,2026-06-09,A,"Global official Type page is the product master. China visibility indicates public page/document visibility only, not stock, origin or lead time. Official category paths: Process and Control Valves > Shut-off Valves (On/Off) > Diaphragm Valves > Pneumatic | Process and Control Valves > Hygienic / Pharma / Hydrogen / Speciality Process Valves > Diaphragm Valves > Pneumatic. English data sheet omitted because the official link returned HTTP 404 on 2026-06-09: https://www.burkert.com/en/Media/plm/DTS/DS/ds2063-inox-eu-en.pdf?id=DTS0000000000000001000450606ENO."
2064,T-diaphragm valve with pneumatic actuator in stainless steel (Type INOX),带不锈钢气动驱动器的 T 型隔膜阀（INOX 型）,过程与控制阀,Hygienic / Pharma / Hydrogen / Speciality Process Valves > T-valves,T-valves,"The externally controlled diaphragm valve Type 2064 consists of a pneumatically operated stainless steel piston actuator, a diaphragm and a T-valve body. The proven and robust actuator with stainless steel housing ensures use in hygienic or aggressive ambient conditions. The flow-efficient valve bodies with little dead space enable high flow rates and a wide range of possible uses. The valve body and the diaphragm are available in all common materials and variants. The actuator has a compact, autoclavable design with a large stainless steel housing, high temperature resistance and gap-free seals. The integration of the automation units Type 8697 is possible in all configuration levels (can be retrofitted). The actuator is equipped with an integrated, optical position indicator as standard.",腐蚀性介质,卫生过程；制药,HIGH,无菌输送/隔离；CIP/SIP；制药用水,CURRENT,CHINA_PAGE_ONLY,https://www.burkert.com/en/type/2064,https://www.burkert.com.cn/cn/type/2064,https://www.burkert.com/en/Media/plm/DTS/DS/ds2064-inox-eu-en.pdf?id=DTS0000000000000001000450610ENI,,2026-06-09,A,"Global official Type page is the product master. China visibility indicates public page/document visibility only, not stock, origin or lead time. Official category paths: Process and Control Valves > Hygienic / Pharma / Hydrogen / Speciality Process Valves > T-valves | Process and Control Valves > Hygienic / Pharma / Hydrogen / Speciality Process Valves > Diaphragm Valves > Pneumatic | Process and Control Valves > Shut-off Valves (On/Off) > Diaphragm Valves > Pneumatic."
2065,Tank bottom diaphragm valve with pneumatic actuator in stainless steel (Type INOX),带不锈钢气动驱动器的罐底隔膜阀（INOX 型）,过程与控制阀,Hygienic / Pharma / Hydrogen / Speciality Process Valves > Tank Bottom Valves,Tank Bottom Valves,"The externally controlled diaphragm valve Type 2065 consists of a pneumatically operated stainless steel piston actuator, a diaphragm and a tank bottom valve body. The proven and robust actuator with stainless steel housing ensures use in hygienic or aggressive ambient conditions. The flow-efficient valve bodies with little dead space enable high flow rates and a wide range of possible uses. The valve body and the diaphragm are available in all common materials and variants. The actuator has a compact, autoclavable design with a large stainless steel housing, high temperature resistance and gap-free seals. The integration of the automation units Type 8697 is possible in all configuration levels (can be retrofitted). The actuator is equipped with an integrated, optical position indicator as standard.",腐蚀性介质,卫生过程；制药,HIGH,无菌输送/隔离；CIP/SIP；制药用水,CURRENT,CHINA_PAGE_ONLY,https://www.burkert.com/en/type/2065,https://www.burkert.com.cn/cn/type/2065,https://www.burkert.com/en/Media/plm/DTS/DS/ds2065-inox-eu-en.pdf?id=DTS0000000000000001000450613ENJ,,2026-06-09,A,"Global official Type page is the product master. China visibility indicates public page/document visibility only, not stock, origin or lead time. Official category paths: Process and Control Valves > Hygienic / Pharma / Hydrogen / Speciality Process Valves > Tank Bottom Valves | Process and Control Valves > Hygienic / Pharma / Hydrogen / Speciality Process Valves > Diaphragm Valves > Pneumatic | Process and Control Valves > Shut-off Valves (On/Off) > Diaphragm Valves > Pneumatic."
2080,Pneumatically operated 2/2-way valve with bellows,气动操作的二位二通阀，带有 PTFE 波纹管,过程与控制阀,Hygienic / Pharma / Hydrogen / Speciality Process Valves > Bellows Valves,Bellows Valves,"The valve consists of a pneumatically actuated piston actuator, a stainless steel housing and a bellows element. This bellows element serves primarily as a seat seal, but also to hermetically seal of the media chamber. Due to the comparatively short stroke, these valves achieve a very high number of stroke cycles and short stroke times at relatively high flow rates. These properties make this type of valve ideal for applications in the filling sector, for example. The materials and internal contours used are easy to clean using the CIP / SIP process and the valve body is self-draining when installed in the appropriate position. The modular design allows it to be equipped with different valve fittings and customised line connections. The pneumatic actuator can be extended with various functions and is preferably controlled externally via a pilot valve or a valve terminal. An explosion-proof ATEX/IECEx device variant is available.",,卫生过程；制药,HIGH,无菌输送/隔离；CIP/SIP；制药用水,CURRENT,CHINA_PAGE_ONLY,https://www.burkert.com/en/type/2080,https://www.burkert.com.cn/cn/type/2080,https://www.burkert.com/en/Media/plm/DTS/DS/ds2080-inox-eu-en.pdf?id=DTS0000000000000001000526613END,,2026-06-09,A,"Global official Type page is the product master. China visibility indicates public page/document visibility only, not stock, origin or lead time. Official category paths: Process and Control Valves > Hygienic / Pharma / Hydrogen / Speciality Process Valves > Bellows Valves."
2100,Pneumatically operated 2/2-way angle seat valve ELEMENT for decentralized automation,适用于分散式自动化的 ELEMENT 气动二位二通斜座阀,过程与控制阀,Shut-off Valves (On/Off) > Angle Seat Valves > Pneumatic,Pneumatic,"The Type 2100 angle seat valve is specially optimised for decentralized process automation and fulfils the tough criteria in process environments. Its unique design allows easy the integration of automation units in all expansion stages, from electrical/optical position feedback to pneumatic control and integrated fieldbus interface. Maximum service life and tightness are achieved by the proven self-adjusting v-seal packing gland. The highly integrated system of valve and automation unit is characterised by its compact and smooth design, integrated pilot air ducts, protection classes IP65/67, NEMA Type 4X and high resistance to chemicals.",空气；蒸汽,过程自动化,MEDIUM,CIP/SIP辅助回路及洁净公用工程,CURRENT,CHINA_PAGE_ONLY,https://www.burkert.com/en/type/2100,https://www.burkert.com.cn/cn/type/2100,https://www.burkert.com/en/Media/plm/DTS/DS/ds2100-standard-eu-en.pdf?id=DTS0000000000000001000496323ENT,,2026-06-09,A,"Global official Type page is the product master. China visibility indicates public page/document visibility only, not stock, origin or lead time. Official category paths: Process and Control Valves > Shut-off Valves (On/Off) > Angle Seat Valves > Pneumatic."
2101,Pneumatically operated 2/2-way globe valve ELEMENT for decentralised automation,适用于分散式自动化的 ELEMENT 气动二位二通直座阀,过程与控制阀,Shut-off Valves (On/Off) > Globe Valves > Pneumatic,Pneumatic,"The Type 2101 globe valve is specially optimised for decentralised process automation and meets all practical requirements even under difficult operating conditions. Its unique design allows easy the integration of automation units in all expansion stages, from electrical/optical position feedback to pneumatic control and integrated fieldbus interface. Maximum service life and tightness are achieved by the proven self-adjusting v-seal packing gland. The highly integrated system of valve and automation unit is characterised by its compact and smooth design, integrated pilot air ducts, protection classes IP65/67, NEMA Type 4X and high resistance to chemicals.",空气；蒸汽,过程自动化,MEDIUM,,CURRENT,CHINA_PAGE_ONLY,https://www.burkert.com/en/type/2101,https://www.burkert.com.cn/cn/type/2101,https://www.burkert.com/en/Media/plm/DTS/DS/ds2101-element-eu-en.pdf?id=DTS0000000000000001000112108ENAG,,2026-06-09,A,"Global official Type page is the product master. China visibility indicates public page/document visibility only, not stock, origin or lead time. Official category paths: Process and Control Valves > Shut-off Valves (On/Off) > Globe Valves > Pneumatic."
2103,2/2-way diaphragm valve with pneumatic stainless steel actuator (Type ELEMENT) for decentralised automation,带不锈钢气动驱动器（ELEMENT 型）的二位二通隔膜阀，用于分散式自动化,过程与控制阀,Shut-off Valves (On/Off) > Diaphragm Valves > Pneumatic,Pneumatic,"The externally controlled diaphragm valve Type 2103 consists of a pneumatically operated piston actuator, a diaphragm and a 2-way valve body. The proven and robust actuator with stainless steel housing ensures use in hygienic or aggressive ambient conditions. The flow-efficient valve bodies with little dead space enable high flow rates and a wide range of possible uses. The valve body and the diaphragm are available in all common materials and variants. The actuator has a compact, autoclavable design with a large stainless steel housing and gap-free seals. The integration of automation units Type ELEMENT is possible in all configuration levels (can be retrofitted); a fieldbus interface can also be integrated. An explosion-proof ATEX/IECEx device variant is available. It is a compact, smooth-surfaced and highly integrated system consisting of a valve and an automation unit with integrated pilot air ducts (no intake of ambient air). The add-on body is optionally available in plastic or stainless steel (can be rotated 360°). The valve offers the degrees of protection IP65/67 and NEMA Type 4X and displays high chemical resistance.",空气；腐蚀性介质,卫生过程,HIGH,无菌输送/隔离；CIP/SIP；制药用水,CURRENT,CHINA_PAGE_ONLY,https://www.burkert.com/en/type/2103,https://www.burkert.com.cn/cn/type/2103,https://www.burkert.com/en/Media/plm/DTS/DS/ds2103-element-eu-en.pdf?id=DTS0000000000000001000450597ENS,,2026-06-09,A,"Global official Type page is the product master. China visibility indicates public page/document visibility only, not stock, origin or lead time. Official category paths: Process and Control Valves > Shut-off Valves (On/Off) > Diaphragm Valves > Pneumatic | Process and Control Valves > Hygienic / Pharma / Hydrogen / Speciality Process Valves > Diaphragm Valves > Pneumatic | Process and Control Valves > Control Valves > Diaphragm Valves."
2104,T-diaphragm valve with pneumatic actuator in stainless steel (Type ELEMENT) for decentralised automation,带不锈钢气动驱动器（ELEMENT 型）的 T 型隔膜阀，用于分散式自动化,过程与控制阀,Shut-off Valves (On/Off) > Diaphragm Valves > Pneumatic,Pneumatic,"The externally controlled diaphragm valve Type 2104 consists of a pneumatically operated piston actuator, a diaphragm and a T-valve body. The proven and robust actuator with stainless steel housing ensures use in hygienic or aggressive ambient conditions. The flow-efficient valve bodies with little dead space enable high flow rates and a wide range of possible uses. The valve body and the diaphragm are available in all common materials and variants. The actuator has a compact, autoclavable design with a large stainless steel housing and gap-free seals. The integration of automation units Type ELEMENT is possible in all configuration levels (can be retrofitted); a fieldbus interface can also be integrated. An explosion-proof ATEX/IECEx device variant is available. It is a compact, smooth-surfaced and highly integrated system consisting of a valve and an automation unit with integrated pilot air ducts (no intake of ambient air). The add-on body is optionally available in plastic or stainless steel (can be rotated 360°). The valve offers the degrees of protection IP65/67 and NEMA Type 4X and displays high chemical resistance.",空气；腐蚀性介质,卫生过程,HIGH,无菌输送/隔离；CIP/SIP；制药用水,CURRENT,CHINA_PAGE_ONLY,https://www.burkert.com/en/type/2104,https://www.burkert.com.cn/cn/type/2104,https://www.burkert.com/en/Media/plm/DTS/DS/ds2104-element-eu-en.pdf?id=DTS0000000000000001000450599ENL,,2026-06-09,A,"Global official Type page is the product master. China visibility indicates public page/document visibility only, not stock, origin or lead time. Official category paths: Process and Control Valves > Shut-off Valves (On/Off) > Diaphragm Valves > Pneumatic | Process and Control Valves > Hygienic / Pharma / Hydrogen / Speciality Process Valves > T-valves | Process and Control Valves > Hygienic / Pharma / Hydrogen / Speciality Process Valves > Diaphragm Valves > Pneumatic."
2105,Tank bottom diaphragm valve with pneumatic actuator in stainless steel (Type ELEMENT) for decentralised automation,带不锈钢气动驱动器（ELEMENT 型）的罐底隔膜阀，用于分散式自动化,过程与控制阀,Hygienic / Pharma / Hydrogen / Speciality Process Valves > Tank Bottom Valves,Tank Bottom Valves,"The externally controlled diaphragm valve Type 2105 consists of a pneumatically operated piston actuator, a diaphragm and a tank bottom valve body. The proven and robust actuator with stainless steel housing ensures use in hygienic or aggressive ambient conditions. The flow-efficient valve bodies with little dead space enable high flow rates and a wide range of possible uses. The valve body and the diaphragm are available in all common materials and variants. The actuator has a compact, autoclavable design with a large stainless steel housing and gap-free seals. The integration of automation units Type ELEMENT is possible in all configuration levels (can be retrofitted); a fieldbus interface can also be integrated. An explosion-proof ATEX/IECEx device variant is available. It is a compact, smooth-surfaced and highly integrated system consisting of a valve and an automation unit with integrated pilot air ducts (no intake of ambient air). The add-on body is optionally available in plastic or stainless steel (can be rotated 360°). The valve offers the degrees of protection IP65/67 and NEMA Type 4X and displays high chemical resistance.",空气；腐蚀性介质,卫生过程；制药,HIGH,无菌输送/隔离；CIP/SIP；制药用水,CURRENT,CHINA_PAGE_ONLY,https://www.burkert.com/en/type/2105,https://www.burkert.com.cn/cn/type/2105,https://www.burkert.com/en/Media/plm/DTS/DS/ds2105-element-eu-en.pdf?id=DTS0000000000000001000450603ENJ,,2026-06-09,A,"Global official Type page is the product master. China visibility indicates public page/document visibility only, not stock, origin or lead time. Official category paths: Process and Control Valves > Hygienic / Pharma / Hydrogen / Speciality Process Valves > Tank Bottom Valves | Process and Control Valves > Shut-off Valves (On/Off) > Diaphragm Valves > Pneumatic | Process and Control Valves > Hygienic / Pharma / Hydrogen / Speciality Process Valves > Diaphragm Valves > Pneumatic."
2106,Pneumatically operated 3/2-way seat valve ELEMENT for decentralized automation,气动操作的三通座阀 ELEMENT 系列,过程与控制阀,Shut-off Valves (On/Off) > Globe Valves > Pneumatic,Pneumatic,"The Bürkert 3/2-way seat valve, Type 2106, consists of a pneumatically operated ELEMENT actuator and a 3-way stainless steel valve body. Interchanging of pressure and service ports enables different fluidic circuit functions, such as the mixing or distributing of mediums. The flow-optimized valve body of Type 2106 allows excellent flow rates. The tried and tested self-adjusting gland secures a high level of tightness and thus ensures reliable operation over years. The design of the 3/2-way valve, Type 2106, offers all the advantages of a modern, decentralized automation: The directly connected control head and actuator provide a compact and smooth design, integrated pneumatic lines, protection class IP65/67, NEMA Type 4X, and a high chemical resistance. An optionally integrated fieldbus interface through to an explosion-proof automation units are further advantages of the 3-way shut-off valve. For the user, the compact Type 2106 is thus often an economical alternative to two single valves.",液体/气体,混合,MEDIUM,,CURRENT,CHINA_PAGE_ONLY,https://www.burkert.com/en/type/2106,https://www.burkert.com.cn/cn/type/2106,https://www.burkert.com/en/Media/plm/DTS/DS/ds2106-element-eu-en.pdf2?id=DTS0000000000000001000257617ENP,,2026-06-09,A,"Global official Type page is the product master. China visibility indicates public page/document visibility only, not stock, origin or lead time. Official category paths: Process and Control Valves > Shut-off Valves (On/Off) > Globe Valves > Pneumatic | Process and Control Valves > Shut-off Valves (On/Off) > 3-Way Process Valves."
2111,Pneumatically actuated 2/2-way globe valve for decentralised automation,用于离散自动化的气动两位两通直座阀,过程与控制阀,Shut-off Valves (On/Off) > Globe Valves > Pneumatic,Pneumatic,"The innovative Bürkert process on/off valve Type 2111 is the solution when it comes to shut-off tasks under demanding operating conditions. The directly controlled globe valve is specifically designed for high-pressure applications and meets all hydrogen-related industry requirements. Maximum service life and tightness are ensured by the Dynamic Sealing Package, even under heavy load conditions. High-quality stainless steels and additional refinement processes make pressure-bearing, moving parts resistant to hydrogen embrittlement. Furthermore, the unique design allows for easy detection of leaks and escaping gases, providing an enhanced degree of safety.",气体,Shut-off Valves (On/Off) > Globe Valves > Pneumatic,MEDIUM,,CURRENT,CHINA_PAGE_AND_ZH_DATASHEET,https://www.burkert.com/en/type/2111,https://www.burkert.com.cn/cn/type/2111,https://www.burkert.com/en/Media/plm/DTS/DS/ds2111-on_off-eu-en.pdf?id=DTS0000000000000001000633108ENC,https://www.burkert.com/en/Media/plm/DTS/DS/ds2111-on_off-cn-zh.pdf?id=DTS0000000000000001000656617ZHD,2026-06-09,A,"Global official Type page is the product master. China visibility indicates public page/document visibility only, not stock, origin or lead time. Official category paths: Process and Control Valves > Shut-off Valves (On/Off) > Globe Valves > Pneumatic | Process and Control Valves > Hygienic / Pharma / Hydrogen / Speciality Process Valves > High Pressure."
2121,Pneumatically actuated 2/2-way globe valve for decentralised automation,用于离散自动化的气动两位两通直座阀,过程与控制阀,Shut-off Valves (On/Off) > Globe Valves > Pneumatic,Pneumatic,"The innovative Bürkert process on/off valve Type 2121 is the solution when it comes to shut-off tasks under demanding operating conditions. The servo-assisted piston valve is specifically designed for high-pressure applications and meets all hydrogen-related industry requirements. Maximum service life and tightness are ensured by the Dynamic Sealing Package, even under heavy load conditions. High-quality stainless steels and additional refinement processes make pressure-bearing, moving parts resistant to hydrogen embrittlement. Furthermore, the unique design allows for easy detection of leaks and escaping gases, providing an enhanced degree of safety.",气体,Shut-off Valves (On/Off) > Globe Valves > Pneumatic,MEDIUM,,CURRENT,CHINA_PAGE_AND_ZH_DATASHEET,https://www.burkert.com/en/type/2121,https://www.burkert.com.cn/cn/type/2121,https://www.burkert.com/en/Media/plm/DTS/DS/ds2121-on_off-eu-en.pdf?id=DTS0000000000000001000633110ENB,https://www.burkert.com/en/Media/plm/DTS/DS/ds2121-on_off-cn-zh.pdf?id=DTS0000000000000001000656725ZHA,2026-06-09,A,"Global official Type page is the product master. China visibility indicates public page/document visibility only, not stock, origin or lead time. Official category paths: Process and Control Valves > Shut-off Valves (On/Off) > Globe Valves > Pneumatic | Process and Control Valves > Hygienic / Pharma / Hydrogen / Speciality Process Valves > High Pressure."
2200,Direct-acting 2/2 way lifting armature valve,直动式二位二通升降式衔铁阀,电磁阀,General Purpose 2/2 Solenoids,General Purpose 2/2 Solenoids,The direct-acting valve Type 2200 is delivered with circuit function normally closed. The valve is especially developed for high pressures. The characteristic of the valve construction is the seat design and the sealing element. The conical sealing element allows the switching at high pressures with relative low coil capacity and seal setting.,,General Purpose 2/2 Solenoids,LOW,,CURRENT,CHINA_PAGE_ONLY,https://www.burkert.com/en/type/2200,https://www.burkert.com.cn/cn/type/2200,https://www.burkert.com/en/Media/plm/DTS/DS/ds2200-standard-eu-en.pdf?id=DTS0000000000000001000104052EN-,,2026-06-09,A,"Global official Type page is the product master. China visibility indicates public page/document visibility only, not stock, origin or lead time. Official category paths: Solenoid Valves > General Purpose 2/2 Solenoids | Solenoid Valves > High Pressure."
2300,Pneumatically operated 2-way angle seat control valve ELEMENT,气动控制的二通角座调节阀 ELEMENT,过程与控制阀,Control Valves > Angle Seat Valves > Pneumatic,Pneumatic,"In line with Bürkert’s philosophy for modular valves and sensors the construction of Type 2300 angle-seat valve fulfils tough criteria for process environments. Unrivalled cycle life and sealing integrity is guaranteed by the proven self adjusting packing gland. The parabolic trim results in a flow characteristic approximately 35% larger than conventional control valves. It is available in either stainless steel on stainless steel or with a durable PTFE seal for tight shut-off. The design enables the easy integration of automation modules whether they are digital electropneumatic positioner or process controller. The fully integrated system has a compact and smooth design, integrated pneumatic lines, IP65/67, NEMA Type 4X protection class and superior chemical resistance. This system has been engineered for reliable accurate control in applications where high flow rate is an advantage.",,Control Valves > Angle Seat Valves > Pneumatic,MEDIUM,CIP/SIP辅助回路及洁净公用工程,CURRENT,CHINA_PAGE_ONLY,https://www.burkert.com/en/type/2300,https://www.burkert.com.cn/cn/type/2300,https://www.burkert.com/en/Media/plm/DTS/DS/ds2300-standard-eu-en.pdf?id=DTS0000000000000001000475061ENL,,2026-06-09,A,"Global official Type page is the product master. China visibility indicates public page/document visibility only, not stock, origin or lead time. Official category paths: Process and Control Valves > Control Valves > Angle Seat Valves > Pneumatic."
2301,Pneumatically operated 2-way Globe Control Valve,气动操作的两通截止型调节阀 ELEMENT 系列,过程与控制阀,Control Valves > Globe Valves > Pneumatic,Pneumatic,"In line with Bürkert’s philosophy the construction of the Type 2301 globe valve fulfils tough criteria for process environments. Unrivalled cycle life and sealing integrity is guaranteed by the proven self adjusting spindle packing with exchangeable V-seals. Each globe valve body can be fitted with up to five sizes of trim sets. These parabolic trims provide a reliable and repeatable characteristic to vary the flow. The control cones are available in either stainless steel or with a durable PTFE seal or PEEK seal for tight shut-off. Leakage class III, IV or VI are available. The design enables the easy integration of automation modules whether they are digital electropneumatic positioner or process controller. The fully integrated system has a compact and smooth design, integrated pneumatic lines, IP65/67 protection class and superior chemical resistance.",,Control Valves > Globe Valves > Pneumatic,MEDIUM,,CURRENT,CHINA_PAGE_ONLY,https://www.burkert.com/en/type/2301,https://www.burkert.com.cn/cn/type/2301,https://www.burkert.com/en/Media/plm/DTS/DS/ds2301-standard-eu-en.pdf?id=DTS0000000000000001000112693ENAR,,2026-06-09,A,"Global official Type page is the product master. China visibility indicates public page/document visibility only, not stock, origin or lead time. Official category paths: Process and Control Valves > Control Valves > Globe Valves > Pneumatic."
2380,Hygienic 2-way bellows control valve,卫生型两通波纹管调节阀,过程与控制阀,Control Valves > Globe Valves > Pneumatic,Pneumatic,"The bellows control valve Type 2380 is a high-performance, pneumatically actuated process valve with a single-acting actuator and a top-mounted positioner. PTFE bellows guarantee complete separation between the medium and the actuator, thus increasing service life and reliability. This valve is designed for both hygienic and aggressive conditions and is easy to clean. In conjunction with the proven positioners of Type 869x and integrated control cone with linear characteristic, it can also handle demanding control tasks. The space-saving actuators with low internal volume ensure excellent response times. Alternatively, this valve principle can also be used in customer-specific block solutions such as pressure control systems Type 8880.",腐蚀性介质,卫生过程,HIGH,无菌输送/隔离；CIP/SIP；制药用水,CURRENT,CHINA_PAGE_AND_ZH_DATASHEET,https://www.burkert.com/en/type/2380,https://www.burkert.com.cn/cn/type/2380,https://www.burkert.com/en/Media/plm/DTS/DS/ds2380-datasheet-eu-en.pdf?id=DTS0000000000000001000274158ENK,https://www.burkert.com/en/Media/plm/DTS/DS/ds2380-datasheet-cn-zh.pdf?id=DTS0000000000000001000562440ZHD,2026-06-09,A,"Global official Type page is the product master. China visibility indicates public page/document visibility only, not stock, origin or lead time. Official category paths: Process and Control Valves > Control Valves > Globe Valves > Pneumatic | Process and Control Valves > Hygienic / Pharma / Hydrogen / Speciality Process Valves > Bellows Valves."
2400,2/2 way Solenoid Valve Servo-operated for High Pressure,伺服控制的二位二通活塞阀,电磁阀,High Pressure,High Pressure,The servo-assisted Type 2400 valve has aservo-piston with a 2-way servo-control. It is designed for high pressures. The speciality of this valve design lies in the layout of the seat and sealing element. Anadditional radial seal make very good sealing possible. The tapered sealing element of the servocontrol permits the switching of high pressureat relatively low coil power.,,High Pressure,LOW,,CURRENT,CHINA_PAGE_AND_ZH_DATASHEET,https://www.burkert.com/en/type/2400,https://www.burkert.com.cn/cn/type/2400,https://www.burkert.com/en/Media/plm/DTS/DS/ds2400-standard-eu-en.pdf?id=DTS0000000000000001000148941ENC,https://www.burkert.com/en/Media/plm/DTS/DS/ds2400-standard-cn-zh.pdf?id=DTS0000000000000001000357082ZHA,2026-06-09,A,"Global official Type page is the product master. China visibility indicates public page/document visibility only, not stock, origin or lead time. Official category paths: Solenoid Valves > High Pressure | Solenoid Valves > General Purpose 2/2 Solenoids."
2503,Cable plug for whisper valve Types 6712 and 6724,用于 6712 和 6724 型静音阀的设备插口,电磁阀,Accessories > Cable Plugs,Cable Plugs,"Plug connection with locking lugs for contacting Bürkert whisper valves. This robust and affordable plug connection has become well established for Bürkert whisper valves Types 6712 and 6724 in the fields of analysis technology. In addition to the stranded wire variants, variants with electronics assembly are also available that actively influence the switching behaviour of the valve and thus fully exploit the potential of the whisper valve actuator.",,分析测量,LOW,,CURRENT,CHINA_PAGE_ONLY,https://www.burkert.com/en/type/2503,https://www.burkert.com.cn/cn/type/2503,https://www.burkert.com/en/Media/plm/DTS/DS/ds2503-standard-eu-en.pdf?id=DTS0000000000000001000410571ENG,,2026-06-09,A,"Global official Type page is the product master. China visibility indicates public page/document visibility only, not stock, origin or lead time. Official category paths: Solenoid Valves > Accessories > Cable Plugs."
2504,Cable Plug for Bürkert Solenoid Valve Type 6650,只与 6650 一起销售！没有单独的数据页！,电磁阀,Accessories > Cable Plugs,Cable Plugs,cable plug to contact Bürkert solenoid valve Type 6650. This connector is available in cable version with and without integrated power reduction.,,Accessories > Cable Plugs,LOW,,CURRENT,CHINA_PAGE_ONLY,https://www.burkert.com/en/type/2504,https://www.burkert.com.cn/cn/type/2504,,,2026-06-09,A,"Global official Type page is the product master. China visibility indicates public page/document visibility only, not stock, origin or lead time. Official category paths: Solenoid Valves > Accessories > Cable Plugs."
2505,10 mm socket for Bürkert small solenoid valves,适合 Bürkert 小型电磁阀的 10 mm 设备插口,电磁阀,Accessories > Cable Plugs,Cable Plugs,"Plug connection with latching lug for contacting Bürkert solenoid valves with rectangular plug connector. This robust and affordable plug connection has become well established for all Bürkert small solenoid valves in the fields of analysis technology and process pneumatics. Besides stranded wire and cable versions, push-in connectors for printed circuit board (PCB) installation are also available.",,分析测量,LOW,,CURRENT,CHINA_PAGE_ONLY,https://www.burkert.com/en/type/2505,https://www.burkert.com.cn/cn/type/2505,https://www.burkert.com/en/Media/plm/DTS/DS/ds2505-standard-eu-en.pdf?id=DTS0000000000000001000274823ENG,,2026-06-09,A,"Global official Type page is the product master. China visibility indicates public page/document visibility only, not stock, origin or lead time. Official category paths: Solenoid Valves > Accessories > Cable Plugs."
2506,Cable Plug Form C,插头形状 C,电磁阀,Accessories > Cable Plugs,Cable Plugs,Plug for the connection of electrical components according to DIN EN 175301-803 Form C (previously DIN 43650).,,Accessories > Cable Plugs,LOW,,CURRENT,CHINA_PAGE_ONLY,https://www.burkert.com/en/type/2506,https://www.burkert.com.cn/cn/type/2506,https://www.burkert.com/en/Media/plm/DTS/DS/ds2506-standard-eu-en.pdf?id=DTS0000000000000001000010985ENF,,2026-06-09,A,"Global official Type page is the product master. China visibility indicates public page/document visibility only, not stock, origin or lead time. Official category paths: Solenoid Valves > Accessories > Cable Plugs."
2507,"Cable plug, form B according to industry standard",工业标准设备插口 – B 型插头,电磁阀,Accessories > Cable Plugs,Cable Plugs,Plug connection for connecting electrical components according to industry standard Form B.,,Accessories > Cable Plugs,LOW,,CURRENT,CHINA_PAGE_ONLY,https://www.burkert.com/en/type/2507,https://www.burkert.com.cn/cn/type/2507,https://www.burkert.com/en/Media/plm/DTS/DS/ds2507-standard-eu-en.pdf?id=DTS0000000000000001000010986ENN,,2026-06-09,A,"Global official Type page is the product master. China visibility indicates public page/document visibility only, not stock, origin or lead time. Official category paths: Solenoid Valves > Accessories > Cable Plugs."
2508,Cable Plug Form A,插头形状 A,电磁阀,Accessories > Cable Plugs,Cable Plugs,"Plug for the connection of electrical components according to DIN EN 175301-803 (previously DIN 43650, Form A). Standard version without circuit, with LED, varistor, rectifier, pole protection- or/and free wheeling diode. Variants with HL-circuit to increase performance of solenoid valves, LR-circuit to decrease power consumption and IN-circuit for control of impulse coils.",,Accessories > Cable Plugs,LOW,,CURRENT,CHINA_PAGE_ONLY,https://www.burkert.com/en/type/2508,https://www.burkert.com.cn/cn/type/2508,https://www.burkert.com/en/Media/plm/DTS/DS/ds2508-standard-eu-en.pdf?id=DTS0000000000000001000010987ENL,,2026-06-09,A,"Global official Type page is the product master. China visibility indicates public page/document visibility only, not stock, origin or lead time. Official category paths: Solenoid Valves > Accessories > Cable Plugs."
2509,"Cable plug, form A according to DIN EN 175301-803",设备插口，A 型插头，符合 DIN EN 175301-803,电磁阀,Accessories > Cable Plugs,Cable Plugs,Cable plug Type 2509 for connection of electrical components according to DIN EN 175301-803.,,Accessories > Cable Plugs,LOW,,CURRENT,CHINA_PAGE_ONLY,https://www.burkert.com/en/type/2509,https://www.burkert.com.cn/cn/type/2509,https://www.burkert.com/en/Media/plm/DTS/DS/ds2509-standard-eu-en.pdf?id=DTS0000000000000001000010988ENK,,2026-06-09,A,"Global official Type page is the product master. China visibility indicates public page/document visibility only, not stock, origin or lead time. Official category paths: Solenoid Valves > Accessories > Cable Plugs."
2510,"Cable plug AS-Interface, Form C",设备插口 AS 接口，C 型,电磁阀,Accessories > Cable Plugs,Cable Plugs,,,Accessories > Cable Plugs,LOW,,CURRENT,CHINA_PAGE_ONLY,https://www.burkert.com/en/type/2510,https://www.burkert.com.cn/cn/type/2510,,,2026-06-09,A,"Global official Type page is the product master. China visibility indicates public page/document visibility only, not stock, origin or lead time. Official category paths: Solenoid Valves > Accessories > Cable Plugs."
2511,Cable Plug Form A,插头形状 A,电磁阀,Accessories > Cable Plugs,Cable Plugs,"The ASI cable plug consist of a polyamidebody with an integrated slave electronics and aconnector configuration according to DIN EN175301-803 Form A. These plugs connect binary elements with the corresponding tag connectors, e.g., valves, to the AS-interface. Inaddition, feedback signals can be received by the variants with the M12 socket in the cover. With the M12 connectors, the installationtimes are quick and the electrical connectionis simple. The advantages with ASI cable plug: Robust and quick installation according to the AS-interface specification. LED status displays facilitate commissioning and fault finding. Bus supply: Transmission of signals and supply voltage on a common line. External supply: transmission of signals and supply voltage on separate lines (such as Emergency Stop or elements with high current consumption).",,Accessories > Cable Plugs,LOW,,CURRENT,CHINA_PAGE_ONLY,https://www.burkert.com/en/type/2511,https://www.burkert.com.cn/cn/type/2511,https://www.burkert.com/en/Media/plm/DTS/DS/ds2511-highpower-eu-en.pdf?id=DTS0000000000000001000097035ENH,,2026-06-09,A,"Global official Type page is the product master. China visibility indicates public page/document visibility only, not stock, origin or lead time. Official category paths: Solenoid Valves > Accessories > Cable Plugs | Industrial Communication > ASi > ASi capable products."
2513,"Cable plug, form A according to DIN EN 175301-803",符合 DIN EN 175301-803 A 型的设备插座,电磁阀,Accessories > Cable Plugs,Cable Plugs,Plug-in connection with fixed moulded cable for connecting electrical components according to DIN EN 175301-803.,,Accessories > Cable Plugs,LOW,,CURRENT,CHINA_PAGE_ONLY,https://www.burkert.com/en/type/2513,https://www.burkert.com.cn/cn/type/2513,https://www.burkert.com/en/Media/plm/DTS/DS/ds2513-standard-eu-en.pdf?id=DTS0000000000000001000219551ENH,,2026-06-09,A,"Global official Type page is the product master. China visibility indicates public page/document visibility only, not stock, origin or lead time. Official category paths: Solenoid Valves > Accessories > Cable Plugs."
2516,"Cable plug, form C according to DIN EN 175301-803",设备插口 DIN EN 175301-803 – C 型插头,电磁阀,Accessories > Cable Plugs,Cable Plugs,Plug-in connection for the connection of electrical components according to DIN EN 175301-803 Form C (previously DIN 43650).,,Accessories > Cable Plugs,LOW,,CURRENT,CHINA_PAGE_ONLY,https://www.burkert.com/en/type/2516,https://www.burkert.com.cn/cn/type/2516,https://www.burkert.com/en/Media/plm/DTS/DS/ds2516-standard-eu-en.pdf?id=DTS0000000000000001000326278ENK,,2026-06-09,A,"Global official Type page is the product master. China visibility indicates public page/document visibility only, not stock, origin or lead time. Official category paths: Solenoid Valves > Accessories > Cable Plugs."
2518,"Cable plug, form A according to DIN EN 175301-803",设备插口 DIN EN 175301-803 A 型插头,电磁阀,Accessories > Cable Plugs,Cable Plugs,Plug for the connection of electrical components according to DIN EN 175301-803 Form A. Type 2518 offers easy connection of lines as well as reliable contacting. A wide range of protective circuits with or without LED are available.,,Accessories > Cable Plugs,LOW,,CURRENT,CHINA_PAGE_ONLY,https://www.burkert.com/en/type/2518,https://www.burkert.com.cn/cn/type/2518,https://www.burkert.com/en/Media/plm/DTS/DS/ds2518-standard-eu-en.pdf?id=DTS0000000000000001000386347ENI,,2026-06-09,A,"Global official Type page is the product master. China visibility indicates public page/document visibility only, not stock, origin or lead time. Official category paths: Solenoid Valves > Accessories > Cable Plugs."
2610,Plunger valve 2/2 way direct-acting,直动式两位两通柱塞电磁阀,电磁阀,Media Separated,Media Separated,"The direct-acting valve Type 2610 is delivered with circuit function normally closed. The thermal isolation of the coil and housing by means of stainless steel bellows allows the extreme medium temperature. In this way condensation or an unacceptable heating up of the coil is avoided. The supplied cable head contains a ""kick and drop"" electronic that supports the opening phase and afterwards reduction of the opening holding power.",,Media Separated,LOW,,CURRENT,CHINA_PAGE_ONLY,https://www.burkert.com/en/type/2610,https://www.burkert.com.cn/cn/type/2610,https://www.burkert.com/en/Media/plm/DTS/DS/ds2610-standard-eu-en.pdf?id=DTS0000000000000001000215510ENB,,2026-06-09,A,"Global official Type page is the product master. China visibility indicates public page/document visibility only, not stock, origin or lead time. Official category paths: Solenoid Valves > Media Separated | Solenoid Valves > Hazardous Location Solenoids | Solenoid Valves > General Purpose 2/2 Solenoids."
2651,"2/2-way or 3/2-way ball valve, 2-piece",二位二通和二位三通球阀，由两部分构成。,过程与控制阀,Control Valves > Ball Valves > Pneumatic,Pneumatic,"2/2- and 3/2-way stainless steel ball valve used to shut off and distribute medium flows. The ball valves can be connected via the mechanical interface according to ISO 5211 with a pneumatic rotary actuator (e.g. Type 2051, Type 2052, Type 2053) or electrical rotary actuator (e.g. Type 3003, Type 3004, Type 3005).",,Control Valves > Ball Valves > Pneumatic,MEDIUM,,CURRENT,CHINA_PAGE_ONLY,https://www.burkert.com/en/type/2651,https://www.burkert.com.cn/cn/type/2651,https://www.burkert.com/en/Media/plm/DTS/DS/ds2651-flange-eu-en.pdf?id=DTS0000000000000001000361184ENF,,2026-06-09,A,"Global official Type page is the product master. China visibility indicates public page/document visibility only, not stock, origin or lead time. Official category paths: Process and Control Valves > Control Valves > Ball Valves > Pneumatic | Process and Control Valves > Shut-off Valves (On/Off) > Ball Valves > Manual | Process and Control Valves > Control Valves > Ball Valves > Manual."
2652,2/2 way Ball Valve with Pneumatic Rotary Actuator,带有气动旋转执行机构的二位二通球阀，由两部分和三部分构成的不锈钢外壳,过程与控制阀,Control Valves > Ball Valves > Pneumatic,Pneumatic,"Complete ball valves of Types 2652 and 2655 consist of a pneumatic rotary actuator (Type2050) and a 2/2-way ball valve. The ball valvebody is 2-piece (Type 2652) or 3-piece (Type2655). The connection between the actuator and the ball valve takes place via a standard interface (flange connection). The rotary movement in the drive is produced by a linear piston with quick-acting screw thread coupling. The rotary actuator moves the ball valve through 90° and thus opens or closes the line cross-section. The actuator has an optical display of the piston position. The compact, pneumatically actuated ball valve can be employed for a wide range of applications, even under heavy-duty, slightly aggressive conditions.",腐蚀性介质,Control Valves > Ball Valves > Pneumatic,MEDIUM,,CURRENT,CHINA_PAGE_ONLY,https://www.burkert.com/en/type/2652,https://www.burkert.com.cn/cn/type/2652,https://www.burkert.com/en/Media/plm/DTS/DS/ds2652-standard-eu-en.pdf?id=DTS0000000000000001000110785ENM,,2026-06-09,A,"Global official Type page is the product master. China visibility indicates public page/document visibility only, not stock, origin or lead time. Official category paths: Process and Control Valves > Control Valves > Ball Valves > Pneumatic | Process and Control Valves > Shut-off Valves (On/Off) > Ball Valves > Pneumatic."
2654,"2/2-way ball valve, 3-piece",二位二通球阀由三部分构成,过程与控制阀,Control Valves > Ball Valves > Pneumatic,Pneumatic,"2/2-way ball valve in stainless steel for separating medium flows. The ball valves can be connected via the mechanical interface according to ISO 5211 to a pneumatic (e.g. Type 2051, Type 2052, Type 2053) or electric rotary actuator (e.g. Type 3003, Type 3004, Type 3005). Benefits: - low torques - high flow values - high medium pressure - long service life - maintenance-friendly",,Control Valves > Ball Valves > Pneumatic,MEDIUM,,CURRENT,CHINA_PAGE_ONLY,https://www.burkert.com/en/type/2654,https://www.burkert.com.cn/cn/type/2654,https://www.burkert.com/en/Media/plm/DTS/DS/ds2654-hygienic-eu-en.pdf?id=DTS0000000000000001000243919ENQ,,2026-06-09,A,"Global official Type page is the product master. China visibility indicates public page/document visibility only, not stock, origin or lead time. Official category paths: Process and Control Valves > Control Valves > Ball Valves > Pneumatic | Process and Control Valves > Shut-off Valves (On/Off) > Ball Valves > Manual | Process and Control Valves > Control Valves > Ball Valves > Manual."
2655,2/2 way Ball Valve with Pneumatic Rotary Actuator,带有气动旋转执行机构的二位二通球阀，由三部分构成的不锈钢外壳,过程与控制阀,Shut-off Valves (On/Off) > Ball Valves > Pneumatic,Pneumatic,"Complete ball valves of Types 2652 and 2655 consist of a pneumatic rotary actuator (Type 2050) and a 2/2-way ball valve. The ball valve body is 2-piece (Type 2652) or 3-piece (Type 2655). The connection between the actuator and the ball valve takes place via a standard interface (flange connection). The rotary movement in the drive is produced by a linear piston with quick-acting screw thread coupling. The rotary actuator moves the ball valve through 90° and thus opens or closes the line cross-section. The actuator has an optical display of the piston position. The compact, pneumatically actuated ball valve can be employed for a wide range of applications, even under heavy-duty, slightly aggressive conditions.",腐蚀性介质,Shut-off Valves (On/Off) > Ball Valves > Pneumatic,MEDIUM,,CURRENT,CHINA_PAGE_ONLY,https://www.burkert.com/en/type/2655,https://www.burkert.com.cn/cn/type/2655,,,2026-06-09,A,"Global official Type page is the product master. China visibility indicates public page/document visibility only, not stock, origin or lead time. Official category paths: Process and Control Valves > Shut-off Valves (On/Off) > Ball Valves > Pneumatic | Process and Control Valves > Control Valves > Ball Valves > Pneumatic."
2657,"Ball valve, manually operated",球阀，手动操作，塑料外壳,过程与控制阀,Control Valves > Ball Valves > Manual,Manual,2/2- and 3/2-way ball valves with manual override in plastic for separating medium flow. Different body versions and materials can be ordered to suit various applications. Special feature: The ball valves are equipped with the so-called Dual Block® Technology. This system serves as a safety device for the union nuts. It prevents that the installed valve becomes loose during the operation.,腐蚀性介质,Control Valves > Ball Valves > Manual,MEDIUM,,CURRENT,CHINA_PAGE_ONLY,https://www.burkert.com/en/type/2657,https://www.burkert.com.cn/cn/type/2657,https://www.burkert.com/en/Media/plm/DTS/DS/ds2657-standard-eu-en.pdf?id=DTS0000000000000001000090181ENN,,2026-06-09,A,"Global official Type page is the product master. China visibility indicates public page/document visibility only, not stock, origin or lead time. Official category paths: Process and Control Valves > Control Valves > Ball Valves > Manual | Process and Control Valves > Shut-off Valves (On/Off) > Ball Valves > Manual."
2658,2/2 way Ball Valve with Pneumatic Rotary Actuator,带有气动旋转执行机构的二位二通球阀；塑料外壳；DN 10-50,过程与控制阀,Shut-off Valves (On/Off) > Ball Valves > Pneumatic,Pneumatic,The complete unit of the Type 2658 consistsof a pneumatic rotary actuator and a ball valve body from plastic. The connection between the ball valve and the actuator is made via a standard interface (flange connection). The rotary movement in the actuator is produced by a linear piston with angled thread coupling. The rotary actuator moves the ball valve through 90°and thereby opens or closes the port crosssection.The compact pneumatically-operatedball valve can be used for a wide range of applications and media. The pneumatic rotaryactuator can also be used for other purposes.Special feature: The ball valves are equipped with the so-called Dual Block® Technology. This system serves as a safety device for the union nuts. It preventsthese separating during operation.,,Shut-off Valves (On/Off) > Ball Valves > Pneumatic,MEDIUM,,CURRENT,CHINA_PAGE_ONLY,https://www.burkert.com/en/type/2658,https://www.burkert.com.cn/cn/type/2658,https://www.burkert.com/en/Media/plm/DTS/DS/ds2658-pneumatic-eu-en.pdf?id=DTS0000000000000001000021453ENL,,2026-06-09,A,"Global official Type page is the product master. China visibility indicates public page/document visibility only, not stock, origin or lead time. Official category paths: Process and Control Valves > Shut-off Valves (On/Off) > Ball Valves > Pneumatic | Process and Control Valves > Control Valves > Ball Valves > Pneumatic."
2660,"2/2 or 3/2-way brass ball valve, 2-part",两分式两位两通或者两位三通黄铜球阀。,过程与控制阀,Shut-off Valves (On/Off) > Ball Valves > Manual,Manual,"2/2 and 3/2-way brass ball valve used to shut off and distribute media flows. The ball valves can be automated via the mechanical interface to ISO 5211 with a pneumatic (e.g. Type 2051 or 2052) or an electrical rotary actuator (e.g. Types 3003, 3004 or 3005).",,Shut-off Valves (On/Off) > Ball Valves > Manual,MEDIUM,,CURRENT,CHINA_PAGE_ONLY,https://www.burkert.com/en/type/2660,https://www.burkert.com.cn/cn/type/2660,,,2026-06-09,A,"Global official Type page is the product master. China visibility indicates public page/document visibility only, not stock, origin or lead time. Official category paths: Process and Control Valves > Shut-off Valves (On/Off) > Ball Valves > Manual | Process and Control Valves > Control Valves > Ball Valves > Manual."
2664,2/2 way ball valves with electrically driven actuator,带有电动执行机构的二位二通球阀,过程与控制阀,Shut-off Valves (On/Off) > Ball Valves > Electromotive,Electromotive,,,Shut-off Valves (On/Off) > Ball Valves > Electromotive,MEDIUM,,CURRENT,CHINA_PAGE_ONLY,https://www.burkert.com/en/type/2664,https://www.burkert.com.cn/cn/type/2664,,,2026-06-09,A,"Global official Type page is the product master. China visibility indicates public page/document visibility only, not stock, origin or lead time. Official category paths: Process and Control Valves > Shut-off Valves (On/Off) > Ball Valves > Electromotive | Process and Control Valves > Control Valves > Ball Valves > Electromotive | Electromotive Valves > Ball Valves > ON/OFF | Electromotive Valves > Ball Valves > Control."
2671,Butterfly valve,二位二通截止阀,过程与控制阀,Control Valves > Butterfly Valves,Butterfly Valves,"2/2-way butterfly valve in metal for shutting off and controlling media flows. Since the butterfly valve is available in various designs (wafer type, lug type) and in different materials, it meets the requirements of various applications and processes. Preferential areas of application for butterfly valves are, for example, the metal industry, power plant technology, paper industry as well as mining, shipbuilding and mechanical engineering. Further characteristics and advantages are: • Continuous stem for self-centering disc: even wear and low torque • PFA-coated stem in the sealed area • Blow-out proof stem seal • Spherically shaped disc • Notched handle in ductile iron: lockable in 10 adjustable positions",,Control Valves > Butterfly Valves,MEDIUM,,CURRENT,CHINA_PAGE_ONLY,https://www.burkert.com/en/type/2671,https://www.burkert.com.cn/cn/type/2671,https://www.burkert.com/en/Media/plm/DTS/DS/ds2671-centric-eu-en.pdf?id=DTS0000000000000001000205027ENM,,2026-06-09,A,"Global official Type page is the product master. China visibility indicates public page/document visibility only, not stock, origin or lead time. Official category paths: Process and Control Valves > Control Valves > Butterfly Valves | Process and Control Valves > Shut-off Valves (On/Off) > Butterfly Valves > Manual."
2672,"2/2 way Butterfly Valve, Pneumatically Operated",带有气动旋转执行机构的二位二通截止阀,过程与控制阀,Control Valves > Butterfly Valves,Butterfly Valves,The control valve type 2672/8630 consists of a 2-way butterfly valve type 2672 and an electro-pneumatic position controller including superimposed process controller type 8630 (TopControl Continuous) with analogue feedback card. The butterfly valve housing is made of cast iron and the flap is made of stainless steel. The connection between the flap and the actuator follows a standard interface (flange connection). The rotary movement in the actuator is achieved by a linear piston with a steep-threaded spindle. The rotary actuator moves the butterfly valve by max. 90°. The compact electropneumatically actuated control valve can be used for a wide range of applications and media. NOTE: The use of these control valves is only useful in a process control loop; The valve is not suitable for direct position control.,,Control Valves > Butterfly Valves,MEDIUM,,CURRENT,CHINA_PAGE_ONLY,https://www.burkert.com/en/type/2672,https://www.burkert.com.cn/cn/type/2672,,,2026-06-09,A,"Global official Type page is the product master. China visibility indicates public page/document visibility only, not stock, origin or lead time. Official category paths: Process and Control Valves > Control Valves > Butterfly Valves."
2674,Plastic butterfly valve,塑料蝶阀,过程与控制阀,Control Valves > Butterfly Valves,Butterfly Valves,"2/2 way plastic butterfly valves used for control and on/off operations. Type 2674 can be connected via the mechanical interface (according to ISO 5211) with pneumatic rotary actuators (for example, Type 2051 or 2052) and electric rotary actuators (for example, Type 3003, 3004 or 3005). Moreover, the valve is available with different kinds of liner (EPDM, FPM), housing (PVC-U, PP-GR) and disc (PVC-U, PP-H, PVDF, PVC-C) materials. Consequently, Type 2674 is suited for various aggressive media and meets the requirements of different applications and processes.",腐蚀性介质,Control Valves > Butterfly Valves,MEDIUM,,CURRENT,CHINA_PAGE_ONLY,https://www.burkert.com/en/type/2674,https://www.burkert.com.cn/cn/type/2674,https://www.burkert.com/en/Media/plm/DTS/DS/ds2674-standard-eu-en.pdf?id=DTS0000000000000001000302674ENG,,2026-06-09,A,"Global official Type page is the product master. China visibility indicates public page/document visibility only, not stock, origin or lead time. Official category paths: Process and Control Valves > Control Valves > Butterfly Valves | Process and Control Valves > Shut-off Valves (On/Off) > Butterfly Valves > Manual."
2702,Manually operated 2-way angle seat control valve,手动操作二通斜座调节阀,过程与控制阀,Control Valves > Angle Seat Valves > Pneumatic,Pneumatic,The 2702 control valve consists of a stainless steel angle seat body with a manual actuator. The parabolic valve plug results in a flow capacity approximately 35% greater than conventional control valves. It is available in either stainless steel on stainless steel or with a durable PTFE seal for tight shut-off. The desired flow rate can be easily set using an exact position indicator. The pneumatically operated variant of the Type 2702 is not available anymore – since July 2020. The successor is the Type 2300.,,Control Valves > Angle Seat Valves > Pneumatic,MEDIUM,CIP/SIP辅助回路及洁净公用工程,CURRENT,CHINA_PAGE_ONLY,https://www.burkert.com/en/type/2702,https://www.burkert.com.cn/cn/type/2702,,,2026-06-09,A,"Global official Type page is the product master. China visibility indicates public page/document visibility only, not stock, origin or lead time. Official category paths: Process and Control Valves > Control Valves > Angle Seat Valves > Pneumatic."
2707,Hose pinch valve with pneumatic actuator,Hose pinch valve with pneumatic actuator,过程与控制阀,Hygienic / Pharma / Hydrogen / Speciality Process Valves > Pinch valve,Pinch valve,"The externally controlled hose pinch valve Type 2707 consists of a pneumatical actuator (optionally ELEMENT, INOX or CLASSIC), a housing with compressor and an interchangeable hose holder that can be adapted to the tubing size. The Bürkert hose pinch valve has been specifically designed for single-use applications in biopharmaceutical production processes. Typical applications include chromatography skids, tangential flow filtration skids (TFF), single-use bioreactors, as well as filling and dosing skids. Installation on racks, e.g. for transfer and/or distribution. Manufactured for modulating applications (ELEMENT actuator) or on/off applications (INOX or CLASSIC actuator). Compressor and hose holder can be replaced with a few simple hand movements, allowing the pinch valve to be adapted to different hose dimensions. Compact, smooth-surfaced, highly integrated system of valve and automation unit. High chemical resistance.",,定量/加注；卫生过程；制药,HIGH,无菌输送/隔离；CIP/SIP；制药用水,CURRENT,CHINA_PAGE_AND_ZH_DATASHEET,https://www.burkert.com/en/type/2707,https://www.burkert.com.cn/cn/type/2707,https://www.burkert.com/en/Media/plm/DTS/DS/ds2707-standard-eu-en.pdf?id=DTS0000000000000001000643724ENI,https://www.burkert.com/en/Media/plm/DTS/DS/ds2707-standard-cn-zh.pdf?id=DTS0000000000000001000657233ZHG,2026-06-09,A,"Global official Type page is the product master. China visibility indicates public page/document visibility only, not stock, origin or lead time. Official category paths: Process and Control Valves > Hygienic / Pharma / Hydrogen / Speciality Process Valves > Pinch valve. No official Chinese page title was parsed; English name retained."
2712,Pneumatically operated 2-way globe control valve,气动二通直座控制阀,过程与控制阀,Control Valves > Globe Valves > Pneumatic,Pneumatic,"The 2712 system has been specifically engineered for reliable closed-loop control in applications where control accuracy is paramount. The 2712 is made from an all stainless steel valve body combined with the classic pneumatic actuator from Bürkert. Each globe valve body can be fitted with three to five sizes of valves seat. These parabolic valve seats provide a reliable and repeatable characteristic to vary the flow. The valve cones are available in either stainless steel or with a durable PTFE seal for tight seal. When actuated by the 8635 SideControl, SideControls 8792/93 Remote versions or the 8694/8692/8693/8630 TopControl it forms a unique control valve system which can be operated as either a simple accurate position controller or a self regulating PID process controller for flow, temperature or pressure. The actuator sizes F (80mm) to H (125mm) of Type 2712 are not available anymore since 01.07.2020. The successor type is 2301.",,Control Valves > Globe Valves > Pneumatic,MEDIUM,,CURRENT,CHINA_PAGE_ONLY,https://www.burkert.com/en/type/2712,https://www.burkert.com.cn/cn/type/2712,,,2026-06-09,A,"Global official Type page is the product master. China visibility indicates public page/document visibility only, not stock, origin or lead time. Official category paths: Process and Control Valves > Control Valves > Globe Valves > Pneumatic."
2730,2/2-way – diaphragm valve with pneumatic position-actuator in plastic (Type CLASSIC),带有塑料制成的气动位置调节驱动器的二位二通隔膜阀（CLASSIC 型）,过程与控制阀,Control Valves > Diaphragm Valves,Diaphragm Valves,"The externally controlled diaphragm valve Type 2730 consists of a pneumatically operated piston actuator, a built-in positioner, a diaphragm and a 2-way valve body. The proven and robust actuator with plastic housing ensures use under hygienic or aggressive environmental conditions. The flow-efficient valve body with little dead space enables high flow rates and a wide range of possible uses. The plastic valve body and the diaphragm are available in all common materials and designs. The actuator has a compact, autoclavable design (PPS version). The integration of automation TopControl units Type 8692/8693/8694 and SideCONTROL units Type 8635/8792/8793 is possible in all expansion stages (can be retrofitted). An explosion-proof ATEX/IECEx device variant is available. The add-on housing is available in plastic or stainless steel. The actuator is equipped with an integrated, optical position indicator as standard, optionally a minimum/maximum stroke limitation can be installed.",腐蚀性介质,卫生过程,HIGH,无菌输送/隔离；CIP/SIP；制药用水,CURRENT,CHINA_PAGE_ONLY,https://www.burkert.com/en/type/2730,https://www.burkert.com.cn/cn/type/2730,https://www.burkert.com/en/Media/plm/DTS/DS/ds2730-classic-eu-en.pdf?id=DTS0000000000000001000490461ENF,,2026-06-09,A,"Global official Type page is the product master. China visibility indicates public page/document visibility only, not stock, origin or lead time. Official category paths: Process and Control Valves > Control Valves > Diaphragm Valves."
2731,2/2-way – diaphragm valve with pneumatic position-actuator in plastic ( Type Classic ),带有塑料制成的气动位置调节驱动器的二位二通隔膜阀（CLASSIC 型）,过程与控制阀,Control Valves > Diaphragm Valves,Diaphragm Valves,"The externally controlled diaphragm valve type 2731 consists of a pneumatically operated piston actuator, a bult-in positioner,a diaphragm and a 2-way valve housing. The proven and robust actuator with plastic housing ensures use under hygienic or aggressive environmental conditions. The flow-efficient valve housing with little dead space enable high flow rates and a wide range of possible uses. The valve housing and the diaphragm are available in all common materials and designs. The actuator has a compact, autoclavable design (PPS version). The integration of automation units Top Control 8692/8693/8694 Side Control 8635/8792/8793 is possible in all expansion stages (can be retrofitted). An explosion-proof ATEX / IECEx device variant is available. The add-on housing is optionally available in plastic or stainless steel. The actuator is equipped with an integrated, optical position indicator as standard, optionally a min./max. stroke limitation can be installed.",腐蚀性介质,卫生过程,HIGH,无菌输送/隔离；CIP/SIP；制药用水,CURRENT,CHINA_PAGE_ONLY,https://www.burkert.com/en/type/2731,https://www.burkert.com.cn/cn/type/2731,,,2026-06-09,A,"Global official Type page is the product master. China visibility indicates public page/document visibility only, not stock, origin or lead time. Official category paths: Process and Control Valves > Control Valves > Diaphragm Valves."
2732,"Zero Deadleg T Valve, pneumatically operated. Combinable as Continuous Classic System Type 8802-DE",气动操作的无死角 T 型阀，不锈钢一体式外壳。可组合成 Continuous Classic 系统，型号 8802-DE,过程与控制阀,Control Valves > Diaphragm Valves,Diaphragm Valves,"The Burkert Zero Deadleg T Valve system is designed for control of ultra pure, sterile, aggressive or abrasive fluids. Enables especially optimal sampling, draining or diverting of critical process fluids. The valve body is machined from a single piece of block material (monoblock– no weld seam). The Type 2732 can be actuated by the 8635 SideControl, SideControls 8792/93 Remote versions or the 8694/8692/8693/8630 TopControl forming a mechanical and functional unit and thus offering a complete control valve system. Using this control valve, continuous regulation tasks for fluids can be solved.",液体/气体；腐蚀性介质,Control Valves > Diaphragm Valves,HIGH,无菌输送/隔离；CIP/SIP；制药用水,CURRENT,CHINA_PAGE_ONLY,https://www.burkert.com/en/type/2732,https://www.burkert.com.cn/cn/type/2732,https://www.burkert.com/en/Media/plm/DTS/DS/ds2732-standard-eu-en.pdf?id=DTS0000000000000001000140454ENG,,2026-06-09,A,"Global official Type page is the product master. China visibility indicates public page/document visibility only, not stock, origin or lead time. Official category paths: Process and Control Valves > Control Valves > Diaphragm Valves | Process and Control Valves > Hygienic / Pharma / Hydrogen / Speciality Process Valves > T-valves."
2822,Direct-acting 2/2 way Solenoid Control Valve,直动式二位二通比例阀,比例阀,General Purpose Proportional Valves,General Purpose Proportional Valves,"The direct-acting proportional valve Type 2822 can be used as a control valve for process control and is suitable for technical vacuum. A special design minimizes frictional and stick-slip effects and provides an excellent span, repeatability and sensitivity. The valve is driven either by DC or by a high frequency PWM signal. With the input signal at zero, it closes tightly owing to an elastomer seatseal. Because of its almost silent operation, the valve is specially suitable for medical applications.",,医疗设备,LOW,,CURRENT,CHINA_PAGE_ONLY,https://www.burkert.com/en/type/2822,https://www.burkert.com.cn/cn/type/2822,,,2026-06-09,A,"Global official Type page is the product master. China visibility indicates public page/document visibility only, not stock, origin or lead time. Official category paths: Proportional Valves > General Purpose Proportional Valves."
2824,Direct-acting 2/2 way Solenoid Control Valve,直动式二位二通比例阀,比例阀,General Purpose Proportional Valves,General Purpose Proportional Valves,"The direct-acting proportional valve Type 2824 can be used as a control valve for process control and is suitable for technical vacuum. Low hysteresis, high repeatability and high sensitivity ensure superior regulation behaviour. Thanks to an elastomeric sealing, the valve closes tightly and securely.",,General Purpose Proportional Valves,LOW,,CURRENT,CHINA_PAGE_ONLY,https://www.burkert.com/en/type/2824,https://www.burkert.com.cn/cn/type/2824,,,2026-06-09,A,"Global official Type page is the product master. China visibility indicates public page/document visibility only, not stock, origin or lead time. Official category paths: Proportional Valves > General Purpose Proportional Valves."
2833,Direct-acting 2/2 way Solenoid Control Valve,直动式二位二通比例阀,比例阀,General Purpose Proportional Valves,General Purpose Proportional Valves,"The direct-acting proportional valve Type 2833 can be used as a control valve for process controland is suitable for technical vacuum. Low hysteresis, high repeatability and high sensitivity ensure superior regulation behaviour. Thanks to an elastomeric sealing, the valve closes tightly and securely.",,General Purpose Proportional Valves,LOW,,CURRENT,CHINA_PAGE_ONLY,https://www.burkert.com/en/type/2833,https://www.burkert.com.cn/cn/type/2833,,,2026-06-09,A,"Global official Type page is the product master. China visibility indicates public page/document visibility only, not stock, origin or lead time. Official category paths: Proportional Valves > General Purpose Proportional Valves."
2835,Direct-acting 2/2 way Solenoid Control Valve,直动式二位二通比例阀,比例阀,General Purpose Proportional Valves,General Purpose Proportional Valves,"The direct-acting proportional valve Type 2835 can be used as a control valve for process control and is suitable for technical vacuum. Low hysteresis, high repeatability and high sensitivity ensure superior regulation behaviour. Thanks to an elastomeric sealing, the valve closes tightly and securely.",,General Purpose Proportional Valves,LOW,,CURRENT,CHINA_PAGE_ONLY,https://www.burkert.com/en/type/2835,https://www.burkert.com.cn/cn/type/2835,,,2026-06-09,A,"Global official Type page is the product master. China visibility indicates public page/document visibility only, not stock, origin or lead time. Official category paths: Proportional Valves > General Purpose Proportional Valves."
2836,Direct-acting 2-way proportional valve,直动式二通比例电磁阀,比例阀,General Purpose Proportional Valves,General Purpose Proportional Valves,The direct-acting proportional valve Type 2836 works as an electromagnetically actuated control valve in applications with relatively highflow rates. The valve is normally closed.,,General Purpose Proportional Valves,LOW,,CURRENT,CHINA_PAGE_ONLY,https://www.burkert.com/en/type/2836,https://www.burkert.com.cn/cn/type/2836,https://www.burkert.com/en/Media/plm/DTS/DS/ds2836-standard-eu-en.pdf?id=DTS0000000000000001000023640ENR,,2026-06-09,A,"Global official Type page is the product master. China visibility indicates public page/document visibility only, not stock, origin or lead time. Official category paths: Proportional Valves > General Purpose Proportional Valves."
2852,Type 2852 proportional valve,带泄压功能的两通比例阀,比例阀,General Purpose Proportional Valves,General Purpose Proportional Valves,"The new proportional valve 2852 is pressure-compensated and therefore offers a high pressure level with low power consumption at the same time. The total dimensions of this valve were kept low with regards to integration in devices where compactness and low heating are required for each individual valve, while it still offers comparatively high flow rates. The valve is designed for installation in analytical and medical devices, but can also be used in similar applications in other markets. It possesses two kinds of mechanical integration and three different electrical connection types (wires, plug and soldered contacts) that support all good integration options in mechatronic systems.",,医疗设备,LOW,,CURRENT,CHINA_PAGE_AND_ZH_DATASHEET,https://www.burkert.com/en/type/2852,https://www.burkert.com.cn/cn/type/2852,https://www.burkert.com/en/Media/plm/DTS/DS/ds2852-standard-eu-en.pdf?id=DTS0000000000000001000597991ENE,https://www.burkert.com/en/Media/plm/DTS/DS/ds2852-standard-cn-zh.pdf?id=DTS0000000000000001000614836ZHC,2026-06-09,A,"Global official Type page is the product master. China visibility indicates public page/document visibility only, not stock, origin or lead time. Official category paths: Proportional Valves > General Purpose Proportional Valves."
2853,Direct-acting 2-way Solenoid Control Valve with solenoid isolated from flow path,直动式二位二通比例阀，带有介质分离,比例阀,General Purpose Proportional Valves,General Purpose Proportional Valves,,,General Purpose Proportional Valves,LOW,,CURRENT,CHINA_PAGE_ONLY,https://www.burkert.com/en/type/2853,https://www.burkert.com.cn/cn/type/2853,,,2026-06-09,A,"Global official Type page is the product master. China visibility indicates public page/document visibility only, not stock, origin or lead time. Official category paths: Proportional Valves > General Purpose Proportional Valves."
2861,Direct-acting 2-way basic proportional valve,直动式二位二通基本型比例阀,比例阀,General Purpose Proportional Valves,General Purpose Proportional Valves,"Type 2861 is an extremely compact solenoid control valve and is available with an orifice up to 2 mm. It is based on the standard variant of Type 2871. It is used as an actuator in closed control loops (pressure, flow, temperature, etc.). Compared with the standard variant, the valve is essentially of simpler construction and assembly and testing procedures are optimized, easing high volume series production with shorter delivery times.",,General Purpose Proportional Valves,LOW,,CURRENT,CHINA_PAGE_ONLY,https://www.burkert.com/en/type/2861,https://www.burkert.com.cn/cn/type/2861,https://www.burkert.com/en/Media/plm/DTS/DS/ds2861-standard-eu-en.pdf?id=DTS0000000000000001000173850ENQ,,2026-06-09,A,"Global official Type page is the product master. China visibility indicates public page/document visibility only, not stock, origin or lead time. Official category paths: Proportional Valves > General Purpose Proportional Valves."
2863,Direct acting 2-way basic proportional valve,直动式二位二通基本型比例阀,比例阀,General Purpose Proportional Valves,General Purpose Proportional Valves,"Type 2863 is an extremely compact solenoid control valve and is available with an orifice up to 4 mm. It is based on the standard variant of Type 2873. It is used as an actuator in closed control loops (pressure, flow, temperature, etc.). Compared with the standard variant, the valve is essentially of simpler construction and assembly and testing procedures are optimized, easing high volume series production with shorter delivery times.",,General Purpose Proportional Valves,LOW,,CURRENT,CHINA_PAGE_ONLY,https://www.burkert.com/en/type/2863,https://www.burkert.com.cn/cn/type/2863,https://www.burkert.com/en/Media/plm/DTS/DS/ds2863-standard-eu-en.pdf?id=DTS0000000000000001000173851ENP,,2026-06-09,A,"Global official Type page is the product master. China visibility indicates public page/document visibility only, not stock, origin or lead time. Official category paths: Proportional Valves > General Purpose Proportional Valves."
2865,Direct-acting 2-way basic proportional valve,直动式二位二通基本型比例阀,比例阀,General Purpose Proportional Valves,General Purpose Proportional Valves,"Type 2865 is an extremely compact solenoid control valve and is available with an orifice up to 8 mm. It is based on the standard variant of Type 2875. It is used as an actuator in closed control loops (pressure, flow, temperature, etc.). Compared with the standard variant, the valve is essentially of simpler construction and assembly and testing procedures are optimized, easing high volume series production with shorter delivery times.",,General Purpose Proportional Valves,LOW,,CURRENT,CHINA_PAGE_ONLY,https://www.burkert.com/en/type/2865,https://www.burkert.com.cn/cn/type/2865,https://www.burkert.com/en/Media/plm/DTS/DS/ds2865-standard-eu-en.pdf?id=DTS0000000000000001000173852ENQ,,2026-06-09,A,"Global official Type page is the product master. China visibility indicates public page/document visibility only, not stock, origin or lead time. Official category paths: Proportional Valves > General Purpose Proportional Valves."
2871,Direct-acting 2-way standard proportional valve,直动式二通标准比例电磁阀,比例阀,General Purpose Proportional Valves,General Purpose Proportional Valves,"The direct-acting proportional valve Type 2871 is used as the regulating unit in control loops. Due to an elastomeric seat seal the valve closes tight (integrated shut-off function) ,up to the DN specific nominal pressure. The plunger of the valve is assembled frictionless, which leads to an extraordinary adjustment characteristic. This valve is particularly suitable for demanding control tasks (high control range, dry gases, etc.).",气体,General Purpose Proportional Valves,LOW,,CURRENT,CHINA_PAGE_AND_ZH_DATASHEET,https://www.burkert.com/en/type/2871,https://www.burkert.com.cn/cn/type/2871,https://www.burkert.com/en/Media/plm/DTS/DS/ds2871-standard-eu-en.pdf?id=DTS0000000000000001000173853ENAB,https://www.burkert.com/en/Media/plm/DTS/DS/ds2871-standard-cn-zh.pdf?id=DTS0000000000000001000679286ZHB,2026-06-09,A,"Global official Type page is the product master. China visibility indicates public page/document visibility only, not stock, origin or lead time. Official category paths: Proportional Valves > General Purpose Proportional Valves."
2873,Direct-acting 2-way standard proportional valve,直动式二通标准比例电磁阀,比例阀,General Purpose Proportional Valves,General Purpose Proportional Valves,"The direct-acting proportional valve Type 2873 is used as the regulating unit in control loops. Due to an elastomeric seat seal the valve closes tight (integrated shut-off function), up to the DN specific nominal pressure. The plunger of the valve is assembled frictionless, which leads to an extraordinary adjustment characteristic. This valve is particularly suitable for demanding control tasks (high control range, dry gases, etc.).",气体,General Purpose Proportional Valves,LOW,,CURRENT,CHINA_PAGE_ONLY,https://www.burkert.com/en/type/2873,https://www.burkert.com.cn/cn/type/2873,https://www.burkert.com/en/Media/plm/DTS/DS/ds2873-standard-eu-en.pdf?id=DTS0000000000000001000173854ENT,,2026-06-09,A,"Global official Type page is the product master. China visibility indicates public page/document visibility only, not stock, origin or lead time. Official category paths: Proportional Valves > General Purpose Proportional Valves."
2875,Direct-acting 2 way standard proportional valve,直动式二通标准比例电磁阀,比例阀,General Purpose Proportional Valves,General Purpose Proportional Valves,"The direct-acting proportional valve Type 2875 is used as the regulating unit in control loops. Due to an elastomeric seat seal the valve closes tight (integrated shut-off function), up to the DN specific nominal pressure. The plunger of the valve is assembled frictionless, which leads to an extraordinary adjustment characteristic. This valve is particularly suitable for demanding control tasks (high control range, dry gases, etc.).",气体,General Purpose Proportional Valves,LOW,,CURRENT,CHINA_PAGE_ONLY,https://www.burkert.com/en/type/2875,https://www.burkert.com.cn/cn/type/2875,https://www.burkert.com/en/Media/plm/DTS/DS/ds2875-standard-eu-en.pdf?id=DTS0000000000000001000173855ENS,,2026-06-09,A,"Global official Type page is the product master. China visibility indicates public page/document visibility only, not stock, origin or lead time. Official category paths: Proportional Valves > General Purpose Proportional Valves."
2920,Manually operated 2/2-way angle seat valve,手动两位两通斜座阀,过程与控制阀,Shut-off Valves (On/Off) > Angle Seat Valves > Manual,Manual,"The Type 2920 angle seat valve consists of a manual actuator and a 2-way body made of high-quality stainless steel. With a flow-optimised valve body, the manually operated valve offers diverse usage options to shut off both neutral and aggressive gaseous and liquid media. The tried-and-tested self-adjusting packing gland guarantees optimal tightness and therefore enables low-maintenance operation, even at high switching cycles. Depending on the application, the soft PTFE or PEEK seal ensures a reliable valve seat seal, even under challenging operating conditions. The actuator is made of high-quality plastic and is suitable for use in demanding environments. It possesses a visual position indicator and can be optionally equipped with stroke limitation and locking.",气体；液体；腐蚀性介质；中性介质,Shut-off Valves (On/Off) > Angle Seat Valves > Manual,MEDIUM,CIP/SIP辅助回路及洁净公用工程,CURRENT,CHINA_PAGE_AND_ZH_DATASHEET,https://www.burkert.com/en/type/2920,https://www.burkert.com.cn/cn/type/2920,https://www.burkert.com/en/Media/plm/DTS/DS/ds2920-standard-eu-en.pdf?id=DTS0000000000000001000599138ENK,https://www.burkert.com/en/Media/plm/DTS/DS/ds2920-standard-cn-zh.pdf?id=DTS0000000000000001000620292ZHF,2026-06-09,A,"Global official Type page is the product master. China visibility indicates public page/document visibility only, not stock, origin or lead time. Official category paths: Process and Control Valves > Shut-off Valves (On/Off) > Angle Seat Valves > Manual."
2921,Manually operated 2/2-way globe valve,手动两位两通直座阀,过程与控制阀,Shut-off Valves (On/Off) > Globe Valves > Manual,Manual,"The Type 2921 globe valve consists of a manual actuator and a 2-way body made of stainless steel. With a high-quality valve body, the manually operated valve offers diverse usage options to shut off both neutral and aggressive gaseous and liquid media. The tried-and-tested self-adjusting packing gland guarantees optimal tightness and therefore enables low-maintenance operation, even at high switching cycles. Depending on the application, the soft PTFE or PEEK seal ensures a reliable valve seat seal, even under challenging operating conditions. The actuator is made of high-quality plastic and is suitable for use in demanding environments. It possesses a visual position indicator and can be optionally equipped with stroke limitation and locking.",气体；液体；腐蚀性介质；中性介质,Shut-off Valves (On/Off) > Globe Valves > Manual,MEDIUM,,CURRENT,CHINA_PAGE_AND_ZH_DATASHEET,https://www.burkert.com/en/type/2921,https://www.burkert.com.cn/cn/type/2921,https://www.burkert.com/en/Media/plm/DTS/DS/ds2921-standard-eu-en.pdf?id=DTS0000000000000001000599141ENF,https://www.burkert.com/en/Media/plm/DTS/DS/ds2921-standard-cn-zh.pdf?id=DTS0000000000000001000620285ZHE,2026-06-09,A,"Global official Type page is the product master. China visibility indicates public page/document visibility only, not stock, origin or lead time. Official category paths: Process and Control Valves > Shut-off Valves (On/Off) > Globe Valves > Manual."
2933,2/2-way diaphragm valve with manually operated actuator (basic),带手动执行机构的两位两通隔膜阀,过程与控制阀,Shut-off Valves (On/Off) > Diaphragm Valves > Manual,Manual,"The Type 2933 manually operated diaphragm valve consists of a manually operated actuator, a diaphragm and a 2-way valve body. The manual actuator with plastic or stainless steel handwheel is available with a diaphragm bonnet made of stainless steel or plastic and ensures use in hygienic or aggressive ambient conditions. The flow-optimised valve body with minimum dead space enables high flow values and a wide range of possible applications. The valve body and the diaphragms are available in all common materials and variants. The actuator has a compact, autoclavable design and is compatible with all other Bürkert diaphragm valves. An explosion-proof ATEX/IECEx device variant is available. The manual actuator is equipped with an integrated visual position indicator, a reproducible stroke scale and an adjustable closing limiter. The manual actuator can optionally be equipped with sensors for position feedback.",腐蚀性介质,卫生过程,HIGH,无菌输送/隔离；CIP/SIP；制药用水,CURRENT,CHINA_PAGE_AND_ZH_DATASHEET,https://www.burkert.com/en/type/2933,https://www.burkert.com.cn/cn/type/2933,https://www.burkert.com/en/Media/plm/DTS/DS/ds2933-manual-eu-en.pdf?id=DTS0000000000000001000570666ENO,https://www.burkert.com/en/Media/plm/DTS/DS/ds2933-manual-cn-zh.pdf?id=DTS0000000000000001000620299ZHE,2026-06-09,A,"Global official Type page is the product master. China visibility indicates public page/document visibility only, not stock, origin or lead time. Official category paths: Process and Control Valves > Shut-off Valves (On/Off) > Diaphragm Valves > Manual | Process and Control Valves > Hygienic / Pharma / Hydrogen / Speciality Process Valves > Diaphragm Valves > Manual."
2934,T-diaphragm valve with manually operated actuator (basic),带手动执行机构的 T 型隔膜阀,过程与控制阀,Hygienic / Pharma / Hydrogen / Speciality Process Valves > T-valves,T-valves,"The Type 2934 manually operated diaphragm valve consists of a manually operated actuator, a diaphragm and a T-valve body. The manual actuator with plastic or stainless steel handwheel is available with a diaphragm bonnet made of stainless steel or plastic and ensures use in hygienic or aggressive ambient conditions. The flow-optimised valve body with minimum dead space enables high flow values and a wide range of possible applications. The valve body and the diaphragms are available in all common materials and variants. The actuator has a compact, autoclavable design and is compatible with all other Bürkert diaphragm valves. An explosion-proof ATEX/IECEx device variant is available. The manual actuator is equipped with an integrated visual position indicator, a reproducible stroke scale and an adjustable closing limiter. The manual actuator can optionally be equipped with sensors for position feedback.",腐蚀性介质,卫生过程；制药,HIGH,无菌输送/隔离；CIP/SIP；制药用水,CURRENT,CHINA_PAGE_ONLY,https://www.burkert.com/en/type/2934,https://www.burkert.com.cn/cn/type/2934,https://www.burkert.com/en/Media/plm/DTS/DS/ds2934-manual-eu-en.pdf?id=DTS0000000000000001000584284ENI,,2026-06-09,A,"Global official Type page is the product master. China visibility indicates public page/document visibility only, not stock, origin or lead time. Official category paths: Process and Control Valves > Hygienic / Pharma / Hydrogen / Speciality Process Valves > T-valves | Process and Control Valves > Hygienic / Pharma / Hydrogen / Speciality Process Valves > Diaphragm Valves > Manual | Process and Control Valves > Shut-off Valves (On/Off) > Diaphragm Valves > Manual."
2935,Tank bottom diaphragm valve with manually operated actuator (basic),带手动执行机构的罐底隔膜阀,过程与控制阀,Shut-off Valves (On/Off) > Diaphragm Valves > Manual,Manual,"The Type 2935 manually operated diaphragm valve consists of a manually operated actuator, a diaphragm and a tank bottom valve body. The manual actuator with plastic or stainless steel handwheel is available with a diaphragm bonnet made of stainless steel or plastic and ensures use in hygienic or aggressive ambient conditions. The flow-optimised valve body with minimum dead space enables high flow values and a wide range of possible applications. The valve body and the diaphragms are available in all common materials and variants. The actuator has a compact, autoclavable design and is compatible with all other Bürkert diaphragm valves. An explosion-proof ATEX/IECEx device variant is available. The manual actuator is equipped with an integrated visual position indicator, a reproducible stroke scale and an adjustable closing limiter. The manual actuator can optionally be equipped with sensors for position feedback.",腐蚀性介质,卫生过程,HIGH,无菌输送/隔离；CIP/SIP；制药用水,CURRENT,CHINA_PAGE_ONLY,https://www.burkert.com/en/type/2935,https://www.burkert.com.cn/cn/type/2935,https://www.burkert.com/en/Media/plm/DTS/DS/ds2935-manual-eu-en.pdf?id=DTS0000000000000001000584287ENK,,2026-06-09,A,"Global official Type page is the product master. China visibility indicates public page/document visibility only, not stock, origin or lead time. Official category paths: Process and Control Valves > Shut-off Valves (On/Off) > Diaphragm Valves > Manual | Process and Control Valves > Hygienic / Pharma / Hydrogen / Speciality Process Valves > Diaphragm Valves > Manual | Process and Control Valves > Hygienic / Pharma / Hydrogen / Speciality Process Valves > Tank Bottom Valves."
2960,Manually operated 2-way angle seat control valve,手动操作二通斜座调节阀,过程与控制阀,Control Valves > Angle Seat Valves > Manual,Manual,"The Type 2960 control valve consists of a manual actuator and an angle seat valve body made of high-quality stainless steel. A parabolic cone enables a flow capacity that is up to 35% higher compared to conventional control valves. The precise spindle guide enables control, even under demanding operating conditions. A soft PTFE or PEEK seal guarantees reliable sealing. The actuator is made of high-quality plastic and is suitable for use in demanding environments. It possesses a visual position indicator and can be optionally equipped with stroke limitation and locking. The packing gland uses tried-and-tested V-seals and possesses spring compensation, which means that it does not need to be pulled back manually",,Control Valves > Angle Seat Valves > Manual,MEDIUM,CIP/SIP辅助回路及洁净公用工程,CURRENT,CHINA_PAGE_ONLY,https://www.burkert.com/en/type/2960,https://www.burkert.com.cn/cn/type/2960,https://www.burkert.com/en/Media/plm/DTS/DS/ds2960-standard-eu-en.pdf?id=DTS0000000000000001000597486ENG,,2026-06-09,A,"Global official Type page is the product master. China visibility indicates public page/document visibility only, not stock, origin or lead time. Official category paths: Process and Control Valves > Control Valves > Angle Seat Valves > Manual."
2961,Manually operated 2-way globe control valve,手动二通直座控制阀,过程与控制阀,Control Valves > Globe Valves > Manual,Manual,"The Type 2961 control valve consists of a manual actuator and a globe valve body with exchangeable seats made of high-quality stainless steel. Each globe valve body can be equipped with up to 8 valve seat sizes and reaches the desired flow characteristic curve in interaction with parabolic cones. The precise spindle guide enables control, even under demanding operating conditions. A soft PTFE or PEEK seal guarantees reliable sealing. The actuator is made of high-quality plastic and is suitable for use in demanding environments. It possesses a visual position indicator and can be optionally equipped with stroke limitation and locking. The packing gland uses tried-and-tested V-seals and possesses spring compensation, which means that it does not need to be pulled back manually.",,Control Valves > Globe Valves > Manual,MEDIUM,,CURRENT,CHINA_PAGE_ONLY,https://www.burkert.com/en/type/2961,https://www.burkert.com.cn/cn/type/2961,https://www.burkert.com/en/Media/plm/DTS/DS/ds2961-standard-eu-en.pdf?id=DTS0000000000000001000597490ENF,,2026-06-09,A,"Global official Type page is the product master. China visibility indicates public page/document visibility only, not stock, origin or lead time. Official category paths: Process and Control Valves > Control Valves > Globe Valves > Manual."
2973,2/2-way diaphragm valve with manually operated actuator (FullFunction),带手动执行机构的两位两通隔膜阀（全功能）,过程与控制阀,Shut-off Valves (On/Off) > Diaphragm Valves > Manual,Manual,"The Type 2973 manually operated diaphragm valve consists of a manually operated actuator, a diaphragm and a 2-way body. The manual actuator with plastic handwheel ensures use in hygienic or aggressive ambient conditions. The flow-optimised valve body with minimum dead space enables high flow values and a wide range of possible applications. The valve body and the diaphragms are available in all common materials and variants. The actuator has a compact, autoclavable design and is compatible with all other Bürkert diaphragm valves. An explosion-proof ATEX/IECEx device variant is available. The manual actuator possesses a visual position indicator with reproducible stroke scale. The actuator also possesses an adjustable minimum and maximum stroke limitation and/or locking. The manual actuator can be optionally equipped with sensors for position feedback.",腐蚀性介质,卫生过程,HIGH,无菌输送/隔离；CIP/SIP；制药用水,CURRENT,CHINA_PAGE_AND_ZH_DATASHEET,https://www.burkert.com/en/type/2973,https://www.burkert.com.cn/cn/type/2973,https://www.burkert.com/en/Media/plm/DTS/DS/ds2973-manual-eu-en.pdf?id=DTS0000000000000001000597497END,https://www.burkert.com/en/Media/plm/DTS/DS/ds2973-manual-cn-zh.pdf?id=DTS0000000000000001000613700ZHC,2026-06-09,A,"Global official Type page is the product master. China visibility indicates public page/document visibility only, not stock, origin or lead time. Official category paths: Process and Control Valves > Shut-off Valves (On/Off) > Diaphragm Valves > Manual | Process and Control Valves > Hygienic / Pharma / Hydrogen / Speciality Process Valves > Diaphragm Valves > Manual."
2974,T-diaphragm valve with manually operated actuator (FullFunction),带手动执行机构的 T 型隔膜阀（全功能）,过程与控制阀,Shut-off Valves (On/Off) > Diaphragm Valves > Manual,Manual,"The Type 2974 manually operated diaphragm valve consists of a manually operated actuator, a diaphragm and a T-valve body. The manual actuator with plastic handwheel ensures use in hygienic or aggressive ambient conditions. The flow-optimised valve body with minimum dead space enables high flow values and a wide range of possible applications. The valve body and the diaphragms are available in all common materials and variants. The actuator has a compact, autoclavable design and is compatible with all other Bürkert diaphragm valves. An explosion-proof ATEX/IECEx device variant is available. The manual actuator possesses a visual position indicator with reproducible stroke scale. The actuator also possesses an adjustable minimum and maximum stroke limitation and/or locking. The manual actuator can be optionally equipped with sensors for position feedback.",腐蚀性介质,卫生过程,HIGH,无菌输送/隔离；CIP/SIP；制药用水,CURRENT,CHINA_PAGE_AND_ZH_DATASHEET,https://www.burkert.com/en/type/2974,https://www.burkert.com.cn/cn/type/2974,https://www.burkert.com/en/Media/plm/DTS/DS/ds2974-manual-eu-en.pdf?id=DTS0000000000000001000597499ENC,https://www.burkert.com/en/Media/plm/DTS/DS/ds2974-manual-cn-zh.pdf?id=DTS0000000000000001000613717ZHC,2026-06-09,A,"Global official Type page is the product master. China visibility indicates public page/document visibility only, not stock, origin or lead time. Official category paths: Process and Control Valves > Shut-off Valves (On/Off) > Diaphragm Valves > Manual | Process and Control Valves > Hygienic / Pharma / Hydrogen / Speciality Process Valves > Diaphragm Valves > Manual | Process and Control Valves > Hygienic / Pharma / Hydrogen / Speciality Process Valves > T-valves."
2975,Tank bottom diaphragm valve with manually operated actuator (FullFunction),带手动执行机构的罐底隔膜阀（全功能）,过程与控制阀,Shut-off Valves (On/Off) > Diaphragm Valves > Manual,Manual,"The Type 2975 manually operated diaphragm valve consists of a manually operated actuator, a diaphragm and a tank bottom valve body. The manual actuator with plastic handwheel ensures use in hygienic or aggressive ambient conditions. The flow-optimised valve body with minimum dead space enables high flow values and a wide range of possible applications. The valve body and the diaphragms are available in all common materials and variants. The actuator has a compact, autoclavable design and is compatible with all other Bürkert diaphragm valves. An explosion-proof ATEX/IECEx device variant is available. The manual actuator possesses a visual position indicator with reproducible stroke scale. The actuator also possesses an adjustable minimum and maximum stroke limitation and/or locking. The manual actuator can be optionally equipped with sensors for position feedback.",腐蚀性介质,卫生过程,HIGH,无菌输送/隔离；CIP/SIP；制药用水,CURRENT,CHINA_PAGE_AND_ZH_DATASHEET,https://www.burkert.com/en/type/2975,https://www.burkert.com.cn/cn/type/2975,https://www.burkert.com/en/Media/plm/DTS/DS/ds2975-manual-eu-en.pdf?id=DTS0000000000000001000597501ENC,https://www.burkert.com/en/Media/plm/DTS/DS/ds2975-manual-cn-zh.pdf?id=DTS0000000000000001000613728ZHD,2026-06-09,A,"Global official Type page is the product master. China visibility indicates public page/document visibility only, not stock, origin or lead time. Official category paths: Process and Control Valves > Shut-off Valves (On/Off) > Diaphragm Valves > Manual | Process and Control Valves > Hygienic / Pharma / Hydrogen / Speciality Process Valves > Diaphragm Valves > Manual | Process and Control Valves > Hygienic / Pharma / Hydrogen / Speciality Process Valves > Tank Bottom Valves."
3003,Electrical Rotary Actuator - On/Off and control,电动旋转执行机构 - 打开/关闭或调节执行机构,过程与控制阀,Control Valves > Ball Valves > Actuators,Actuators,"The electrical rotary actuator Type 3003 is a compact and powerful actuator system with a long service life. Materials and components have been chosen for a maintenance-free operation even in aggressive environments and ensure low thermal loading on the actuator. The modular design offers many additional features to be added to the basic device such as extra limit switches, potentiometers and emergency power. With the control actuator version the input signals as well as the output signals (e.g., 4...20 mA, 0...20 mA, 0...10 V) can be programmed. Heating resistors and torque limiters are standard features. The housing is made of flame-resistant material classified according to UL 94 V0.",腐蚀性介质,Control Valves > Ball Valves > Actuators,MEDIUM,,CURRENT,CHINA_PAGE_ONLY,https://www.burkert.com/en/type/3003,https://www.burkert.com.cn/cn/type/3003,https://www.burkert.com/en/Media/plm/DTS/DS/ds3003-ps-eu-en.pdf?id=DTS0000000000000001000361794ENC,,2026-06-09,A,"Global official Type page is the product master. China visibility indicates public page/document visibility only, not stock, origin or lead time. Official category paths: Process and Control Valves > Control Valves > Ball Valves > Actuators | Process and Control Valves > Shut-off Valves (On/Off) > Ball Valves > Quarter Turn Actuators | Process and Control Valves > Shut-off Valves (On/Off) > Butterfly Valves > Quarter Turn Actuators."
3004,Explosion-Proof Rotary Actuator - On/Off or Control,防爆旋转执行机构 - 打开/关闭或调节执行机构,过程与控制阀,Shut-off Valves (On/Off) > Ball Valves > Quarter Turn Actuators,Quarter Turn Actuators,"The electrical rotary actuator Type 3004 is a compact, powerful and explosion-proof actuator system with a long service life. Materials and components have been chosen for a maintenance-free operation and ensure low thermal loading on the actuator. The modular design offers many options such as extra limit switches or potentiometers to be added to the basic unit.",,Shut-off Valves (On/Off) > Ball Valves > Quarter Turn Actuators,MEDIUM,,CURRENT,CHINA_PAGE_ONLY,https://www.burkert.com/en/type/3004,https://www.burkert.com.cn/cn/type/3004,https://www.burkert.com/en/Media/plm/DTS/DS/ds3004-eex-eu-en.pdf?id=DTS0000000000000001000097022ENX,,2026-06-09,A,"Global official Type page is the product master. China visibility indicates public page/document visibility only, not stock, origin or lead time. Official category paths: Process and Control Valves > Shut-off Valves (On/Off) > Ball Valves > Quarter Turn Actuators | Process and Control Valves > Control Valves > Ball Valves > Actuators | Process and Control Valves > Shut-off Valves (On/Off) > Butterfly Valves > Quarter Turn Actuators."
3005,Electrical Rotary Actuator - On/Off and Control,电动旋转执行机构 - 打开/关闭或调节执行机构,过程与控制阀,Shut-off Valves (On/Off) > Ball Valves > Quarter Turn Actuators,Quarter Turn Actuators,The electrical rotary actuator Type 3005 is a compact and powerful actuator system which provides a long service life. Materials and components have been chosen for maintenance-free operation and ensure low thermal loading on the actuator. The modular design offers many options such as extra limit switches or potentiometers to be added to the basic unit.,,Shut-off Valves (On/Off) > Ball Valves > Quarter Turn Actuators,MEDIUM,,CURRENT,CHINA_PAGE_ONLY,https://www.burkert.com/en/type/3005,https://www.burkert.com.cn/cn/type/3005,https://www.burkert.com/en/Media/plm/DTS/DS/ds3005-ps-eu-en.pdf?id=DTS0000000000000001000532998ENC,,2026-06-09,A,"Global official Type page is the product master. China visibility indicates public page/document visibility only, not stock, origin or lead time. Official category paths: Process and Control Valves > Shut-off Valves (On/Off) > Ball Valves > Quarter Turn Actuators | Process and Control Valves > Control Valves > Ball Valves > Actuators | Process and Control Valves > Shut-off Valves (On/Off) > Butterfly Valves > Quarter Turn Actuators."
3210,"2/2 or 3/2 way Ball Valve, Pneumatically Operated",二位二通或二位三通球阀，气动控制,过程与控制阀,Shut-off Valves (On/Off) > Ball Valves > Pneumatic,Pneumatic,,,Shut-off Valves (On/Off) > Ball Valves > Pneumatic,MEDIUM,,CURRENT,CHINA_PAGE_ONLY,https://www.burkert.com/en/type/3210,https://www.burkert.com.cn/cn/type/3210,,,2026-06-09,A,"Global official Type page is the product master. China visibility indicates public page/document visibility only, not stock, origin or lead time. Official category paths: Process and Control Valves > Shut-off Valves (On/Off) > Ball Valves > Pneumatic."
3230,Pneumatically operated 2/2 way diaphragm valve with plastic body,气动操作的二位二通隔膜阀，带有塑料外壳,过程与控制阀,Shut-off Valves (On/Off) > Diaphragm Valves > Pneumatic,Pneumatic,"2/2-way plastic diaphragm valve, pilot operated with pneumatic actuator and spring return. Used for polluted medium in process and water technology.",水；腐蚀性介质,Shut-off Valves (On/Off) > Diaphragm Valves > Pneumatic,HIGH,无菌输送/隔离；CIP/SIP；制药用水,CURRENT,CHINA_PAGE_ONLY,https://www.burkert.com/en/type/3230,https://www.burkert.com.cn/cn/type/3230,https://www.burkert.com/en/Media/plm/DTS/DS/ds3230-pneumatic-eu-en.pdf?id=DTS0000000000000001000020595ENJ,,2026-06-09,A,"Global official Type page is the product master. China visibility indicates public page/document visibility only, not stock, origin or lead time. Official category paths: Process and Control Valves > Shut-off Valves (On/Off) > Diaphragm Valves > Pneumatic | Process and Control Valves > Hygienic / Pharma / Hydrogen / Speciality Process Valves > Diaphragm Valves > Pneumatic."
3232,2/2-way diaphragm valve with manually operated actuator,带手动操作执行机构的二位二通隔膜阀,过程与控制阀,Shut-off Valves (On/Off) > Diaphragm Valves > Manual,Manual,"The hand-operated diaphragm valve Type 3232/3233 consists of a hand-operated actuator, a diaphragm and a 2-way body. The manual actuator with plastic handwheel ensures use in hygienic or aggressive ambient conditions. The flow-optimised valve body with minimum dead space enables high flow rates and a wide range of possible applications. The valve bodies are available in PP, PVC-U, PVDF. The membranes are available in the usual materials and designs. The actuator has a compact design and is compatible with all other Bürkert diaphragm valves.",腐蚀性介质,卫生过程,HIGH,无菌输送/隔离；CIP/SIP；制药用水,CURRENT,CHINA_PAGE_ONLY,https://www.burkert.com/en/type/3232,https://www.burkert.com.cn/cn/type/3232,https://www.burkert.com/en/Media/plm/DTS/DS/ds3232-manual-eu-en.pdf?id=DTS0000000000000001000450617ENH,,2026-06-09,A,"Global official Type page is the product master. China visibility indicates public page/document visibility only, not stock, origin or lead time. Official category paths: Process and Control Valves > Shut-off Valves (On/Off) > Diaphragm Valves > Manual | Process and Control Valves > Hygienic / Pharma / Hydrogen / Speciality Process Valves > Diaphragm Valves > Manual."
3233,2/2-way diaphragm valve with manually operated actuator,带手动驱动器的两位两通隔膜阀,过程与控制阀,Shut-off Valves (On/Off) > Diaphragm Valves > Manual,Manual,"The manually operated diaphragm valve Type 3233 consists of a manually operated actuator, a diaphragm and a 2-way valve body. The manual actuator, optionally with a plastic or stainless steel handwheel, ensures use in hygienic or aggressive ambient conditions. The flow-efficient valve bodies with little dead space enable high flow rates and a wide range of possible uses. The valve body and the diaphragm are available in all common materials and variants. The actuator has a compact, autoclavable design and is compatible with all other Bürkert diaphragm valves. An explosion-proof ATEX / IECEx device variant is available. The add-on body and the handwheel are optionally available in plastic or stainless steel and are equipped with an integrated optical position indicator. The manual actuator can be optionally equipped with a stroke limiter, sensors for position feedback and a locking function.",腐蚀性介质,卫生过程,HIGH,无菌输送/隔离；CIP/SIP；制药用水,CURRENT,CHINA_PAGE_ONLY,https://www.burkert.com/en/type/3233,https://www.burkert.com.cn/cn/type/3233,,,2026-06-09,A,"Global official Type page is the product master. China visibility indicates public page/document visibility only, not stock, origin or lead time. Official category paths: Process and Control Valves > Shut-off Valves (On/Off) > Diaphragm Valves > Manual | Process and Control Valves > Hygienic / Pharma / Hydrogen / Speciality Process Valves > Diaphragm Valves > Manual."
3234,T-diaphragm valve with manually operated actuator,带手动驱动器的 T 型隔膜阀,过程与控制阀,Shut-off Valves (On/Off) > Diaphragm Valves > Manual,Manual,"The manually operated diaphragm valve Type 3234 consists of a manually operated actuator, a diaphragm and a T-valve body. The manual actuator, optionally with a plastic or stainless steel handwheel, ensures use in hygienic or aggressive ambient conditions. The flow-efficient valve bodies with little dead space enable high flow rates and a wide range of possible uses. The valve body and the diaphragm are available in all common materials and variants. The actuator has a compact, autoclavable design and is compatible with all other Bürkert diaphragm valves. An explosion-proof ATEX/IECEx device variant is available. The diaphragm bonnet and the handwheel are optionally available in plastic or stainless steel and are equipped with an integrated optical position indicator. The manual actuator can be optionally equipped with a stroke limiter, sensors for position feedback and a locking function.",腐蚀性介质,卫生过程,HIGH,无菌输送/隔离；CIP/SIP；制药用水,CURRENT,CHINA_PAGE_ONLY,https://www.burkert.com/en/type/3234,https://www.burkert.com.cn/cn/type/3234,https://www.burkert.com/en/Media/plm/DTS/DS/ds3234-manual-eu-en.pdf?id=DTS0000000000000001000450619ENH,,2026-06-09,A,"Global official Type page is the product master. China visibility indicates public page/document visibility only, not stock, origin or lead time. Official category paths: Process and Control Valves > Shut-off Valves (On/Off) > Diaphragm Valves > Manual | Process and Control Valves > Hygienic / Pharma / Hydrogen / Speciality Process Valves > T-valves | Process and Control Valves > Hygienic / Pharma / Hydrogen / Speciality Process Valves > Diaphragm Valves > Manual."
3235,Tank bottom diaphragm valve with manually operated actuator,带手动驱动器的罐底隔膜阀,过程与控制阀,Hygienic / Pharma / Hydrogen / Speciality Process Valves > Tank Bottom Valves,Tank Bottom Valves,"The manually operated diaphragm valve Type 3235 consists of a manually operated actuator, a diaphragm and a tank bottom valve body. The manual actuator, optionally with a plastic or stainless steel handwheel, ensures use in hygienic or aggressive ambient conditions. The flow-efficient valve bodies with little dead space enable high flow rates and a wide range of possible uses. The valve body and the diaphragm are available in all common materials and variants. The actuator has a compact, autoclavable design and is compatible with all other Bürkert diaphragm valves. An explosion-proof ATEX/IECEx device variant is available. The diaphragm bonnet and the handwheel are optionally available in plastic or stainless steel and are equipped with an integrated optical position indicator. The manual actuator can be optionally equipped with a stroke limiter, sensors for position feedback and a locking function.",腐蚀性介质,卫生过程；制药,HIGH,无菌输送/隔离；CIP/SIP；制药用水,CURRENT,CHINA_PAGE_ONLY,https://www.burkert.com/en/type/3235,https://www.burkert.com.cn/cn/type/3235,https://www.burkert.com/en/Media/plm/DTS/DS/ds3235-manual-eu-en.pdf?id=DTS0000000000000001000450621ENE,,2026-06-09,A,"Global official Type page is the product master. China visibility indicates public page/document visibility only, not stock, origin or lead time. Official category paths: Process and Control Valves > Hygienic / Pharma / Hydrogen / Speciality Process Valves > Tank Bottom Valves | Process and Control Valves > Shut-off Valves (On/Off) > Diaphragm Valves > Manual | Process and Control Valves > Hygienic / Pharma / Hydrogen / Speciality Process Valves > Diaphragm Valves > Manual."
3236,"Multiway Multiport Diaphragm Valve, manually operated",多通路多接口隔膜阀，手动操作,过程与控制阀,Shut-off Valves (On/Off) > Diaphragm Valves > Manual,Manual,,,Shut-off Valves (On/Off) > Diaphragm Valves > Manual,HIGH,无菌输送/隔离；CIP/SIP；制药用水,CURRENT,CHINA_PAGE_ONLY,https://www.burkert.com/en/type/3236,https://www.burkert.com.cn/cn/type/3236,,,2026-06-09,A,"Global official Type page is the product master. China visibility indicates public page/document visibility only, not stock, origin or lead time. Official category paths: Process and Control Valves > Shut-off Valves (On/Off) > Diaphragm Valves > Manual | Process and Control Valves > Hygienic / Pharma / Hydrogen / Speciality Process Valves > Diaphragm Valves > Manual."
3260,Bellow sampling valve,Bellow sampling valve,过程与控制阀,Hygienic / Pharma / Hydrogen / Speciality Process Valves > Bellows Valves,Bellows Valves,"The manually operated Type 3260 Bellows Sampling Valve consists of a manually operated quick-open/close mechanism, a bellow and depending on the version a multi-port valve body. The quick opening/closing mechanism ensures the valve closes automatically when it is not manually operated and guarantees use under hygienic or aggressive ambient conditions.",腐蚀性介质,卫生过程；制药；发酵,HIGH,无菌输送/隔离；CIP/SIP；制药用水,CURRENT,CHINA_PAGE_AND_ZH_DATASHEET,https://www.burkert.com/en/type/3260,https://www.burkert.com.cn/cn/type/3260,https://www.burkert.com/en/Media/plm/DTS/DS/ds3260-standard-eu-en.pdf?id=DTS0000000000000001000593994ENJ,https://www.burkert.com/en/Media/plm/DTS/DS/ds3260-standard-cn-zh.pdf?id=DTS0000000000000001000667723ZHC,2026-06-09,A,"Global official Type page is the product master. China visibility indicates public page/document visibility only, not stock, origin or lead time. Official category paths: Process and Control Valves > Hygienic / Pharma / Hydrogen / Speciality Process Valves > Bellows Valves."
3280,Electromotive 2-way globe proportional valve,电动两通直座比例阀,电动阀,Globe Valves > Control,Control,"The direct-acting Type 3280 motor valve is suitable for dosing liquids and gases in closed or open control loops. The valve is driven by a linear stepper motor. The integrated electronics assembly simplifies the process integration; additional actuation modules are not necessary. The engine does not need any energy to maintain a certain valve opening. This feature can reduce the energy consumption of a plant dramatically and therefore make it more efficient. Type 3280 is available as an on/off valve or proportional valve by default, as a variant with integrated positioner, and as a variant with integrated process controller.",气体；液体,定量/加注,LOW,,CURRENT,CHINA_PAGE_AND_ZH_DATASHEET,https://www.burkert.com/en/type/3280,https://www.burkert.com.cn/cn/type/3280,https://www.burkert.com/en/Media/plm/DTS/DS/ds3280-standard-eu-en.pdf?id=DTS0000000000000001000240084ENAK,https://www.burkert.com/en/Media/plm/DTS/DS/ds3280-standard-cn-zh.pdf?id=DTS0000000000000001000381480ZHM,2026-06-09,A,"Global official Type page is the product master. China visibility indicates public page/document visibility only, not stock, origin or lead time. Official category paths: Electromotive Valves > Globe Valves > Control | Proportional Valves > Motor Driven Control Valves | Process and Control Valves > Shut-off Valves (On/Off) > Globe Valves > Electromotive | Electromotive Valves > Globe Valves > ON/OFF | Industrial Communication > EDIP > EDIP capable products | Process and Control Valves > Control Valves > Globe Valves > Electromotive."
3281,Electromotive 2-way proportional valve,电动两通直座比例阀,电动阀,Globe Valves > Control,Control,"The direct-acting motor valve Type 3281 is particularly suitable for dosing liquids and gases in closed or open control loops. The valve is driven by a linear stepper motor. The integrated electronics assembly simplifies the process integration; additional actuation modules are not necessary. The engine does not need any energy to maintain a certain valve opening. This feature can reduce the energy consumption of a plant dramatically and therefore make it more efficient. Type 3281 is available as a variant with integrated positioner, as well as a variant with integrated process controller.",气体；液体,定量/加注,LOW,,CURRENT,CHINA_PAGE_AND_ZH_DATASHEET,https://www.burkert.com/en/type/3281,https://www.burkert.com.cn/cn/type/3281,https://www.burkert.com/en/Media/plm/DTS/DS/ds3281-standard-eu-en.pdf?id=DTS0000000000000001000551384ENQ,https://www.burkert.com/en/Media/plm/DTS/DS/ds3281-standard-cn-zh.pdf?id=DTS0000000000000001000659450ZHB,2026-06-09,A,"Global official Type page is the product master. China visibility indicates public page/document visibility only, not stock, origin or lead time. Official category paths: Electromotive Valves > Globe Valves > Control | Proportional Valves > Motor Driven Control Valves | Process and Control Valves > Control Valves > Globe Valves > Electromotive | Industrial Communication > EDIP > EDIP capable products | Process and Control Valves > Shut-off Valves (On/Off) > Angle Seat Valves > Electromotive | Process and Control Valves > Control Valves > Angle Seat Valves > Electromotive | Process and Control Valves > Shut-off Valves (On/Off) > Globe Valves > Electromotive | Electromotive Valves > Angle Seat Valves > Control | Electromotive Valves > Angle Seat Valves > ON/OFF | Electromotive Valves > Globe Valves > ON/OFF."
3285,Electromotive 2-way globe proportional valve,电动两通直座比例阀,过程与控制阀,Control Valves > Disc Valves,Disc Valves,"The direct-acting Type 3285 motor valve is suitable for dosing liquids and gases in closed or open control loops. The valve is driven by a stepper motor. The integrated electronics assembly simplifies the process integration; additional actuation modules are not necessary. The engine does not need any energy to maintain a certain valve opening. This feature can reduce the energy consumption of a plant dramatically and therefore make it more efficient. Type 3285 is available as an on/off valve or proportional valve by default, as a variant with integrated positioner, and as a variant with integrated process controller.",气体；液体,定量/加注,MEDIUM,,CURRENT,CHINA_PAGE_AND_ZH_DATASHEET,https://www.burkert.com/en/type/3285,https://www.burkert.com.cn/cn/type/3285,https://www.burkert.com/en/Media/plm/DTS/DS/ds3285-standard-eu-en.pdf?id=DTS0000000000000001000256911ENAD,https://www.burkert.com/en/Media/plm/DTS/DS/ds3285-standard-cn-zh.pdf?id=DTS0000000000000001000381481ZHJ,2026-06-09,A,"Global official Type page is the product master. China visibility indicates public page/document visibility only, not stock, origin or lead time. Official category paths: Process and Control Valves > Control Valves > Disc Valves | Electromotive Valves > Globe Valves > Control | Electromotive Valves > Disc Valves > Control | Proportional Valves > Motor Driven Control Valves | Electromotive Valves > Globe Valves > ON/OFF | Electromotive Valves > Disc Valves > ON/OFF | Process and Control Valves > Shut-off Valves (On/Off) > Disc Valves | Industrial Communication > EDIP > EDIP capable products."
3320,Electromotive 2/2 way angle seat valve (on/off),电动二位二通斜座阀,电动阀,Angle Seat Valves > ON/OFF,ON/OFF,"The innovative Bürkert on/off valve Type 3320 is the solution when it comes to shut-off tasks under demanding operating conditions. The electromotive actuator of the angle seat valve with ball screw moves the swivel plate at a particularly high speed up to 6 mm/s to the desired end position. Thereby it reacts almost instantaneously to process signals. If necessary, the safety position can be approached by an optional energy storage in case of power failure. The electromotive actuator and shut-off valve are adapted perfectly to each other with closed design and robust surface. This ensures the hygienic requirements of fast and residue-free cleaning. Harsh ambient conditions are no problem for the electromotive angle seat valve Type 3320 due to the degree of protection IP65/IP67 and the high impact and vibration resistance. Thanks to the tried-and-tested, self-adjusting packing gland with exchangeable V-seals, the angle seat valve achieves maximum service life and tightness. The fieldbus-compatible Type 3320 shut-off valve offers the operator many helpful functions for process monitoring, valve diagnostics and preventive maintenance and thus the decisive advantage of modern process automation.",,过程自动化；卫生过程,LOW,,CURRENT,CHINA_PAGE_ONLY,https://www.burkert.com/en/type/3320,https://www.burkert.com.cn/cn/type/3320,https://www.burkert.com/en/Media/plm/DTS/DS/ds3320-standard-eu-en.pdf?id=DTS0000000000000001000295547ENAF,,2026-06-09,A,"Global official Type page is the product master. China visibility indicates public page/document visibility only, not stock, origin or lead time. Official category paths: Electromotive Valves > Angle Seat Valves > ON/OFF | Process and Control Valves > Shut-off Valves (On/Off) > Angle Seat Valves > Electromotive | Industrial Communication > EDIP > EDIP capable products | Industrial Communication > EtherNet/IP > EtherNet/IP capable products."
3321,Electromotive 2/2 way globe valve (on/off),电动二位二通直座阀,电动阀,Globe Valves > ON/OFF,ON/OFF,"The innovative Bürkert process on/off valve Type 3321 is the solution when it comes to shut-off tasks under demanding operating conditions. The electromotive actuator of the globe valve with ball screw moves the swivel plate to the desired end position at a particularly high speed up to 6 mm/s. Thereby it reacts almost instantaneously to process signals. If necessary, the safety position can be approached by an optional energy storage in case of power failure. The electromotive actuator and shut-off valve are adapted perfectly to each other with closed design and robust surface. This ensures the hygienic requirements of fast and residue-free cleaning. Harsh ambient conditions are no problem for the electromotive globe valve Type 3321 due to the degree of protection IP65/IP67 and the high impact and vibration resistance. Thanks to the tried-and-tested, self-adjusting packing gland with exchangeable V-seals, the globe valve achieves maximum service life and tightness.The fieldbus-compatible Type 3321 shut-off valve offers, which is compatible for fieldbuses, offers the operator many helpful functions for process monitoring, valve diagnostics and preventive maintenance and thus the decisive advantage of modern process automation.",,过程自动化；卫生过程,LOW,,CURRENT,CHINA_PAGE_ONLY,https://www.burkert.com/en/type/3321,https://www.burkert.com.cn/cn/type/3321,https://www.burkert.com/en/Media/plm/DTS/DS/ds3321-standard-eu-en.pdf?id=DTS0000000000000001000295565ENZ,,2026-06-09,A,"Global official Type page is the product master. China visibility indicates public page/document visibility only, not stock, origin or lead time. Official category paths: Electromotive Valves > Globe Valves > ON/OFF | Process and Control Valves > Shut-off Valves (On/Off) > Globe Valves > Electromotive | Industrial Communication > EDIP > EDIP capable products | Industrial Communication > EtherNet/IP > EtherNet/IP capable products."
3323,Electromotive 2/2-way diaphragm valve (on/off),电动二位二通隔膜阀（开/关）,电动阀,Diaphragm Valves > ON/OFF,ON/OFF,"The externally controlled Type 3323 diaphragm valve consists of an electrically controlled linear actuator (on/off), a diaphragm and a 2/2-way valve body. The electric actuator with ball screw ensures usage under hygienic or aggressive ambient conditions. The flow-optimised valve body with minimum dead space enables high flow values and a wide range of possible applications. An optional energy storage device guarantees the safety position in the event of a power failure. The position is indicated by means of a 360° LED light ring. The actuator has a drive force adjustment to protect the diaphragm. A correspondingly high IP protection of IP65/IP67 ensures adequate splash protection. The electromotive actuator of the diaphragm valve with ball screw moves to the desired end position at a particularly high speed of up to 4 mm/s. Moreover, the valve is also equipped with a mechanical position indicator and corresponding explosion protection ATEX/II 3G Ex ec IIC T4 Gc/II 3D Ex tc IIIC T135 °C Dc.",腐蚀性介质,卫生过程,LOW,,CURRENT,CHINA_PAGE_ONLY,https://www.burkert.com/en/type/3323,https://www.burkert.com.cn/cn/type/3323,https://www.burkert.com/en/Media/plm/DTS/DS/ds3323-standard-eu-en.pdf?id=DTS0000000000000001000303513ENAB,,2026-06-09,A,"Global official Type page is the product master. China visibility indicates public page/document visibility only, not stock, origin or lead time. Official category paths: Electromotive Valves > Diaphragm Valves > ON/OFF | Process and Control Valves > Shut-off Valves (On/Off) > Diaphragm Valves > Electromotive | Process and Control Valves > Hygienic / Pharma / Hydrogen / Speciality Process Valves > Diaphragm Valves > Electromotive | Industrial Communication > EDIP > EDIP capable products | Industrial Communication > EtherNet/IP > EtherNet/IP capable products."
3324,Electromotive T-diaphragm valve (on/off),带有电气线性驱动装置（开/关）的塑料材质 T 形隔膜阀（EVA 型）,过程与控制阀,Hygienic / Pharma / Hydrogen / Speciality Process Valves > T-valves,T-valves,"The externally controlled Type 3324 diaphragm valve consists of an electrically controlled linear actuator (on/off), a diaphragm and a T-valve body. The electric actuator with ball screw ensures usage under hygienic or aggressive ambient conditions. The flow-optimised valve body with minimum dead space enables high flow rates and a wide range of possible applications. In the event of a power failure, the safety position is guaranteed by an optional energy storage device. The position is displayed by means of a 360° LED light ring. To protect the diaphragm the actuator has a drive force adjustment. A correspondingly high IP protection IP65/IP67 ensures adequate splash protection. The electromotive actuator of the T-diaphragm valve with ball screw moves to the desired end position at a particularly high speed up to 4 mm/s. In addition the valve is also equipped with a mechanical position indicator and corresponding explosion protection ATEX/II 3G Ex ec IIC T4 Gc/II 3D Ex tc IIIC T135 °C Dc.",腐蚀性介质,卫生过程；制药,HIGH,无菌输送/隔离；CIP/SIP；制药用水,CURRENT,CHINA_PAGE_ONLY,https://www.burkert.com/en/type/3324,https://www.burkert.com.cn/cn/type/3324,https://www.burkert.com/en/Media/plm/DTS/DS/ds3324-standard-eu-en.pdf?id=DTS0000000000000001000516529ENN,,2026-06-09,A,"Global official Type page is the product master. China visibility indicates public page/document visibility only, not stock, origin or lead time. Official category paths: Process and Control Valves > Hygienic / Pharma / Hydrogen / Speciality Process Valves > T-valves | Process and Control Valves > Shut-off Valves (On/Off) > Diaphragm Valves > Electromotive."
3325,Electromotive 2/2-way tank bottom diaphragm valve (on/off),带有电气线性驱动装置（开/关）的塑料材质罐底隔膜阀（EVA 型）,过程与控制阀,Hygienic / Pharma / Hydrogen / Speciality Process Valves > Tank Bottom Valves,Tank Bottom Valves,"The externally controlled Type 3325 diaphragm valve consists of an electrically controlled linear actuator (on/off), a diaphragm and a tank bottom valve body. The electric actuator with ball screw ensures usage under hygienic or aggressive ambient conditions. The flow-optimised valve body with minimum dead space enables high flow rates and a wide range of possible applications. In the event of a power failure, the safety position is guaranteed by an optional energy storage device. The position is displayed by means of a 360° LED light ring. To protect the diaphragm the actuator has a drive force adjustment. A correspondingly high IP protection IP65/IP67 ensures adequate splash protection. The electromotive actuator of the tank bottom diaphragm valve with ball screw moves to the desired end position at a particularly high speed up to 4 mm/s. In addition the valve is also equipped with a mechanical position indicator and corresponding explosion protection ATEX/II 3G Ex ec IIC T4 Gc/II 3D Ex tc IIIC T135 °C Dc.",腐蚀性介质,卫生过程；制药,HIGH,无菌输送/隔离；CIP/SIP；制药用水,CURRENT,CHINA_PAGE_ONLY,https://www.burkert.com/en/type/3325,https://www.burkert.com.cn/cn/type/3325,https://www.burkert.com/en/Media/plm/DTS/DS/ds3325-standard-eu-en.pdf?id=DTS0000000000000001000516531ENN,,2026-06-09,A,"Global official Type page is the product master. China visibility indicates public page/document visibility only, not stock, origin or lead time. Official category paths: Process and Control Valves > Hygienic / Pharma / Hydrogen / Speciality Process Valves > Tank Bottom Valves | Process and Control Valves > Shut-off Valves (On/Off) > Diaphragm Valves > Electromotive."
3360,Electromotive 2-way angle seat control valve,二通电动角座型调节阀,过程与控制阀,Control Valves > Angle Seat Valves > Electromotive,Electromotive,"The innovative process controller Bürkert valve Type 3360 is the solution when it comes to control tasks under demanding operating conditions. The electromotive actuator with ball screw positions the control cone with highest precision. A unique feature is its high positioning speed up to 6 mm/s that reacts quasi delay-free to process signals and that can be varied according to customer demands. Pressure variations or shocks in the medium are not transferred to the valve position. If necessary, the safety position can be approached by an optional energy storage in case of power failure. Actuator and valve are adapted perfectly to each other with closed design and robust surface. This ensures the hygienic requirements of a fast and residue-free cleaning. Harsh environments are no problem for the electromotive angle seat valve Type 3360 because of the degree of protection IP65 / IP67 and its high impact and vibration resistance. Unrivalled service life and tightness is guaranteed by the proven self-adjusting packing gland with exchangeable V-seals. The fieldbus-compatible Type 3360 provides many helpful functions for process monitoring, valve diagnostics and predictive maintenance and thus offers the decisive advantage of a modern process automation.",,过程自动化；卫生过程,HIGH,CIP/SIP辅助回路及洁净公用工程,CURRENT,CHINA_PAGE_ONLY,https://www.burkert.com/en/type/3360,https://www.burkert.com.cn/cn/type/3360,https://www.burkert.com/en/Media/plm/DTS/DS/ds3360-standard-eu-en.pdf?id=DTS0000000000000001000273502ENAI,,2026-06-09,A,"Global official Type page is the product master. China visibility indicates public page/document visibility only, not stock, origin or lead time. Official category paths: Process and Control Valves > Control Valves > Angle Seat Valves > Electromotive | Electromotive Valves > Angle Seat Valves > Control | Industrial Communication > EDIP > EDIP capable products | Industrial Communication > PROFINET > PROFINET capable products | Industrial Communication > EtherNet/IP > EtherNet/IP capable products."
3361,Electromotive 2-way globe control valve,电动二通直座控制阀,电动阀,Globe Valves > Control,Control,"The innovative process controller Bürkert valve Type 3361 is the solution when it comes to control tasks under demanding operating conditions. The electromotive actuator with ball screw positions the control cone with highest precision. A unique feature is its high positioning speed up to 6 mm/s that reacts almost delay-free to process signals and that can be varied according to customer demands. Pressure variations or shocks in the medium are not transferred to the valve position. Each flow optimised valve body can be equipped with up to 5 different valve seats for a precise adaptation according to customer needs. If necessary, the safety position can be approached by an optional energy storage in case of power failure. Actuator and valve are adapted perfectly to each other with closed design and robust surface. This ensures the hygienic requirements of fast and residue-free cleaning. Harsh environmental conditions are no problem for the Type 3361 because of the degree of protection IP65/IP67 and its high impact and vibration resistance. Unrivalled service life and tightness is guaranteed by the proven self-adjusting packing gland with exchangeable V-seals. The fieldbus-compatible Type 3361 provides many helpful functions for process monitoring, valve diagnostics and predictive maintenance and thus offers the decisive advantage of a modern process automation.",,过程自动化；卫生过程,LOW,,CURRENT,CHINA_PAGE_AND_ZH_DATASHEET,https://www.burkert.com/en/type/3361,https://www.burkert.com.cn/cn/type/3361,https://www.burkert.com/en/Media/plm/DTS/DS/ds3361-standard-eu-en.pdf?id=DTS0000000000000001000273772ENAF,https://www.burkert.com/en/Media/plm/DTS/DS/ds3361-standard-cn-zh.pdf?id=DTS0000000000000001000576858ZHD,2026-06-09,A,"Global official Type page is the product master. China visibility indicates public page/document visibility only, not stock, origin or lead time. Official category paths: Electromotive Valves > Globe Valves > Control | Process and Control Valves > Control Valves > Globe Valves > Electromotive | Industrial Communication > EDIP > EDIP capable products | Industrial Communication > PROFINET > PROFINET capable products | Industrial Communication > EtherNet/IP > EtherNet/IP capable products."
3363,Electromotive 2-way diaphragm control valve,电动两通隔膜阀-调节阀,过程与控制阀,Control Valves > Diaphragm Valves,Diaphragm Valves,"The externally controlled Type 3363 diaphragm valve consists of an electrically controlled linear actuator (positioner), a diaphragm and a 2-way valve body. The electric actuator with ball screw ensures usage under hygienic or aggressive ambient conditions. The flow-optimised valve body with minimum dead space enables high flow values and a wide range of possible applications. An optional energy storage device guarantees the safety position in the event of a power failure. The position is indicated by means of a 360° LED light ring. The actuator has a drive force adjustment to protect the diaphragm. A correspondingly high IP protection IP65/IP67 ensures adequate splash protection. The electromotive actuator of the diaphragm valve with ball screw moves to the desired end position at a particularly high speed of up to 4 mm/s. Moreover, the valve is also equipped with a mechanical position indicator and corresponding explosion protection ATEX/II 3G Ex ec IIC T4 Gc/II 3D Ex tc IIIC T135 °C Dc.",腐蚀性介质,卫生过程,HIGH,无菌输送/隔离；CIP/SIP；制药用水,CURRENT,CHINA_PAGE_AND_ZH_DATASHEET,https://www.burkert.com/en/type/3363,https://www.burkert.com.cn/cn/type/3363,https://www.burkert.com/en/Media/plm/DTS/DS/ds3363-standard-eu-en.pdf?id=DTS0000000000000001000303711ENZ,https://www.burkert.com/en/Media/plm/DTS/DS/ds3363-standard-cn-zh.pdf?id=DTS0000000000000001000670680ZHB,2026-06-09,A,"Global official Type page is the product master. China visibility indicates public page/document visibility only, not stock, origin or lead time. Official category paths: Process and Control Valves > Control Valves > Diaphragm Valves | Electromotive Valves > Diaphragm Valves > Control | Industrial Communication > EDIP > EDIP capable products | Industrial Communication > PROFINET > PROFINET capable products | Industrial Communication > EtherNet/IP > EtherNet/IP capable products | Process and Control Valves > Shut-off Valves (On/Off) > Diaphragm Valves > Electromotive."
3364,Electromotive T-diaphragm valve (positioner),带有电气线性驱动装置（位置调节器）的塑料材质 T 形隔膜阀（EVA 型）,过程与控制阀,Hygienic / Pharma / Hydrogen / Speciality Process Valves > T-valves,T-valves,"The externally controlled Type 3364 diaphragm valve consists of an electrically controlled linear actuator (positioner), a diaphragm and a T-valve body. The electric actuator with ball screw ensures usage under hygienic or aggressive ambient conditions. The flow-optimised valve body with minimum dead space enables high flow rates and a wide range of possible applications. In the event of a power failure, the safety position is guaranteed by an optional energy storage device. The position is indicated by means of a 360° LED light ring. To protect the diaphragm the actuator has a drive force adjustment. A correspondingly high IP protection IP65/IP67 ensures adequate splash protection. The electromotive actuator of the T-diaphragm valve with ball screw moves to the desired end position at a particularly high speed up to 4 mm/s. In addition the valve is also equipped with a mechanical position indicator and corresponding explosion protection ATEX/II 3G Ex ec IIC T4 Gc/II 3D Ex tc IIIC T135 °C Dc.",腐蚀性介质,卫生过程；制药,HIGH,无菌输送/隔离；CIP/SIP；制药用水,CURRENT,CHINA_PAGE_ONLY,https://www.burkert.com/en/type/3364,https://www.burkert.com.cn/cn/type/3364,https://www.burkert.com/en/Media/plm/DTS/DS/ds3364-standard-eu-en.pdf?id=DTS0000000000000001000516533ENL,,2026-06-09,A,"Global official Type page is the product master. China visibility indicates public page/document visibility only, not stock, origin or lead time. Official category paths: Process and Control Valves > Hygienic / Pharma / Hydrogen / Speciality Process Valves > T-valves | Process and Control Valves > Shut-off Valves (On/Off) > Diaphragm Valves > Electromotive."
3365,Electromotive 2-way tank bottom diaphragm valve (positioner),带有电气线性驱动装置（位置调节器）的塑料材质罐底隔膜阀（EVA 型）,过程与控制阀,Hygienic / Pharma / Hydrogen / Speciality Process Valves > Tank Bottom Valves,Tank Bottom Valves,"The externally controlled Type 3365 diaphragm valve consists of an electrically controlled linear actuator (positioner), a diaphragm and a tank bottom valve body. The electric actuator with ball screw ensures usage under hygienic or aggressive ambient conditions. The flow-optimised valve body with minimum dead space enables high flow rates and a wide range of possible applications. An optional energy storage device guarantees the safety position in the event of a power failure. The position is indicated by means of a 360° LED light ring. To protect the diaphragm the actuator has a drive force adjustment. A correspondingly high IP protection IP65/IP67 ensures adequate splash protection. The electromotive actuator of the tank bottom diaphragm valve with ball screw moves to the desired end position at a particularly high speed up to 4 mm/s. In addition the valve is also equipped with a mechanical position indicator and corresponding explosion protection ATEX/II 3G Ex ec IIC T4 Gc/II 3D Ex tc IIIC T135 °C Dc.",腐蚀性介质,卫生过程；制药,HIGH,无菌输送/隔离；CIP/SIP；制药用水,CURRENT,CHINA_PAGE_ONLY,https://www.burkert.com/en/type/3365,https://www.burkert.com.cn/cn/type/3365,https://www.burkert.com/en/Media/plm/DTS/DS/ds3365-standard-eu-en.pdf?id=DTS0000000000000001000516536ENM,,2026-06-09,A,"Global official Type page is the product master. China visibility indicates public page/document visibility only, not stock, origin or lead time. Official category paths: Process and Control Valves > Hygienic / Pharma / Hydrogen / Speciality Process Valves > Tank Bottom Valves | Process and Control Valves > Shut-off Valves (On/Off) > Diaphragm Valves > Electromotive."
5120,Dosing head and electronics for precise time-pressure dosing,计量头和电子装置，可实现精确的压力-时间定量添加,微流体产品与泵,Time-Pressure Dosing,Time-Pressure Dosing,"Type 5120 offers a standardised solution for liquid dosing in an open control loop based on the time-pressure dosing principle. The core components of this system include dosing electronics with communication gateway and a dosing head with dosing needles. Precisely controlling the dosing time with a resolution of less than 0.1 ms achieves remarkable accuracy, especially with small liquid volumes in the μl range. This solution is characterised by its compact footprint and easy installation, and can be seamlessly integrated into various pressure-time dosing applications. Compared to closed control loops, the dosing system often proves to be a more cost-effective choice when immediate feedback on the dosing volume is not required. Type 5120 is an integral system platform in which both the control and the fluidics can be easily customised and expanded. The comprehensively coordinated dosing ecosystem can be conveniently sourced from a single supplier.",液体；液体/气体,定量/加注,MEDIUM,实验室/分析及精密定量,CURRENT,CHINA_PAGE_AND_ZH_DATASHEET,https://www.burkert.com/en/type/5120,https://www.burkert.com.cn/cn/type/5120,https://www.burkert.com/en/Media/plm/DTS/DS/ds5120-standard-eu-en.pdf?id=DTS0000000000000001000681543ENA,https://www.burkert.com/en/Media/plm/DTS/DS/ds5120-standard-cn-zh.pdf?id=DTS0000000000000001000683200ZHA,2026-06-09,A,"Global official Type page is the product master. China visibility indicates public page/document visibility only, not stock, origin or lead time. Official category paths: Microfluidics Products and Pumps > Time-Pressure Dosing | Mass Flow Controllers > Gateway / I/O Modules."
5281,Servo-assisted 2/2 way diaphragm valve,伺服控制的二位二通隔膜阀,电磁阀,Water Solenoid Valves,Water Solenoid Valves,"The servo-assisted solenoid valve Type 5281EEx with servo-diaphragm can be used in accordance with its protection type for the shutting off, dosing and filling of gaseous and liquid media in environments where there is a danger of explosion.",气体；水；液体,定量/加注,LOW,,CURRENT,CHINA_PAGE_ONLY,https://www.burkert.com/en/type/5281,https://www.burkert.com.cn/cn/type/5281,https://www.burkert.com/en/Media/plm/DTS/DS/ds5281-atexversion-eu-en.pdf?id=DTS0000000000000001000219039ENB,,2026-06-09,A,"Global official Type page is the product master. China visibility indicates public page/document visibility only, not stock, origin or lead time. Official category paths: Solenoid Valves > Water Solenoid Valves | Solenoid Valves > General Purpose 2/2 Solenoids."
5282,Servo-assisted 2/2-way diaphragm valve,伺服辅助式二位二通隔膜阀,电磁阀,Media Separated,Media Separated,The 5282 valve is a servo-assisted diaphragm valve. A minimum differential pressure is required for the valve to function. Various diaphragm material combinations and circuit functions are available depending on the application. The standard brass body satisfies all European drinking water requirements. The body offering is completed with stainless steel variants. The 3/2-way pilot valve can be easily converted from NC to NO circuit function by rotating it on the armature. The solenoid coils are moulded with a chemically resistant epoxy. The 5282 is equipped with manual override for start-up and testing. NEMA 4X is available on request.,水；腐蚀性介质,Media Separated,LOW,,CURRENT,CHINA_PAGE_AND_ZH_DATASHEET,https://www.burkert.com/en/type/5282,https://www.burkert.com.cn/cn/type/5282,https://www.burkert.com/en/Media/plm/DTS/DS/ds5282-standard-eu-en.pdf?id=DTS0000000000000001000011015ENX,https://www.burkert.com/en/Media/plm/DTS/DS/ds5282-standard-cn-zh.pdf?id=DTS0000000000000001000550360ZHH,2026-06-09,A,"Global official Type page is the product master. China visibility indicates public page/document visibility only, not stock, origin or lead time. Official category paths: Solenoid Valves > Media Separated | Solenoid Valves > General Purpose 2/2 Solenoids | Solenoid Valves > Water Solenoid Valves | Solenoid Valves > Hazardous Location Solenoids."
5404,Servo-assisted 2/2-way piston valve,伺服控制式两位两通活塞阀,电磁阀,General Purpose 2/2 Solenoids,General Purpose 2/2 Solenoids,"The 5404 valve is a servo-assisted piston valve available in NC and NO variant. A minimum differential pressure is required for the valve switching function. The solenoid coils are moulded with high-quality epoxy resin. To reduce power consumption in operation, coils with ""Kick and Drop"" (KD) electronics assembly (double coil technology) are available. In combination with a plug to DIN EN 175301-803 Form A, the valves satisfy degree of protection IP65. The cable plug is not included and must be ordered separately.",气体；蒸汽,General Purpose 2/2 Solenoids,LOW,,CURRENT,CHINA_PAGE_AND_ZH_DATASHEET,https://www.burkert.com/en/type/5404,https://www.burkert.com.cn/cn/type/5404,https://www.burkert.com/en/Media/plm/DTS/DS/ds5404-standard-eu-en.pdf?id=DTS0000000000000001000011017ENAE,https://www.burkert.com/en/Media/plm/DTS/DS/ds5404-standard-cn-zh.pdf?id=DTS0000000000000001000659455ZHB,2026-06-09,A,"Global official Type page is the product master. China visibility indicates public page/document visibility only, not stock, origin or lead time. Official category paths: Solenoid Valves > General Purpose 2/2 Solenoids | Solenoid Valves > Hazardous Location Solenoids | Solenoid Valves > Steam Solenoid Valves | Solenoid Valves > High Pressure."
5406,Piston valve 2/2-way servo-assisted,伺服控制的二位二通活塞阀,电磁阀,General Purpose 2/2 Solenoids,General Purpose 2/2 Solenoids,Servo-assisted piston valve Type 5406 ➤ 2/2-way IP65 Certified according to DIN EN ISO 23553-1 Buy online now!,,General Purpose 2/2 Solenoids,LOW,,CURRENT,CHINA_PAGE_AND_ZH_DATASHEET,https://www.burkert.com/en/type/5406,https://www.burkert.com.cn/cn/type/5406,https://www.burkert.com/en/Media/plm/DTS/DS/ds5406-ssv-eu-en.pdf?id=DTS0000000000000001000158188ENI,https://www.burkert.com/en/Media/plm/DTS/DS/ds5406-ssv-cn-zh.pdf?id=DTS0000000000000001000391549ZHH,2026-06-09,A,"Global official Type page is the product master. China visibility indicates public page/document visibility only, not stock, origin or lead time. Official category paths: Solenoid Valves > General Purpose 2/2 Solenoids."
5407,Direct-acting 2/2-way lifting armature valve,直动式二位二通升降式衔铁阀,电磁阀,General Purpose 2/2 Solenoids,General Purpose 2/2 Solenoids,,,General Purpose 2/2 Solenoids,LOW,,CURRENT,CHINA_PAGE_AND_ZH_DATASHEET,https://www.burkert.com/en/type/5407,https://www.burkert.com.cn/cn/type/5407,https://www.burkert.com/en/Media/plm/DTS/DS/ds5407-ssv-eu-en.pdf?id=DTS0000000000000001000158193ENH,https://www.burkert.com/en/Media/plm/DTS/DS/ds5407-ssv-cn-zh.pdf?id=DTS0000000000000001000391550ZHF,2026-06-09,A,"Global official Type page is the product master. China visibility indicates public page/document visibility only, not stock, origin or lead time. Official category paths: Solenoid Valves > General Purpose 2/2 Solenoids."
5420,4/2 way Solenoid Valve for pneumatics,适合气动系统的二位四通电磁阀,气动与过程接口,Pneumatic Valves > 4/2 way valves,4/2 way valves,The Type 5420 is a pilot-controlled 4-way seat valve with servo-diaphragms. A minimum differential pressure of 2.5 bar is needed for switch-over. The valve can be mounted on two channel manifolds with a common pressure supply.,空气,Pneumatic Valves > 4/2 way valves,MEDIUM,制药设备气动自动化,CURRENT,CHINA_PAGE_ONLY,https://www.burkert.com/en/type/5420,https://www.burkert.com.cn/cn/type/5420,https://www.burkert.com/en/Media/plm/DTS/DS/ds5420-standard-ex-eu-en.pdf?id=DTS0000000000000001000011020ENN,,2026-06-09,A,"Global official Type page is the product master. China visibility indicates public page/document visibility only, not stock, origin or lead time. Official category paths: Pneumatics and Process Interfaces > Pneumatic Valves > 4/2 way valves."
5470,3/2- or 4/2-way solenoid valve for pneumatics,二位三通和二位四通气动电磁阀,气动与过程接口,Pneumatic Valves > 4/2 way valves,4/2 way valves,"Valves of type 5470 consist of a type 6106 pilot rocker solenoid valve and a pneumatic valve. An armature with a tilting bearing, similar to a rocker, tilts within the body of the pilot valve, and switches the valve. The minimal tilting movement of the rocker is non-wearing, and basic lubrication is unnecessary. The type 5470 R is available as a 3/2 and 4/2-way valve. The valves can be mounted together individually using the module flange. In various applications, they can be used advantageously as valve blocks. Different variants are available for service ports 2 and 4.",,Pneumatic Valves > 4/2 way valves,MEDIUM,制药设备气动自动化,CURRENT,CHINA_PAGE_AND_ZH_DATASHEET,https://www.burkert.com/en/type/5470,https://www.burkert.com.cn/cn/type/5470,https://www.burkert.com/en/Media/plm/DTS/DS/ds5470-standard-eu-en.pdf?id=DTS0000000000000001000390870ENI,https://www.burkert.com/en/Media/plm/DTS/DS/ds5470-standard-cn-zh.pdf?id=DTS0000000000000001000670337ZHB,2026-06-09,A,"Global official Type page is the product master. China visibility indicates public page/document visibility only, not stock, origin or lead time. Official category paths: Pneumatics and Process Interfaces > Pneumatic Valves > 4/2 way valves | Pneumatics and Process Interfaces > Pneumatic Valves > 3/2 way valves | Process and Control Valves > Shut-off Valves (On/Off) > Pneumatic Control | Process and Control Valves > Process Valve Automation > External (Banjo) Pilots."
5500,"Dosing valve, pneumatically activated",气动计量阀,附加产品,Various Components,Various Components,Continuous valve for centrally controlled dosing of pasty food,,定量/加注；食品饮料,LOW,,CURRENT,CHINA_PAGE_ONLY,https://www.burkert.com/en/type/5500,https://www.burkert.com.cn/cn/type/5500,,,2026-06-09,A,"Global official Type page is the product master. China visibility indicates public page/document visibility only, not stock, origin or lead time. Official category paths: Additional Products > Various Components."
5550,Pressure-relief valve with media separation,带介质隔离功能的泄压阀,微流体产品与泵,2/2 and 3/2 way Micro Solenoids > Media Separated,Media Separated,"Type 5550 is a media-separated pressure-relief valve suitable for various tasks, including overpressure control or back pressure damping, for use in laboratory and medical applications. The set-point value can be adjusted for when a high level of flexibility is required. These types of application often require the use of aggressive or sensitive media. Among other things, the Type 5550 valve is offered in a wide range of different materials which means it can be optimally adapted to the application in question. One major advantage of the valve is that overpressure is returned to the system rather than being released into the environment. Type 5550 is easy to integrate, as the flange interface allows for compact installation in plant or in a distribution system.",液体/气体；腐蚀性介质,实验室设备；医疗设备,MEDIUM,实验室/分析及精密定量,CURRENT,CHINA_PAGE_AND_ZH_DATASHEET,https://www.burkert.com/en/type/5550,https://www.burkert.com.cn/cn/type/5550,https://www.burkert.com/en/Media/plm/DTS/DS/ds5550-standard-eu-en.pdf?id=DTS0000000000000001000681585ENH,https://www.burkert.com/en/Media/plm/DTS/DS/ds5550-standard-cn-zh.pdf?id=DTS0000000000000001000721767ZHB,2026-06-09,A,"Global official Type page is the product master. China visibility indicates public page/document visibility only, not stock, origin or lead time. Official category paths: Microfluidics Products and Pumps > 2/2 and 3/2 way Micro Solenoids > Media Separated | Microfluidics Products and Pumps > Time-Pressure Dosing."
5686,"2/2 way-solenoid valve, servo-piston",二位二通电磁阀，伺服活塞,电磁阀,General Purpose 2/2 Solenoids,General Purpose 2/2 Solenoids,,,General Purpose 2/2 Solenoids,LOW,,CURRENT,CHINA_PAGE_ONLY,https://www.burkert.com/en/type/5686,https://www.burkert.com.cn/cn/type/5686,,,2026-06-09,A,"Global official Type page is the product master. China visibility indicates public page/document visibility only, not stock, origin or lead time. Official category paths: Solenoid Valves > General Purpose 2/2 Solenoids."
6011,Plunger valve 2/2 way direct-acting,直动式两位两通柱塞电磁阀,电磁阀,General Purpose 2/2 Solenoids,General Purpose 2/2 Solenoids,"Valve 6011 is a direct-acting plunger valve. The stopper and core guide tube are welded together to enhance pressure resistance and leak-tightness. Various seal material combinations are available depending on the application. A Bürkert-specific flange design (SFB) enables space-saving arrangement of valves on a manifold. Push-in fittings can be selected for flexible hose connection. In combination with a cable plug in accordance with industry standard Form B or DIN EN 175301-803 Form C, the valves satisfy protection class IP65.",,General Purpose 2/2 Solenoids,LOW,,CURRENT,CHINA_PAGE_ONLY,https://www.burkert.com/en/type/6011,https://www.burkert.com.cn/cn/type/6011,https://www.burkert.com/en/Media/plm/DTS/DS/ds6011-standard-eu-en.pdf?id=DTS0000000000000001000011026ENU,,2026-06-09,A,"Global official Type page is the product master. China visibility indicates public page/document visibility only, not stock, origin or lead time. Official category paths: Solenoid Valves > General Purpose 2/2 Solenoids."
6012,Plunger valve 3/2 way direct-acting,直动式两位三通柱塞电磁阀,过程与控制阀,Process Valve Automation > External (Banjo) Pilots,External (Banjo) Pilots,"Valve 6012 is a direct-acting plunger valve. The stopper and core guide tube are welded together to enhance pressure resistance and leak-tightness. Various seal material combinations are available depending on the application. A Bürkert-specific flange design (SFB) enables space-saving arrangement of valves on a manifold. Push-in fittings can be selected for flexible hose connection. A banjo connection with banjo bolt is the ideal solution for easy direct mounting on a pneumatic drive. Optional manual actuation enables quick commissioning and optimal maintenance. In combination with a cable plug in accordance with industry standard Form B or DIN EN 17301-803 Form C, the valves satisfy protection class IP65.",,Process Valve Automation > External (Banjo) Pilots,MEDIUM,,CURRENT,CHINA_PAGE_ONLY,https://www.burkert.com/en/type/6012,https://www.burkert.com.cn/cn/type/6012,https://www.burkert.com/en/Media/plm/DTS/DS/ds6012-standard-eu-en.pdf?id=DTS0000000000000001000011028ENW,,2026-06-09,A,"Global official Type page is the product master. China visibility indicates public page/document visibility only, not stock, origin or lead time. Official category paths: Process and Control Valves > Process Valve Automation > External (Banjo) Pilots | Solenoid Valves > General Purpose 3/2 Solenoids | Process and Control Valves > Shut-off Valves (On/Off) > Pneumatic Control."
6013,Direct-acting 2/2-way plunger valve,直动式二位二通柱塞阀,电磁阀,General Purpose 2/2 Solenoids,General Purpose 2/2 Solenoids,Valve Type 6013 is a direct-acting plunger valve. The stopper and the core guide tube are welded together to increase pressure resistance and leak-tightness. A variety of seal material combinations are available to suit different applications. A Bürkert-specific flange variant (SFB) enables the space-saving arrangement of valves on a multiple manifold.Kick and drop coils are available to reduce electrical power consumption during operation.,,General Purpose 2/2 Solenoids,LOW,,CURRENT,CHINA_PAGE_AND_ZH_DATASHEET,https://www.burkert.com/en/type/6013,https://www.burkert.com.cn/cn/type/6013,https://www.burkert.com/en/Media/plm/DTS/DS/ds6013-standard-eu-en.pdf?id=DTS0000000000000001000011032ENAP,https://www.burkert.com/en/Media/plm/DTS/DS/ds6013-standard-cn-zh.pdf?id=DTS0000000000000001000660444ZHF,2026-06-09,A,"Global official Type page is the product master. China visibility indicates public page/document visibility only, not stock, origin or lead time. Official category paths: Solenoid Valves > General Purpose 2/2 Solenoids | Solenoid Valves > Cryogenic."
6014,Plunger valve 3/2-way direct-acting,直动式两位三通柱塞电磁阀,过程与控制阀,Shut-off Valves (On/Off) > Pneumatic Control,Pneumatic Control,Valve 6014 is a direct-acting plunger valve. The stopper and core guide tube are welded together to enhance pressure resistance and leak-tightness. Various seal material combinations are available depending on the application. A Bürkert-specific flange variant (SFB) enables space-saving arrangement of valves on a manifold. Kick and Drop coils are available for the reduction of electrical power consumption during operation.,,Shut-off Valves (On/Off) > Pneumatic Control,MEDIUM,,CURRENT,CHINA_PAGE_AND_ZH_DATASHEET,https://www.burkert.com/en/type/6014,https://www.burkert.com.cn/cn/type/6014,https://www.burkert.com/en/Media/plm/DTS/DS/ds6014-standard-eu-en.pdf?id=DTS0000000000000001000011035ENAA,https://www.burkert.com/en/Media/plm/DTS/DS/ds6014-standard-cn-zh.pdf?id=DTS0000000000000001000660460ZHE,2026-06-09,A,"Global official Type page is the product master. China visibility indicates public page/document visibility only, not stock, origin or lead time. Official category paths: Process and Control Valves > Shut-off Valves (On/Off) > Pneumatic Control | Solenoid Valves > General Purpose 3/2 Solenoids | Process and Control Valves > Process Valve Automation > External (Banjo) Pilots | Solenoid Valves > Hazardous Location Solenoids | Solenoid Valves > Cryogenic | Pneumatics and Process Interfaces > Pneumatic Valves > 3/2 way valves."
6020,Direct-acting 2-way proportional valve,直动式两通比例阀,比例阀,General Purpose Proportional Valves,General Purpose Proportional Valves,"The direct-acting proportional valve Type 6020 can be used as a control valve for closed-loop process control, typically for automatic setpoint control of flow or pressure values. Due to an elastomeric seat seal, the valve closes tight in the range of the nominal pressure related to the orifice size (integrated shut-off function). This valve is particularly suitable for use with gases such as hydrogen, oxygen or fuel gases. Compared to conventional proportional valves, the valve can be operated at higher supply pressures. For optimized use in fuel cell systems, cartridge and subbase (manifold) valve bodies as well as solenoids with automotive connector of protection class IP6K9K are available.",气体,General Purpose Proportional Valves,LOW,,CURRENT,CHINA_PAGE_AND_ZH_DATASHEET,https://www.burkert.com/en/type/6020,https://www.burkert.com.cn/cn/type/6020,https://www.burkert.com/en/Media/plm/DTS/DS/ds6020-standard-eu-en.pdf?id=DTS0000000000000001000588807ENF,https://www.burkert.com/en/Media/plm/DTS/DS/ds6020-standard-cn-zh.pdf?id=DTS0000000000000001000632608ZHF,2026-06-09,A,"Global official Type page is the product master. China visibility indicates public page/document visibility only, not stock, origin or lead time. Official category paths: Proportional Valves > General Purpose Proportional Valves."
6024,Direct-acting 2-way low differential pressure proportional valve,直动式二位二通比例阀，适合低差压,比例阀,General Purpose Proportional Valves,General Purpose Proportional Valves,The direct-acting proportional valve Type 6024 works as an electromagnetically actuated control valve with relatively high flow rates at low operating pressures. The valve is normally closed.,,General Purpose Proportional Valves,LOW,,CURRENT,CHINA_PAGE_ONLY,https://www.burkert.com/en/type/6024,https://www.burkert.com.cn/cn/type/6024,https://www.burkert.com/en/Media/plm/DTS/DS/ds6024-standard-eu-en.pdf?id=DTS0000000000000001000017535ENQ,,2026-06-09,A,"Global official Type page is the product master. China visibility indicates public page/document visibility only, not stock, origin or lead time. Official category paths: Proportional Valves > General Purpose Proportional Valves."
6026,"Plunger valve, 2/2-way, direct-acting",直动式隔离电磁阀,电磁阀,General Purpose 2/2 Solenoids,General Purpose 2/2 Solenoids,"The valve 6026 is a direct-acting, media-separated 2/2-way plunger valve. The thermal and hermetic isolation of the coil and body by means of stainless steel bellows allows both extreme medium temperatures as well as aggressive media. This design avoids the build-up of condensation between the fluid part and coil or an unacceptable heating up or freezing of the coil. The coils are moulded with chemically resistant epoxy. The valve is therefore particularly suitable for applications with critical media. The use of highly resistant body and seal materials such as stainless steel and PTFE make the valve suitable for critical chemical applications. To reduce power consumption in operation, coils with ""Kick and Drop"" (KD) electronics assembly (double coil technology) are available. In combination with a plug to DIN EN 175301 - 803 Form A, the valves satisfy degree of protection IP65.",液体/气体；腐蚀性介质,General Purpose 2/2 Solenoids,LOW,,CURRENT,CHINA_PAGE_ONLY,https://www.burkert.com/en/type/6026,https://www.burkert.com.cn/cn/type/6026,https://www.burkert.com/en/Media/plm/DTS/DS/ds6026-standard-eu-en.pdf?id=DTS0000000000000001000395475ENL,,2026-06-09,A,"Global official Type page is the product master. China visibility indicates public page/document visibility only, not stock, origin or lead time. Official category paths: Solenoid Valves > General Purpose 2/2 Solenoids | Solenoid Valves > Cryogenic | Solenoid Valves > Media Separated."
6027,Direct-acting 2/2-way plunger valve,直动式两位两通柱塞电磁阀,电磁阀,High Pressure,High Pressure,"Valve 6027 is a direct-acting plunger valve. The stopper and plunger guide tube are welded together to enhance pressure resistance and leak-tightness. Various seal material combinations are available depending on the application. The coils are moulded with chemically resistant epoxy. An optional sliding ring bearing increases the service life with dry gases. Special seal technology is used for high-pressure applications. To reduce power consumption in operation, coils with Kick and Drop electronics assembly (double coil technology) are available. In combination with a plug in accordance with DIN EN 175301-803 Form A, the valves satisfy protection class IP65. NEMA 4X is available on request.",气体；液体,High Pressure,LOW,,CURRENT,CHINA_PAGE_AND_ZH_DATASHEET,https://www.burkert.com/en/type/6027,https://www.burkert.com.cn/cn/type/6027,https://www.burkert.com/en/Media/plm/DTS/DS/ds6027-standard-eu-en.pdf?id=DTS0000000000000001000089742ENAU,https://www.burkert.com/en/Media/plm/DTS/DS/ds6027-standard-cn-zh.pdf?id=DTS0000000000000001000659410ZHC,2026-06-09,A,"Global official Type page is the product master. China visibility indicates public page/document visibility only, not stock, origin or lead time. Official category paths: Solenoid Valves > High Pressure | Solenoid Valves > General Purpose 2/2 Solenoids | Solenoid Valves > Hazardous Location Solenoids | Solenoid Valves > Steam Solenoid Valves."
6030,Direct-acting 2/2-way direct-acting plunger valve,直动式两位两通电磁阀,电磁阀,General Purpose 2/2 Solenoids,General Purpose 2/2 Solenoids,"Valve 6030 valve is a direct-acting plunger valve. The stopper and the core guide tube are welded together to increase pressure resistance and security against leaks. The coils are encased with an epoxy that is highly resistant to chemicals. In combination with a plug conforming to DIN EN 175301-803, the valves meet the IP65 protection rating. Cartridge and flange connections, and solenoids with automotive plugs with IP6K9K protection rating, are available for optimised use in fuel cells.",,General Purpose 2/2 Solenoids,LOW,,CURRENT,CHINA_PAGE_AND_ZH_DATASHEET,https://www.burkert.com/en/type/6030,https://www.burkert.com.cn/cn/type/6030,https://www.burkert.com/en/Media/plm/DTS/DS/ds6030-standard-eu-en.pdf?id=DTS0000000000000001000598018ENE,https://www.burkert.com/en/Media/plm/DTS/DS/ds6030-standard-cn-zh.pdf?id=DTS0000000000000001000656758ZHF,2026-06-09,A,"Global official Type page is the product master. China visibility indicates public page/document visibility only, not stock, origin or lead time. Official category paths: Solenoid Valves > General Purpose 2/2 Solenoids."
6038,servo-assisted 2/2 way piston valve,伺服控制的二位二通活塞阀,电磁阀,General Purpose 2/2 Solenoids,General Purpose 2/2 Solenoids,"The Type 6038 valve is a 2/2-way solenoid valve with direct acting switching character, closed by spring force. It is pressure-relieved and switches without differential pressure. The magnetic core is linked to the seat tube. When the magnetic core is activated, a drilled hole is opened up by a pre-stroke. The core area within the valve is relieved of pressure, and the valve is opened through magnetic force. In the inactive state, the valve is closed by a pressure spring. In doing this, the closing force of the spring is assisted by the pressure of the medium on the magnetic core.",,General Purpose 2/2 Solenoids,LOW,,CURRENT,CHINA_PAGE_ONLY,https://www.burkert.com/en/type/6038,https://www.burkert.com.cn/cn/type/6038,https://www.burkert.com/en/Media/plm/DTS/DS/ds6038-standard-eu-en.pdf?id=DTS0000000000000001000011042ENF,,2026-06-09,A,"Global official Type page is the product master. China visibility indicates public page/document visibility only, not stock, origin or lead time. Official category paths: Solenoid Valves > General Purpose 2/2 Solenoids."
6080,Direct-acting 2/2-way plunger valve up to 900 bar,Direct-acting 2/2-way plunger valve up to 900 bar,电磁阀,General Purpose 2/2 Solenoids,General Purpose 2/2 Solenoids,"The valve Type 6080 is a direct-acting plunger valve for hydrogen applications. The plunger guiding tube and stopper are screwed together to increase the pressure resistance in contact with hydrogen. Certified 3.1 materials suitable for hydrogen and carbon-coated magnetic steels are used. Each valve is subject to a functional test at maximum nominal pressure. The external leakage at nominal pressure is 5 x 10-5 mbar l/s. On request, the push-over coil can be provided as a Zone 1 or Category 2 explosion-proof variant.",气体,General Purpose 2/2 Solenoids,LOW,,CURRENT,CHINA_PAGE_AND_ZH_DATASHEET,https://www.burkert.com/en/type/6080,https://www.burkert.com.cn/cn/type/6080,https://www.burkert.com/en/Media/plm/DTS/DS/ds6080-standard-eu-en.pdf?id=DTS0000000000000001000636664ENA,https://www.burkert.com/en/Media/plm/DTS/DS/ds6080-standard-cn-zh.pdf?id=DTS0000000000000001000656730ZHB,2026-06-09,A,"Global official Type page is the product master. China visibility indicates public page/document visibility only, not stock, origin or lead time. Official category paths: Solenoid Valves > General Purpose 2/2 Solenoids | Solenoid Valves > Hazardous Location Solenoids | Solenoid Valves > High Pressure."
6106,2/2 or 3/2 way Pneumatic-Rocker-Solenoid Valve,两位两通和两位三通气动摆动电磁阀,电磁阀,General Purpose 2/2 Solenoids,General Purpose 2/2 Solenoids,"The direct-acting rocker solenoid valve type 6106 is designed for use on neutral gaseous mediums. The heat input in the medium is minimal, because the housing is separated from the coil by a stainless steel plate. The valves can be mounted directly or also single or manifold mounted. They are used for dosing, filling, mixing and distributing small quantities of medium.",气体；中性介质,定量/加注；混合,LOW,,CURRENT,CHINA_PAGE_AND_ZH_DATASHEET,https://www.burkert.com/en/type/6106,https://www.burkert.com.cn/cn/type/6106,https://www.burkert.com/en/Media/plm/DTS/DS/ds6106-standard-eu-en.pdf?id=DTS0000000000000001000011046ENL,https://www.burkert.com/en/Media/plm/DTS/DS/ds6106-standard-cn-zh.pdf?id=DTS0000000000000001000659460ZHC,2026-06-09,A,"Global official Type page is the product master. China visibility indicates public page/document visibility only, not stock, origin or lead time. Official category paths: Solenoid Valves > General Purpose 2/2 Solenoids | Solenoid Valves > General Purpose 3/2 Solenoids | Microfluidics Products and Pumps > 2/2 and 3/2 way Micro Solenoids > Not media separated."
6114,2/2 or 3/2 way Flipper-Solenoid Valve with separating diaphragm,二位二通和二位三通 Flipper 电磁阀，带有介质分离,微流体产品与泵,2/2 and 3/2 way Micro Solenoids > Not media separated,Not media separated,,液体/气体,2/2 and 3/2 way Micro Solenoids > Not media separated,MEDIUM,实验室/分析及精密定量,CURRENT,CHINA_PAGE_ONLY,https://www.burkert.com/en/type/6114,https://www.burkert.com.cn/cn/type/6114,,,2026-06-09,A,"Global official Type page is the product master. China visibility indicates public page/document visibility only, not stock, origin or lead time. Official category paths: Microfluidics Products and Pumps > 2/2 and 3/2 way Micro Solenoids > Not media separated."
6115,3/2 way direct acting piezo-electric valve for pneumatics,二位三通压电阀，直动式，适合气动系统,气动与过程接口,Pneumatic Valves > 3/2 way valves,3/2 way valves,,,Pneumatic Valves > 3/2 way valves,MEDIUM,制药设备气动自动化,CURRENT,CHINA_PAGE_ONLY,https://www.burkert.com/en/type/6115,https://www.burkert.com.cn/cn/type/6115,,,2026-06-09,A,"Global official Type page is the product master. China visibility indicates public page/document visibility only, not stock, origin or lead time. Official category paths: Pneumatics and Process Interfaces > Pneumatic Valves > 3/2 way valves."
6126,2/2 or 3/2 way Rocker-Solenoid Valve with separating diaphragm,二位二通和二位三通摇臂电磁阀，带有隔膜,电磁阀,Media Separated,Media Separated,"The direct-acting rocker solenoid valve, Type 6126, is suitable for general applications in which compressed air, gases or slightly contaminated liquids are to be switched. The medium is in contact exclusively with the housing material and the FKM seals. The heat input in the medium is minimal, because the housing is separated from the coil by a stainless steel plate. The valves can be mounted directly or also single or manifold mounted. They are used for dosing, filling, mixing and distributing small quantities of medium.",气体；空气；液体,定量/加注；混合,LOW,,CURRENT,CHINA_PAGE_ONLY,https://www.burkert.com/en/type/6126,https://www.burkert.com.cn/cn/type/6126,https://www.burkert.com/en/Media/plm/DTS/DS/ds6126-standard-eu-en.pdf?id=DTS0000000000000001000138746ENG,,2026-06-09,A,"Global official Type page is the product master. China visibility indicates public page/document visibility only, not stock, origin or lead time. Official category paths: Solenoid Valves > Media Separated | Solenoid Valves > General Purpose 2/2 Solenoids | Solenoid Valves > General Purpose 3/2 Solenoids | Microfluidics Products and Pumps > 2/2 and 3/2 way Micro Solenoids > Media Separated."
6144,"3/2-way flipper solenoid valve, direct-acting",二位三通挡板式电磁阀，直动式,微流体产品与泵,2/2 and 3/2 way Micro Solenoids > Not media separated,Not media separated,"Type 6144 is a direct-acting 3/2-way solenoid valve designed for neutral gases and liquids. Through the movement between the two end positions, the switching element (flipper) seals one of the two opposing valve seats and connects the other to the working port. This movement is caused by the magnetic field pushing a permanent magnet, which is fixed to the flipper element, when switching the solenoid. This valve design makes it possible to realise both monostable and bistable variants. In addition to its exceptional performance characteristics, the flipper principle is especially marked by its very low switching noise and low wear level. Furthermore, integrated medium separation enables use above and beyond pneumatic applications. Depending on the application, various flange connections are available that are suitable for both individual and block installation. Installation advice: The valve must be at least 5 mm away from other ferromagnetic materials in order to avoid malfunctioning during operation.",气体；液体；液体/气体；中性介质,2/2 and 3/2 way Micro Solenoids > Not media separated,MEDIUM,实验室/分析及精密定量,CURRENT,CHINA_PAGE_AND_ZH_DATASHEET,https://www.burkert.com/en/type/6144,https://www.burkert.com.cn/cn/type/6144,https://www.burkert.com/en/Media/plm/DTS/DS/ds6144-standard-eu-en.pdf?id=DTS0000000000000001000090355ENP,https://www.burkert.com/en/Media/plm/DTS/DS/ds6144-standard-cn-zh.pdf?id=DTS0000000000000001000357098ZHF,2026-06-09,A,"Global official Type page is the product master. China visibility indicates public page/document visibility only, not stock, origin or lead time. Official category paths: Microfluidics Products and Pumps > 2/2 and 3/2 way Micro Solenoids > Not media separated."
6164,3/2-way pneumatic cartridge solenoid valve,两位三通气动式插装电磁阀,微流体产品与泵,2/2 and 3/2 way Micro Solenoids > Not media separated,Not media separated,"Our customers’ unique applications are becoming ever more complex, and installation space, fluidic performance and cost savings are critical factors. This places greater demands and more exacting requirements on the components used. Type 6164 was developed with the aim of enabling pneumatic actuation through optimal integration of the pilot valve into block or plastic injection-moulded parts, thus achieving a more compact design. The valve’s uncompromising reliability, above-average lifespan, and exceptional fluidic properties mean that it , this valve type raises the bar.",液体/气体,2/2 and 3/2 way Micro Solenoids > Not media separated,MEDIUM,实验室/分析及精密定量,CURRENT,CHINA_PAGE_AND_ZH_DATASHEET,https://www.burkert.com/en/type/6164,https://www.burkert.com.cn/cn/type/6164,https://www.burkert.com/en/Media/plm/DTS/DS/ds6164-standard-eu-en.pdf?id=DTS0000000000000001000257619ENQ,https://www.burkert.com/en/Media/plm/DTS/DS/ds6164-standard-cn-zh.pdf?id=DTS0000000000000001000658914ZHB,2026-06-09,A,"Global official Type page is the product master. China visibility indicates public page/document visibility only, not stock, origin or lead time. Official category paths: Microfluidics Products and Pumps > 2/2 and 3/2 way Micro Solenoids > Not media separated."
6211,Diaphragm valve 2/2-way servo-assisted,伺服控制的二位二通隔膜阀,电磁阀,General Purpose 2/2 Solenoids,General Purpose 2/2 Solenoids,"The Type 6211 is a servo-assisted normally closed 2/2-way solenoid valve with a servo diaphragm for use especially with neutral fluids and gaseous media. The range of housing includes brass, stainless steel and plastic. The valve has a low power consumption, low weight and a compact body. The valve is normally closed by spring force. Energized, the solenoid opens the pilot valve first. Then the medium pressure opens the main valve due to the pressure drop above the diaphragm. The valve opens. The special design and geometry of the inner parts of the valve result in a soft closing function and cause almost no water hammer.",气体；水；液体/气体；中性介质,General Purpose 2/2 Solenoids,LOW,,CURRENT,CHINA_PAGE_ONLY,https://www.burkert.com/en/type/6211,https://www.burkert.com.cn/cn/type/6211,https://www.burkert.com/en/Media/plm/DTS/DS/ds6211-standard-eu-en.pdf?id=DTS0000000000000001000011051ENN,,2026-06-09,A,"Global official Type page is the product master. China visibility indicates public page/document visibility only, not stock, origin or lead time. Official category paths: Solenoid Valves > General Purpose 2/2 Solenoids."
6212,"Diaphragm valve, 2/2-way, servo-assisted",伺服控制式二位二通隔膜阀,电磁阀,Media Separated,Media Separated,"Type 6212 is a pilot-operated 2/2-way solenoid valve with servo diaphragm. The actuator is separated from the medium by a separating diaphragm. This allows use with slightly aggressive media. The housing program includes brass, stainless steel and plastic. The valve requires little electrical power, is lightweight and has a compact design. The special design and geometry of the valve internal parts ensure a soft closing function with only very low pressure peaks.",腐蚀性介质,Media Separated,LOW,,CURRENT,CHINA_PAGE_ONLY,https://www.burkert.com/en/type/6212,https://www.burkert.com.cn/cn/type/6212,https://www.burkert.com/en/Media/plm/DTS/DS/ds6212-standard-eu-en.pdf?id=DTS0000000000000001000011052ENJ,,2026-06-09,A,"Global official Type page is the product master. China visibility indicates public page/document visibility only, not stock, origin or lead time. Official category paths: Solenoid Valves > Media Separated | Solenoid Valves > General Purpose 2/2 Solenoids."
6213,Servo-assisted 2/2-way diaphragm valve,伺服控制式两位两通隔膜阀,电磁阀,Water Solenoid Valves,Water Solenoid Valves,"Valve 6213 EV is a servo-assisted diaphragm valve. The spring coupling of the diaphragm supports the opening process in the valve. In its standard variant, the valve is suitable for deployment with liquids. A minimum differential pressure is required for full opening. For gas and vacuum applications, a special variant is available (HP00) that opens the valve without differential pressure. Various diaphragm materials are available depending on the actual application. The body is is available in brass, stainless steel and gunmetal. For other markets, dezincification-resistant brass is available. To reduce electrical power consumption during operation, coils with integrated Kick-and-Drop (KD) electronics featuring double coil technology are available.",气体；水；液体,Water Solenoid Valves,LOW,,CURRENT,CHINA_PAGE_AND_ZH_DATASHEET,https://www.burkert.com/en/type/6213,https://www.burkert.com.cn/cn/type/6213,https://www.burkert.com/en/Media/plm/DTS/DS/ds6213-standard-eu-en.pdf?id=DTS0000000000000001000115690ENAI,https://www.burkert.com/en/Media/plm/DTS/DS/ds6213-standard-cn-zh.pdf?id=DTS0000000000000001000659462ZHC,2026-06-09,A,"Global official Type page is the product master. China visibility indicates public page/document visibility only, not stock, origin or lead time. Official category paths: Solenoid Valves > Water Solenoid Valves | Solenoid Valves > General Purpose 2/2 Solenoids | Solenoid Valves > Hazardous Location Solenoids."
6221,Piston valve 2/2 way servo-assisted,伺服控制的二位二通活塞阀,电磁阀,General Purpose 2/2 Solenoids,General Purpose 2/2 Solenoids,Solenoid Valve for high pulsed and compressed air. A minimal pressure differential of 1bar is required for complete opening.,空气,General Purpose 2/2 Solenoids,LOW,,CURRENT,CHINA_PAGE_ONLY,https://www.burkert.com/en/type/6221,https://www.burkert.com.cn/cn/type/6221,https://www.burkert.com/en/Media/plm/DTS/DS/ds6221-standard-eu-en.pdf?id=DTS0000000000000001000011056ENC,,2026-06-09,A,"Global official Type page is the product master. China visibility indicates public page/document visibility only, not stock, origin or lead time. Official category paths: Solenoid Valves > General Purpose 2/2 Solenoids."
6222,Servo-assisted 2/2 way diaphragm valve,伺服控制的二位二通隔膜阀,电磁阀,General Purpose 2/2 Solenoids,General Purpose 2/2 Solenoids,,,General Purpose 2/2 Solenoids,LOW,,CURRENT,CHINA_PAGE_ONLY,https://www.burkert.com/en/type/6222,https://www.burkert.com.cn/cn/type/6222,,,2026-06-09,A,"Global official Type page is the product master. China visibility indicates public page/document visibility only, not stock, origin or lead time. Official category paths: Solenoid Valves > General Purpose 2/2 Solenoids."
6223,Servo-assisted 2-way high-flow proportional valve,先导式二位二通比例阀，适合大流量,比例阀,General Purpose Proportional Valves,General Purpose Proportional Valves,"The valve Type 6223 can be used for the control of larger flow quantities. Low hysteresis, high reproducibility and good response sensitivity guarantee good positioning behaviour. The valve closes tight. The push-over coil is easy to replace.",液体,General Purpose Proportional Valves,LOW,,CURRENT,CHINA_PAGE_AND_ZH_DATASHEET,https://www.burkert.com/en/type/6223,https://www.burkert.com.cn/cn/type/6223,https://www.burkert.com/en/Media/plm/DTS/DS/ds6223-standard-eu-en.pdf?id=DTS0000000000000001000011057ENN,https://www.burkert.com/en/Media/plm/DTS/DS/ds6223-standard-cn-zh.pdf?id=DTS0000000000000001000544202ZHC,2026-06-09,A,"Global official Type page is the product master. China visibility indicates public page/document visibility only, not stock, origin or lead time. Official category paths: Proportional Valves > General Purpose Proportional Valves."
6227,Servo assisted 2/2-way Modular Water Valve System,伺服控制的二位二通隔膜阀块,电磁阀,General Purpose 2/2 Solenoids,General Purpose 2/2 Solenoids,"The servo-assisted solenoid valve with servo diaphragm is normally closed (NC). In this condition, pressure builds up above the diaphragm - the valve holds tight. When energized, the space above the servo diaphragm is pressure relieved and lifted up by the medium - the valve opens. The modular extendable valve system can be built up in all possible combinations with up to 12 valves each as distributor or collector in two sizes with different port connection modules. The valve can be put together in collecting function or distributing function by easily twisting the valve insert. Any combination of functions in one block is possible. Additional functions such as temperature indication or flow measurement can be added by integrating a corresponding sensor directly into the valve block. In order to be as flexible as possible, a variety of port connections are available as standard. The inner thread port connections are at the bottom, pointing down while the outer thread port connections and the plug-on connection for hoses are pointing to the side. The block material is Polyamide glassfiber reinforced. The advantages are: Low weight and a certain chemical resistance.",水,General Purpose 2/2 Solenoids,LOW,,CURRENT,CHINA_PAGE_ONLY,https://www.burkert.com/en/type/6227,https://www.burkert.com.cn/cn/type/6227,https://www.burkert.com/en/Media/plm/DTS/DS/ds6227-standard-eu-en.pdf?id=DTS0000000000000001000011058ENA,,2026-06-09,A,"Global official Type page is the product master. China visibility indicates public page/document visibility only, not stock, origin or lead time. Official category paths: Solenoid Valves > General Purpose 2/2 Solenoids."
6228,Diaphragm valve 2/2-way servo-assisted,伺服控制的二位二通隔膜阀,电磁阀,General Purpose 2/2 Solenoids,General Purpose 2/2 Solenoids,"The Type 6228 is a servo-assisted 2/2-way solenoid valve with servo-diaphragm. It is particularly suited for neutral media. Without electrical power, this solenoid valve is closed. Pressure builds up through the servo diaphragm, which pushes the latter downwards and thereby keeps the valve closed. On switching, the space above the servo-diaphragm will be relieved via the pilot valve. As a result, the pressure of the medium lifts the servo-diaphragm, and the main valve opens. A minimum differential pressure of 0.5 bar is required for complete opening and closing. The special design and geometry of the internalparts of the valve produce a soft closing function with very low pressure peaks only. It is very simple to extend the valve radially.",中性介质,General Purpose 2/2 Solenoids,LOW,,CURRENT,CHINA_PAGE_ONLY,https://www.burkert.com/en/type/6228,https://www.burkert.com.cn/cn/type/6228,https://www.burkert.com/en/Media/plm/DTS/DS/ds6228-standard-eu-en.pdf?id=DTS0000000000000001000011059ENJ,,2026-06-09,A,"Global official Type page is the product master. China visibility indicates public page/document visibility only, not stock, origin or lead time. Official category paths: Solenoid Valves > General Purpose 2/2 Solenoids."
6240,Servo-assisted 2/2-way piston valve,伺服辅助式两位两通活塞电磁阀,电磁阀,Steam Solenoid Valves,Steam Solenoid Valves,"The 6240 valve is a servo-assisted piston valve. The stopper and plunger guiding tube are welded together to enhance pressure resistance and leak-tightness. Various seal material combinations are available depending on the application. The housing design and surface quality enable maximum flow rates. The coils are moulded with chemically resistant epoxy. An optional sliding ring bearings increases the life cycle with dry gases. To reduce power consumption in operation, coils with Kick and Drop electronics assembly (double coil technology) are available.",气体；蒸汽,Steam Solenoid Valves,LOW,,CURRENT,CHINA_PAGE_AND_ZH_DATASHEET,https://www.burkert.com/en/type/6240,https://www.burkert.com.cn/cn/type/6240,https://www.burkert.com/en/Media/plm/DTS/DS/ds6240-standard-eu-en.pdf?id=DTS0000000000000001000089730ENAJ,https://www.burkert.com/en/Media/plm/DTS/DS/ds6240-standard-cn-zh.pdf?id=DTS0000000000000001000659409ZHC,2026-06-09,A,"Global official Type page is the product master. China visibility indicates public page/document visibility only, not stock, origin or lead time. Official category paths: Solenoid Valves > Steam Solenoid Valves | Solenoid Valves > General Purpose 2/2 Solenoids | Solenoid Valves > Hazardous Location Solenoids | Solenoid Valves > High Pressure."
6281,Servo-assisted 2/2-way diaphragm valve,伺服控制式两位两通隔膜阀,电磁阀,General Purpose 2/2 Solenoids,General Purpose 2/2 Solenoids,"Valve 6281 is a servo-assisted diaphragm valve. A minimum differential pressure is always required for the valve to function. Various diaphragm materials and circuit functions are available depending on the actual application. The standard brass body meets European drinking water requirements. For other markets, dezincification-resistant brass is available. The range includes a variant with a stainless steel body. To reduce electrical power consumption during operation, coils with integrated Kick-and-Drop (KD) electronics featuring double coil technology are available. The valve can be supplied with manual operation for easy maintenance and commissioning.",水,General Purpose 2/2 Solenoids,LOW,,CURRENT,CHINA_PAGE_AND_ZH_DATASHEET,https://www.burkert.com/en/type/6281,https://www.burkert.com.cn/cn/type/6281,https://www.burkert.com/en/Media/plm/DTS/DS/ds6281-evstandard-eu-en.pdf?id=DTS0000000000000001000152082ENT,https://www.burkert.com/en/Media/plm/DTS/DS/ds6281-evstandard-cn-zh.pdf?id=DTS0000000000000001000391552ZHE,2026-06-09,A,"Global official Type page is the product master. China visibility indicates public page/document visibility only, not stock, origin or lead time. Official category paths: Solenoid Valves > General Purpose 2/2 Solenoids | Solenoid Valves > Water Solenoid Valves | Solenoid Valves > Hazardous Location Solenoids."
6407,Servo-assisted 2/2-way piston valve,伺服辅助式二位二通活塞阀,电磁阀,General Purpose 2/2 Solenoids,General Purpose 2/2 Solenoids,"The Type 6407 valve is a servo-assisted piston valve. The fix coupling between pilot valve and piston provides an opening of the valve without pressure difference. As a piston valve, the Type 6407 is particular suitable for media such as gas and steam. As well as liquids with low operating temperature below 0 °C.The stopper and the core guide pipe are welded together to enhance pressure resistance and leak-tightness. Various seal material combinations are available depending on the application. The coils are moulded with chemically resistant epoxy. To reduce power consumption in operation, coils with Kick and Drop electronics (double coil technology) are available. In combination with a plug acc. to DIN EN 175301-803 Form A, the valves satisfy IP65 degree of protection.",气体；蒸汽；液体,General Purpose 2/2 Solenoids,LOW,,CURRENT,CHINA_PAGE_ONLY,https://www.burkert.com/en/type/6407,https://www.burkert.com.cn/cn/type/6407,https://www.burkert.com/en/Media/plm/DTS/DS/ds6407-standard-eu-en.pdf?id=DTS0000000000000001000348453ENL,,2026-06-09,A,"Global official Type page is the product master. China visibility indicates public page/document visibility only, not stock, origin or lead time. Official category paths: Solenoid Valves > General Purpose 2/2 Solenoids | Solenoid Valves > Steam Solenoid Valves."
6430,"Piston valve, 3/2-way, servo-assisted",伺服控制式 2 位 3 通活塞阀,电磁阀,General Purpose 3/2 Solenoids,General Purpose 3/2 Solenoids,"The valve 6430 is a servo-assisted 3/2-way piston valve. If the valve is not supplied with auxiliary pilot air, a minimum differential pressure is required for the function. Variants: - For neutral liquids and gases in the pressure range 1-16 bar in the function NC and NO. - For technical vacuums up to 3 bar in the function NC and NO. - With auxiliary pilot air for vacuums up to 8 bar in the function NC and NO. All variants are available as an impulse variant to secure the switching position even in the event of power interruptions. The Type 6430 is equipped with a manual override for start-up or manual operation (exception: impulse variant). To reduce electrical power consumption during operation, coils with integrated “Kick and Drop” (KD) electronics featuring double coil technology are available. A maintenance-free, media-separated 3/2-way pivoted armature valve Type 0331 is used as a pilot valve. In combination with a plug to DIN EN 175301 – 803 Form A, the valves satisfy degree of protection IP65.",气体；空气；液体；中性介质,General Purpose 3/2 Solenoids,LOW,,CURRENT,CHINA_PAGE_AND_ZH_DATASHEET,https://www.burkert.com/en/type/6430,https://www.burkert.com.cn/cn/type/6430,https://www.burkert.com/en/Media/plm/DTS/DS/ds6430-standard-eu-en.pdf?id=DTS0000000000000001000395477ENG,https://www.burkert.com/en/Media/plm/DTS/DS/ds6430-standard-cn-zh.pdf?id=DTS0000000000000001000720223ZH-,2026-06-09,A,"Global official Type page is the product master. China visibility indicates public page/document visibility only, not stock, origin or lead time. Official category paths: Solenoid Valves > General Purpose 3/2 Solenoids | Solenoid Valves > Hazardous Location Solenoids."
6440,Servo-assisted 2/2-way piston valve,伺服控制式二位二通活塞阀,电磁阀,General Purpose 2/2 Solenoids,General Purpose 2/2 Solenoids,"The valve 6440 is a servo-assisted piston valve. The stopper and the core guide tube are welded together to increase pressure resistance and leak-tightness. The coils are moulded with highly chemically resistant epoxy. Sliding rings increase the service life for dry gases. Cartridge and flange connections, and solenoids with automotive plugs (IP6K9K), are available for optimised use in fuel cells.",气体,General Purpose 2/2 Solenoids,LOW,,CURRENT,CHINA_PAGE_AND_ZH_DATASHEET,https://www.burkert.com/en/type/6440,https://www.burkert.com.cn/cn/type/6440,https://www.burkert.com/en/Media/plm/DTS/DS/ds6440-standard-eu-en.pdf?id=DTS0000000000000001000578533ENL,https://www.burkert.com/en/Media/plm/DTS/DS/ds6440-standard-cn-zh.pdf?id=DTS0000000000000001000632932ZHB,2026-06-09,A,"Global official Type page is the product master. China visibility indicates public page/document visibility only, not stock, origin or lead time. Official category paths: Solenoid Valves > General Purpose 2/2 Solenoids | Solenoid Valves > Hazardous Location Solenoids."
6480,Servo-assisted 2/2-way piston valve up to 1000 bar,Servo-assisted 2/2-way piston valve up to 1000 bar,电磁阀,General Purpose 2/2 Solenoids,General Purpose 2/2 Solenoids,"The valve Type 6480 is a servo-controlled piston valve for hydrogen applications with a nominal diameter of 8 mm. A minimum differential pressure of at least 5 bar is required in the valve to support the opening and closing process. To increase the pressure resistance in contact with hydrogen, the plunger guiding tube and stopper are screwed together. Certified 3.1 materials suitable for hydrogen and carbon-coated magnetic steels are used. Each valve is subject to a functional test at maximum nominal pressure. The external leakage at nominal pressure is 5 x 10-5 mbar l/s. On request, the push-over coil can be provided as a zone 1 or category 2 explosion-proof variant.",气体,General Purpose 2/2 Solenoids,LOW,,CURRENT,CHINA_PAGE_AND_ZH_DATASHEET,https://www.burkert.com/en/type/6480,https://www.burkert.com.cn/cn/type/6480,https://www.burkert.com/en/Media/plm/DTS/DS/ds6480-standard-eu-en.pdf?id=DTS0000000000000001000636667ENA,https://www.burkert.com/en/Media/plm/DTS/DS/ds6480-standard-cn-zh.pdf?id=DTS0000000000000001000656734ZHA,2026-06-09,A,"Global official Type page is the product master. China visibility indicates public page/document visibility only, not stock, origin or lead time. Official category paths: Solenoid Valves > General Purpose 2/2 Solenoids | Solenoid Valves > Hazardous Location Solenoids | Solenoid Valves > High Pressure."
6481,Servo-assisted 2/2-way piston valve up to 450 bar,Servo-assisted 2/2-way piston valve up to 450 bar,电磁阀,General Purpose 2/2 Solenoids,General Purpose 2/2 Solenoids,"The valve Type 6481 is a servo-controlled piston valve for hydrogen applications up to a nominal diameter of 50 mm. A minimum differential pressure of 1 bar is required to support the opening and closing process. To increase the pressure resistance in contact with hydrogen, the plunger guiding tube and stopper are screwed together. Certified 3.1 materials suitable for hydrogen and carbon-coated magnetic steels are used. Each valve is subject to a functional test at maximum nominal pressure. The external leakage is 5 x 10-5 mbar l/s. On request, the push-over coil can be provided as a Zone 1 or Category 2 explosion-proof variant.",气体,General Purpose 2/2 Solenoids,LOW,,CURRENT,CHINA_PAGE_AND_ZH_DATASHEET,https://www.burkert.com/en/type/6481,https://www.burkert.com.cn/cn/type/6481,https://www.burkert.com/en/Media/plm/DTS/DS/ds6481-standard-eu-en.pdf?id=DTS0000000000000001000636672ENA,https://www.burkert.com/en/Media/plm/DTS/DS/ds6481-standard-cn-zh.pdf?id=DTS0000000000000001000656737ZHA,2026-06-09,A,"Global official Type page is the product master. China visibility indicates public page/document visibility only, not stock, origin or lead time. Official category paths: Solenoid Valves > General Purpose 2/2 Solenoids | Solenoid Valves > Hazardous Location Solenoids | Solenoid Valves > High Pressure."
6510,3/2-way solenoid valve for pneumatic applications,用于气动装置的二位三通电磁阀,气动与过程接口,Pneumatic Valves > 3/2 way valves,3/2 way valves,Type 6510 consists of a pilot flipper solenoid valve Type 6144 and a pneumatic seat valve. The flipper action system allows the switching of high pressures combined with low power consumption and short switching times. All the valves are equipped with manual override as standard.,,Pneumatic Valves > 3/2 way valves,MEDIUM,制药设备气动自动化,CURRENT,CHINA_PAGE_ONLY,https://www.burkert.com/en/type/6510,https://www.burkert.com.cn/cn/type/6510,https://www.burkert.com/en/Media/plm/DTS/DS/ds6510-eex-eu-en.pdf?id=DTS0000000000000001000011061ENA,,2026-06-09,A,"Global official Type page is the product master. China visibility indicates public page/document visibility only, not stock, origin or lead time. Official category paths: Pneumatics and Process Interfaces > Pneumatic Valves > 3/2 way valves."
6511,5/2-way solenoid valve for pneumatic applications,用于气动装置的二位五通电磁阀,气动与过程接口,Pneumatic Valves > 5/2 way valves,5/2 way valves,Type 6511 consists of a pilot flipper solenoid valve Type 6144 and a pneumatic seat valve. The flipper action system allows the switching of high pressures combined with low power consumption and short switching times. All the valves are equipped with manual override as standard.,,Pneumatic Valves > 5/2 way valves,MEDIUM,制药设备气动自动化,CURRENT,CHINA_PAGE_ONLY,https://www.burkert.com/en/type/6511,https://www.burkert.com.cn/cn/type/6511,https://www.burkert.com/en/Media/plm/DTS/DS/ds6511-standard-eu-en.pdf?id=DTS0000000000000001000135011ENF,,2026-06-09,A,"Global official Type page is the product master. China visibility indicates public page/document visibility only, not stock, origin or lead time. Official category paths: Pneumatics and Process Interfaces > Pneumatic Valves > 5/2 way valves."
6516,3/2 way Solenoid Valve for pneumatics,适合气动系统的二位三通电磁阀,气动与过程接口,Pneumatic Valves > 3/2 way valves,3/2 way valves,Servo-assisted 3/2-way solenoid valve Type 6516 ➤ For single or block installation Ex approvals Order now in the Bürkert eShop.,,Pneumatic Valves > 3/2 way valves,MEDIUM,制药设备气动自动化,CURRENT,CHINA_PAGE_ONLY,https://www.burkert.com/en/type/6516,https://www.burkert.com.cn/cn/type/6516,https://www.burkert.com/en/Media/plm/DTS/DS/ds6516-eexi-eu-en.pdf?id=DTS0000000000000001000011062ENB,,2026-06-09,A,"Global official Type page is the product master. China visibility indicates public page/document visibility only, not stock, origin or lead time. Official category paths: Pneumatics and Process Interfaces > Pneumatic Valves > 3/2 way valves."
6517,5/2 way Solenoid Valve for pneumatics,适合气动系统的二位五通电磁阀,气动与过程接口,Pneumatic Valves > 5/2 way valves,5/2 way valves,Servo-assisted 5/2-way solenoid valve Type 6517 ➤ For single or block installation NAMUR flange Ex approvals Order now in the Bürkert eShop.,,Pneumatic Valves > 5/2 way valves,MEDIUM,制药设备气动自动化,CURRENT,CHINA_PAGE_ONLY,https://www.burkert.com/en/type/6517,https://www.burkert.com.cn/cn/type/6517,https://www.burkert.com/en/Media/plm/DTS/DS/ds6517-asi-eu-en.pdf?id=DTS0000000000000001000011063ENA,,2026-06-09,A,"Global official Type page is the product master. China visibility indicates public page/document visibility only, not stock, origin or lead time. Official category paths: Pneumatics and Process Interfaces > Pneumatic Valves > 5/2 way valves."
6518,Servo-assisted 3/2-way solenoid valve for pneumatic systems,6518/6519 型先导电磁阀/阀组,气动与过程接口,Pneumatic Valves > 3/2 way valves,3/2 way valves,"Type 6518 is a pilot-operated 3/2-way valve and Type 6519 is a 3/2, 5/2 or 5/3-way valve. Together they form a series. The valves can be used individually or on blocks. They operate without continuous air consumption and are used to control single- or double-acting actuators. The use of high-quality materials allows the valves to be used even in outdoor and chemically aggressive environments. The series includes devices with Ex approval and NAMUR flange design. With the monostable valve circuit functions C, D, and H, a safety level of SIL2 can be achieved in accordance with IEC 61508, depending on the architecture of the safety system.",空气；腐蚀性介质,Pneumatic Valves > 3/2 way valves,MEDIUM,制药设备气动自动化,CURRENT,CHINA_PAGE_AND_ZH_DATASHEET,https://www.burkert.com/en/type/6518,https://www.burkert.com.cn/cn/type/6518,https://www.burkert.com/en/Media/plm/DTS/DS/ds6518-standard-eu-en.pdf?id=DTS0000000000000001000011064ENJ,https://www.burkert.com/en/Media/plm/DTS/DS/ds6518-standard-cn-zh.pdf?id=DTS0000000000000001000670651ZHB,2026-06-09,A,"Global official Type page is the product master. China visibility indicates public page/document visibility only, not stock, origin or lead time. Official category paths: Pneumatics and Process Interfaces > Pneumatic Valves > 3/2 way valves | Solenoid Valves > Hazardous Location Solenoids."
6519,"Solenoid valve for pneumatics, 3/2-, 5/2- or 5/3-way pilot-operated",气动伺服控制式二位三通、二位五通或三位五通电磁阀,气动与过程接口,Pneumatic Valves > 5/2 way valves,5/2 way valves,"Type 6518 is a pilot-operated 3/2-way valve and Type 6519 is a 3/2, 5/2 or 5/3-way valve. Together they form a series. The valves can be used individually or on blocks. They operate without continuous air consumption and are used to control single- or double-acting actuators. The use of high-quality materials allows the valves to be used even in outdoor and chemically aggressive environments. The series includes devices with Ex approval and NAMUR flange design. With the monostable valve circuit functions C, D, and H, a safety level of SIL2 can be achieved in accordance with IEC 61508, depending on the architecture of the safety system.",空气；腐蚀性介质,Pneumatic Valves > 5/2 way valves,MEDIUM,制药设备气动自动化,CURRENT,CHINA_PAGE_AND_ZH_DATASHEET,https://www.burkert.com/en/type/6519,https://www.burkert.com.cn/cn/type/6519,https://www.burkert.com/en/Media/plm/DTS/DS/ds6519-standard-eu-en.pdf?id=DTS0000000000000001000011067ENZ,https://www.burkert.com/en/Media/plm/DTS/DS/ds6519-standard-cn-zh.pdf?id=DTS0000000000000001000675097ZHB,2026-06-09,A,"Global official Type page is the product master. China visibility indicates public page/document visibility only, not stock, origin or lead time. Official category paths: Pneumatics and Process Interfaces > Pneumatic Valves > 5/2 way valves | Pneumatics and Process Interfaces > Pneumatic Valves > 3/2 way valves | Pneumatics and Process Interfaces > Pneumatic Valves > 5/3 way valves | Process and Control Valves > Shut-off Valves (On/Off) > Pneumatic Control | Solenoid Valves > Hazardous Location Solenoids | Process and Control Valves > Process Valve Automation > External (Banjo) Pilots."
6520,3/2 or 5/2 way Piezo Valve for pneumatics,适合气动系统的二位三通和二位五通压电阀,气动与过程接口,Pneumatic Valves > 5/2 way valves,5/2 way valves,"The 6520 EExi valves are used for process actuation in hazardous areas. Thanks to the intrinsically safe design and the choice of corrosion resistant materials, the valves can be used in a wide variety of demanding applications. The NAMUR flange allows easy mounting directly to process valves. Due to the low power consumption, up to 4 valves can be connected to the Profibus PA I/O-Box 8642. The circuit function of the 6520 can easily be changed from H (5/2-way) to C (3/2-way) simply by changing the adapter plate, which is within scope of supply.",,Pneumatic Valves > 5/2 way valves,MEDIUM,制药设备气动自动化,CURRENT,CHINA_PAGE_ONLY,https://www.burkert.com/en/type/6520,https://www.burkert.com.cn/cn/type/6520,https://www.burkert.com/en/Media/plm/DTS/DS/ds6520-namureexi-eu-en.pdf?id=DTS0000000000000001000011070ENB,,2026-06-09,A,"Global official Type page is the product master. China visibility indicates public page/document visibility only, not stock, origin or lead time. Official category paths: Pneumatics and Process Interfaces > Pneumatic Valves > 5/2 way valves | Pneumatics and Process Interfaces > Pneumatic Valves > 3/2 way valves."
6521,"3/2-way valve, pilot-operated",二位三通阀门，伺服控制,气动与过程接口,Pneumatic Valves > 3/2 way valves,3/2 way valves,,,Pneumatic Valves > 3/2 way valves,MEDIUM,制药设备气动自动化,CURRENT,CHINA_PAGE_ONLY,https://www.burkert.com/en/type/6521,https://www.burkert.com.cn/cn/type/6521,,,2026-06-09,A,"Global official Type page is the product master. China visibility indicates public page/document visibility only, not stock, origin or lead time. Official category paths: Pneumatics and Process Interfaces > Pneumatic Valves > 3/2 way valves | Pneumatics and Process Interfaces > Pneumatic Valves > 5/2 way valves."
6523,Piezo valve for pneumatics,用于气动装置的压电式阀门,气动与过程接口,Pneumatic Valves > 5/2 way valves,5/2 way valves,,,Pneumatic Valves > 5/2 way valves,MEDIUM,制药设备气动自动化,CURRENT,CHINA_PAGE_ONLY,https://www.burkert.com/en/type/6523,https://www.burkert.com.cn/cn/type/6523,,,2026-06-09,A,"Global official Type page is the product master. China visibility indicates public page/document visibility only, not stock, origin or lead time. Official category paths: Pneumatics and Process Interfaces > Pneumatic Valves > 5/2 way valves | Pneumatics and Process Interfaces > Pneumatic Valves > 3/2 way valves."
6524,3/2-way or 2 x 3/2-way solenoid valve for pneumatic applications,用于气动装置的二位三通或 2 个二位三通电磁阀,气动与过程接口,Pneumatic Valves > 3/2 way valves,3/2 way valves,"Type 6524 consists of a pilot flipper solenoid valve Type 6144 and a pneumatic seat valve. The flipper action system allows the switching of high pressures combined with low power consumption and short switching times. All the valves are equipped with manual override as standard. The 2 x 3/2-way valve variant is a combination of two pilot flipper solenoid valves Type 6144 and one pneumatic seat valve. The valve is also available with a second connection (press-fit cable), which makes a safe shut-off function possible.",,Pneumatic Valves > 3/2 way valves,MEDIUM,制药设备气动自动化,CURRENT,CHINA_PAGE_ONLY,https://www.burkert.com/en/type/6524,https://www.burkert.com.cn/cn/type/6524,https://www.burkert.com/en/Media/plm/DTS/DS/ds6524-standard-eu-en.pdf?id=DTS0000000000000001000021454ENS,,2026-06-09,A,"Global official Type page is the product master. China visibility indicates public page/document visibility only, not stock, origin or lead time. Official category paths: Pneumatics and Process Interfaces > Pneumatic Valves > 3/2 way valves."
6525,5/2-way solenoid valve for pneumatic applications,用于气动装置的二位五通电磁阀,气动与过程接口,Pneumatic Valves > 5/2 way valves,5/2 way valves,Type 6525 consists of a pilot flipper solenoid valve Type 6144 and a pneumatic seat valve. The flipper action system allows the switching of high pressures combined with low power consumption and short switching times. All the valves are equipped with manual override as standard.,,Pneumatic Valves > 5/2 way valves,MEDIUM,制药设备气动自动化,CURRENT,CHINA_PAGE_ONLY,https://www.burkert.com/en/type/6525,https://www.burkert.com.cn/cn/type/6525,https://www.burkert.com/en/Media/plm/DTS/DS/ds6525-standard-eu-en.pdf?id=DTS0000000000000001000021455ENQ,,2026-06-09,A,"Global official Type page is the product master. China visibility indicates public page/document visibility only, not stock, origin or lead time. Official category paths: Pneumatics and Process Interfaces > Pneumatic Valves > 5/2 way valves."
6526,3/2-way solenoid valve for pneumatic applications,用于气动装置的二位三通电磁阀,气动与过程接口,Pneumatic Valves > 3/2 way valves,3/2 way valves,"The valves Type 6526 consist of a pilot rocker solenoid valve Type 6106 and a pneumatic seat valve. The action principle allows the switching of high pressures combined with low power consumption and short switching times. The valves are extendable and, with plug connection to the rear, can be preferably used on valve islands (Types 8640 or 8644) or, with tag connectors to the front, on valve blocks for activating pneumatic actuators. All the pilot valves are equipped with manual override as standard.",,Pneumatic Valves > 3/2 way valves,MEDIUM,制药设备气动自动化,CURRENT,CHINA_PAGE_ONLY,https://www.burkert.com/en/type/6526,https://www.burkert.com.cn/cn/type/6526,https://www.burkert.com/en/Media/plm/DTS/DS/ds6526-standard-eu-en.pdf?id=DTS0000000000000001000019897ENJ,,2026-06-09,A,"Global official Type page is the product master. China visibility indicates public page/document visibility only, not stock, origin or lead time. Official category paths: Pneumatics and Process Interfaces > Pneumatic Valves > 3/2 way valves."
6527,5/2-way solenoid valve for pneumatic applications,用于气动装置的二位五通电磁阀,气动与过程接口,Pneumatic Valves > 5/2 way valves,5/2 way valves,"The valves Type 6527 consist of a pilot rocker solenoid valve Type 6106 and a pneumatic seat valve. The action principle allows the switching of high pressures combined with low power consumption and short switching times. The valves are extendable and, with plug connection to the rear, can be preferably used on valve islands (Types 8640 or 8644) or, with tag connectors to the front, on valve blocks for activating pneumatic actuators. All the pilot valves are equipped with manual override as standard.",,Pneumatic Valves > 5/2 way valves,MEDIUM,制药设备气动自动化,CURRENT,CHINA_PAGE_ONLY,https://www.burkert.com/en/type/6527,https://www.burkert.com.cn/cn/type/6527,https://www.burkert.com/en/Media/plm/DTS/DS/ds6527-standard-eu-en.pdf?id=DTS0000000000000001000019898ENJ,,2026-06-09,A,"Global official Type page is the product master. China visibility indicates public page/document visibility only, not stock, origin or lead time. Official category paths: Pneumatics and Process Interfaces > Pneumatic Valves > 5/2 way valves."
6606,2/2 or 3/2 way Rocker-Solenoid Valve with separating diaphragm,二位二通和二位三通摇臂电磁阀，带有隔膜,微流体产品与泵,2/2 and 3/2 way Micro Solenoids > Media Separated,Media Separated,"The direct-acting rocker solenoid valves with isolating diaphragm of Type 6606 (2/2- and 3/2–way) are high quality valves for analytical technology. They have minimal dead volume and internal volume with few crevices making them easy to flush out. The fluid only comes into contact with the body material and the FFKM seal. The heat transfer to the medium is minimal. The fluid path is isolated from the coil by a stainless steel plate. The valves are ideal for dosing, filling, mixing and distributing of small quantities of fluid for medical, analytical and laboratory applications.",液体/气体,定量/加注；混合；实验室设备；医疗设备,MEDIUM,实验室/分析及精密定量,CURRENT,CHINA_PAGE_ONLY,https://www.burkert.com/en/type/6606,https://www.burkert.com.cn/cn/type/6606,https://www.burkert.com/en/Media/plm/DTS/DS/ds6606-standard-eu-en.pdf?id=DTS0000000000000001000011072ENO,,2026-06-09,A,"Global official Type page is the product master. China visibility indicates public page/document visibility only, not stock, origin or lead time. Official category paths: Microfluidics Products and Pumps > 2/2 and 3/2 way Micro Solenoids > Media Separated."
6624,2/2 and 3/2 way Bürkert TwinPower rocker solenoid valve with separating diaphragm,二位二通和二位三通 Bürkert TwinPower 隔膜摇臂式电磁阀,电磁阀,Media Separated,Media Separated,"Type 6624 combines the reliable and successful Rocker principle with a highly innovative new actuator. The Bürkert TwinPower concept of this actuator reduces the size greatly without loss in performance. Hence the 10 mm wide medium isolated rocker valve, 6624, with a 1.6 mm orifice and a pressure resistance of 2 bar, provides the same performance as a traditional 16 mm valve. In addition, the integrated power reduction decreases the energy consumption by 75%. In combination with other design features the heat transfer into the medium can be reduced to a minimum. In the design of the 6624, the main benefits lie in its excellent cleanability and a high reliability. By using high performance materials the 6624 suits the handling of aggressive medium perfectly. The valve is available in a 2-way and 3-way variant.",腐蚀性介质,Media Separated,LOW,,CURRENT,CHINA_PAGE_AND_ZH_DATASHEET,https://www.burkert.com/en/type/6624,https://www.burkert.com.cn/cn/type/6624,https://www.burkert.com/en/Media/plm/DTS/DS/ds6624-standard-eu-en.pdf?id=DTS0000000000000001000155774ENM,https://www.burkert.com/en/Media/plm/DTS/DS/ds6624-twinpower-cn-zh.pdf?id=DTS0000000000000001000357146ZHH,2026-06-09,A,"Global official Type page is the product master. China visibility indicates public page/document visibility only, not stock, origin or lead time. Official category paths: Solenoid Valves > Media Separated | Solenoid Valves > General Purpose 2/2 Solenoids | Solenoid Valves > General Purpose 3/2 Solenoids | Microfluidics Products and Pumps > 2/2 and 3/2 way Micro Solenoids > Media Separated."
6626,2/2-way and 3/2-way Bürkert TwinPower rocker solenoid valve with separating diaphragm,带隔离膜片的二位二通和二位三通 Bürkert TwinPower 摇臂电磁阀,微流体产品与泵,2/2 and 3/2 way Micro Solenoids > Media Separated,Media Separated,"From the fluidics perspective, Type 6626 combines the reliable and successful rocker principle. Due to the new Bürkert TwinPower concept, this actuator enables drastic reduction of installation space while maintaining performance output. Hence, the 16 mm wide medium separated rocker valve, with 3.0 mm DN and a pressure resistance of 2 bar, provides the same performance as a traditional 22 mm valve. In addition, the integrated power reduction decreases energy consumption by 75%. In combination with other design features, the heat transfer into the medium can be reduced to a minimum. With regard to the design, special attention has been placed on excellent cleanability and high reliability. By using high quality materials, Type 6626 is also ideal for handling aggressive medium. The valve is available as a 2/2-way and 3/2-way variant.",液体/气体；腐蚀性介质,2/2 and 3/2 way Micro Solenoids > Media Separated,MEDIUM,实验室/分析及精密定量,CURRENT,CHINA_PAGE_AND_ZH_DATASHEET,https://www.burkert.com/en/type/6626,https://www.burkert.com.cn/cn/type/6626,https://www.burkert.com/en/Media/plm/DTS/DS/ds6626-standard-eu-en.pdf2?id=DTS0000000000000001000169436ENH,https://www.burkert.com/en/Media/plm/DTS/DS/ds6626-standard-cn-zh.pdf?id=DTS0000000000000001000357145ZHB,2026-06-09,A,"Global official Type page is the product master. China visibility indicates public page/document visibility only, not stock, origin or lead time. Official category paths: Microfluidics Products and Pumps > 2/2 and 3/2 way Micro Solenoids > Media Separated."
6628,2/2 or 3/2-way TwinPower rocker solenoid valve with separating diaphragm,带隔离膜片的二位二通和二位三通 TwinPower 摇臂电磁阀,电磁阀,Media Separated,Media Separated,"Direct-acting, media-separated 2/2 or 3/2-way rocker solenoid valve for the control of aggressive liquids and gases in medical analysis technology, the food industry and the chemical industry during dosing, filling, mixing and distribution. The medium is only in contact with the housing and seal material through the separating diaphragm. With its new TwinPower actuator, robust fitting and 22 mm width, this valve meets the most stringent requirements. The tried-and-tested rocker technology is characterised by full back pressure tightness, good flushability and a low internal volume. The Type 6628 is available in a wide variety of technical variants and provides perfect adaption in fluidics application with the aid of various fluidic body options.",气体；液体；液体/气体；腐蚀性介质,定量/加注；混合；分析测量；医疗设备；食品饮料,LOW,,CURRENT,CHINA_PAGE_AND_ZH_DATASHEET,https://www.burkert.com/en/type/6628,https://www.burkert.com.cn/cn/type/6628,https://www.burkert.com/en/Media/plm/DTS/DS/ds6628-standard-eu-en.pdf?id=DTS0000000000000001000170656ENN,https://www.burkert.com/en/Media/plm/DTS/DS/ds6628-standard-cn-zh.pdf?id=DTS0000000000000001000658913ZHF,2026-06-09,A,"Global official Type page is the product master. China visibility indicates public page/document visibility only, not stock, origin or lead time. Official category paths: Solenoid Valves > Media Separated | Solenoid Valves > General Purpose 2/2 Solenoids | Solenoid Valves > General Purpose 3/2 Solenoids | Microfluidics Products and Pumps > 2/2 and 3/2 way Micro Solenoids > Media Separated."
6642,servo-assisted 2/2 way diaphragm valve,伺服控制的二位二通隔膜阀,电磁阀,General Purpose 2/2 Solenoids,General Purpose 2/2 Solenoids,Type 6642 is a servo-assisted solenoid valve with a servo-diaphragm and a plastic body. A minimum differential pressure of 0.5 bar is required for full opening and closing. The valve can be removed from pipework.,,General Purpose 2/2 Solenoids,LOW,,CURRENT,CHINA_PAGE_ONLY,https://www.burkert.com/en/type/6642,https://www.burkert.com.cn/cn/type/6642,https://www.burkert.com/en/Media/plm/DTS/DS/ds6642-standard-eu-en.pdf?id=DTS0000000000000001000011074ENB,,2026-06-09,A,"Global official Type page is the product master. China visibility indicates public page/document visibility only, not stock, origin or lead time. Official category paths: Solenoid Valves > General Purpose 2/2 Solenoids."
6650,2/2-way flipper solenoid valve with media separation,带介质隔离功能的二位二通挡板式电磁阀,电磁阀,Media Separated,Media Separated,"With a width of only 4.5mm, Type 6650 sets a new standard in medium isolation miniature solenoid valves. The optimized design enables reproducible and precise dosing, good rinsing capability and is suitable for the application of aggressive chemicals owing to the high quality of the materials used. With the two nominal sizes of 0.4 and 0.8mm it is ideal for applications where the highest fluid performances are required in the smallest space. Type 6650 opens up new possibilities, owing to the 4.5mm station width, in particular in connection with dosing in 384-well microtiterplates. Based on the well-known flipper principle of the Type 0330, it is tied to the success history of the legendary Type 0127.",液体/气体；腐蚀性介质,定量/加注,LOW,,CURRENT,CHINA_PAGE_AND_ZH_DATASHEET,https://www.burkert.com/en/type/6650,https://www.burkert.com.cn/cn/type/6650,https://www.burkert.com/en/Media/plm/DTS/DS/ds6650-standard-eu-en.pdf?id=DTS0000000000000001000105258ENT,https://www.burkert.com/en/Media/plm/DTS/DS/ds6650-standard-cn-zh.pdf?id=DTS0000000000000001000656610ZHB,2026-06-09,A,"Global official Type page is the product master. China visibility indicates public page/document visibility only, not stock, origin or lead time. Official category paths: Solenoid Valves > Media Separated | Solenoid Valves > General Purpose 2/2 Solenoids | Microfluidics Products and Pumps > 2/2 and 3/2 way Micro Solenoids > Media Separated."
6712,2/2-way Whisper Valve with media separation,二位二通静音阀，介质隔离式,电磁阀,Media Separated,Media Separated,"Fluidic “point-of-care” applications, such as dialysis or artificial respiration, and “point-of-use” applications, such as at pipetting arms in biological analysis, present special requirements. The media-separated Whisper Valve Type 6712 was developed for precisely these applications. It sets new benchmarks particularly with low switching noise and excellent cleanability. The Type 6712 is also the first choice in industrial applications, such as inkjet printers. The valve’s modular design and available material variants means that it can be used with practically all liquids and gases in the fields of life sciences and industrial applications. This is a valve that combines dosing accuracy and cleanability.",气体；液体；液体/气体,定量/加注；分析测量,LOW,,CURRENT,CHINA_PAGE_AND_ZH_DATASHEET,https://www.burkert.com/en/type/6712,https://www.burkert.com.cn/cn/type/6712,https://www.burkert.com/en/Media/plm/DTS/DS/ds6712-standard-eu-en.pdf2?id=DTS0000000000000001000243413ENQ,https://www.burkert.com/en/Media/plm/DTS/DS/ds6712-standard-cn-zh.pdf?id=DTS0000000000000001000357100ZHK,2026-06-09,A,"Global official Type page is the product master. China visibility indicates public page/document visibility only, not stock, origin or lead time. Official category paths: Solenoid Valves > Media Separated | Solenoid Valves > General Purpose 2/2 Solenoids | Microfluidics Products and Pumps > 2/2 and 3/2 way Micro Solenoids > Media Separated."
6724,2/2 or 3/2-way Whisper Valve with media separation,二位二通或二位三通 Whisper Valve，介质隔离式,电磁阀,General Purpose 3/2 Solenoids,General Purpose 3/2 Solenoids,"Many fluidic processes moving closer to where they are actually required. In medical technology, this means, for example, that treatments such as dialysis can be carried out in a comfortable, home-like environment for the patient. In analytical instruments, washing units are mounted directly on the pipetting arm, and in inkjet printers, valves are located directly on the print head. These applications place high requirements on the components used: solenoid valves must operate almost silently and be compact and lightweight so that they can be integrated into mobile devices. At the same time, a long service life and excellent switching performance are crucial. The Whisper Valve Type 6724 meets all these criteria. Thanks to its modular design and range of material options, it can be used universally in a wide variety of applications. Thanks to the ValveInsight functionality, the valve offers intelligent monitoring and diagnostic capabilities. Thanks to ValveInsight algorithms, which analyse valve data in real time, valves are evolving into smart components that detect anomalies at an early stage and significantly improve process reliability.",液体/气体,医疗设备,LOW,,CURRENT,CHINA_PAGE_AND_ZH_DATASHEET,https://www.burkert.com/en/type/6724,https://www.burkert.com.cn/cn/type/6724,https://www.burkert.com/en/Media/plm/DTS/DS/ds6724-standard-eu-en.pdf?id=DTS0000000000000001000262565ENY,https://www.burkert.com/en/Media/plm/DTS/DS/ds6724-standard-cn-zh.pdf?id=DTS0000000000000001000409410ZHH,2026-06-09,A,"Global official Type page is the product master. China visibility indicates public page/document visibility only, not stock, origin or lead time. Official category paths: Solenoid Valves > General Purpose 3/2 Solenoids | Solenoid Valves > General Purpose 2/2 Solenoids | Solenoid Valves > Media Separated | Microfluidics Products and Pumps > 2/2 and 3/2 way Micro Solenoids > Media Separated."
6732,2/2-way Whisper Valve with media separation,介质隔离式二位二通静音阀,电磁阀,General Purpose 2/2 Solenoids,General Purpose 2/2 Solenoids,"Whether point-of-care or point-of-use, both mobile and stationary applications place particular demands on the components that are used in them. The requisite characteristics include robustness, fast switching times, high reproducibility, low power consumption and minimal heat input. Many applications – such as PCR analysis, use on pipetting arms in bioanalytics, oligo synthesis or the packaging of sensitive products – present technological challenges. The Type 6732 solenoid valve was developed with these demands in mind. It also performs exceptionally well in both life-science applications and industrial processes. The innovative actuator offers a range of advantages — including high dynamics and therefore significantly improved repeatability compared with conventional actuators. In addition, the valve enables real-time diagnostics thanks to Bürkert's ""ValveInsight"", providing valuable information on the current state of the process. Because it is available in such a wide range of materials, the media-separated valve is compatible with almost all liquids and gases. Type 6732 combines dosing accuracy, excellent flushability and a low internal volume in a compact, versatile valve — setting new standards in valve technology.",气体；液体,定量/加注；分析测量；包装,LOW,,CURRENT,CHINA_PAGE_AND_ZH_DATASHEET,https://www.burkert.com/en/type/6732,https://www.burkert.com.cn/cn/type/6732,https://www.burkert.com/en/Media/plm/DTS/DS/ds6732-standard-eu-en.pdf?id=DTS0000000000000001000692299EN-,https://www.burkert.com/en/Media/plm/DTS/DS/ds6732-standard-cn-zh.pdf?id=DTS0000000000000001000713156ZH-,2026-06-09,A,"Global official Type page is the product master. China visibility indicates public page/document visibility only, not stock, origin or lead time. Official category paths: Solenoid Valves > General Purpose 2/2 Solenoids | Solenoid Valves > Media Separated | Microfluidics Products and Pumps > 2/2 and 3/2 way Micro Solenoids > Media Separated."
6757,2/2 or 3/2-way Whisper Valve with media separation,带介质隔离功能的两位两通或两位三通静音阀,电磁阀,General Purpose 2/2 Solenoids,General Purpose 2/2 Solenoids,"The combination of maximum flow and minimum valve size is becoming increasingly important in various medical and IVD related applications. Combined with high chemical resistance, this explains the broad range of applications for Type 6757. However, in addition to the flow, this valve is also able to switch pressures of up to 16 bar. This is a highlight of particular relevance for applications in the area of environmental analysis. The devices from the areas mentioned, including the valves, need to be flushed, cleaned, disinfected and sometimes even sterilised. Therefore, they need to withstand flushing cycles with high temperatures and/or high pressure, which is precisely what the Type 6757 was designed for. The product is thus ideally suitable for applications such as endoscope cleaning or dialysis, but also for use in environmental analysers. Fast switching times, as implemented here, guarantee high process safety because reliable switching behaviour is an important aspect for accurate dosing and reproducible processes.",,定量/加注；分析测量；医疗设备,LOW,,CURRENT,CHINA_PAGE_AND_ZH_DATASHEET,https://www.burkert.com/en/type/6757,https://www.burkert.com.cn/cn/type/6757,https://www.burkert.com/en/Media/plm/DTS/DS/ds6757-standard-eu-en.pdf?id=DTS0000000000000001000551791ENE,https://www.burkert.com/en/Media/plm/DTS/DS/ds6757-standard-cn-zh.pdf?id=DTS0000000000000001000719743ZHA,2026-06-09,A,"Global official Type page is the product master. China visibility indicates public page/document visibility only, not stock, origin or lead time. Official category paths: Solenoid Valves > General Purpose 2/2 Solenoids | Solenoid Valves > General Purpose 3/2 Solenoids | Solenoid Valves > Media Separated | Microfluidics Products and Pumps > 2/2 and 3/2 way Micro Solenoids > Media Separated."
7011,Direct-acting 2/2-way plunger valve,直动式两通电磁阀,电磁阀,General Purpose 2/2 Solenoids,General Purpose 2/2 Solenoids,"The 7011 valve is a direct-acting plunger valve. The stopper and the core guide tube are welded together to increase pressure resistance and leak-tightness. Various housing and seal material combinations are available depending on the actual application. A Bürkert-specific flange variant (SFB) enables the space-saving arrangement of valves on a multiple manifold. The range is supplemented by variants conforming to DVGW EN 161 and explosion-proof variants. Push-in fittings can be selected for a flexible hose connection. In combination with a plug conforming to DIN EN 175301-803 shape B, the valves satisfy degree of protection IP65.",,General Purpose 2/2 Solenoids,LOW,,CURRENT,CHINA_PAGE_AND_ZH_DATASHEET,https://www.burkert.com/en/type/7011,https://www.burkert.com.cn/cn/type/7011,https://www.burkert.com/en/Media/plm/DTS/DS/ds7011-standard-eu-en.pdf?id=DTS0000000000000001000446515ENL,https://www.burkert.com/en/Media/plm/DTS/DS/ds7011-standard-cn-zh.pdf?id=DTS0000000000000001000676429ZHA,2026-06-09,A,"Global official Type page is the product master. China visibility indicates public page/document visibility only, not stock, origin or lead time. Official category paths: Solenoid Valves > General Purpose 2/2 Solenoids | Solenoid Valves > Hazardous Location Solenoids."
7012,Direct-acting 3/2-way plunger valve,直动式二位三通电磁阀,电磁阀,General Purpose 3/2 Solenoids,General Purpose 3/2 Solenoids,"The 7012 valve is a direct-acting plunger valve. The stopper and the core guide tube are welded together to increase pressure resistance and leak-tightness. Various housing and seal material combinations are available depending on the actual application. A Bürkert-specific flange variant (SFB) enables the space-saving arrangement of valves on a multiple manifold. The range is supplemented by explosion-proof variants. Push-in fittings can be selected for a flexible hose connection. A banjo fitting with banjo bolt is the ideal solution for easy direct mounting on a pneumatic actuator.er Optional manual override enables quick start-up and optimal maintenance. In combination with a plug to industry standard shape B or DIN EN 17301-803 shape C, the valves satisfy degree of protection IP65.",,General Purpose 3/2 Solenoids,LOW,,CURRENT,CHINA_PAGE_AND_ZH_DATASHEET,https://www.burkert.com/en/type/7012,https://www.burkert.com.cn/cn/type/7012,https://www.burkert.com/en/Media/plm/DTS/DS/ds7012-standard-eu-en.pdf?id=DTS0000000000000001000446517ENN,https://www.burkert.com/en/Media/plm/DTS/DS/ds7012-standard-cn-zh.pdf?id=DTS0000000000000001000682262ZHC,2026-06-09,A,"Global official Type page is the product master. China visibility indicates public page/document visibility only, not stock, origin or lead time. Official category paths: Solenoid Valves > General Purpose 3/2 Solenoids | Solenoid Valves > Hazardous Location Solenoids | Pneumatics and Process Interfaces > Pneumatic Valves > 3/2 way valves | Process and Control Valves > Process Valve Automation > External (Banjo) Pilots | Process and Control Valves > Shut-off Valves (On/Off) > Pneumatic Control."
7015,"2/2-way solenoid valve, direct-acting",直动式两位两通电磁阀,电磁阀,General Purpose 2/2 Solenoids,General Purpose 2/2 Solenoids,"Type 7015 is a direct-acting, non-media separated plunger valve for the filling and dosing of neutral liquids and gases. The material selection and valve sizing also ensure safe function and durability in hot water and steam applications. The innovative service concept allows the valve to be opened quickly and inspected, and wearing parts to be changed if needed, via a bayonet catch without the need for tools. The solenoid can be loosened and aligned in any position. Flange and push-in variants in PPS are available as port connections. The valve can be fastened and maintained quickly thanks to the optionally available quick clip brackets and/or screw fittings. The valve programme includes approvals and/or conformities as per Commission Regulation (EC) 1935/2004, FDA and NSF 169. The valves comply with degree of protection IP20.",气体；蒸汽；水；液体；中性介质,定量/加注；食品饮料,LOW,,CURRENT,CHINA_PAGE_AND_ZH_DATASHEET,https://www.burkert.com/en/type/7015,https://www.burkert.com.cn/cn/type/7015,https://www.burkert.com/en/Media/plm/DTS/DS/ds7015-standard-eu-en.pdf?id=DTS0000000000000001000579958ENH,https://www.burkert.com/en/Media/plm/DTS/DS/ds7015-standard-cn-zh.pdf?id=DTS0000000000000001000616113ZHF,2026-06-09,A,"Global official Type page is the product master. China visibility indicates public page/document visibility only, not stock, origin or lead time. Official category paths: Solenoid Valves > General Purpose 2/2 Solenoids."
7016,"3/2-way solenoid valve, direct-acting",直动式两位三通电磁阀,电磁阀,General Purpose 3/2 Solenoids,General Purpose 3/2 Solenoids,"Type 7016 is a direct-acting, non-media separated plunger valve for the filling and dosing of neutral liquids and gases. The material selection and valve sizing also ensure safe function and durability in hot water and steam applications. The innovative service concept allows the valve to be opened quickly and inspected, and wearing parts to be changed if needed, via a bayonet catch without the need for tools. The solenoid can be loosened and aligned in any position. Flange and push-in variants in PPS are available as port connections. The valve can be fastened and maintained quickly thanks to the optionally available quick clip brackets and/or screw fittings. The valve programme includes approvals and/or conformities as per Commission Regulation (EC) 1935/2004, FDA and NSF 169. The valves comply with degree of protection IP20.",气体；蒸汽；水；液体；中性介质,定量/加注；食品饮料,LOW,,CURRENT,CHINA_PAGE_AND_ZH_DATASHEET,https://www.burkert.com/en/type/7016,https://www.burkert.com.cn/cn/type/7016,https://www.burkert.com/en/Media/plm/DTS/DS/ds7016-standard-eu-en.pdf?id=DTS0000000000000001000579967ENG,https://www.burkert.com/en/Media/plm/DTS/DS/ds7016-standard-cn-zh.pdf?id=DTS0000000000000001000616115ZHF,2026-06-09,A,"Global official Type page is the product master. China visibility indicates public page/document visibility only, not stock, origin or lead time. Official category paths: Solenoid Valves > General Purpose 3/2 Solenoids."
7017,3/2-way rocker solenoid valve with media separation,带介质隔离功能的两位三通摇臂阀,电磁阀,General Purpose 3/2 Solenoids,General Purpose 3/2 Solenoids,"Direct-acting, media-separated rocker valve for the dosing, filling, mixing and distribution of neutral and aggressive liquids and gases. The medium is exclusively in contact with the body and seal material. The tried-and-tested rocker technology is characterised by full back pressure tightness, good flushability and a low internal volume. The unique service concept allows the valve to be opened quickly and inspected, and the separation diaphragm to be changed if needed, without the need for tools. The solenoid can be loosened and aligned in any position. The Type 7017 is available in a wide variety of technical variants and provides perfect adaption in fluidics application with the aid of different body options. The valve programme includes approval as per NSF169 and complies with Commission Regulation (EC) 1935/2004 and FDA. The valves comply with degree of protection IP20.",气体；液体；液体/气体；腐蚀性介质；中性介质,定量/加注；混合；食品饮料,LOW,,CURRENT,CHINA_PAGE_AND_ZH_DATASHEET,https://www.burkert.com/en/type/7017,https://www.burkert.com.cn/cn/type/7017,https://www.burkert.com/en/Media/plm/DTS/DS/ds7017-standard-eu-en.pdf?id=DTS0000000000000001000531617END,https://www.burkert.com/en/Media/plm/DTS/DS/ds7017-standard-cn-zh.pdf?id=DTS0000000000000001000616116ZHE,2026-06-09,A,"Global official Type page is the product master. China visibility indicates public page/document visibility only, not stock, origin or lead time. Official category paths: Solenoid Valves > General Purpose 3/2 Solenoids | Solenoid Valves > Media Separated."
7604,Micro diaphragm pump for continuous pumping,适合持续输送的微型隔膜泵,微流体产品与泵,Membrane / Micro-dosing Pumps,Membrane / Micro-dosing Pumps,"The Burkert series 7604 is a unique, selfpriming, adjustable, diaphragm pump with a long service life and quiet operation that is ideally qualified for aggressive media. The pump is perfectly suited for continuous liquid low flow applications. Variations in flow rate are achieved by simply varying the frequency input. With a maximum frequency input of about 40 Hz, the fluid flows virtually pulsation free. Perfluorelastomer seals and a PEEK body are the only wetted parts, allowing the pump to be used for a wide range of aggressive fluids, organic and inorganic solvents and other difficult to handle media. The compact design (only 11 mm wide) allows for ease of mounting with standard bodies designed for surface mount (manifold) or tube connections. The low power consumption allows the device to be easily incorporated into mobile devices, and virtually eliminates any heat transfer passed from the actuator to the fluid. „Manufactured by Burkert“ ensures the user the same high quality products and proven reliability they have depended on in today’s innovative market.",液体；液体/气体；腐蚀性介质,定量/加注,MEDIUM,实验室/分析及精密定量,CURRENT,CHINA_PAGE_ONLY,https://www.burkert.com/en/type/7604,https://www.burkert.com.cn/cn/type/7604,https://www.burkert.com/en/Media/plm/DTS/DS/ds7604-standard-eu-en.pdf?id=DTS0000000000000001000011780ENN,,2026-06-09,A,"Global official Type page is the product master. China visibility indicates public page/document visibility only, not stock, origin or lead time. Official category paths: Microfluidics Products and Pumps > Membrane / Micro-dosing Pumps."
7615,Micro Dosing Unit for precise dosing in microlitre-range,精确的微量（微升）滴定单元,微流体产品与泵,Membrane / Micro-dosing Pumps,Membrane / Micro-dosing Pumps,"Bürkert’s Micro Dosing Unit has been designed for precise dosing applications in the microliter range. It combines high dosing accuracy and precision with excellent chemical inertness. The unit is comprised of three valves which can be opened simultaneously for flushing. Active inlet and outlet valves enable the device to pump liquid in two directions. This feature can be used to mix fluids inside a tube or channel or to constantly keep them in motion. Reagents can be sucked back from the dispensing tip to prevent drying out after dosing. The integrated heating function heats up the valves and the medium, and the unit comes with dry running capabilities.",液体；液体/气体,定量/加注,MEDIUM,实验室/分析及精密定量,CURRENT,CHINA_PAGE_AND_ZH_DATASHEET,https://www.burkert.com/en/type/7615,https://www.burkert.com.cn/cn/type/7615,https://www.burkert.com/en/Media/plm/DTS/DS/ds7615-standard-eu-en.pdf?id=DTS0000000000000001000185431ENJ,https://www.burkert.com/en/Media/plm/DTS/DS/ds7615-standard-cn-zh.pdf?id=DTS0000000000000001000673178ZHA,2026-06-09,A,"Global official Type page is the product master. China visibility indicates public page/document visibility only, not stock, origin or lead time. Official category paths: Microfluidics Products and Pumps > Membrane / Micro-dosing Pumps."
8006,Mass Flow Meter (MFM),质量流量测量仪 (MFM),质量流量控制器与流量计,Mass Flow Meters (Gas),Mass Flow Meters (Gas),"The mass flow meter (MFM) Type 8006 is suited for measuring the mass flow of high gas flows. The thermal inline sensor is located directly in the gas stream and therefore reaches very fast response times. Type 8006 can optionally be calibrated for two different gases; the user can switch between these two gases. As electrical interfaces both, analog standard signals and fieldbuses are available. The MFM Type 8006 is especially designed for use in harsh environments due to a low sensitivity to contamination and the high degree of protection.",气体,Mass Flow Meters (Gas),MEDIUM,发酵/生物反应器供气,CURRENT,CHINA_PAGE_ONLY,https://www.burkert.com/en/type/8006,https://www.burkert.com.cn/cn/type/8006,https://www.burkert.com/en/Media/plm/DTS/DS/ds8006-standard-eu-en.pdf?id=DTS0000000000000001000017532ENS,,2026-06-09,A,"Global official Type page is the product master. China visibility indicates public page/document visibility only, not stock, origin or lead time. Official category paths: Mass Flow Controllers > Mass Flow Meters (Gas) | Sensors, Transmitters and Controllers > Flow > Thermal mass flow meter."
8007,Flowmeter for gases,适合气体的流量测量仪，安装在现有的管道中,传感器、变送器与控制器,Flow > Thermal mass flow meter,Thermal mass flow meter,"This flowmeter series measures especially large flow rates and use the calorimetric measuring principle. A heated sensor element is cooled down by the gas flow. This cooling effect which depends on the flow velocity and the gas characteristics serves as a flow indication. The kind of cooling directly depends on the flow velocity and the kind of gas. This kind of mass flow measurement is independent of pressure and temperature. The flowmeter can be used for monitoring air supplies, but also qualifies for the measurement of other gases. Type 8007 is available in two variants: standard and heavy duty. In the heavy duty variant, the sensor is encapsulated in stainless steel.",气体；空气,Flow > Thermal mass flow meter,MEDIUM,WFI/PW及CIP流量监控,CURRENT,CHINA_PAGE_ONLY,https://www.burkert.com/en/type/8007,https://www.burkert.com.cn/cn/type/8007,https://www.burkert.com/en/Media/plm/DTS/DS/ds8007-bigflow-eu-en.pdf?id=DTS0000000000000001000195999ENQ,,2026-06-09,A,"Global official Type page is the product master. China visibility indicates public page/document visibility only, not stock, origin or lead time. Official category paths: Sensors, Transmitters and Controllers > Flow > Thermal mass flow meter | Mass Flow Controllers > Mass Flow Meters (Gas)."
8008,Flowmeter for gases,适合气体的流量测量仪，带有集成式输入和输出管道,传感器、变送器与控制器,Flow > Thermal mass flow meter,Thermal mass flow meter,"This flowmeter series measures especially large flow rates and uses the calorimetric measuring principle. A heated sensor element is cooled down by the gas flow. This cooling effect which depends on the flow velocity and the gas characteristics is the measure for the mass flow rate. This kind of mass flow measurement is independent of pressure and temperature. The flowmeter can be used for monitoring air supplies, but also qualifies for measuring other gases after the corresponding calibration. The display can be rotated by 180°. Moreover, there is a totaliser integrated which counts the gas volume flowing through the pipe. It can be reset by the console. The flowmeter’s pressure drop is negligibly low, the measurement works without any moving parts. In combination with a solenoid control valve or an air operated process control valve, decentralised flow control loops up to DN 50 are possible. Type 8008 is available in two variants: standard and heavy duty (with a robust aluminium die-cast electronics housing). In the heavy duty variant, the sensor is encapsulated in stainless steel.",气体；空气,Flow > Thermal mass flow meter,MEDIUM,WFI/PW及CIP流量监控,CURRENT,CHINA_PAGE_AND_ZH_DATASHEET,https://www.burkert.com/en/type/8008,https://www.burkert.com.cn/cn/type/8008,https://www.burkert.com/en/Media/plm/DTS/DS/ds8008-bigflow-eu-en.pdf?id=DTS0000000000000001000196002ENR,https://www.burkert.com/en/Media/plm/DTS/DS/ds8008-standard-cn-zh.pdf?id=DTS0000000000000001000666039ZHA,2026-06-09,A,"Global official Type page is the product master. China visibility indicates public page/document visibility only, not stock, origin or lead time. Official category paths: Sensors, Transmitters and Controllers > Flow > Thermal mass flow meter | Mass Flow Controllers > Mass Flow Meters (Gas)."
8010,Inline Paddle Wheel Flow Switch,Inline 叶轮式流量开关,传感器、变送器与控制器,Flow > Switch / Flow,Switch / Flow,"The Inline flow switch Type 8010 is specially designed for use in pure and water resembling fluids, free from air bubbles and magnetizable particles, to monitor minimum/ maximum values of flow. The switch is made up of a sensor-fitting (Type S010) and a transmitter (Type SE10), quickly and easily connected together by a Quarter-Turn. This device indicates the presence of a flow in the pipe by switching the Reed contact contained in the transmitter. The switching points min./max. for rising and falling velocities can be set with a screw within a defined range. Two transmitter variants are available: -Normally open (NO): The flow switches on the contact. - Normally closed (NC): The flow switches off the contact. These S010 sensor-fittings with different process connections are available in two versions: - with a short blade “Range 1” fitted for the fittings DN 15 to DN 40 - with a long blade “Range 2” fitted for the fittings DN 32 to DN 50.",空气；水；液体/气体,Flow > Switch / Flow,MEDIUM,,CURRENT,CHINA_PAGE_ONLY,https://www.burkert.com/en/type/8010,https://www.burkert.com.cn/cn/type/8010,https://www.burkert.com/en/Media/plm/DTS/DS/DS8010-Standard-EU-EN.pdf?id=DTS0000000000000001000011075ENM,,2026-06-09,A,"Global official Type page is the product master. China visibility indicates public page/document visibility only, not stock, origin or lead time. Official category paths: Sensors, Transmitters and Controllers > Flow > Switch / Flow."
8011,Inline Paddle Wheel Flow sensor for continuous flow measurement,适合持续测量的 Inline 叶轮式流量传感器,传感器、变送器与控制器,Flow > Paddle Wheel > Inline,Inline,"The paddle-wheel flow sensor for continuous flow measurement is especially designed foruse in neutral, slightly aggressive, solid freeliquids. The sensor is made up of a fitting (S012) and an electronic module (SE11) connected together with screws. The Bürkert designed fitting system ensures simple installation of the sensor into all pipes from DN06 to DN65. It can also be installed in fluid block systems.The sensor produces a frequency pulse signal, proportional to the flow rate, which can easily be transmitted and processed by a Bürkert remote transmitter/indicator (type 8025/8032). The sensor is available in two versions:- with one pulse output: transistor NPN- with two pulse outputs: transistor NPN andPNP.",液体；液体/气体；腐蚀性介质；中性介质,Flow > Paddle Wheel > Inline,MEDIUM,WFI/PW及CIP流量监控,CURRENT,CHINA_PAGE_ONLY,https://www.burkert.com/en/type/8011,https://www.burkert.com.cn/cn/type/8011,https://www.burkert.com/en/Media/plm/DTS/DS/DS8011-standard-EU-EN.pdf?id=DTS0000000000000001000102447ENS,,2026-06-09,A,"Global official Type page is the product master. China visibility indicates public page/document visibility only, not stock, origin or lead time. Official category paths: Sensors, Transmitters and Controllers > Flow > Paddle Wheel > Inline."
8012,Flowmeter with paddle wheel for continuous flow measurement,适用于持续测量的涡轮式流量计,传感器、变送器与控制器,Flow > Paddle Wheel > Inline,Inline,"The flowmeter with paddle wheel is available as a magnetic or an optical variant. The flowmeter in its magnetic variant is specially designed for use with neutral or mildly aggressive, particle-free liquids. The optical variant is only intended for use with infrared-transmissive liquids. Type 8012 consists of a fitting (Type S012) and an electronic module (Type SE12) that are screwed together. Bürkert’s proprietary fitting system ensures simple installation into all pipelines from DN 06…DN 65. Type 8012 can also be integrated in customer-specific block systems. Depending on the particular electronic module variant, Type 8012 is either supplied with one pulse output or with a pulse output and a 4…20 mA current output signal. The pulse output, which can be transmitted and processed by a Bürkert Remote Transmitter/Controller, generates a configurable frequency proportional to the volume flow rate, or can be used as a switching output.",液体；腐蚀性介质；中性介质,Flow > Paddle Wheel > Inline,MEDIUM,WFI/PW及CIP流量监控,CURRENT,CHINA_PAGE_ONLY,https://www.burkert.com/en/type/8012,https://www.burkert.com.cn/cn/type/8012,https://www.burkert.com/en/Media/plm/DTS/DS/ds8012-standard-eu-en.pdf?id=DTS0000000000000001000083708ENAI,,2026-06-09,A,"Global official Type page is the product master. China visibility indicates public page/document visibility only, not stock, origin or lead time. Official category paths: Sensors, Transmitters and Controllers > Flow > Paddle Wheel > Inline."
8020,Insertion flowmeter with paddle wheel for continuous flow measurement,适用于持续测量的插入式涡轮流量计,传感器、变送器与控制器,Flow > Paddle Wheel > Insertion,Insertion,"The flowmeter with paddle wheel is particularly suited to use with neutral or mildly aggressive, particle-free liquids. Bürkert’s proprietary fitting system permits simple installation of the devices into pipelines from DN 20 to DN 400. The flowmeter generates a pulse frequency signal proportional to the flow velocity. The signal can be processed by a Bürkert Transmitter/Controller.",液体；腐蚀性介质；中性介质,Flow > Paddle Wheel > Insertion,MEDIUM,WFI/PW及CIP流量监控,CURRENT,CHINA_PAGE_ONLY,https://www.burkert.com/en/type/8020,https://www.burkert.com.cn/cn/type/8020,https://www.burkert.com/en/Media/plm/DTS/DS/ds8020-standard-eu-en.pdf?id=DTS0000000000000001000011076ENAA,,2026-06-09,A,"Global official Type page is the product master. China visibility indicates public page/document visibility only, not stock, origin or lead time. Official category paths: Sensors, Transmitters and Controllers > Flow > Paddle Wheel > Insertion."
8022,Flow transmitter / Pulse divider,流量变送器/脉冲分配器,传感器、变送器与控制器,Controllers / Transmitters,Controllers / Transmitters,"The electronic module Type 8022 operates either as a flow transmitter (only with pulse sensors ""Low Power"" variant Type 8020, Type 8030 (SE30+S030), Type SE30+S077) or as a pulse divider (with all sensor variants Type 8020, Type 8030 (SE30+S030), Type SE30+S077). The module operates the output of the sensors, displays the flow rate and outputs it in mA or as a pulse at the signal output. When used as a flow transmitter, the frequency signal of the sensor is converted into a 4…20 mA signal (2-wire operation), as a pulse divider, the input frequency is converted into an adjustable output frequency. Use of the operating unit enables switching between the two operating modes.",,Controllers / Transmitters,MEDIUM,WFI/PW及CIP流量监控,CURRENT,CHINA_PAGE_ONLY,https://www.burkert.com/en/type/8022,https://www.burkert.com.cn/cn/type/8022,https://www.burkert.com/en/Media/plm/DTS/DS/ds8022-standard-eu-en.pdf?id=DTS0000000000000001000156568ENI,,2026-06-09,A,"Global official Type page is the product master. China visibility indicates public page/document visibility only, not stock, origin or lead time. Official category paths: Sensors, Transmitters and Controllers > Controllers / Transmitters | Sensors, Transmitters and Controllers > Flow > Transmitter."
8025,Insertion flowmeter or batch controller with paddle wheel and flow transmitter or remote batch controller,插入式流量测量设备/带涡轮和流量变送器的定量设备/远程定量设备,传感器、变送器与控制器,Flow > Paddle Wheel > Insertion,Insertion,"Device Type 8025 is specially designed for use in neutral or mildly aggressive, particle-free liquids. The device is supplied as a flowmeter or batch controller, in a compact variant with paddle wheel sensor or in a remote variant. Bürkert’s proprietary fitting system permits simple installation of the compact device into pipelines from DN 20 to DN 400. The compact flowmeter is available with a standard signal output or without output (battery-operated display/totaliser). Remote devices (flow transmitters or batch controllers) intended for wall mounting or fitting inside a control cabinet must either be connected to a Bürkert flowmeter Type 8020, Type 8031, Type 8041 or Type SE30+S077, or to a flowmeter with open collector output, reed relay output, TTL, CMOS or solenoid.",液体；腐蚀性介质；中性介质,定量/加注,MEDIUM,WFI/PW及CIP流量监控,CURRENT,CHINA_PAGE_ONLY,https://www.burkert.com/en/type/8025,https://www.burkert.com.cn/cn/type/8025,https://www.burkert.com/en/Media/plm/DTS/DS/ds8025-standard-eu-en.pdf?id=DTS0000000000000001000011079ENAH,,2026-06-09,A,"Global official Type page is the product master. China visibility indicates public page/document visibility only, not stock, origin or lead time. Official category paths: Sensors, Transmitters and Controllers > Flow > Paddle Wheel > Insertion."
8026,"Insertion flowmeter with paddle wheel, ELEMENT design",插入式涡轮流量计，ELEMENT 设计,传感器、变送器与控制器,Flow > Paddle Wheel > Insertion,Insertion,"Device Type 8026 is designed especially for flow measurement of particle-free liquids in a variety of applications such as water treatment, wastewater monitoring, chemical processing, and more. Bürkert’s proprietary fitting system permits simple installation of the devices into pipelines from DN 20 to DN 400. The device is available with either 2 configurable outputs (1 transistor output (NPN) and 1 current output 4 mA to 20 mA, 2-wire), or with 3 configurable outputs (2 transistor outputs (NPN/PNP) and 1 current output 4 mA to 20 mA, 2-wire), or with 4 configurable outputs (2 transistor outputs (NPN/PNP) and two 4 mA to 20 mA current outputs, 3-wire). The device converts the measurement signal, displays various values in different units (if the display/configuration module is installed), and calculates the output signals transmitted via one or two M12 connectors. With the help of either one or two transistor outputs, the measuring device can control an electrical valve, activate an alarm, and establish one or two control loops using one or two current outputs.",水；液体,水处理,MEDIUM,WFI/PW及CIP流量监控,CURRENT,CHINA_PAGE_ONLY,https://www.burkert.com/en/type/8026,https://www.burkert.com.cn/cn/type/8026,https://www.burkert.com/en/Media/plm/DTS/DS/ds8026-standard-eu-en.pdf?id=DTS0000000000000001000128706ENT,,2026-06-09,A,"Global official Type page is the product master. China visibility indicates public page/document visibility only, not stock, origin or lead time. Official category paths: Sensors, Transmitters and Controllers > Flow > Paddle Wheel > Insertion."
8030,Inline flowmeter for continuous measurements,适用于持续测量的管内流量计,传感器、变送器与控制器,Flow > Paddle Wheel > Inline,Inline,"The flowmeter Type 8030/8030-HT with paddle wheel is especially suited for use with neutral or mildly aggressive, particle-free liquids. The device consists of a compact Inline sensor-fitting (Type S030/S030-HT) and a transmitter (Type SE30/SE30-HT). Assembly is quick and simple thanks to a mounting/bayonet catch system. Bürkert’s “Inline Quarter-Turn” technology guarantees leak-free operation. Bürkert’s proprietary sensor fitting system ensures simple installation of the devices into all pipelines from DN 06 to DN 65. The device generates a pulse frequency signal proportional to the flow velocity. The signal can be processed by a Bürkert Transmitter/Controller.",液体；腐蚀性介质；中性介质,Flow > Paddle Wheel > Inline,MEDIUM,WFI/PW及CIP流量监控,CURRENT,CHINA_PAGE_ONLY,https://www.burkert.com/en/type/8030,https://www.burkert.com.cn/cn/type/8030,https://www.burkert.com/en/Media/plm/DTS/DS/ds8030-standard-eu-en.pdf?id=DTS0000000000000001000011081ENAG,,2026-06-09,A,"Global official Type page is the product master. China visibility indicates public page/document visibility only, not stock, origin or lead time. Official category paths: Sensors, Transmitters and Controllers > Flow > Paddle Wheel > Inline."
8031,Paddle wheel sensor for low-flow rates,适合小流量的流量传感器,传感器、变送器与控制器,Flow > Paddle Wheel > Low Flow,Low Flow,The compact low-flow sensor Type 8031 with paddle wheel and Hall sensor is specially designed for use in aggressive and solid-free liquids. The particular cost attractive measuring principle is based on a local flow velocity measurement. The sensor produces a flow proportional frequency signal which can easily be transmitted and processed. We recommend here particularly the connection to the Bürkert Universal transmitter Type 8025 (see separate data sheet).,液体；腐蚀性介质,Flow > Paddle Wheel > Low Flow,MEDIUM,WFI/PW及CIP流量监控,CURRENT,CHINA_PAGE_ONLY,https://www.burkert.com/en/type/8031,https://www.burkert.com.cn/cn/type/8031,https://www.burkert.com/en/Media/plm/DTS/DS/ds8031-standard-eu-en.pdf?id=DTS0000000000000001000011083ENV,,2026-06-09,A,"Global official Type page is the product master. China visibility indicates public page/document visibility only, not stock, origin or lead time. Official category paths: Sensors, Transmitters and Controllers > Flow > Paddle Wheel > Low Flow."
8032,Flowmeter/threshold detector with paddle wheel,管道式涡轮流量计,传感器、变送器与控制器,Flow > Paddle Wheel > Inline,Inline,"The paddle wheel device Type 8032 is designed for use in clear, neutral or aggressive liquids. The device is provided as flowmeter or threshold detector. The device is made up of a compact Inline sensor-fitting with paddle wheel (Type S030) and a transmitter with display (Type SE32). The device is quickly and easily assembled thanks to a bayonet mounting and locking system. The Bürkert “Inline quarter-turn” technology ensures a leakage-free operation. The Bürkert designed sensor-fitting system ensures simple installation of the devices into all pipelines from DN 06…DN 65. The device is available with freely configurable switching outputs (transistor or relay) or with 4…20 mA process value output. The switching outputs enable the direct switching of valves and the establishment of a simple On/Off control circuit within a monitoring system. The switching points can be configured with the 3 keys directly at the display.",液体；腐蚀性介质；中性介质,Flow > Paddle Wheel > Inline,MEDIUM,WFI/PW及CIP流量监控,CURRENT,CHINA_PAGE_AND_ZH_DATASHEET,https://www.burkert.com/en/type/8032,https://www.burkert.com.cn/cn/type/8032,https://www.burkert.com/en/Media/plm/DTS/DS/ds8032-standard-eu-en.pdf?id=DTS0000000000000001000011084ENAB,https://www.burkert.com/en/Media/plm/DTS/DS/ds8032-standard-cn-zh.pdf2?id=DTS0000000000000001000676318ZH-,2026-06-09,A,"Global official Type page is the product master. China visibility indicates public page/document visibility only, not stock, origin or lead time. Official category paths: Sensors, Transmitters and Controllers > Flow > Paddle Wheel > Inline."
8035,"Inline flowmeter or inline batch controller, with paddle wheel",管道式涡轮流量计/管内定量设备,传感器、变送器与控制器,Flow > Paddle Wheel > Inline,Inline,"Device Type 8035 with paddle wheel is specially designed for use in neutral or mildly aggressive, particle-free liquids. The device is available as a flowmeter or batch controller. The device consists of a compact Inline sensor-fitting with paddle wheel (Type S030) and a transmitter with display (Type SE35). Assembly is quick and simple thanks to a mounting/bayonet catch system. Bürkert’s “Inline Quarter-Turn” technology guarantees leak-free operation. Bürkert’s proprietary sensor fitting system ensures simple installation of the devices into all pipelines from DN 06 to DN 65. The flowmeter is available as a variant with either a standard signal output or as battery-operated display/totaliser with no output.",液体；腐蚀性介质；中性介质,定量/加注,MEDIUM,WFI/PW及CIP流量监控,CURRENT,CHINA_PAGE_AND_ZH_DATASHEET,https://www.burkert.com/en/type/8035,https://www.burkert.com.cn/cn/type/8035,https://www.burkert.com/en/Media/plm/DTS/DS/ds8035-standard-eu-en.pdf?id=DTS0000000000000001000011089ENX,https://www.burkert.com/en/Media/plm/DTS/DS/ds8035-standard-cn-zh.pdf?id=DTS0000000000000001000551200ZHC,2026-06-09,A,"Global official Type page is the product master. China visibility indicates public page/document visibility only, not stock, origin or lead time. Official category paths: Sensors, Transmitters and Controllers > Flow > Paddle Wheel > Inline."
8036,"Inline flowmeter with paddle wheel, ELEMENT design",管道式涡轮流量计，ELEMENT 设计,传感器、变送器与控制器,Flow > Paddle Wheel > Inline,Inline,"Device Type 8036 with paddle wheel is designed especially for flow measurement of particle-free liquids in a variety of applications such as water or wastewater monitoring, chemical processing, and more. The device consists of a compact Inline sensor-fitting with paddle wheel (Type S030) and a transmitter (Type SE36). Assembly is quick and simple thanks to a mounting/bayonet catch system. Bürkert’s “Inline Quarter-Turn” technology guarantees leak-free operation. Bürkert’s proprietary sensor-fitting system ensures simple installation of the devices into all pipelines from DN 06 to DN 65. The device is available with either 2 configurable outputs (1 transistor output (NPN) and 1 current output 4 mA to 20 mA, 2-wire), or with 3 configurable outputs (2 transistor outputs (NPN/PNP) and 1 current output 4 mA to 20 mA, 2-wire), or with 4 configurable outputs (2 transistor outputs (NPN/PNP) and two 4 mA to 20 mA current outputs, 3-wire). The device converts the measurement signal, displays various values in different units (if the display/configuration module is installed), and calculates the output signals transmitted via one or two M12 connectors. With the help of either one or two transistor outputs, the measuring device can control an electrical valve, activate an alarm, and establish one or two control loops using one or two current outputs.",水；液体,Flow > Paddle Wheel > Inline,MEDIUM,WFI/PW及CIP流量监控,CURRENT,CHINA_PAGE_ONLY,https://www.burkert.com/en/type/8036,https://www.burkert.com.cn/cn/type/8036,https://www.burkert.com/en/Media/plm/DTS/DS/ds8036-standard-eu-en.pdf?id=DTS0000000000000001000128709ENV,,2026-06-09,A,"Global official Type page is the product master. China visibility indicates public page/document visibility only, not stock, origin or lead time. Official category paths: Sensors, Transmitters and Controllers > Flow > Paddle Wheel > Inline."
8039,"Inline Paddle Wheel Flowmeter, optical signal detection",Inline 叶轮式流量测量仪，光学信号检测,传感器、变送器与控制器,Flow > Paddle Wheel > Inline,Inline,This intelligent controller with an extra-largedisplay is specially designed to switch a valve and to establish a monitoring system or an On/Off control loop. Switching points can be programmed with the3-key keypad under the display and the connection to the process in the piping is done with standard fittings.The version with a frequency output makes it possible to transmit the paddle-wheel rotation speed (2 pulses/paddle-wheel rotation) directly to a PLC.,,Flow > Paddle Wheel > Inline,MEDIUM,WFI/PW及CIP流量监控,CURRENT,CHINA_PAGE_ONLY,https://www.burkert.com/en/type/8039,https://www.burkert.com.cn/cn/type/8039,https://www.burkert.com/en/Media/plm/DTS/DS/DS8039-Standard-EU-EN.pdf?id=DTS0000000000000001000011091ENO,,2026-06-09,A,"Global official Type page is the product master. China visibility indicates public page/document visibility only, not stock, origin or lead time. Official category paths: Sensors, Transmitters and Controllers > Flow > Paddle Wheel > Inline."
8041,Electromagnetic Insertion flowmeter,磁感应插入式流量计,传感器、变送器与控制器,Flow > Electromagnetic Flowmeter (EMF) > Insertion EMF,Insertion EMF,"The electromagnetic flowmeter Type 8041 consists of an electronic module and a sensor made from PVDF or stainless steel. It is suitable for pipelines with nominal diameter of DN 06…DN 400 and neutral or aggressive liquids with conductivity greater than 20 μS/cm. Type 8041 is fitted with a 4…20 mA current output, a frequency output and a relay output. The device is configured using 5 DIP switches, a push button, and a 10-segment LED bar graph. This flowmeter is available with either a G 2"" connection for a PVDF sensor or a G 2"" or clamp connection for a stainless steel sensor, both of which are designed for use with a Type S020 Insertion fitting. The variant with stainless steel sensor is for applications with higher pressures (PN 16) and higher temperatures (150 °C).",液体；腐蚀性介质；中性介质,Flow > Electromagnetic Flowmeter (EMF) > Insertion EMF,MEDIUM,WFI/PW及CIP流量监控,CURRENT,CHINA_PAGE_ONLY,https://www.burkert.com/en/type/8041,https://www.burkert.com.cn/cn/type/8041,https://www.burkert.com/en/Media/plm/DTS/DS/ds8041-standard-eu-en.pdf?id=DTS0000000000000001000021534ENY,,2026-06-09,A,"Global official Type page is the product master. China visibility indicates public page/document visibility only, not stock, origin or lead time. Official category paths: Sensors, Transmitters and Controllers > Flow > Electromagnetic Flowmeter (EMF) > Insertion EMF."
8045,Electromagnetic Insertion flowmeter,磁感应插入式流量计,传感器、变送器与控制器,Flow > Electromagnetic Flowmeter (EMF) > Insertion EMF,Insertion EMF,"The electromagnetic flowmeter Type 8045 consists of an electronic module with a backlit display, operating buttons and a sensor made of PVDF or stainless steel. It is suitable for pipelines with nominal diameter of DN 06…DN 400 and neutral or aggressive liquids with conductivity greater than 20 μS/cm. Type 8045 is fitted with a 4 mA to 20 mA current output and a digital output (preset as a pulse output). Some variants have 2 relay outputs and one digital input. Two independent totalisers allow the volume flow to be metered. This flowmeter is available with either a G 2” connection for a PVDF sensor or a G 2” or clamp connection for a stainless steel sensor, both of which are designed for use with a Type S020 Insertion fitting. The variant with stainless steel sensor is for applications with higher pressures (PN 16) and higher temperatures (110°C). The variant with electrodes made of alloy C22 is suitable for applications with aggressive liquids (chemicals) and particularly for seawater applications.",水；液体；腐蚀性介质；中性介质,Flow > Electromagnetic Flowmeter (EMF) > Insertion EMF,MEDIUM,WFI/PW及CIP流量监控,CURRENT,CHINA_PAGE_ONLY,https://www.burkert.com/en/type/8045,https://www.burkert.com.cn/cn/type/8045,https://www.burkert.com/en/Media/plm/DTS/DS/ds8045-standard-eu-en.pdf?id=DTS0000000000000001000011093ENAJ,,2026-06-09,A,"Global official Type page is the product master. China visibility indicates public page/document visibility only, not stock, origin or lead time. Official category paths: Sensors, Transmitters and Controllers > Flow > Electromagnetic Flowmeter (EMF) > Insertion EMF."
8050,COMPACT flow measuring device,紧凑型流量计,传感器、变送器与控制器,Flow > Electromagnetic Flowmeter (EMF) > Inline EMF,Inline EMF,"The Type 8050 is a compact magnetic-inductive flow measuring device that will help you monitor your processes. Thanks to its compact and robust design, this device is the perfect solution for applications where space needs to be saved. Additional connection adapters simplify integration into the process and the wireless connection makes start-up easier.",,Flow > Electromagnetic Flowmeter (EMF) > Inline EMF,MEDIUM,WFI/PW及CIP流量监控,CURRENT,CHINA_PAGE_ONLY,https://www.burkert.com/en/type/8050,https://www.burkert.com.cn/cn/type/8050,https://www.burkert.com/en/Media/plm/DTS/DS/ds8050-standard-eu-en.pdf?id=DTS0000000000000001000540238ENH,,2026-06-09,A,"Global official Type page is the product master. China visibility indicates public page/document visibility only, not stock, origin or lead time. Official category paths: Sensors, Transmitters and Controllers > Flow > Electromagnetic Flowmeter (EMF) > Inline EMF | Industrial Communication > IO-Link > IO-Link capable products."
8051,Electro-magnetic flowmeter for low flow rates,适合小流量的磁感应流量计,传感器、变送器与控制器,Flow > Electromagnetic Flowmeter (EMF) > Inline EMF,Inline EMF,"The flowmeter Type 8051, which consists of a sensor Type S051 (compact or remote variant) connected to a transmitter Type SE56 (without a display in the compact variant or with a display in the compact or remote variant), is designed for liquids with a minimum conductivity of 5 μS/cm. Combined with a dosing valve, the flowmeter Type 8051 can be used for high-precision filling and dosing procedures.",液体,定量/加注,MEDIUM,WFI/PW及CIP流量监控,CURRENT,CHINA_PAGE_ONLY,https://www.burkert.com/en/type/8051,https://www.burkert.com.cn/cn/type/8051,https://www.burkert.com/en/Media/plm/DTS/DS/DS8051-Low-flow-EU-EN.pdf2?id=DTS0000000000000001000101292ENR,,2026-06-09,A,"Global official Type page is the product master. China visibility indicates public page/document visibility only, not stock, origin or lead time. Official category paths: Sensors, Transmitters and Controllers > Flow > Electromagnetic Flowmeter (EMF) > Inline EMF."
8054,Electro-magnetic flowmeter with an intermediate flange,带中间法兰的磁感应流量计,传感器、变送器与控制器,Flow > Electromagnetic Flowmeter (EMF) > Inline EMF,Inline EMF,"The flowmeter Type 8054, which consists of a sensor Type S054 (compact or remote variant) connected to the electronics assembly Type SE56 (without a display in the compact variant or with a display in the compact or remote variant), is designed for liquids with a minimum conductivity of 5 μS/cm. Combined with a dosing valve, the flowmeter Type 8054 can also be used for high-precision filling and dosing procedures.",水；液体,定量/加注；水处理,MEDIUM,WFI/PW及CIP流量监控,CURRENT,CHINA_PAGE_ONLY,https://www.burkert.com/en/type/8054,https://www.burkert.com.cn/cn/type/8054,https://www.burkert.com/en/Media/plm/DTS/DS/DS8054-G.purpose-EU-EN.pdf2?id=DTS0000000000000001000425130ENA,,2026-06-09,A,"Global official Type page is the product master. China visibility indicates public page/document visibility only, not stock, origin or lead time. Official category paths: Sensors, Transmitters and Controllers > Flow > Electromagnetic Flowmeter (EMF) > Inline EMF."
8055,Electro-magnetic flowmeter with a flange,带法兰的磁感应流量计,传感器、变送器与控制器,Flow > Electromagnetic Flowmeter (EMF) > Inline EMF,Inline EMF,"The flowmeter Type 8055, which consists of a sensor Type S055 (compact or remote variant) connected to the electronics assembly Type SE56 (without a display in the compact variant or with a display in the compact or remote variant), is designed for liquids with a minimum conductivity of 5 μS/cm. Combined with a dosing valve, the flowmeter Type 8055 can also be used for high-precision filling and dosing procedures.",水；液体,定量/加注；水处理,MEDIUM,WFI/PW及CIP流量监控,CURRENT,CHINA_PAGE_ONLY,https://www.burkert.com/en/type/8055,https://www.burkert.com.cn/cn/type/8055,https://www.burkert.com/en/Media/plm/DTS/DS/DS8055-G.purpose-EU-EN.pdf2?id=DTS0000000000000001000101296ENR,,2026-06-09,A,"Global official Type page is the product master. China visibility indicates public page/document visibility only, not stock, origin or lead time. Official category paths: Sensors, Transmitters and Controllers > Flow > Electromagnetic Flowmeter (EMF) > Inline EMF."
8056,"Electro-magnetic flowmeter, hygienic process connections",磁感应流量计，卫生工艺接口,传感器、变送器与控制器,Flow > Electromagnetic Flowmeter (EMF) > Inline EMF,Inline EMF,"The flowmeter Type 8056, which consists of a sensor Type S056 (compact or remote variant) connected to the electronics assembly Type SE56 (without a display in the compact variant or with a display in the compact or remote variant), is designed for liquids with a minimum conductivity of 5 μS/cm. Combined with a dosing valve, the flowmeter Type 8056 can also be used for high-precision filling and dosing procedures and for flow measurements in the food, beverage or pharmaceutical industry.",液体,定量/加注；卫生过程；食品饮料；制药,HIGH,WFI/PW及CIP流量监控,CURRENT,CHINA_PAGE_ONLY,https://www.burkert.com/en/type/8056,https://www.burkert.com.cn/cn/type/8056,https://www.burkert.com/en/Media/plm/DTS/DS/DS8056-Sanitary-EU-EN.pdf2?id=DTS0000000000000001000101313ENP,,2026-06-09,A,"Global official Type page is the product master. China visibility indicates public page/document visibility only, not stock, origin or lead time. Official category paths: Sensors, Transmitters and Controllers > Flow > Electromagnetic Flowmeter (EMF) > Inline EMF."
8070,INLINE flow meter with oval wheels,管道式椭圆轮流量计,传感器、变送器与控制器,Flow > Oval Gear (Positive Displacement),Oval Gear (Positive Displacement),"The flow meter based on the displacement principle is especially suitable for flow measurement of media with high viscosity such as glue, honey or oil. The device consists of a compact sensor fitting (S070) with oval wheels and an electronic module (SE30) with a pulse signal (Hall sensor), which can be connected quickly and easily with a bayonet catch. The Bürkert designed fitting system ensures simple installation of the devices into all pipelines from DN15 to DN100. The flow meter generates a frequency signal (pulse) proportional to the flow velocity and can easily be connected to the following Bürkert evaluation devices: - Bürkert remote transmitter (Type 8025/8032...) - dosing control system 8025 Konti-Dos - PLC",,定量/加注,MEDIUM,WFI/PW及CIP流量监控,CURRENT,CHINA_PAGE_ONLY,https://www.burkert.com/en/type/8070,https://www.burkert.com.cn/cn/type/8070,https://www.burkert.com/en/Media/plm/DTS/DS/DS8070-Standard-EU-EN.pdf?id=DTS0000000000000001000049348ENH,,2026-06-09,A,"Global official Type page is the product master. China visibility indicates public page/document visibility only, not stock, origin or lead time. Official category paths: Sensors, Transmitters and Controllers > Flow > Oval Gear (Positive Displacement)."
8071,Oval gear volume flow sensor for low volume flow rates,用于小流量的椭圆轮流量传感器,传感器、变送器与控制器,Flow > Oval Gear (Positive Displacement),Oval Gear (Positive Displacement),"This sensor is specially designed for measurement or batch control of highly viscous fluids like glue, honey or oil. It allows an easy connection to transmitters like Type 8025 or Type 8619 for more functionality. The sensor for low volume flow operates according to the oval-gear measuring principle. This well-proven oval gear principle enables reliable and highly accurate measurements with high repeatability over a wide flow and viscosity range. Low pressure loss and high pressure resistance allow the device to be used in a variety of applications, even at low pressure conditions All sensors provide Open Collector NPN frequency output and frequency output on Reed contact via 1-meter 5-wire cable.",液体/气体,Flow > Oval Gear (Positive Displacement),MEDIUM,WFI/PW及CIP流量监控,CURRENT,CHINA_PAGE_ONLY,https://www.burkert.com/en/type/8071,https://www.burkert.com.cn/cn/type/8071,https://www.burkert.com/en/Media/plm/DTS/DS/ds8071-standard-eu-en.pdf?id=DTS0000000000000001000011095ENY,,2026-06-09,A,"Global official Type page is the product master. China visibility indicates public page/document visibility only, not stock, origin or lead time. Official category paths: Sensors, Transmitters and Controllers > Flow > Oval Gear (Positive Displacement)."
8072,Positive Displacement flowmeter with display,带有显示器的椭圆齿轮流量测量仪,传感器、变送器与控制器,Flow > Oval Gear (Positive Displacement),Oval Gear (Positive Displacement),"This positive displacement flow sensor / switch with display is designed for use in slighly viscous fluid like glue, honey or oil and specially to switch a valve and to establish a monitoring system or an On/Off control loop. The switching points can be programmed with the 3-key keypad under the display or optionally from an external source over a 4-20 mA loop. The 8072 is proposed with On/Off output, or with external setpoints and/orprocess value outputs.",液体/气体,Flow > Oval Gear (Positive Displacement),MEDIUM,WFI/PW及CIP流量监控,CURRENT,CHINA_PAGE_ONLY,https://www.burkert.com/en/type/8072,https://www.burkert.com.cn/cn/type/8072,https://www.burkert.com/en/Media/plm/DTS/DS/DS8072-standard-EU-EN.pdf?id=DTS0000000000000001000088139ENG,,2026-06-09,A,"Global official Type page is the product master. China visibility indicates public page/document visibility only, not stock, origin or lead time. Official category paths: Sensors, Transmitters and Controllers > Flow > Oval Gear (Positive Displacement)."
8075,Positive Displacement flowmeter with display,带有显示器的椭圆齿轮流量测量仪,传感器、变送器与控制器,Flow > Oval Gear (Positive Displacement),Oval Gear (Positive Displacement),"This positive displacement flow transmitter with display is designed for use in slightly viscous fluid like glue, honey or oil and specially to switch a valve and to establish a monitoring system or an On/Off control loop. The transmitter is made of a compact fitting (S070) and an electronic module (SE35) quickly and easily connected together by a Quarter-Turn.",液体/气体,Flow > Oval Gear (Positive Displacement),MEDIUM,WFI/PW及CIP流量监控,CURRENT,CHINA_PAGE_ONLY,https://www.burkert.com/en/type/8075,https://www.burkert.com.cn/cn/type/8075,https://www.burkert.com/en/Media/plm/DTS/DS/DS8075-Batch-EU-EN.pdf?id=DTS0000000000000001000129081ENE,,2026-06-09,A,"Global official Type page is the product master. China visibility indicates public page/document visibility only, not stock, origin or lead time. Official category paths: Sensors, Transmitters and Controllers > Flow > Oval Gear (Positive Displacement)."
8076,"Positive Displacement flowmeter with display, ELEMENT design",带有显示器的椭圆齿轮流量测量仪，ELEMENT 设计,传感器、变送器与控制器,Flow > Oval Gear (Positive Displacement),Oval Gear (Positive Displacement),"This positive displacement flow transmitter with display Type 8076 is designed for use in slightly viscous fluid like glue, honey. The transmitter is made up of a compact fitting (S070) and an enclosure with cover, containing the electronic module. A removable display completes the transmitter. This ensemble (SE36) is quickly and easily connected to the fitting (S070) by a Quarter-Turn. The flow transmitter can operate without the display, but it will be required for programming the transmitter (i.e. set parameters, restore default parameters, programme information to be displayed, programme access code, adjust 4-20 mA output(s)...) and also for visualizing continuously the measured and processed data. The device Type 8076 is available with: - 2 programmable outputs: one transistor output (NPN) and one 4-20 mA current output (2-wire) - 3 programmable outputs: two transistor outputs (NPN/PNP) and one 4-20 mA current output (2-wire) - 4 programmable outputs: two transistor outputs (NPN/PNP) and two 4-20 mA current outputs (3-wire) The device Type 8076 converts the measured signal, displays different values in different units (if display mounted) and computes the output signals,which are provided via one or two M12 fixed connectors.Thanks to 1 or 2 transistor outputs, the transmitter can be used to switch a solenoid valve,activate an alarm and, thanks to 1 or 2 current outputs,establish one or two control loops.",液体/气体,Flow > Oval Gear (Positive Displacement),MEDIUM,WFI/PW及CIP流量监控,CURRENT,CHINA_PAGE_ONLY,https://www.burkert.com/en/type/8076,https://www.burkert.com.cn/cn/type/8076,https://www.burkert.com/en/Media/plm/DTS/DS/DS8076-Standard-EU-EN.pdf?id=DTS0000000000000001000128713ENF,,2026-06-09,A,"Global official Type page is the product master. China visibility indicates public page/document visibility only, not stock, origin or lead time. Official category paths: Sensors, Transmitters and Controllers > Flow > Oval Gear (Positive Displacement)."
8077,Oval gear volume flow sensor for low volume flow rates,用于小流量的椭圆轮流量传感器,传感器、变送器与控制器,Flow > Oval Gear (Positive Displacement),Oval Gear (Positive Displacement),"This sensor is specifically designed for volume flow measurement or dosing and filling control for high-viscosity liquids such as adhesives, honey, or oil. This sensor allows easy connection to transmitters such as Type 8025, Type 8611, or Type 8619 if additional functionalities are required. The sensor for low volume flow operates according to the oval-gear measuring principle. This well-proven oval gear principle enables reliable and highly accurate measurements with high repeatability over a wide flow and viscosity range. Low pressure loss and high pressure resistance allow the device to be used in a variety of applications, even at low pressure conditions. All sensors feature a frequency output based on an open collector transistor (NPN) and a frequency output with a reed contact. A 1 m long 5-wire cable is integrated.",液体,定量/加注,MEDIUM,WFI/PW及CIP流量监控,CURRENT,CHINA_PAGE_ONLY,https://www.burkert.com/en/type/8077,https://www.burkert.com.cn/cn/type/8077,https://www.burkert.com/en/Media/plm/DTS/DS/ds8077-standard-eu-en.pdf?id=DTS0000000000000001000282310ENK,,2026-06-09,A,"Global official Type page is the product master. China visibility indicates public page/document visibility only, not stock, origin or lead time. Official category paths: Sensors, Transmitters and Controllers > Flow > Oval Gear (Positive Displacement)."
8081,Flowmeter for continuous measurement of water,适用于连续测量水流量的流量计,传感器、变送器与控制器,Flow > Ultrasonic,Ultrasonic,"The ultrasonic flowmeter Type 8081 is designed for measuring the flow rate of water, also with water with low levels of contamination. The device consists of transmitter and a brass fitting with an integrated measuring tube. It is available in five variants: QN 0,6 DN 15, QN 1,5 DN 15, QN 2,5 DN 20, QN 3,5 DN 25, QN 6,0 DN 25, covering respective flow ranges of 0.06 to 20 l/min (nominal flow rate: 0.6 m³/h, i.e. 10 l/min), 0.1 to 50 l/min (1.5 m³/h, i.e. 25 l/min), 0.16 to 82 l/min (2.5 m³/h, i.e. 41 l/min), 0.6 to 116 l/min (3.5 m³/h, i.e. 58 l/min), and 1 to 200 l/min (6.0 m³/h, i.e. 100 l/min). Each variant is fitted either with a pulse output or a pulse output and a 4…20 mA current output. The electrical connection is via a 5-pole M12 plug. A control circuit can be created by combining the device with a controller and a control valve.",水,Flow > Ultrasonic,MEDIUM,WFI/PW及CIP流量监控,CURRENT,CHINA_PAGE_ONLY,https://www.burkert.com/en/type/8081,https://www.burkert.com.cn/cn/type/8081,https://www.burkert.com/en/Media/plm/DTS/DS/ds8081-standard-eu-en.pdf?id=DTS0000000000000001000106406ENN,,2026-06-09,A,"Global official Type page is the product master. China visibility indicates public page/document visibility only, not stock, origin or lead time. Official category paths: Sensors, Transmitters and Controllers > Flow > Ultrasonic."
8084,Differential pressure flowmeter,差压流量计,传感器、变送器与控制器,Flow > Differential pressure,Differential pressure,"Type 8084 is a compact and versatile flow sensor for liquids, based on differential pressure technology. It has been specially developed for dynamic dosing processes and is particularly suitable for applications involving relatively high-pulsation peristaltic pumps or syringe pumps, as well as for dosing applications that require extreme precision and therefore sensor feedback. Thanks to its high sampling rate of 100 Hz, the sensor reliably detects even brief fluidic events such as pulses or air bubbles. Flow rates in the millilitre range can be monitored continuously and in both directions, and volume integrals from 20 µl upwards are detected with precision. The measurement remains stable even in media containing gas bubbles; only the liquid component is taken into account. To adjust the flow sensor to the operating medium, the density and viscosity can be configured or calibrated using a teach-in procedure. The integrated temperature and pressure measurement enables comprehensive process control using a single product.",气体；空气；液体；液体/气体,定量/加注,MEDIUM,WFI/PW及CIP流量监控,CURRENT,CHINA_PAGE_ONLY,https://www.burkert.com/en/type/8084,https://www.burkert.com.cn/cn/type/8084,https://www.burkert.com/en/Media/plm/DTS/DS/ds8084-standard-eu-en.pdf?id=DTS0000000000000001000734965ENB,,2026-06-09,A,"Global official Type page is the product master. China visibility indicates public page/document visibility only, not stock, origin or lead time. Official category paths: Sensors, Transmitters and Controllers > Flow > Differential pressure | Mass Flow Controllers > Liquid Flow Meters."
8098,FLOWave SAW flowmeter,FLOWave SAW 流量计,传感器、变送器与控制器,Flow > FLOWave (SAW),FLOWave (SAW),"The Type 8098 flowmeter is part of the FLOWave product range. It is based on SAW (Surface Acoustic Waves) technology and is mainly designed for applications with the highest hygienic demands. This is achieved by using suitable stainless steel materials, a measuring tube completely free of any internal parts and an ideal outer hygienic design. FLOWave offers a range of integrated functions including the advantages of flexibility, ease of cleaning, compact dimensions, lightweight, easy installation and handling, and is compliant with numerous standards. Optimal measurement results can be achieved with homogeneous liquids, free of air and solid particles. For liquids with high viscosity, an integrated viscosity compensation can be activated. Gas and steam cannot be measured. However, their flow has no effect on the proper functioning of the device. Liquids that subsequently flow through the measuring tube again continue to be measured correctly. Beside volume flow, a density measurement optional feature is available. With this option, the mass flow is calculated based on volume flow and density measurements. Special functions derived from further process values (differentiation factor (DF), acoustic transmission factor and concentration) offer additional information about the particular liquid in use (for details, see data sheet).",气体；空气；蒸汽；水；液体,卫生过程,MEDIUM,WFI/PW及CIP流量监控,CURRENT,CHINA_PAGE_AND_ZH_DATASHEET,https://www.burkert.com/en/type/8098,https://www.burkert.com.cn/cn/type/8098,https://www.burkert.com/en/Media/plm/DTS/DS/ds8098-standard-eu-en.pdf?id=DTS0000000000000001000270652ENAE,https://www.burkert.com/en/Media/plm/DTS/DS/ds8098-standard-cn-zh.pdf?id=DTS0000000000000001000543016ZHE,2026-06-09,A,"Global official Type page is the product master. China visibility indicates public page/document visibility only, not stock, origin or lead time. Official category paths: Sensors, Transmitters and Controllers > Flow > FLOWave (SAW) | Industrial Communication > EDIP > EDIP capable products | Industrial Communication > PROFINET > PROFINET capable products | Industrial Communication > EtherNet/IP > EtherNet/IP capable products | Industrial Communication > IO-Link > IO-Link capable products."
8110,Vibrating level switch,音叉式液位开关,传感器、变送器与控制器,Level > Tuning Fork,Tuning Fork,"The device Type 8110 is a filling level switch for liquids, using a tuning fork as the sensor element. It is designed for industrial use in all areas of process technology and can be used in liquids. Typical applications are overflow or run-dry protection. The small tuning fork (40 mm in length) can be used in vessels, tanks and pipes. Due to the simple and robust measuring system, the Type 8110 is virtually unaffected by the chemical and physical features of the liquid. It works even under unfavourable measurement conditions such as turbulence, air bubbles, foam generation (not suitable for measuring the foam thickness itself), adhesions, strong external vibrations or varying filling materials. The digital interface IO-Link allows bidirectional data transfer with any IO-Link Master. Data access is provided by using the available standardised IODD. IO-Link corresponds to specification version 1.0.",空气；液体,Level > Tuning Fork,MEDIUM,,CURRENT,CHINA_PAGE_ONLY,https://www.burkert.com/en/type/8110,https://www.burkert.com.cn/cn/type/8110,https://www.burkert.com/en/Media/plm/DTS/DS/ds8110-standard-eu-en.pdf?id=DTS0000000000000001000079485ENQ,,2026-06-09,A,"Global official Type page is the product master. China visibility indicates public page/document visibility only, not stock, origin or lead time. Official category paths: Sensors, Transmitters and Controllers > Level > Tuning Fork | Industrial Communication > IO-Link > IO-Link capable products."
8111,Vibrating filling level switch,音叉式液位开关,传感器、变送器与控制器,Level > Tuning Fork,Tuning Fork,"The Type 8111 is a filling level switch for liquids, using a tuning fork as the sensor element. It is designed for industrial use in all areas of process technology and can be used in liquids. Typical applications are overfill or dry run protection. Depending on the version, the devices are also used for monitoring or controlling filling levels in potentially explosive atmospheres, also for combustible liquids, gases, fumes or vapours. Due to the simple and rugged measuring system, the Type 8111 is virtually unaffected by the chemical and physical features of the liquid. It also works under unfavourable conditions such as turbulence, air bubbles, foam generation (not suitable for measuring the foam thickness itself), adhesions, strong external vibrations or varying filling materials.",气体；空气；液体,食品饮料；制药,HIGH,卫生储罐液位监测,CURRENT,CHINA_PAGE_ONLY,https://www.burkert.com/en/type/8111,https://www.burkert.com.cn/cn/type/8111,https://www.burkert.com/en/Media/plm/DTS/DS/ds8111-standard-eu-en.pdf?id=DTS0000000000000001000086887ENT,,2026-06-09,A,"Global official Type page is the product master. China visibility indicates public page/document visibility only, not stock, origin or lead time. Official category paths: Sensors, Transmitters and Controllers > Level > Tuning Fork."
8112,Vibrating filling level switch with extension tube,带延长管音叉式液位开关,传感器、变送器与控制器,Level > Tuning Fork,Tuning Fork,"The Type 8112 is a filling level switch for liquids, using a tuning fork as the sensor element. It is designed for industrial use in areas of process technology and can be used in liquids. Typical applications are overfill or dry run protection. The Type 8112 is available with different sensor lengths. The immersion depth can be adapted thanks to a lock fitting. Due to the simple and rugged measuring system, the Type 8112 is virtually unaffected by the chemical and physical features of the liquid. It works even under unfavourable conditions such as turbulence, air bubbles, foam generation (not suitable for measuring the foam thickness itself), adhesions, strong external vibrations or varying filling materials.",空气；液体,食品饮料；制药,HIGH,卫生储罐液位监测,CURRENT,CHINA_PAGE_ONLY,https://www.burkert.com/en/type/8112,https://www.burkert.com.cn/cn/type/8112,https://www.burkert.com/en/Media/plm/DTS/DS/ds8112-standard-eu-en.pdf?id=DTS0000000000000001000086888ENS,,2026-06-09,A,"Global official Type page is the product master. China visibility indicates public page/document visibility only, not stock, origin or lead time. Official category paths: Sensors, Transmitters and Controllers > Level > Tuning Fork."
8131,Radar level measuring device for liquids and bulk materials,用于液体和散装固体的雷达物位计,传感器、变送器与控制器,Level > Radar,Radar,"The Type 8131 device is a non-contact radar level measuring device, ideal for continuous level measurement of liquids and bulk materials in simple applications. It is particularly suitable for storage tanks, water treatment applications (open channel measurement) and plastic tanks. For bulk materials, it can be used in small silos or open tanks. The radar level measuring device, available in 1½"" with G, NPT or R connection, is equipped with a plastic housing and an integrated plastic antenna. The excellent focusing of the radar signal and the high measurement dynamics enable outstanding measurement results even in small, narrow and high containers as the risk of signal interference from installations, constructions and container walls is significantly reduced. Signal attenuations, e.g. due to signal length, foam formation or low dielectric constants of liquids, become significantly less important.",水；液体,水处理,MEDIUM,,CURRENT,CHINA_PAGE_ONLY,https://www.burkert.com/en/type/8131,https://www.burkert.com.cn/cn/type/8131,https://www.burkert.com/en/Media/plm/DTS/DS/ds8131-standard-eu-en.pdf?id=DTS0000000000000001000646693END,,2026-06-09,A,"Global official Type page is the product master. China visibility indicates public page/document visibility only, not stock, origin or lead time. Official category paths: Sensors, Transmitters and Controllers > Level > Radar."
8140,Radar filling level meter for liquids and bulk solids suitable for use in applications with aggressive fluids or with hygienic requirements,雷达液位计，适用于具有腐蚀性介质和卫生要求的应用中的液体和松散物料,传感器、变送器与控制器,Level > Radar,Radar,"The device Type 8140 is a non-contact radar level meter for continuous level measurement. The device is available with different antennas, connection types and sizes, making it useful for a wide range of applications. The variant with integrated antenna, available with G or NPT connection, is particularly suitable for level measurement of liquids and bulk solids, especially in small tanks. The variant with plastic horn antenna, available with mounting bracket, is recommended for level measurement in open channels or streams. The variant with an encapsulated antenna system is available either with a clamp connection (DIN 32676, ISO 2852) for hygienic requirements or with a flange connection (DIN 2501/EN 1092-1). For high-temperature and high-pressure applications, a device with a metal horn antenna is also available. The excellent focus of the radar signal and the high measurement dynamics allow excellent measurement results even in small, narrow and high containers, as the risk of signal interference by installations, constructions and vessel walls is significantly reduced. Signal damping, e.g. due to signal length, foaming or low dielectric constant values of liquids, become much less important.",液体；液体/气体；腐蚀性介质,卫生过程,MEDIUM,,CURRENT,CHINA_PAGE_ONLY,https://www.burkert.com/en/type/8140,https://www.burkert.com.cn/cn/type/8140,https://www.burkert.com/en/Media/plm/DTS/DS/ds8140-standard-eu-en.pdf?id=DTS0000000000000001000604793END,,2026-06-09,A,"Global official Type page is the product master. China visibility indicates public page/document visibility only, not stock, origin or lead time. Official category paths: Sensors, Transmitters and Controllers > Level > Radar."
8170,Ultrasonic Level Transmitter - Remote Controlled,超声波液位传送器,传感器、变送器与控制器,Level > Ultrasonic,Ultrasonic,"The Type 8175 is a non-contact filling level transmitter, designed for liquid level or volume measurement in open or closed vessels. The unit is also suitable for limited use with solids (depending on angle). The unit with the 2 relay option makes it possible to provide alarm messages and to automatically carry out filling and draining procedures. The device is available in different models: Compact transmitter with integrated ultrasonic sensor. Remote transmitter, for panel- or wall mounting, for connection to the Bürkert 8170 sensor.",液体,Level > Ultrasonic,MEDIUM,,CURRENT,CHINA_PAGE_ONLY,https://www.burkert.com/en/type/8170,https://www.burkert.com.cn/cn/type/8170,,,2026-06-09,A,"Global official Type page is the product master. China visibility indicates public page/document visibility only, not stock, origin or lead time. Official category paths: Sensors, Transmitters and Controllers > Level > Ultrasonic."
8175,"Ultrasonic Level Transmitter, Non-contact level transmitter",超声波液位传送器，无接触式,传感器、变送器与控制器,Level > Ultrasonic,Ultrasonic,"The Type 8175 is a non-contact filling level transmitter, designed for liquid level or volume measurement in open or closed vessels. The unit is also suitable for limited use with solids (depending on angle). The unit with the 2 relay option makes it possible to provide alarm messages and to automatically carry out filling and draining procedures. The device is available in different models: Compact transmitter with integrated ultrasonic sensor. Remote transmitter, for panel- or wall mounting, for connection to the Bürkert 8170 sensor.",液体,Level > Ultrasonic,MEDIUM,,CURRENT,CHINA_PAGE_ONLY,https://www.burkert.com/en/type/8175,https://www.burkert.com.cn/cn/type/8175,https://www.burkert.com/en/Media/plm/DTS/DS/DS8175-Standard-EU-EN.pdf?id=DTS0000000000000001000011100ENJ,,2026-06-09,A,"Global official Type page is the product master. China visibility indicates public page/document visibility only, not stock, origin or lead time. Official category paths: Sensors, Transmitters and Controllers > Level > Ultrasonic."
8176,Ultrasonic Level Transmitter,超声波液位变送器,传感器、变送器与控制器,Level > Ultrasonic,Ultrasonic,"The Type 8176 is a non-contact ultrasoniclevel transmitter, designed for continuous level measurement in open or closed vessels. The unit is suitable for liquids, but also for solids, in virtually all industries, particularly in water and waste water management.",水；液体,Level > Ultrasonic,MEDIUM,,CURRENT,CHINA_PAGE_ONLY,https://www.burkert.com/en/type/8176,https://www.burkert.com.cn/cn/type/8176,,,2026-06-09,A,"Global official Type page is the product master. China visibility indicates public page/document visibility only, not stock, origin or lead time. Official category paths: Sensors, Transmitters and Controllers > Level > Ultrasonic."
8178,Ultrasonic Level Transmitter,超声波液位传送器,传感器、变送器与控制器,Level > Ultrasonic,Ultrasonic,"The Type 8178 is a non-contact ultrasoniclevel transmitter, designed for continuous level measurement in open or closed vessels. The unit is suitable for liquids, but also for solids, in virtually all industries, particularly in water and waste water management.",水；液体,Level > Ultrasonic,MEDIUM,,CURRENT,CHINA_PAGE_ONLY,https://www.burkert.com/en/type/8178,https://www.burkert.com.cn/cn/type/8178,,,2026-06-09,A,"Global official Type page is the product master. China visibility indicates public page/document visibility only, not stock, origin or lead time. Official category paths: Sensors, Transmitters and Controllers > Level > Ultrasonic."
8181,Level float switch,液位浮动开关,传感器、变送器与控制器,Level > Float,Float,"The device Type 8181 is a float switch that is insensitive to dirt particles in the liquid and is used to monitor the level in neutral or aggressive liquids in containers. The device consists of a fixed part, which contains the hermetically sealed reed contacts, and a float (moving part), which contains the magnets. This float actuates the reed contact, which can be either normally open or normally closed, depending on fluctuations in the liquid level. The device is available in different variants depending on the material (PP or stainless steel), installation position (horizontal or vertical), process connection (thread G ⅛” G ¼”, G ¾”...) and electrical connection (leads or cable).",液体；腐蚀性介质；中性介质,Level > Float,MEDIUM,,CURRENT,CHINA_PAGE_ONLY,https://www.burkert.com/en/type/8181,https://www.burkert.com.cn/cn/type/8181,https://www.burkert.com/en/Media/plm/DTS/DS/ds8181-standard-eu-en.pdf?id=DTS0000000000000001000612997ENB,,2026-06-09,A,"Global official Type page is the product master. China visibility indicates public page/document visibility only, not stock, origin or lead time. Official category paths: Sensors, Transmitters and Controllers > Level > Float."
8185,Guided microvave level measurement device,液位测量仪，受控微波,传感器、变送器与控制器,Level > Guided Radar,Guided Radar,"The Type 8185 is a level transmitter with cableor rod probe, designed for continuous level measurement. The unit is suitable for liquids, but also for solids, for industrial use in all areas of process technology. With measuring range of up to 32 m, the transmitter is best suited for tall vessels. Even process conditions such as strong steam generation, density fluctuations or changes of the dielectric constant do not influence the accuracy of the measurement. Buildup or condensation on the probe or vessel wall do not influence the measuring result.",蒸汽；液体,Level > Guided Radar,MEDIUM,,CURRENT,CHINA_PAGE_ONLY,https://www.burkert.com/en/type/8185,https://www.burkert.com.cn/cn/type/8185,,,2026-06-09,A,"Global official Type page is the product master. China visibility indicates public page/document visibility only, not stock, origin or lead time. Official category paths: Sensors, Transmitters and Controllers > Level > Guided Radar."
8186,Guided microvave level measurement device,液位测量仪，受控微波,传感器、变送器与控制器,Level > Guided Radar,Guided Radar,"The Type 8186 is a level transmitter with rodprobe, designed for continuous level measurement. The unit is suitable for liquids, but also for solids, for industrial use in all areas of process technology. It can be used in corrosive liquids. Even process conditions such as strong steam generation, density fluctuations or changes of the dielectric constant do not influence the accuracy of the measurement. Buildup or condensation on the probe or vessel wall do not influence the measuring result.",蒸汽；液体,Level > Guided Radar,MEDIUM,,CURRENT,CHINA_PAGE_ONLY,https://www.burkert.com/en/type/8186,https://www.burkert.com.cn/cn/type/8186,,,2026-06-09,A,"Global official Type page is the product master. China visibility indicates public page/document visibility only, not stock, origin or lead time. Official category paths: Sensors, Transmitters and Controllers > Level > Guided Radar."
8188,Level measurement device with guided radar,带引导式微波的液位测量计,传感器、变送器与控制器,Level > Guided Radar,Guided Radar,"The Type 8188 is a level measurement device with cable, rod, both interchangeable probe or with coax probe, designed for continuous level measurement. The unit is suitable for liquids, for industrial use in all areas of process technology. With a measuring range up to 75 m, the 8188 is best suited for tall vessels. Even process conditions such as strong steam generation, density fluctuations or changes of the dielectric constant do not influence the accuracy of the measurement. Build-up or condensation on the probe or vessel wall do not influence the measuring result. A liquid interface measurement is also possible with the Type 8188, typically an oil/water interface.",蒸汽；水；液体,Level > Guided Radar,MEDIUM,,CURRENT,CHINA_PAGE_ONLY,https://www.burkert.com/en/type/8188,https://www.burkert.com.cn/cn/type/8188,https://www.burkert.com/en/Media/plm/DTS/DS/ds8188-standard-eu-en.pdf?id=DTS0000000000000001000244851ENO,,2026-06-09,A,"Global official Type page is the product master. China visibility indicates public page/document visibility only, not stock, origin or lead time. Official category paths: Sensors, Transmitters and Controllers > Level > Guided Radar."
8189,Level measurement device with guided radar - sanitary variant,带引导式微波的液位测量计——无菌版本,传感器、变送器与控制器,Level > Guided Radar,Guided Radar,"The Type 8189 is a level measurement device with interchangeable rod probe, designed for continuous level measurement. The unit is suitable for liquids, for industrial use in all areas of process technology. But the main application targets are in Food and Beverage (F&B) and pharmaceutical tanks to the new rod in stainless steel 1.4435 with Ra < 0.76 µm. For applications with corrosive liquids a PFA coated variant is available. Even process conditions such as strong steam generation, density fluctuations or changes of the dielectric constant do not influence the accuracy of the measurement. Build-up or condensation on the probe or vessel wall does not influence the measurement result.",蒸汽；液体,食品饮料；制药,HIGH,卫生储罐液位监测,CURRENT,CHINA_PAGE_ONLY,https://www.burkert.com/en/type/8189,https://www.burkert.com.cn/cn/type/8189,https://www.burkert.com/en/Media/plm/DTS/DS/ds8189-standard-eu-en.pdf?id=DTS0000000000000001000244852ENJ,,2026-06-09,A,"Global official Type page is the product master. China visibility indicates public page/document visibility only, not stock, origin or lead time. Official category paths: Sensors, Transmitters and Controllers > Level > Guided Radar."
8200,Holder for analysis probes,适用于分析探头的配件,传感器、变送器与控制器,Armatures for Analysis Sensors,Armatures for Analysis Sensors,"The holder product range allows the installation of 120 mm long analysis probes (pH/redox potential (ORP)/conductivity) or chlorine sensors etc., on a tank or process pipelines and covers general-purpose applications as well as water treatment, food & beverage and pharmaceutical applications. This product range includes a variety of process fittings for general-purpose holders (with or without protective rods) , hygienic holders (with or without protective rods or protective tube), as well as transparent one-piece holders, so-called analysis measurement chambers, designed for multiple measurements. Depending on the variant, these analysis measurement chambers can accommodate one or multiple probes and sensors. Depending on the variant, the holder allows for steam sterilisation, autoclaving, cleaning in place (CIP), space optimization, positioning of the probe according to the medium flow , and installation in vertical pipes. It can also be equipped with a Pt1000 temperature sensor. The analysis measurement chambers are available for specific integration into the process. Due to their transparent surface, they allow visualisation of the liquid flow and ensure optimum measuring conditions. The single-slot analysis measurement chamber is designed for use with the Type 8232 chlorine sensor. The analysis measurement chambers with three or four slots allow the simultaneous measurement of several parameters such as chlorine, temperature, pH, ORP or conductivity. Two of the slots are always reserved for temperature and chlorine sensors, while the others are intended for additional analysis probes. The three-slot analysis measurement chamber is available in variant for either cold or hot water.",蒸汽；水；液体,分析测量；水处理；卫生过程；食品饮料；制药,HIGH,制药用水质量监测,CURRENT,CHINA_PAGE_ONLY,https://www.burkert.com/en/type/8200,https://www.burkert.com.cn/cn/type/8200,https://www.burkert.com/en/Media/plm/DTS/DS/ds8200-standard-eu-en.pdf?id=DTS0000000000000001000141421ENAB,,2026-06-09,A,"Global official Type page is the product master. China visibility indicates public page/document visibility only, not stock, origin or lead time. Official category paths: Sensors, Transmitters and Controllers > Armatures for Analysis Sensors."
8201,pH measuring system for hygienic applications,卫生型PH测量仪,传感器、变送器与控制器,Liquid Analysis > pH / ORP,pH / ORP,"The Type 8201 pH measuring system is suitable for measuring absolute pH values in liquids between pH 0 and pH 12 at medium temperatures of up to 140°C and process pressures of max. 6 bar. Due to its hygienic design and the robust glass-free construction, this model is particularly suitable for use in hygienic processes. An example would be the production of foods and active ingredients, during which the pH value of liquid mediums (including those which are viscous or contain solids) is measured. The pH electrode's extremely smooth enamel surface prevents the medium from sticking and is very easy to clean in line. Due to its robust design and high temperature and chemical tolerance, the electrode stays in the process even during a CIP purification. This means that expensive retractable fittings can be dispensed with.",液体,分析测量；卫生过程；食品饮料,HIGH,制药用水质量监测,CURRENT,CHINA_PAGE_ONLY,https://www.burkert.com/en/type/8201,https://www.burkert.com.cn/cn/type/8201,https://www.burkert.com/en/Media/plm/DTS/DS/ds8201-standard-eu-en.pdf?id=DTS0000000000000001000075647ENAA,,2026-06-09,A,"Global official Type page is the product master. China visibility indicates public page/document visibility only, not stock, origin or lead time. Official category paths: Sensors, Transmitters and Controllers > Liquid Analysis > pH / ORP."
8202,"pH or oxidation-reduction potential (ORP) transmitter, ELEMENT design",pH 或氧化还原电位变送器，ELEMENT 设计,传感器、变送器与控制器,Liquid Analysis > pH / ORP,pH / ORP,"The transmitter Type 8202 is a compact device for measuring the pH value in clean, dirty, sulphide- or protein-containing liquids or for measuring the oxidation-reduction potential (ORP) value in clean, dirty, sulphide- or protein-containing liquids as well as liquids that have a low conductivity. Thus, due to the measuring device’s design, Bürkert has simplified installation and maintenance work. The device Type 8202 is available in two variants. The first one, the so-called ELEMENT standard, is proposed with either three adjustable outputs (two digital outputs and one analogue output) or four adjustable outputs (two digital and two analogue), and can be equipped with a display. The display is only required for start-up, configuration (e.g. selection of pH/ORP measurement, measuring range, units, calibration, limit values) and for process value display. The second variant, the so-called ELEMENT neutrino, is a 2-wire device without a display, equipped either with a 4...20 mA current output or with a digital communication mode via IO-Link or büS (Bürkert system bus based on CANopen). The Type 8202 device converts the measurement signal and calculates the output signals, which are provided via one or two M12 plug connections for the ELEMENT standard variant as well as via one M12 plug connection or on a terminal strip via a cable gland for the ELEMENT neutrino variant. The device in the ELEMENT standard variant shows several values in different measuring units (if a display is mounted).",液体,分析测量,MEDIUM,制药用水质量监测,CURRENT,CHINA_PAGE_ONLY,https://www.burkert.com/en/type/8202,https://www.burkert.com.cn/cn/type/8202,https://www.burkert.com/en/Media/plm/DTS/DS/ds8202-standard-eu-en.pdf?id=DTS0000000000000001000114206ENT,,2026-06-09,A,"Global official Type page is the product master. China visibility indicates public page/document visibility only, not stock, origin or lead time. Official category paths: Sensors, Transmitters and Controllers > Liquid Analysis > pH / ORP | Industrial Communication > EDIP > EDIP capable products | Industrial Communication > IO-Link > IO-Link capable products."
8203,pH- and ORP-probes,pH 和 O.R.P 探针,传感器、变送器与控制器,Liquid Analysis > pH / ORP,pH / ORP,"A Type 8203 probe is inserted either into a Bürkert pH meter or ORP meter. These modular devices are designed for the measurement the pH or the ORP respectively in clean or contaminated liquids, containing sulfides or proteins, or liquids which may present low conductivity. The Type 8203 probes are proposed in several models, depending on the application. For pH measurement, the product line includes PLASTRODE pH 120 mm, ­FLATRODE pH 120 mm, LOGOTRODE pH 120 mm, UNITRODE PLUS pH 120 mm, CERATRODE pH 120 mm and FERMTRODE VP pH 120 mm For the measurement of oxidation-reduction potential (ORP), the available models are FLATRODE ORP 120 mm, LOGOTRODE ORP 120 mm, and UNITRODE PLUS ORP 120 mm.",液体,分析测量,MEDIUM,制药用水质量监测,CURRENT,CHINA_PAGE_ONLY,https://www.burkert.com/en/type/8203,https://www.burkert.com.cn/cn/type/8203,https://www.burkert.com/en/Media/plm/DTS/DS/ds8203-standard-eu-en.pdf2?id=DTS0000000000000001000164699ENR,,2026-06-09,A,"Global official Type page is the product master. China visibility indicates public page/document visibility only, not stock, origin or lead time. Official category paths: Sensors, Transmitters and Controllers > Liquid Analysis > pH / ORP."
8205,pH-Transmitter and controller with digital display,带有数字指示器的 pH 传送器或调节器,传感器、变送器与控制器,Controllers / Transmitters,Controllers / Transmitters,Type 8205 is in phase-out. The successor is the integral pH/ORP-meter type 8202.,,Controllers / Transmitters,MEDIUM,制药用水质量监测,CURRENT,CHINA_PAGE_ONLY,https://www.burkert.com/en/type/8205,https://www.burkert.com.cn/cn/type/8205,,,2026-06-09,A,"Global official Type page is the product master. China visibility indicates public page/document visibility only, not stock, origin or lead time. Official category paths: Sensors, Transmitters and Controllers > Controllers / Transmitters."
8206,Redox-Transmitter with digital display,带有数字指示器的氧化还原电位传送器,传感器、变送器与控制器,Controllers / Transmitters,Controllers / Transmitters,Type 8206 is in phase-out. The successor is the integral pH/ORP-meter type 8202.,,Controllers / Transmitters,MEDIUM,,CURRENT,CHINA_PAGE_ONLY,https://www.burkert.com/en/type/8206,https://www.burkert.com.cn/cn/type/8206,,,2026-06-09,A,"Global official Type page is the product master. China visibility indicates public page/document visibility only, not stock, origin or lead time. Official category paths: Sensors, Transmitters and Controllers > Controllers / Transmitters."
8220,Conductivity sensor,电导率传感器,传感器、变送器与控制器,Liquid Analysis > Conductivity,Conductivity,The conductivity sensor consists of a compact probe with integrated electrodes. Four conductivity probes with different cell constants are available and offer a broad measurement range. The Pt1000 for automatic temperature compensation is integrated in the sensor housing. The sensor delivers a raw signal and is fitted with a standard EN 175301‑803 plug connector. The sensor has to be connected to the Bürkert transmitter/controller Type 8619 multiCELL via a 4 x 1.5 mm² shielded cable (maximum cable length of 10 m). The conductivity sensor can be installed into a pipe by using Insertion fitting Type S020 which is available in different materials (details see data sheet Type S020). In its longer variant it can also be installed in tanks or containers by using an industrial immersion fitting.,液体,分析测量,MEDIUM,制药用水质量监测,CURRENT,CHINA_PAGE_ONLY,https://www.burkert.com/en/type/8220,https://www.burkert.com.cn/cn/type/8220,https://www.burkert.com/en/Media/plm/DTS/DS/ds8220-standard-eu-en.pdf?id=DTS0000000000000001000141283ENS,,2026-06-09,A,"Global official Type page is the product master. China visibility indicates public page/document visibility only, not stock, origin or lead time. Official category paths: Sensors, Transmitters and Controllers > Liquid Analysis > Conductivity."
8221,Conductivity sensor for hygienic applications,用于卫生级应用的电导率传感器,传感器、变送器与控制器,Liquid Analysis > Conductivity,Conductivity,"The Type 8221 hygienic conductivity probes are used to determine electrical conductivity in a wide range of pure or concentrated liquids. Due to their hygienic and robust design, these conductivity probes are suitable for use in various application sectors, including the food & beverage, pharmaceutical, biotechnology and chemical industry. They are available in two technologies, with either 2 or 4 electrodes. Probes based on the 2-electrode principle are intended for use in pure liquids, particularly ultrapure water, as contamination affects the measurement. Probes based on the 4-electrode principle prevent polarisation phenomena and are not sensitive to contamination. The clever design guarantees an excellent linearity over the entire measurement range. All variants are fitted with an integrated temperature sensor (Pt1000) as standard. The probe has to be connected to the multiCELL transmitter/controller Type 8619.",水；液体,分析测量；卫生过程；食品饮料；制药,HIGH,制药用水质量监测,CURRENT,CHINA_PAGE_AND_ZH_DATASHEET,https://www.burkert.com/en/type/8221,https://www.burkert.com.cn/cn/type/8221,https://www.burkert.com/en/Media/plm/DTS/DS/ds8221-standard-eu-en.pdf?id=DTS0000000000000001000096134ENX,https://www.burkert.com/en/Media/plm/DTS/DS/ds8221-standard-cn-zh.pdf?id=DTS0000000000000001000551201ZHD,2026-06-09,A,"Global official Type page is the product master. China visibility indicates public page/document visibility only, not stock, origin or lead time. Official category paths: Sensors, Transmitters and Controllers > Liquid Analysis > Conductivity."
8222,"Conductivity meter, ELEMENT design",电导率测量仪，ELEMENT 设计,传感器、变送器与控制器,Liquid Analysis > Conductivity,Conductivity,"The Bürkert conductivity meter Type 8222 is designed for measuring the conductivity of liquids. The sensor element comprises a two-electrode cell and a Pt1000 temperature probe. The sensor itself is available with three different cell constants C. These are made of stainless steel for sensors with a constant C of 0.01 or 0.1 cm- 1 and of graphite for sensors with a constant C of 1.0 cm- 1. Thus, due to the measuring device’s design, Bürkert has simplified installation and maintenance work. The Type 8222 device is available in two variants. The first one, the so-called ELEMENT standard is proposed either with three adjustable outputs (two digital outputs and one analogue output) or with four adjustable outputs (two digital and two analogue) and can be equipped with a display. The display is only required for start-up, configuration (e.g. measuring range, units, calibration, limit values) or as a process value display. The second variant, the so-called ELEMENT neutrino, is a 2-wire device, without display, with a 4...20 mA current output or with a digital communication mode that can communicate either via IO-Link or in büS (Bürkert system bus based on CANopen). Both variants are available with a G 1½"" union nut for installation in an adapter with a G 1½"" external thread sensor connection that is connected to the process. The ELEMENT neutrino variant is also available with a G ¾"" external thread for screwing into an adapter with a G ¾"" internal thread sensor connection. The Type 8222 device converts the measurement signal and calculates the output signals, which are provided via one or two M12 plug connections in the ELEMENT standard variant or via an M12 plug connection in the ELEMENT neutrino variant or on a terminal strip via a cable gland. The device in the ELEMENT standard variant shows different values in different measuring units (if a display is installed).",水；液体,分析测量,MEDIUM,制药用水质量监测,CURRENT,CHINA_PAGE_AND_ZH_DATASHEET,https://www.burkert.com/en/type/8222,https://www.burkert.com.cn/cn/type/8222,https://www.burkert.com/en/Media/plm/DTS/DS/ds8222-standard-eu-en.pdf?id=DTS0000000000000001000114221ENW,https://www.burkert.com/en/Media/plm/DTS/DS/ds8222-standard-cn-zh.pdf?id=DTS0000000000000001000684450ZH-,2026-06-09,A,"Global official Type page is the product master. China visibility indicates public page/document visibility only, not stock, origin or lead time. Official category paths: Sensors, Transmitters and Controllers > Liquid Analysis > Conductivity | Industrial Communication > EDIP > EDIP capable products | Industrial Communication > IO-Link > IO-Link capable products."
8223,Inductive Conductivity Transmitter without display,没有显示器的感应式电导率传送器,传感器、变送器与控制器,Liquid Analysis > Conductivity,Conductivity,Type 8223 is in phase-out. The successor is the integral inductive conductivty meter type 8228.,水；液体；液体/气体,定量/加注；分析测量,MEDIUM,制药用水质量监测,CURRENT,CHINA_PAGE_ONLY,https://www.burkert.com/en/type/8223,https://www.burkert.com.cn/cn/type/8223,https://www.burkert.com/en/Media/plm/DTS/DS/DS8223-Standard-EU-EN.pdf?id=DTS0000000000000001000011773ENK,,2026-06-09,A,"Global official Type page is the product master. China visibility indicates public page/document visibility only, not stock, origin or lead time. Official category paths: Sensors, Transmitters and Controllers > Liquid Analysis > Conductivity."
8226,Inductive Conductivity Transmitter with Display,带有显示器的感应式电导率传送器,传感器、变送器与控制器,Liquid Analysis > Conductivity,Conductivity,Type 8226 is in phase-out. The successor is the integral inductive conductivty meter type 8228.,液体；液体/气体,分析测量,MEDIUM,制药用水质量监测,CURRENT,CHINA_PAGE_ONLY,https://www.burkert.com/en/type/8226,https://www.burkert.com.cn/cn/type/8226,https://www.burkert.com/en/Media/plm/DTS/DS/DS8226-Standard-EU-EN.pdf?id=DTS0000000000000001000011107ENI,,2026-06-09,A,"Global official Type page is the product master. China visibility indicates public page/document visibility only, not stock, origin or lead time. Official category paths: Sensors, Transmitters and Controllers > Liquid Analysis > Conductivity."
8228,"Inductive conductivity meter, ELEMENT Design",感应式电导率测量仪，ELEMENT 设计,传感器、变送器与控制器,Liquid Analysis > Conductivity,Conductivity,"The Bürkert inductive Type 8228 conductivity meter is used in many industrial processes where measurements are required in aggressive or concentrated media such as acids, alkalis or liquids with high salt contents and a wide measuring range. This can concern applications like cooling water monitoring (i.e. dilution control), industrial water treatment or the preparation and identification of cleaning liquids, for example in CIP (Cleaning in Place) processes. The device Type 8228 is available in two variants. The first one, the so-called ELEMENT standard is proposed either with two adjustable outputs (one digital and one analogue output) or with four adjustable outputs (two digital and two analogue outputs) and can be equipped with a display. The display is only necessary for start-up, configuration (e.g. measuring range, units, calibration, thresholds) or as a display of process values. The second variant, the so-called ELEMENT neutrino is a device without display, with a digital communication mode that can communicate either in IO-Link or in büS (Bürkert system bus based on CANopen). Both variants are available with a process connections either via a G 2 union nut for installation into a fitting Type S020 which is connected to the process, or via a clamp 2"" according to ASME BPE (clamp 1.5"" on request) for CIP applications.",水；液体；腐蚀性介质,分析测量；水处理,MEDIUM,制药用水质量监测,CURRENT,CHINA_PAGE_AND_ZH_DATASHEET,https://www.burkert.com/en/type/8228,https://www.burkert.com.cn/cn/type/8228,https://www.burkert.com/en/Media/plm/DTS/DS/ds8228-standard-eu-en.pdf?id=DTS0000000000000001000220089ENX,https://www.burkert.com/en/Media/plm/DTS/DS/ds8228-standard-cn-zh.pdf?id=DTS0000000000000001000603086ZHD,2026-06-09,A,"Global official Type page is the product master. China visibility indicates public page/document visibility only, not stock, origin or lead time. Official category paths: Sensors, Transmitters and Controllers > Liquid Analysis > Conductivity | Industrial Communication > EDIP > EDIP capable products | Industrial Communication > IO-Link > IO-Link capable products."
8232,Chlorine sensor,氯传感器,传感器、变送器与控制器,Liquid Analysis > Chlorine,Chlorine,"The Type 8232 from Bürkert is an electrochemical sensor for measuring the free or total chlorine content of an inorganic source (chlorine gas, sodium hypochlorite solution, ...). The sensor is available in four variants: • The “Trace” sensor (zero chlorine) equipped with three electrodes is suitable for measuring very low concentrations of free chlorine. The diaphragm of this sensor is protected against biofouling and can therefore work for up to four weeks in water without chlorine. It has a voltage output on a 5-pin M12 circular male connector. • The sensor with three electrodes for free chlorine offers greatly reduced pH dependency. The sensor has a current output on a 5-pin M12 circular male connector and is designed for applications in swimming pool, drinking or sea water. The liquid must contain a minimum chlorine concentration (≥ 0.1 ppm). • The sensor with two electrodes for free chlorine delivers a current output on a 5-pin M12 circular male connector. This sensor is designed for use with swimming pool, drinking or process water. The fluid being measured must not contain any cleaning agents (e.g. surfactants) or abrasive particles. The pH value must be kept at a constant level. The fluid must contain a minimum chlorine concentration (≥ 0.1 ppm). • The sensor with three electrodes for total chlorine offers greatly reduced pH dependency. The sensor has a current output on a 5-pin M12 circular male connector and is suitable for applications in swimming pools, drinking or sea water, and brine. It measures total chlorine = free chlorine + combined chlorine.",气体；水；液体；液体/气体,分析测量,MEDIUM,制药用水质量监测,CURRENT,CHINA_PAGE_ONLY,https://www.burkert.com/en/type/8232,https://www.burkert.com.cn/cn/type/8232,https://www.burkert.com/en/Media/plm/DTS/DS/ds8232-standard-eu-en.pdf?id=DTS0000000000000001000231931ENO,,2026-06-09,A,"Global official Type page is the product master. China visibility indicates public page/document visibility only, not stock, origin or lead time. Official category paths: Sensors, Transmitters and Controllers > Liquid Analysis > Chlorine."
8285,"Modular analysis transmitter for pH, ORP, conductivity measurement",适合测量 pH、ORP 和电导率的模块化分析传送器,传感器、变送器与控制器,Controllers / Transmitters,Controllers / Transmitters,"The 8285 modular process analysis system is designed to measure and process liquid analysisparameters. The base unit contents the power supply, signal outputs, binary inputs and the front with graphic display with backlighting. Three slots are available, which depending onthe applications can be occupied with modules for pH, conductivity or also with a module with additional outputs. The hygienic, polished stainless steel enclosure version allows application in the field of bio technology, food processing, and in the pharmaceutical industry. Further applications in thechemical industry, environmental engineering, water and waste-water treatment, and for application in power plants are also possible.",水；液体,分析测量；水处理；卫生过程；食品饮料；制药,HIGH,制药用水质量监测,CURRENT,CHINA_PAGE_ONLY,https://www.burkert.com/en/type/8285,https://www.burkert.com.cn/cn/type/8285,https://www.burkert.com/en/Media/plm/DTS/DS/DS8285-Standard-EU-EN.pdf?id=DTS0000000000000001000096130ENC,,2026-06-09,A,"Global official Type page is the product master. China visibility indicates public page/document visibility only, not stock, origin or lead time. Official category paths: Sensors, Transmitters and Controllers > Controllers / Transmitters."
8312,Pressure transmitter with CANopen interface,带 CANopen 接口的压力变送器,传感器、变送器与控制器,Pressure,Pressure,"The device Type 8312 is used for measuring relative pressures (or absolute pressures, on request) in liquid and gaseous media. The pressure transmitter is available with either a metallic thin-film strain gauge or a ceramic thick-film strain gauge. As a result, the specifications of the device depend on the type of technology it is equipped with. The main differences are: the pressure measurement ranges available, fluid temperature limitations, the types and sizes of process connections available, the presence or absence of a process connection seal and the availability of the flush diaphragm option. The device digitises the pressure value and makes it available through the CANopen digital communication interface (CAN slave). Indeed, instead of an analogue output, this device offers a digital CANopen interface. This allows bidirectional data transfer, e.g. with a CAN/Ethernet gateway, or directly to the PLC that is itself equipped with a CAN interface. CAN devices can also be connected to the Bürkert digital communication interface büS. A driver used for data exchange and settings of the Type 8312 is integrated in the PC tool Bürkert Communicator, which is available on our website. Several useful additional functions have been implemented through the DS 404 device profile.",气体；液体；液体/气体,卫生过程,MEDIUM,,CURRENT,CHINA_PAGE_ONLY,https://www.burkert.com/en/type/8312,https://www.burkert.com.cn/cn/type/8312,https://www.burkert.com/en/Media/plm/DTS/DS/ds8312-standard-eu-en.pdf?id=DTS0000000000000001000416947ENH,,2026-06-09,A,"Global official Type page is the product master. China visibility indicates public page/document visibility only, not stock, origin or lead time. Official category paths: Sensors, Transmitters and Controllers > Pressure | Industrial Communication > EDIP > EDIP capable products."
8314,Pressure Transmitter - OEM,压力传送器 - OEM,传感器、变送器与控制器,Pressure,Pressure,"The compact Type 8314 pressure transmitter meets the highest requirements with regard to mechanical loading, EMC characteristics and operational reliability and is particularly suitable for demanding industrial applications.",,Pressure,MEDIUM,,CURRENT,CHINA_PAGE_ONLY,https://www.burkert.com/en/type/8314,https://www.burkert.com.cn/cn/type/8314,,,2026-06-09,A,"Global official Type page is the product master. China visibility indicates public page/document visibility only, not stock, origin or lead time. Official category paths: Sensors, Transmitters and Controllers > Pressure."
8316,Pressure measuring device,压力测量设备,传感器、变送器与控制器,Pressure,Pressure,"The compact Type 8316 pressure measuring device meets the highest requirements with regard to mechanical loading, EMC characteristics and operational reliability. It is particularly suitable for demanding industrial applications. For aggressive media where stainless steel is not resistant, process connections in PVDF are available.",腐蚀性介质,Pressure,MEDIUM,,CURRENT,CHINA_PAGE_ONLY,https://www.burkert.com/en/type/8316,https://www.burkert.com.cn/cn/type/8316,https://www.burkert.com/en/Media/plm/DTS/DS/ds8316-standard-eu-en.pdf?id=DTS0000000000000001000182539ENL,,2026-06-09,A,"Global official Type page is the product master. China visibility indicates public page/document visibility only, not stock, origin or lead time. Official category paths: Sensors, Transmitters and Controllers > Pressure."
8318,Pressure transmitter with IO-Link interface,带 IO-Link 接口的压力变送器,传感器、变送器与控制器,Pressure,Pressure,"The pressure transmitter measures and monitors relative pressure in liquids and gases. On request, the device is also available for absolute pressure measurement. The effect of the pressure on the sensor element generates a signal which is amplified, digitised and processed. Instead of an analogue output, this device offers a digital interface IO-Link. This interface allows bidirectional data transfer with any IO-Link master. Data access occurs through the available standardised IO Device Description (IODD). The IO-Link corresponds to the specification version 1.1. The bidirectional communication is used to read process data, parameters, diagnostic information and status messages as well as to set parameters. The two green LEDs are permanently lit as soon as power is supplied to the device. Once an IO-Link connection has been established, the LEDs flash. The switching behaviour and the switching thresholds of the digital outputs (maximum of 2, “PNP” or “NPN”) can, like many other parameters, be individually configured.",气体；液体,卫生过程,MEDIUM,,CURRENT,CHINA_PAGE_ONLY,https://www.burkert.com/en/type/8318,https://www.burkert.com.cn/cn/type/8318,https://www.burkert.com/en/Media/plm/DTS/DS/ds8318-standard-eu-en.pdf?id=DTS0000000000000001000416952ENE,,2026-06-09,A,"Global official Type page is the product master. China visibility indicates public page/document visibility only, not stock, origin or lead time. Official category paths: Sensors, Transmitters and Controllers > Pressure | Industrial Communication > IO-Link > IO-Link capable products."
8323,"Pressure transmitter for general applications, 0...25 bar",压力变送器,传感器、变送器与控制器,Pressure,Pressure,"This pressure transmitter is designed to cover the majority of industrial applications in the field of pressure measurement technology. High accuracy, compact design, robust construction and flexibility make the transmitter suitable for different measurement functions. For technical reasons, the piezoresistive sensor element is used for measuring ranges up to 16 bar and thin film sensor element for the measuring range of 25 bar. All wetted parts are made of stainless steel and completely welded. Internal seal elements, which could restrict the choice of measuring media, are excluded.",,卫生过程,MEDIUM,,CURRENT,CHINA_PAGE_ONLY,https://www.burkert.com/en/type/8323,https://www.burkert.com.cn/cn/type/8323,https://www.burkert.com/en/Media/plm/DTS/DS/ds8323-standard-eu-en.pdf?id=DTS0000000000000001000011112ENT,,2026-06-09,A,"Global official Type page is the product master. China visibility indicates public page/document visibility only, not stock, origin or lead time. Official category paths: Sensors, Transmitters and Controllers > Pressure."
8325,"Pressure transmitter for general applications, 0…25 bar",用于所有应用的压力变送器，0-25 bar,传感器、变送器与控制器,Pressure,Pressure,"This pressure transmitter is designed to cover the majority of industrial applications in the field of pressure measurement technology. High accuracy, compact design, robust construction and flexibility make the transmitter suitable for various measurement tasks. All wetted parts are made of stainless steel and completely welded. Internal seal elements, which restrict the choice of measuring materials, are excluded. Many other pressure ranges available, 0.125 % accuracy, other output signals, other electrical connections, other process connections, on request.",,卫生过程,MEDIUM,,CURRENT,CHINA_PAGE_ONLY,https://www.burkert.com/en/type/8325,https://www.burkert.com.cn/cn/type/8325,https://www.burkert.com/en/Media/plm/DTS/DS/ds8325-standard-eu-en.pdf?id=DTS0000000000000001000356452ENK,,2026-06-09,A,"Global official Type page is the product master. China visibility indicates public page/document visibility only, not stock, origin or lead time. Official category paths: Sensors, Transmitters and Controllers > Pressure."
8412,RTD temperature sensor with CANopen interface,带 CANopen 接口的 RTD 温度传感器,传感器、变送器与控制器,Temperature,Temperature,"Resistance thermometers are the preferred choice for measuring the temperature of liquids and gases. The design offers reliable tightness under negative and positive pressure. The measuring insert is equipped with a Pt1000 temperature sensor according to DIN EN 60751, Class A. The measured temperature value is digitised, linearised and made available via the CANopen digital communication interface (CAN slave) for further processing. Instead of an analogue output, this device offers the ­CANopen digital interface. This allows bidirectional data transfer, e.g. with a CAN/Ethernet gateway or directly to a PLC that is equipped with a CAN interface. CAN devices can also be connected to the Bürkert büS digital communication interface. A driver used for data exchange and settings of the 8412 is integrated in the Bürkert PC tool Communicator. Several useful auxiliary functions have been implemented through the DS 404 device profile.",气体；液体,Temperature,MEDIUM,,CURRENT,CHINA_PAGE_ONLY,https://www.burkert.com/en/type/8412,https://www.burkert.com.cn/cn/type/8412,https://www.burkert.com/en/Media/plm/DTS/DS/ds8412-standard-eu-en.pdf?id=DTS0000000000000001000416967ENG,,2026-06-09,A,"Global official Type page is the product master. China visibility indicates public page/document visibility only, not stock, origin or lead time. Official category paths: Sensors, Transmitters and Controllers > Temperature | Industrial Communication > EDIP > EDIP capable products."
8418,RTD temperature sensor with IO-Link interface,带 IO-Link 接口的 RTD 温度传感器,传感器、变送器与控制器,Temperature,Temperature,"The temperature sensor is used for measuring and monitoring the temperature. The impact of the temperature on a resistance thermometer generates a signal which is amplified, digitised and processed. Instead of an analogue output, this device offers a digital interface IO-Link. This allows bidirectional data transfer with any IO-Link master. Data access occurs via the available standardised IODD. The IO-Link corresponds to the specification version 1.1. The bidirectional communication is used to read process data, parameters, diagnostic information and status messages as well as to set parameters. The two green LEDs are permanently lit as soon as power is supplied to the device. Once an IO-Link connection has been established, the LEDs flash. The switching behaviour and the switching thresholds of the digital outputs (max. 2; “PNP” or “NPN”) can - like many other parameters - be individually configured.",,Temperature,MEDIUM,,CURRENT,CHINA_PAGE_ONLY,https://www.burkert.com/en/type/8418,https://www.burkert.com.cn/cn/type/8418,https://www.burkert.com/en/Media/plm/DTS/DS/ds8418-standard-eu-en.pdf?id=DTS0000000000000001000416970ENE,,2026-06-09,A,"Global official Type page is the product master. China visibility indicates public page/document visibility only, not stock, origin or lead time. Official category paths: Sensors, Transmitters and Controllers > Temperature | Industrial Communication > IO-Link > IO-Link capable products."
8605,PWM control electronics for electromagnetic proportional valves,用于电磁比例阀的 PWM 控制电子元件,比例阀,Controllers,Controllers,"The digital control electronics Type 8605 are used to operate proportional solenoid control valves in a power range from 40-2000 mA. The electronics convert an external standard signal into a pulse-width modulated (PWM) signal, which enables infinite adjustment of the opening of the proportional valve and hence a fluidic output parameter (e.g. flow rate). An internal current control with the duty cycle of the PWM signal as an actuating variable ensures that every value of the input signal, irrespective of the thermal state of the coil, is unambiguously assigned a given value of the effective coil current. A display and operating keys allow the electronics to be easily adapted to a particular proportional valve and to the specific conditions of an application. In order to integrate the control unit - and thus also the proportional valve - into a higher-level controller, the CAN-based variant of the control unit (called büS) is required. Parameterisation and configuration of the proportional valve can be performed quickly and easily using the Bürkert Communicator software. Furthermore, the büS control electronics enables the integration of shut-off valves into büS/CAN systems. By using the integrated time control function, a shut-off valve can be opened or closed for a certain period of time. This enables, for example, batch control solutions in filling processes. Optionally, Type 8605 can be equipped with an additional I/O board. This allows the connection of external sensors or switches. The valve behaviour on these input signals can be configured (e.g. 2-point control).",液体/气体,Controllers,LOW,,CURRENT,CHINA_PAGE_AND_ZH_DATASHEET,https://www.burkert.com/en/type/8605,https://www.burkert.com.cn/cn/type/8605,https://www.burkert.com/en/Media/plm/DTS/DS/ds8605-standard-eu-en.pdf?id=DTS0000000000000001000086949ENP,https://www.burkert.com/en/Media/plm/DTS/DS/ds8605-standard-cn-zh.pdf?id=DTS0000000000000001000551272ZHC,2026-06-09,A,"Global official Type page is the product master. China visibility indicates public page/document visibility only, not stock, origin or lead time. Official category paths: Proportional Valves > Controllers | Industrial Communication > EDIP > EDIP capable products."
8611,eCONTROL – Universal controller,eCONTROL──通用控制器,传感器、变送器与控制器,Controllers / Transmitters,Controllers / Transmitters,"Universal controller Type 8611 is ideally suited for the construction of compact control systems thanks to its compactness. It is compatible and has been tested with all Bürkert proportional valves and sensors, and can be used in combination with all non-Bürkert control valves with a standard signal (4-20 mA/0-10 V/PWM output). The process controller with PI behaviour comes with a variety of auxiliary functions. The process actual value can be connected to one of the three analog inputs of the universal controller as a standard signal (4–20 mA / 0–10 V), a frequency signal, or as a signal from a Pt100 resistance temperature sensor. The process setpoint can be specified via a current or voltage standard signal or via the keyboard. Specifically for temperature control tasks, there is the option to create a cascade structure with underlying flow control. A wide range of control tasks in fluid technology can be implemented for both liquid and gaseous media by enabling the control of proportional valves and process valves.",气体；液体；液体/气体,Controllers / Transmitters,MEDIUM,WFI/PW及CIP流量监控,CURRENT,CHINA_PAGE_ONLY,https://www.burkert.com/en/type/8611,https://www.burkert.com.cn/cn/type/8611,https://www.burkert.com/en/Media/plm/DTS/DS/ds8611-standard-eu-en.pdf?id=DTS0000000000000001000089169ENAB,,2026-06-09,A,"Global official Type page is the product master. China visibility indicates public page/document visibility only, not stock, origin or lead time. Official category paths: Sensors, Transmitters and Controllers > Controllers / Transmitters | Proportional Valves > Controllers | Process and Control Valves > Process Valve Automation > Control."
8614,Pneumatic control cabinet solutions for hygienic process environments,卫生工艺环境的气动开关柜解决方案,气动与过程接口,Control Cabinets,Control Cabinets,"Bürkert has developed ready-to-mount, hygienic control cabinets with standardised connection options for many applications in the food and beverage industry. Depending on requirements, these automation systems (control cabinets) contain valve islands, Type 8652, 8640, 8647 or 8644, with AirLINE Quick adapter plates made of stainless steel. In addition to the widely used PROFIBUS fieldbus, the Ethernet protocols PROFINET and EtherNet/IP can also be used to control these automation systems, including their I/O interfaces.",空气,卫生过程；食品饮料,MEDIUM,制药设备气动自动化,CURRENT,CHINA_PAGE_ONLY,https://www.burkert.com/en/type/8614,https://www.burkert.com.cn/cn/type/8614,,,2026-06-09,A,"Global official Type page is the product master. China visibility indicates public page/document visibility only, not stock, origin or lead time. Official category paths: Pneumatics and Process Interfaces > Control Cabinets | Process and Control Valves > Process Valve Automation > Control Cabinets."
8619,multiCELL – multi-channel/multi-function transmitter/controller,multiCELL──多通道/多功能变送器/控制器,传感器、变送器与控制器,Liquid Analysis > Multichannel Systems,Multichannel Systems,"The Type 8619 multichannel and multifunction transmitter/controller, available in two housing variants for panel or wall mounting, is a microprocessor transmitter/controller for connection of sensors which deliver raw signals for pH, ORP, conductivity and flow via pulses or sensors (like pressure, level, chlorine…) which deliver analogue signals (0…20 mA, 4…20 mA, 0…2 V, 0…5 V, 0…10 V). Type 8619 is the ideal device for measurement and control, as well as dosing processes e.g. in applications of water treatment plants (like boiler, cooling tower or reverse osmosis systems) and food and pharma plants. Modularity in hardware and software offers high flexibility for adjusting it to the applications resulting in a very good price to functionality relation. Sophisticated electronics and state of the art control algorithms ensure that optimum process control is maintained at all times with minimal operator intervention while achieving the highest quality. Thanks to full support of the Modbus TCP, PROFINET (Conformance Class B) or EtherNet/IP, the Type 8619 can be integrated into most Industrial Ethernet environments. Therefore all important process values like measurement data, process diagnostics or device status can be easily integrated into the automation system.",水；液体,定量/加注；分析测量；水处理；食品饮料；制药,HIGH,制药用水质量监测,CURRENT,CHINA_PAGE_AND_ZH_DATASHEET,https://www.burkert.com/en/type/8619,https://www.burkert.com.cn/cn/type/8619,https://www.burkert.com/en/Media/plm/DTS/DS/ds8619-standard-eu-en.pdf?id=DTS0000000000000001000130448ENY,https://www.burkert.com/en/Media/plm/DTS/DS/ds8619-multicell-cn-zh.pdf?id=DTS0000000000000001000409428ZHE,2026-06-09,A,"Global official Type page is the product master. China visibility indicates public page/document visibility only, not stock, origin or lead time. Official category paths: Sensors, Transmitters and Controllers > Liquid Analysis > Multichannel Systems | Sensors, Transmitters and Controllers > Controllers / Transmitters | Industrial Communication > PROFINET > PROFINET capable products | Industrial Communication > EtherNet/IP > EtherNet/IP capable products."
8620,mxCONTROL Multifunction Controller,mxCONTROL 多功能调节器,传感器、变送器与控制器,Controllers / Transmitters,Controllers / Transmitters,"The mxCONTROL multifunction controller, is a microprocessor controller designed to automate the control of process variables within a water treatment system (e.g. boiler, cooling tower or Reverse Osmosis system). Sophisticated electronics and state of the art control algorithms ensure that optimum process control is maintained at all times, with minimal operator intervention. The controller is capable of processing numerous combinations of analog and digital in- and outputs. Combined with an easy to read large graphic display backlight in three languages, F, G, E. Other languages on demand. The controller is highly software based. It can easily be confi gured/parameterized using a PC tool and SD card or USB interface. Alternatively, the optional Ethernet interface can be used to confi gure and to parameterize the controller. Local manual parameterizing of the controller can also be achieved via the five soft-touch keys. The controller is delivered with the SD Card containing sample confi guration fi les and Instruction Manuals. There are 3 levels of Man-machine interface. Open access, Operator Only Access, Specialist Access.",水,水处理,MEDIUM,,CURRENT,CHINA_PAGE_ONLY,https://www.burkert.com/en/type/8620,https://www.burkert.com.cn/cn/type/8620,https://www.burkert.com/en/Media/plm/DTS/DS/DS8620-mxCONTROL-EU-EN.pdf?id=DTS0000000000000001000115642END,,2026-06-09,A,"Global official Type page is the product master. China visibility indicates public page/document visibility only, not stock, origin or lead time. Official category paths: Sensors, Transmitters and Controllers > Controllers / Transmitters."
8626,Mass flow controller for gases (MFC),气体质量流量控制器 (MFC),质量流量控制器与流量计,Mass Flow Controllers (Gas),Mass Flow Controllers (Gas),"The mass flow controller (MFC) Type 8626 is suitable for controlling the mass flow of high gas quantities. The thermal inline sensor is located directly in the gas stream and therefore achieves very fast response times. A direct-acting proportional valve from Bürkert guarantees, as the actuator, high response sensitivity. The integrated PI controller ensures excellent control characteristics of the MFC. The 8626 can optionally be calibrated for two different gases; the user can toggle between these two gases. As electrical interfaces both, analogue standard signals and fieldbuses are available. The mass flow controller Type 8626 is especially designed for use in harsh environments due to a low sensitivity to contamination and the high IP degree of protection The MFC is ideal for various applications, e.g. burner controls, heat treatment, metallurgy, the food and beverage industry, environmental technology, material coatings, fuel cell technology or test benches.",气体,食品饮料,MEDIUM,发酵/生物反应器供气,CURRENT,CHINA_PAGE_ONLY,https://www.burkert.com/en/type/8626,https://www.burkert.com.cn/cn/type/8626,https://www.burkert.com/en/Media/plm/DTS/DS/ds8626-standard-eu-en.pdf?id=DTS0000000000000001000011124ENW,,2026-06-09,A,"Global official Type page is the product master. China visibility indicates public page/document visibility only, not stock, origin or lead time. Official category paths: Mass Flow Controllers > Mass Flow Controllers (Gas)."
8635,Digital electropneumatic Positioner SideCONTROL,数字电动气动定位器：SideCONTROL 定位器,过程与控制阀,Process Valve Automation > Control,Control,"The SideCONTROL Positioner Type 8635 is an electropneumatic positioner for pneumatically actuated process valves with linear or part-turn actuators. It is excuted in two conductor technology. Signal processing, control and actuation of the internal positioning system are accomplished with microprocessor controlled electronics. The software function Autotune implemented therein enables automatic adaptation of the positioner to the control valve in use. The positioner is parametrized and operated comfortably via three operating keys and a plain-text display. It is possible to set up a decentralized control system if a process controller with PID characteristics is used. As an option, the SideCONTROL Positioner Type 8635 can be supplied with approval for use in the Ex area (Zone 1) according to ATEX. Because of its compact and robust design, the housing is suitable for use in chemical and process engineering.",空气,Process Valve Automation > Control,MEDIUM,制药设备阀门自动化/状态反馈,CURRENT,CHINA_PAGE_AND_ZH_DATASHEET,https://www.burkert.com/en/type/8635,https://www.burkert.com.cn/cn/type/8635,https://www.burkert.com/en/Media/plm/DTS/DS/ds8635-standard-eu-en.pdf2?id=DTS0000000000000001000019155ENU,https://www.burkert.com/en/Media/plm/DTS/DS/ds8635-standard-cn-zh.pdf?id=DTS0000000000000001000669167ZHA,2026-06-09,A,"Global official Type page is the product master. China visibility indicates public page/document visibility only, not stock, origin or lead time. Official category paths: Process and Control Valves > Process Valve Automation > Control | Process and Control Valves > Control Valves > Positioners / Process Controllers > SideCONTROL."
8640,Modular valve island for pneumatics,定制化的气动系统解决方案,过程与控制阀,Process Valve Automation > Valve Islands,Valve Islands,"The Type 8640 valve unit system is designed to solve diverse and complex control problems due to its systematic modular construction and combination of pneumatic and electrical interfaces. By putting together a row of pneumatic modules with different numbers of valves, 2 to 24 valve functionalities may be realized on one valve unit. Electrical connectivity is achieved by either fieldbus interfaces, common connection (parallel connection technique) or multipin interfaces. The valves allow different applications to be covered. Bodies and connection modules are made of high-quality plastic (polyamide) and are easy to assemble by means of the built-in snap connectors.",空气,Process Valve Automation > Valve Islands,MEDIUM,,CURRENT,CHINA_PAGE_ONLY,https://www.burkert.com/en/type/8640,https://www.burkert.com.cn/cn/type/8640,https://www.burkert.com/en/Media/plm/DTS/DS/ds8640-standard-eu-en.pdf?id=DTS0000000000000001000049870ENAC,,2026-06-09,A,"Global official Type page is the product master. China visibility indicates public page/document visibility only, not stock, origin or lead time. Official category paths: Process and Control Valves > Process Valve Automation > Valve Islands | Pneumatics and Process Interfaces > Valve Islands | Industrial Communication > PROFINET > PROFINET capable products | Industrial Communication > EtherNet/IP > EtherNet/IP capable products."
8644,AirLINE SP electropneumatic automation system,气动自动化系统 AirLINE 阀岛,气动与过程接口,Valve Islands,Valve Islands,"The AirLINE system represents a universal interface between process and system control. It integrates electric and pneumatic building blocks into an assembly, enabling a modular and flexible structure of fieldbus modules, pilot valves and I/O modules thanks to simple locking technology on the standard rail.",空气,Valve Islands,MEDIUM,制药设备气动自动化,CURRENT,CHINA_PAGE_ONLY,https://www.burkert.com/en/type/8644,https://www.burkert.com.cn/cn/type/8644,https://www.burkert.com/en/Media/plm/DTS/DS/ds8644-wago-eu-en.pdf?id=DTS0000000000000001000011132ENX,,2026-06-09,A,"Global official Type page is the product master. China visibility indicates public page/document visibility only, not stock, origin or lead time. Official category paths: Pneumatics and Process Interfaces > Valve Islands | Process and Control Valves > Process Valve Automation > Valve Islands | Industrial Communication > PROFINET > PROFINET capable products | Industrial Communication > EtherNet/IP > EtherNet/IP capable products."
8647,AirLINE SP – electropneumatic automation system,AirLINE SP - 电动气动自动化系统,气动与过程接口,Valve Islands,Valve Islands,"The pneumatic valve island Type 8647 AirLINE SP is a modular, electropneumatic automation system consisting of connection and valve modules. It has been especially developed for safe and complete integration into the decentralised peripheral system “SIMATIC ET 200SP” and “SIMATIC ET 200SP HA"" from Siemens. Pneumatically operated process valves, pneumatic cylinders or other pneumatic components can be connected to the pneumatic outputs. If the pneumatic components are installed with position feedbacks, the position of the actuated pneumatic components can be displayed on the associated pilot valve. This can save time on start-up and maintenance.",空气,Valve Islands,MEDIUM,制药设备气动自动化,CURRENT,CHINA_PAGE_AND_ZH_DATASHEET,https://www.burkert.com/en/type/8647,https://www.burkert.com.cn/cn/type/8647,https://www.burkert.com/en/Media/plm/DTS/DS/ds8647-airline_sp-eu-en.pdf?id=DTS0000000000000001000324658ENW,https://www.burkert.com/en/Media/plm/DTS/DS/ds8647-airlinesp-cn-zh.pdf?id=DTS0000000000000001000391590ZHE,2026-06-09,A,"Global official Type page is the product master. China visibility indicates public page/document visibility only, not stock, origin or lead time. Official category paths: Pneumatics and Process Interfaces > Valve Islands | Process and Control Valves > Process Valve Automation > Valve Islands | Industrial Communication > PROFINET > PROFINET capable products | Industrial Communication > EtherNet/IP > EtherNet/IP capable products."
8650,AirLINE Ex – electropneumatic automation system for use in potentially explosive areas,AirLINE Ex 电气自动化系统适用于危险区域,气动与过程接口,Valve Islands,Valve Islands,"AirLINE Ex Type 8650 is a modular electrical and pneumatic automation system that controls complex processes in potentially explosive areas (Zones 1/21). The protection class “intinsically safe” (Ex i) of electronic modules and valves allows modules to be replaced during operation. With the modules of the cooperation partner Siemens, Bürkert offers electrical, analogue and digital I/O functions for use in Zone 0.",空气,Valve Islands,MEDIUM,制药设备气动自动化,CURRENT,CHINA_PAGE_ONLY,https://www.burkert.com/en/type/8650,https://www.burkert.com.cn/cn/type/8650,https://www.burkert.com/en/Media/plm/DTS/DS/ds8650-standard-eu-en.pdf?id=DTS0000000000000001000089716ENU,,2026-06-09,A,"Global official Type page is the product master. China visibility indicates public page/document visibility only, not stock, origin or lead time. Official category paths: Pneumatics and Process Interfaces > Valve Islands | Process and Control Valves > Process Valve Automation > Valve Islands."
8652,AirLINE – the valve island optimised for process automation,AirLINE 阀岛──针对过程自动化进行优化,气动与过程接口,Valve Islands,Valve Islands,"The valve island Type 8652 AirLINE has been especially developed for process automation requirements. New diagnostic functions can be visualised on the LC display, both in clear text as well as symbols. This makes it easy to relate to the shown messages and helps to save time during start-up and maintenance. Furthermore, the diagnostic message is also available at the controller. This, therefore, enables a fast overview of the plant status. The hardware is optimised for installation at the bottom of the control cabinet. Installation on a standard rail is, of course, also possible. Moreover, key pneumatic functions ensure increased process reliability. For instance, check valves in the exhaust air ducts make sure there is no unplanned actuation due to pressure peaks.",空气,过程自动化,MEDIUM,制药设备气动自动化,CURRENT,CHINA_PAGE_AND_ZH_DATASHEET,https://www.burkert.com/en/type/8652,https://www.burkert.com.cn/cn/type/8652,https://www.burkert.com/en/Media/plm/DTS/DS/ds8652-airline-eu-en.pdf?id=DTS0000000000000001000336890ENZ,https://www.burkert.com/en/Media/plm/DTS/DS/ds8652-airline-cn-zh.pdf?id=DTS0000000000000001000391593ZHH,2026-06-09,A,"Global official Type page is the product master. China visibility indicates public page/document visibility only, not stock, origin or lead time. Official category paths: Pneumatics and Process Interfaces > Valve Islands | Process and Control Valves > Process Valve Automation > Valve Islands | Industrial Communication > PROFINET > PROFINET capable products | Industrial Communication > EtherNet/IP > EtherNet/IP capable products | Industrial Communication > EDIP > EDIP capable products."
8653,AirLINE Field – the valve island – optimised for process automation,AirLINE Field 阀岛 – 已针对流程自动化进行了优化,气动与过程接口,Valve Islands,Valve Islands,"The valve island Type 8653 AirLINE Field has been especially developed for applications in process automation. New diagnostic functions can be visualised at the LC display, both in clear text and as symbols. This facilitates assignment of the displayed messages and helps to save time during start-up and maintenance. Furthermore the diagnostic message is also available in the controller. This therefore enables a fast overview of the plant status. The hardware design has been optimised for installation close to the actuator. Thus, an intelligent installation system allows the valve island to be installed in a wide variety of positions. Needless to say, straightforward installation on the DIN rail is also possible. Moreover, key pneumatic functions ensure increased process reliability. For instance, the non-return valves in the exhaust air ducts make sure there is no unplanned actuation due to pressure peaks.",空气,过程自动化,MEDIUM,制药设备气动自动化,CURRENT,CHINA_PAGE_AND_ZH_DATASHEET,https://www.burkert.com/en/type/8653,https://www.burkert.com.cn/cn/type/8653,https://www.burkert.com/en/Media/plm/DTS/DS/ds8653-airline-eu-en.pdf?id=DTS0000000000000001000361033ENI,https://www.burkert.com/en/Media/plm/DTS/DS/ds8653-airline-cn-zh.pdf?id=DTS0000000000000001000567542ZHC,2026-06-09,A,"Global official Type page is the product master. China visibility indicates public page/document visibility only, not stock, origin or lead time. Official category paths: Pneumatics and Process Interfaces > Valve Islands | Process and Control Valves > Process Valve Automation > Valve Islands | Industrial Communication > EDIP > EDIP capable products | Industrial Communication > IO-Link > IO-Link capable products."
8681,Control head for decentralized automation of hygienic process valves,卫生级过程调节阀控制头,过程与控制阀,Process Valve Automation > ON/OFF,ON/OFF,"The control head Type 8681 is optimized for decentralised automation of hygienic process valves. Thanks to its universal adapter it can be combined with all normal commercial butterfly valves, ball valves, single and double seated valves. With a decentralised automation concept, the control head takes over all pneumatic actuation, feedback and diagnostic functions including fieldbus communication. The housing is easy to clean and features proven IP protection and chemically resistant materials for use in hygienic processing in food, beverage and pharmaceutical industries. Depending on the process valve type, up to 3 pneumatic actuator chambers can be controlled independently from each other. The switching speeds of both movement directions can be set separately. A built-in check valve prevents incorrect switching of process valve actuator chambers which could result from back-pressure. The process valve switching positions are detected by an inductive, analogue position sensor and reported to the PLC system. Up to 3 switching points can be adjusted automatically by a Teach-In function. Additionally a fourth switching position can be read in and fed back via an external inductive proximity switch. The coloured status display signals the particular process valve switching position or indicates a diagnostic function such as maintenance required status or fault conditions. The pilot valves are equipped with a manual override. If the device housing is closed, the patented magnetically encoded manual override tool can be used to open the process valve from the exterior. Bus communication is available with AS-interface, IO-Link or büS/CANopen.",,卫生过程；食品饮料；制药,HIGH,制药设备阀门自动化/状态反馈,CURRENT,CHINA_PAGE_AND_ZH_DATASHEET,https://www.burkert.com/en/type/8681,https://www.burkert.com.cn/cn/type/8681,https://www.burkert.com/en/Media/plm/DTS/DS/ds8681-standard-eu-en.pdf?id=DTS0000000000000001000140628ENP,https://www.burkert.com/en/Media/plm/DTS/DS/ds8681-standard-cn-zh.pdf2?id=DTS0000000000000001000619150ZHC,2026-06-09,A,"Global official Type page is the product master. China visibility indicates public page/document visibility only, not stock, origin or lead time. Official category paths: Process and Control Valves > Process Valve Automation > ON/OFF | Process and Control Valves > Shut-off Valves (On/Off) > Pneumatic Control | Industrial Communication > EDIP > EDIP capable products | Industrial Communication > IO-Link > IO-Link capable products | Industrial Communication > ASi > ASi capable products."
8685,Control- and feedback head for integrated mounting on Robolux valves Type 2036,可一体化安装于 Robolux 阀门 2036 型上的控制按钮和反馈按钮,过程与控制阀,Hygienic / Pharma / Hydrogen / Speciality Process Valves > Robolux / Multiport valve,Robolux / Multiport valve,"Feedback Type 8685 and control head Type 8686 are optimized for integrated mounting on pneumatically operated actuators Type 2036 Robolux. The adjustment to the individual actuator size is done through DIP-switches. As compact units the devices contain the complete automation functionality of both individually operated actuator pistons. Depending on the conﬁguration, electrical and visual position feedback is done by non-contact switches and LEDs, integrated pilot valves control the actuator pistons and AS-interface communication is available. In this way a complete concept for decentralized automation is feasible. The compact body is especially distinguished by its hygienic design, materials being chemically resistant against cleaning media and a proven IP protection. In addition the Control Head Type 8686 features an integrated compressed air ﬁlter to protect the pilot valve function against particles through the compressed air supply.",空气,卫生过程；制药,HIGH,制药设备阀门自动化/状态反馈,CURRENT,CHINA_PAGE_ONLY,https://www.burkert.com/en/type/8685,https://www.burkert.com.cn/cn/type/8685,https://www.burkert.com/en/Media/plm/DTS/DS/ds8685-headrobolux-eu-en.pdf?id=DTS0000000000000001000216207ENH,,2026-06-09,A,"Global official Type page is the product master. China visibility indicates public page/document visibility only, not stock, origin or lead time. Official category paths: Process and Control Valves > Hygienic / Pharma / Hydrogen / Speciality Process Valves > Robolux / Multiport valve | Process and Control Valves > Process Valve Automation > ON/OFF | Process and Control Valves > Shut-off Valves (On/Off) > Pneumatic Control | Industrial Communication > ASi > ASi capable products."
8686,Control- and feedback head for integrated mounting on Robolux valves Type 2036,可一体化安装于 Robolux 阀门 2036 型上的控制按钮和反馈按钮,过程与控制阀,Hygienic / Pharma / Hydrogen / Speciality Process Valves > Robolux / Multiport valve,Robolux / Multiport valve,"Feedback Type 8685 and control head Type 8686 are optimized for integrated mounting on pneumatically operated actuators Type 2036 Robolux. The adjustment to the individual actuator size is done through DIP-switches. As compact units the devices contain the complete automation functionality of both individually operated actuator pistons. Depending on the conﬁguration the electrical and visual position feedback is done by non-contact switches and LEDs. Integrated pilot valves control the actuator pistons and AS-interface communication is available. In this way a complete concept for decentralized automation is feasible. The compact body is especially destinguished by its hygienic design, materials beeing chemically resistant against cleaning media and a proven IP protection. In addition the Control Head Type 8686 features an integrated compressed air ﬁlter to protect the pilot valve function against particles through the compressed air supply.",空气,卫生过程；制药,HIGH,制药设备阀门自动化/状态反馈,CURRENT,CHINA_PAGE_ONLY,https://www.burkert.com/en/type/8686,https://www.burkert.com.cn/cn/type/8686,,,2026-06-09,A,"Global official Type page is the product master. China visibility indicates public page/document visibility only, not stock, origin or lead time. Official category paths: Process and Control Valves > Hygienic / Pharma / Hydrogen / Speciality Process Valves > Robolux / Multiport valve | Process and Control Valves > Shut-off Valves (On/Off) > Pneumatic Control | Process and Control Valves > Process Valve Automation > ON/OFF | Industrial Communication > ASi > ASi capable products."
8690,Pneumatic control unit for decentralised automation of process valves ELEMENT,适用于 ELEMENT 过程阀离散自动化的气动控制装置,过程与控制阀,Hygienic / Pharma / Hydrogen / Speciality Process Valves > T-valves,T-valves,"The pneumatic control unit Type 8690 is designed for decentralised automation of ELEMENT Type 21xx pneumatic process valves. Mechanical or inductive limit switches register the valve position. The integrated pilot valve controls single or double-acting actuators. The design of the control unit and the actuator enables an integrated pilot air duct without external tubings. Besides the electrical position feedback, the status of the device is shown directly on the pneumatic control unit itself. The housing is easy to clean and features proven IP protection and chemically resistant materials for use in hygienic processing, in food, beverage and pharmaceutical industries. Focused on wash down applications, the IP protection of the housing is supported by a positive pressure inside the control head. Combined with Bürkert ELEMENT actuators, the pneumatic actuating system enables spring chamber aeration that avoids actuator chamber contamination from the environment.",空气,卫生过程；食品饮料；制药,HIGH,制药设备阀门自动化/状态反馈,CURRENT,CHINA_PAGE_ONLY,https://www.burkert.com/en/type/8690,https://www.burkert.com.cn/cn/type/8690,https://www.burkert.com/en/Media/plm/DTS/DS/ds8690-standard-eu-en.pdf?id=DTS0000000000000001000108879ENAC,,2026-06-09,A,"Global official Type page is the product master. China visibility indicates public page/document visibility only, not stock, origin or lead time. Official category paths: Process and Control Valves > Hygienic / Pharma / Hydrogen / Speciality Process Valves > T-valves | Process and Control Valves > Shut-off Valves (On/Off) > Pneumatic Control | Process and Control Valves > Process Valve Automation > ON/OFF | Process and Control Valves > Hygienic / Pharma / Hydrogen / Speciality Process Valves > Tank Bottom Valves."
8691,Control head for decentralised automation of ELEMENT process valves,适用于 ELEMENT 过程阀离散自动化的控制头,过程与控制阀,Process Valve Automation > ON/OFF,ON/OFF,"The device Type 8691 control head is designed for decentralised automation of ELEMENT Type 21xx pneumatic process valves. The valve position is registered via a contact-free, analogue sensor element which automatically detects and saves the valve end position using the Teach function during start-up. The integrated pilot valve controls single or double-acting actuators. An optional communication interface, AS-Interface, IO-Link or büS (based on CANopen) can be selected. The design of the control head and the actuator permits integrated pilot air duct without external piping. Besides the electrical position feedback, the device status is shown directly on the control head itself through coloured powerful LEDs, even in difficult ambient conditions. The housing is easy to clean and features proven IP protection and chemically resistant materials for use in hygienic processing in the food, beverage and pharmaceutical industries. Focused on plant wash-down applications, the IP protection of the housing is supported by positive pressure inside the control head. Combined with Bürkert ELEMENT actuators, the pneumatic actuating system enables spring chamber aeration that avoids actuator chamber contamination from the environment.",空气,卫生过程；食品饮料；制药,HIGH,制药设备阀门自动化/状态反馈,CURRENT,CHINA_PAGE_AND_ZH_DATASHEET,https://www.burkert.com/en/type/8691,https://www.burkert.com.cn/cn/type/8691,https://www.burkert.com/en/Media/plm/DTS/DS/ds8691-standard-eu-en.pdf?id=DTS0000000000000001000110599ENAO,https://www.burkert.com/en/Media/plm/DTS/DS/ds8691-element-cn-zh.pdf?id=DTS0000000000000001000398576ZHG,2026-06-09,A,"Global official Type page is the product master. China visibility indicates public page/document visibility only, not stock, origin or lead time. Official category paths: Process and Control Valves > Process Valve Automation > ON/OFF | Process and Control Valves > Hygienic / Pharma / Hydrogen / Speciality Process Valves > Tank Bottom Valves | Process and Control Valves > Shut-off Valves (On/Off) > Pneumatic Control | Process and Control Valves > Hygienic / Pharma / Hydrogen / Speciality Process Valves > T-valves | Industrial Communication > EDIP > EDIP capable products | Industrial Communication > IO-Link > IO-Link capable products | Industrial Communication > ASi > ASi capable products."
8692,Digital electropneumatic positioner for integrated mounting on process control valves,适用于集成加装到过程控制阀的数字电动气动式位置调节器,过程与控制阀,Process Valve Automation > Control,Control,"The compact positioner device Type 8692 is optimised for integrated mounting on the pneumatic actuators in the process valve series Type 23xx/2103 and is specially designed for the requirements of a hygienic process environment. The pilot air duct is integrated into the actuator without external piping. The easy operation and the selection of additional software functions are carried out either on a big graphic display with backlight and keypad or via the COMMUNICATOR. The positioner registers the valve position without deterioration via a contact-free, analogue position sensor. The integrated diagnostics function are used to monitor control valve operating conditions. Valve diagnostic messages via status signals are issued in accordance with NE107 (NAMUR) and recorded as historical entries. The housing is easy to clean and features proven IP protection and chemically resistant materials for use in hygienic processing in the food, beverage and pharmaceutical industries. Combined with Bürkert ELEMENT actuators, the pneumatic actuating system enables spring chamber aeration that avoids actuator chamber contamination from the environment.",空气,卫生过程；食品饮料；制药,HIGH,制药设备阀门自动化/状态反馈,CURRENT,CHINA_PAGE_AND_ZH_DATASHEET,https://www.burkert.com/en/type/8692,https://www.burkert.com.cn/cn/type/8692,https://www.burkert.com/en/Media/plm/DTS/DS/ds8692-standard-eu-en.pdf?id=DTS0000000000000001000110876ENAG,https://www.burkert.com/en/Media/plm/DTS/DS/ds8692-standard-cn-zh.pdf?id=DTS0000000000000001000551311ZHB,2026-06-09,A,"Global official Type page is the product master. China visibility indicates public page/document visibility only, not stock, origin or lead time. Official category paths: Process and Control Valves > Process Valve Automation > Control | Process and Control Valves > Control Valves > Positioners / Process Controllers > ELEMENT Positioner / Process Controllers | Industrial Communication > EDIP > EDIP capable products | Industrial Communication > PROFINET > PROFINET capable products | Industrial Communication > EtherNet/IP > EtherNet/IP capable products."
8693,Digital electropneumatic process controller for integrated mounting on process control valves,适用于集成安装到过程控制阀上的数字式电动气动过程控制器,过程与控制阀,Control Valves > Positioners / Process Controllers > ELEMENT Positioner / Process Controllers,ELEMENT Positioner / Process Controllers,"The compact process controller device Type 8693 is optimised for integrated mounting on the pneumatic actuators in the Type 23xx/2103 process valve series and is specially designed for the requirements of a hygienic process environment. The actual value of the process factor is directly supplied to the device as 4-20 mA, PT100 or a frequency signal. The process controller calculates the set-point for the subordinated positioner based on the variance comparison. Via the analogue feedback, all analogue values on the control levels can be transferred. The integrated diagnostic functions are used to monitor control valve operating conditions. Valve diagnostic messages via status signals are issued in accordance with NE107 (NAMUR) and recorded as historical entries. The parameterisation of process controller and positioner can be carried out automatically. The easy operation and the selection of additional software functions are carried out either via the large graphic display with backlight and keypad or via COMMUNICATOR. The positioner registers the valve position without deterioration via a contact-free, analogue position sensor. The actuation of single or double-acting actuators is carried out without internal air consumption. Communication interfaces such as PROFIBUS DP-V1, EtherNet/IP, PROFINET, Modbus TCP, büS (based on CANopen) and analogue as well as digital feedback are optionally available.",空气,卫生过程,HIGH,制药设备阀门自动化/状态反馈,CURRENT,CHINA_PAGE_ONLY,https://www.burkert.com/en/type/8693,https://www.burkert.com.cn/cn/type/8693,https://www.burkert.com/en/Media/plm/DTS/DS/ds8693-standard-eu-en.pdf?id=DTS0000000000000001000110929ENAE,,2026-06-09,A,"Global official Type page is the product master. China visibility indicates public page/document visibility only, not stock, origin or lead time. Official category paths: Process and Control Valves > Control Valves > Positioners / Process Controllers > ELEMENT Positioner / Process Controllers | Process and Control Valves > Process Valve Automation > Control | Industrial Communication > EDIP > EDIP capable products | Industrial Communication > PROFINET > PROFINET capable products | Industrial Communication > EtherNet/IP > EtherNet/IP capable products."
8694,Digital electropneumatic positioner for integrated mounting on process control valves,适用于集成安装到过程控制阀上的数字式电动气动位置调节器,过程与控制阀,Process Valve Automation > Control,Control,"Compact positioner for integrated mounting on pneumatically controlled process control valves. The set-point value setting default occurs via standard signal 4-20 mA and/or via AS interface. A sensor element with contactless function records the valve spindle position. Simple start-up via automatic TUNE function and setting with the aid of DIP switch: sealing threshold, characteristic selection, inversion of direction, manual/automatic operating state switchover, digital input. Additional options available for parametrising using device DTM. A software interface can be used for the linearisation of the operating characteristic with the aid of a freely programmable characteristic, amongst other things. The status indicator functions using LEDs. An analogue position feedback can be optionally integrated.",空气,Process Valve Automation > Control,MEDIUM,制药设备阀门自动化/状态反馈,CURRENT,CHINA_PAGE_AND_ZH_DATASHEET,https://www.burkert.com/en/type/8694,https://www.burkert.com.cn/cn/type/8694,https://www.burkert.com/en/Media/plm/DTS/DS/ds8694-standard-eu-en.pdf?id=DTS0000000000000001000110879ENX,https://www.burkert.com/en/Media/plm/DTS/DS/ds8694-standard-cn-zh.pdf?id=DTS0000000000000001000551315ZHC,2026-06-09,A,"Global official Type page is the product master. China visibility indicates public page/document visibility only, not stock, origin or lead time. Official category paths: Process and Control Valves > Process Valve Automation > Control | Process and Control Valves > Control Valves > Positioners / Process Controllers > ELEMENT Positioner / Process Controllers | Industrial Communication > EDIP > EDIP capable products | Industrial Communication > IO-Link > IO-Link capable products | Industrial Communication > ASi > ASi capable products."
8695,Control head for decentralised automation of ELEMENT process valves,适用于 ELEMENT 过程阀离散自动化的控制头,过程与控制阀,Shut-off Valves (On/Off) > Pneumatic Control,Pneumatic Control,"The device key 8695 control head is designed for decentralised automation of ELEMENT Type 21xx pneumatic process valves with smaller nominal diameters. The valve position is registered via contact-free, analogue sensor element which automatically detects and saves the valve end position via the Teach function during start-up. The integrated pilot valve controls single or double-acting actuators. The design of the control head and actuator is specially configured for the requirements of hygienic process environments and enables internal pilot air duct routing without external piping. In addition to the electrical position feedback, the device status is shown directly on the control head itself via coloured LEDs. An optional AS-Interface communication interface can be selected. The housing is easy to clean and features proven IP protection and chemically resistant materials for use in hygienic processing in the food, beverage and pharmaceutical industries. Combined with Bürkert ELEMENT actuators, the pneumatic actuating system enables spring chamber aeration that avoids actuator chamber contamination from the environment.",空气,卫生过程；食品饮料；制药,HIGH,制药设备阀门自动化/状态反馈,CURRENT,CHINA_PAGE_ONLY,https://www.burkert.com/en/type/8695,https://www.burkert.com.cn/cn/type/8695,https://www.burkert.com/en/Media/plm/DTS/DS/ds8695-standard-eu-en.pdf?id=DTS0000000000000001000110880ENY,,2026-06-09,A,"Global official Type page is the product master. China visibility indicates public page/document visibility only, not stock, origin or lead time. Official category paths: Process and Control Valves > Shut-off Valves (On/Off) > Pneumatic Control | Process and Control Valves > Hygienic / Pharma / Hydrogen / Speciality Process Valves > Tank Bottom Valves | Process and Control Valves > Hygienic / Pharma / Hydrogen / Speciality Process Valves > T-valves | Process and Control Valves > Process Valve Automation > ON/OFF | Industrial Communication > EDIP > EDIP capable products | Industrial Communication > IO-Link > IO-Link capable products | Industrial Communication > ASi > ASi capable products."
8696,Digital electropneumatic positioner for integrated mounting on process control valves,适用于集成安装到过程控制阀上的数字式电动气动位置调节器,过程与控制阀,Control Valves > Positioners / Process Controllers > ELEMENT Positioner / Process Controllers,ELEMENT Positioner / Process Controllers,"Compact positioner for integrated mounting on pneumatically controlled process control valves. The set-point value setting default occurs via standard signal 4-20 mA. A sensor element with contactless function records the valve spindle position. Simple start-up via automatic TUNE function and setting with the aid of DIP switch: sealing threshold, characteristic selection, inversion of direction, manual/automatic operating state switchover, digital input. A software interface can be used for the linearisation of the operating characteristic with the aid of a freely programmable characteristic, amongst other things. The status indicator functions using LEDs. An analogue position feedback can be optionally integrated.",空气,Control Valves > Positioners / Process Controllers > ELEMENT Positioner / Process Controllers,MEDIUM,制药设备阀门自动化/状态反馈,CURRENT,CHINA_PAGE_ONLY,https://www.burkert.com/en/type/8696,https://www.burkert.com.cn/cn/type/8696,https://www.burkert.com/en/Media/plm/DTS/DS/ds8696-standard-eu-en.pdf?id=DTS0000000000000001000110889ENU,,2026-06-09,A,"Global official Type page is the product master. China visibility indicates public page/document visibility only, not stock, origin or lead time. Official category paths: Process and Control Valves > Control Valves > Positioners / Process Controllers > ELEMENT Positioner / Process Controllers | Process and Control Valves > Process Valve Automation > Control | Industrial Communication > EDIP > EDIP capable products | Industrial Communication > IO-Link > IO-Link capable products."
8697,Pneumatic control unit for decentralised automation of process valves ELEMENT,适用于 ELEMENT 过程阀离散自动化的气动控制装置,过程与控制阀,Process Valve Automation > ON/OFF,ON/OFF,"The Type 8697 pneumatic control unit is designed for decentralised automation of ELEMENT Type 21xx pneumatic process valves. Mechanical or inductive limit switches record the valve position. The integrated pilot valve controls single-acting actuators. The design of the control unit and the actuator permits an integrated pilot air duct without external piping. As well as the electrical position feedback, the device status is displayed by LEDs on the pneumatic control unit itself. The housing is easy to clean and features proven IP protection and chemically resistant materials for use in hygienic processing in the food, beverage and pharmaceutical industries. Combined with Bürkert ELEMENT actuators, the pneumatic actuating system enables spring chamber aeration that avoids actuator chamber contamination from the environment.",空气,卫生过程；食品饮料；制药,HIGH,制药设备阀门自动化/状态反馈,CURRENT,CHINA_PAGE_AND_ZH_DATASHEET,https://www.burkert.com/en/type/8697,https://www.burkert.com.cn/cn/type/8697,https://www.burkert.com/en/Media/plm/DTS/DS/ds8697-standard-eu-en.pdf?id=DTS0000000000000001000215412ENAA,https://www.burkert.com/en/Media/plm/DTS/DS/ds8697-standard-cn-zh.pdf?id=DTS0000000000000001000659466ZHD,2026-06-09,A,"Global official Type page is the product master. China visibility indicates public page/document visibility only, not stock, origin or lead time. Official category paths: Process and Control Valves > Process Valve Automation > ON/OFF | Process and Control Valves > Hygienic / Pharma / Hydrogen / Speciality Process Valves > T-valves | Process and Control Valves > Hygienic / Pharma / Hydrogen / Speciality Process Valves > Tank Bottom Valves | Process and Control Valves > Shut-off Valves (On/Off) > Pneumatic Control."
8700,Mass flowmeter for gases (MFM),气体质量流量计 (MFM),传感器、变送器与控制器,Flow > Thermal mass flow meter,Thermal mass flow meter,"The mass flow meter (MFM) Type 8700 is suitable for measuring aggressive gases, gas mixtures and in the area of application for alternating gases. A thermal capillary sensor, with sensor elements not in contact with medium, is used for this. The forms in contact with medium are made of high-quality stainless steel and FFKM as a seal material for high chemical resistance. The 8700 can optionally be calibrated for two different gases; the user can toggle between these two gases. As electrical interfaces both, analogue standard signals and fieldbuses are available.",气体；腐蚀性介质,Flow > Thermal mass flow meter,MEDIUM,WFI/PW及CIP流量监控,CURRENT,CHINA_PAGE_ONLY,https://www.burkert.com/en/type/8700,https://www.burkert.com.cn/cn/type/8700,https://www.burkert.com/en/Media/plm/DTS/DS/ds8700-standard-eu-en.pdf?id=DTS0000000000000001000095930ENK,,2026-06-09,A,"Global official Type page is the product master. China visibility indicates public page/document visibility only, not stock, origin or lead time. Official category paths: Sensors, Transmitters and Controllers > Flow > Thermal mass flow meter | Mass Flow Controllers > Mass Flow Meters (Gas)."
8701,Mass flowmeter for Gases (MFM),气体质量流量测量仪 (MFM),传感器、变送器与控制器,Flow > Thermal mass flow meter,Thermal mass flow meter,"The mass flow meter (MFM) Type 8701 is suited for measuring the mass flow of gases over a big flow range. The thermal MEMS sensor is located directly in the gas stream and therefore reaches very fast response times. Type 8701 can optionally be calibrated for two different gases; the user can switch between these two gases. As electrical interfaces both, analog standard signals and fieldbuses are available.",气体,Flow > Thermal mass flow meter,MEDIUM,WFI/PW及CIP流量监控,CURRENT,CHINA_PAGE_ONLY,https://www.burkert.com/en/type/8701,https://www.burkert.com.cn/cn/type/8701,https://www.burkert.com/en/Media/plm/DTS/DS/ds8701-standard-eu-en.pdf?id=DTS0000000000000001000019862ENT,,2026-06-09,A,"Global official Type page is the product master. China visibility indicates public page/document visibility only, not stock, origin or lead time. Official category paths: Sensors, Transmitters and Controllers > Flow > Thermal mass flow meter | Mass Flow Controllers > Mass Flow Meters (Gas)."
8702,Mass Flow Meter for Gases (MFM),气体质量流量测量仪 (MFM),质量流量控制器与流量计,Mass Flow Meters (Gas),Mass Flow Meters (Gas),"The mass flow meter (MFM) Type 8702 is suited for measuring the mass flow of gases over a big flow range. The thermal MEMS sensor is located directly in the gas stream and therefore reaches very fast response times. Type 8702 can optionally be calibrated for two different gases; the user can switch between these two gases. As electrical interfaces both, analog standard signals and fieldbuses are available. Type 8712 is especially designed for use in harsh environments due to the high degree of protection.",气体,Mass Flow Meters (Gas),MEDIUM,发酵/生物反应器供气,CURRENT,CHINA_PAGE_ONLY,https://www.burkert.com/en/type/8702,https://www.burkert.com.cn/cn/type/8702,https://www.burkert.com/en/Media/plm/DTS/DS/ds8702-standard-eu-en.pdf?id=DTS0000000000000001000011286ENS,,2026-06-09,A,"Global official Type page is the product master. China visibility indicates public page/document visibility only, not stock, origin or lead time. Official category paths: Mass Flow Controllers > Mass Flow Meters (Gas) | Sensors, Transmitters and Controllers > Flow > Thermal mass flow meter."
8703,Mass flow meter for gases (MFM),气体质量流量测量仪 (Mass Flow Meter),传感器、变送器与控制器,Flow > Thermal mass flow meter,Thermal mass flow meter,"The mass flow meter (MFM) Type 8703 is suited for measuring the mass flow of gases over a big flow range. The thermal MEMS sensor is located directly in the gas stream and therefore reaches very fast response times. Type 8703 can optionally be calibrated for two different gases; the user can switch between these two gases. The communication with master devices is fully digital, therefore no further analog/digital conversions are needed.",气体,Flow > Thermal mass flow meter,MEDIUM,WFI/PW及CIP流量监控,CURRENT,CHINA_PAGE_ONLY,https://www.burkert.com/en/type/8703,https://www.burkert.com.cn/cn/type/8703,https://www.burkert.com/en/Media/plm/DTS/DS/ds8703-standard-eu-en.pdf?id=DTS0000000000000001000085464ENL,,2026-06-09,A,"Global official Type page is the product master. China visibility indicates public page/document visibility only, not stock, origin or lead time. Official category paths: Sensors, Transmitters and Controllers > Flow > Thermal mass flow meter | Mass Flow Controllers > Mass Flow Meters (Gas)."
8705,Mass Flow Meter (MFM) for Gases,气体质量流量测量仪 (Mass Flow Meter),质量流量控制器与流量计,Mass Flow Meters (Gas),Mass Flow Meters (Gas),"The mass flow meter (MFM) type 8705 is especially suited for measuring the mass flow of aggressive gases, which need a sensor which is not in direct contact with the gas. The thermal capillary sensor reaches fast response times. Type 8705 can optionally be calibrated for two different gases; the user can switch between these two gases. The communication with master devices is fully digital, therefore no further analog/digital conversions are needed.",气体；腐蚀性介质,Mass Flow Meters (Gas),MEDIUM,发酵/生物反应器供气,CURRENT,CHINA_PAGE_ONLY,https://www.burkert.com/en/type/8705,https://www.burkert.com.cn/cn/type/8705,https://www.burkert.com/en/Media/plm/DTS/DS/ds8705-standard-eu-en.pdf?id=DTS0000000000000001000205124ENF,,2026-06-09,A,"Global official Type page is the product master. China visibility indicates public page/document visibility only, not stock, origin or lead time. Official category paths: Mass Flow Controllers > Mass Flow Meters (Gas) | Sensors, Transmitters and Controllers > Flow > Thermal mass flow meter."
8708,Liquid flowmeter (LFM),液体流量测量仪 LFM Liquid Flow Meter,传感器、变送器与控制器,Flow > Differential pressure,Differential pressure,Type 8708 is an instrument for liquid flow control in process technology. The actual value supplied by the sensor is transmitted through the digital electronics and over a standard signal output or a field bus interface. In the device you can save two calibration curves and you can switch between them.,液体,Flow > Differential pressure,MEDIUM,WFI/PW及CIP流量监控,CURRENT,CHINA_PAGE_ONLY,https://www.burkert.com/en/type/8708,https://www.burkert.com.cn/cn/type/8708,https://www.burkert.com/en/Media/plm/DTS/DS/ds8708-lfmstandard-eu-en.pdf?id=DTS0000000000000001000116975ENJ,,2026-06-09,A,"Global official Type page is the product master. China visibility indicates public page/document visibility only, not stock, origin or lead time. Official category paths: Sensors, Transmitters and Controllers > Flow > Differential pressure | Mass Flow Controllers > Liquid Flow Meters."
8709,Liquid flowmeter (LFM),液体流量测量仪 LFM Liquid Flow Meter,质量流量控制器与流量计,Liquid Flow Meters,Liquid Flow Meters,Type 8709 is a device for liquid flow measurement in process technology. The actual value supplied by the sensor is transmitted through the digital electronics and over a standard signal output or a fi eld bus interface. In the device you can save two calibration curves and you can switch between them.,液体,Liquid Flow Meters,MEDIUM,,CURRENT,CHINA_PAGE_ONLY,https://www.burkert.com/en/type/8709,https://www.burkert.com.cn/cn/type/8709,https://www.burkert.com/en/Media/plm/DTS/DS/ds8709-lfmstandard-eu-en.pdf?id=DTS0000000000000001000116945ENK,,2026-06-09,A,"Global official Type page is the product master. China visibility indicates public page/document visibility only, not stock, origin or lead time. Official category paths: Mass Flow Controllers > Liquid Flow Meters | Sensors, Transmitters and Controllers > Flow > Differential pressure."
8710,Mass flow controller for gases (MFC),气体质量流量控制器 (MFC),质量流量控制器与流量计,Mass Flow Controllers (Gas),Mass Flow Controllers (Gas),"The mass flow controller (MFC) Type 8710 is suitable for controlling aggressive gases, gas mixtures and applications with alternating gases. A thermal capillary sensor, with non-wetted sensor elements, is used for this. The forms in contact with medium are made of high-quality stainless steel and FFKM as seal material for high chemical resistance. Type 8710 can optionally be calibrated for two different gases; the user can switch between these two gases. The MFC achieves high control accuracy thanks to the use of Bürkert proportional valve technology, the application-appropriate layout of the valve orifice and the integrated PI controller. The MFC can be implemented with low pressure loss as required, due to the diversity of the available valve orifices. As electrical interfaces both, analogue standard signals and fieldbuses are available.",气体；腐蚀性介质,Mass Flow Controllers (Gas),MEDIUM,发酵/生物反应器供气,CURRENT,CHINA_PAGE_ONLY,https://www.burkert.com/en/type/8710,https://www.burkert.com.cn/cn/type/8710,https://www.burkert.com/en/Media/plm/DTS/DS/ds8710-standard-eu-en.pdf?id=DTS0000000000000001000095464ENK,,2026-06-09,A,"Global official Type page is the product master. China visibility indicates public page/document visibility only, not stock, origin or lead time. Official category paths: Mass Flow Controllers > Mass Flow Controllers (Gas)."
8711,Mass flow controller for gases (MFC),气体质量流量控制器 (MFC),质量流量控制器与流量计,Mass Flow Controllers (Gas),Mass Flow Controllers (Gas),"The mass flow controller (MFC) Type 8711 is suited for regulating the mass flow of gases over a big flow range. The thermal MEMS sensor is located directly in the gas stream and therefore reaches very fast response times. A direct-acting proportional valve from Bürkert guarantees a high sensitivity. The integrated PI controller ensures outstanding control characteristics of the MFC. Type 8711 can optionally be calibrated for two different gases; the user can switch between these two gases. As electrical interfaces both, analog standard signals and fieldbuses are available. The mass flow controller Type 8711 fits for various applications, like e.g. burner controls, heat treatment, material coatings, bio reactors, fuel cell technology or test benches.",气体,Mass Flow Controllers (Gas),MEDIUM,发酵/生物反应器供气,CURRENT,CHINA_PAGE_ONLY,https://www.burkert.com/en/type/8711,https://www.burkert.com.cn/cn/type/8711,https://www.burkert.com/en/Media/plm/DTS/DS/ds8711-standard-eu-en.pdf?id=DTS0000000000000001000017527ENP,,2026-06-09,A,"Global official Type page is the product master. China visibility indicates public page/document visibility only, not stock, origin or lead time. Official category paths: Mass Flow Controllers > Mass Flow Controllers (Gas)."
8712,Mass Flow Controller for Gases (MFC),气体质量流量控制器 (MFC),质量流量控制器与流量计,Mass Flow Controllers (Gas),Mass Flow Controllers (Gas),"The mass flow controller (MFC) Type 8712 is suited for regulating the mass flow of gases over a big flow range. The thermal MEMS sensor is located directly in the gas stream and therefore reaches very fast response times. A direct-acting proportional valve from Bürkert guarantees a high sensitivity. The integrated PI controller ensures outstanding control characteristics of the MFC. Type 8712 can optionally be calibrated for two different gases; the user can switch between these two gases. As electrical interfaces both, analog standard signals and fieldbuses are available. The mass flow controller type 8712 fits for various applications, like e.g. burner controls, heat treatment, material coatings, bio reactors, fuel cell technology or test benches. This MFC is especially designed for use in harsh environments due to the high degree of protection.",气体,Mass Flow Controllers (Gas),MEDIUM,发酵/生物反应器供气,CURRENT,CHINA_PAGE_ONLY,https://www.burkert.com/en/type/8712,https://www.burkert.com.cn/cn/type/8712,https://www.burkert.com/en/Media/plm/DTS/DS/ds8712-standard-eu-en.pdf?id=DTS0000000000000001000011287ENU,,2026-06-09,A,"Global official Type page is the product master. China visibility indicates public page/document visibility only, not stock, origin or lead time. Official category paths: Mass Flow Controllers > Mass Flow Controllers (Gas)."
8713,Mass flow controller for gases (MFC),气体质量流量控制器 (MFC),质量流量控制器与流量计,Mass Flow Controllers (Gas),Mass Flow Controllers (Gas),"The mass flow controller (MFC) Type 8713 is suited for regulating the mass flow of gases over a big flow range. The thermal MEMS sensor is located directly in the gas stream and therefore reaches very fast response times. A direct-acting proportional valve from Bürkert guarantees a high sensitivity. The integrated PI controller ensures outstanding control characteristics of the MFC. Type 8713 can optionally be calibrated for two different gases; the user can switch between these two gases. The communication with master devices is fully digital, therefore no further analog/digital conversions are needed. The mass flow controller Type 8713 fits for various applications, like e.g. burner controls, heat treatment, material coatings, bio reactors, fuel cell technology or test benches.",气体,Mass Flow Controllers (Gas),MEDIUM,发酵/生物反应器供气,CURRENT,CHINA_PAGE_ONLY,https://www.burkert.com/en/type/8713,https://www.burkert.com.cn/cn/type/8713,https://www.burkert.com/en/Media/plm/DTS/DS/ds8713-standard-eu-en.pdf?id=DTS0000000000000001000085466ENI,,2026-06-09,A,"Global official Type page is the product master. China visibility indicates public page/document visibility only, not stock, origin or lead time. Official category paths: Mass Flow Controllers > Mass Flow Controllers (Gas)."
8715,Mass Flow Controller (MFC) for Gases,气体质量流量调节器 (Mass Flow Controller),质量流量控制器与流量计,Mass Flow Controllers (Gas),Mass Flow Controllers (Gas),"The mass flow controller (MFC) Type 8715 is especially suited for regulating the mass flow of aggressive gases, which need a sensor which is not in direct contact with the gas. The thermal capillary sensor reaches fast response times. A direct-acting proportional valve from Bürkert guarantees a high sensitivity. The integrated PI controller ensures outstanding control characteristics of the MFC. Type 8715 can optionally be calibrated for two different gases; the user can switch between these two gases. The communication with master devices is fully digital, therefore no further analog/digital conversions are needed.",气体；腐蚀性介质,Mass Flow Controllers (Gas),MEDIUM,发酵/生物反应器供气,CURRENT,CHINA_PAGE_ONLY,https://www.burkert.com/en/type/8715,https://www.burkert.com.cn/cn/type/8715,https://www.burkert.com/en/Media/plm/DTS/DS/ds8715-standard-eu-en.pdf2?id=DTS0000000000000001000205028ENF,,2026-06-09,A,"Global official Type page is the product master. China visibility indicates public page/document visibility only, not stock, origin or lead time. Official category paths: Mass Flow Controllers > Mass Flow Controllers (Gas)."
8716,Mass Flow Controller for Gases (MFC),气体质量流量调节器 (MFC),质量流量控制器与流量计,Mass Flow Controllers (Gas),Mass Flow Controllers (Gas),,气体,Mass Flow Controllers (Gas),MEDIUM,发酵/生物反应器供气,CURRENT,CHINA_PAGE_ONLY,https://www.burkert.com/en/type/8716,https://www.burkert.com.cn/cn/type/8716,,,2026-06-09,A,"Global official Type page is the product master. China visibility indicates public page/document visibility only, not stock, origin or lead time. Official category paths: Mass Flow Controllers > Mass Flow Controllers (Gas)."
8718,Liquid flow controller (LFC),液体流量调节器 LFC Liquid Flow Controller,质量流量控制器与流量计,Liquid Flow Controllers,Liquid Flow Controllers,"Type 8718 is a device for liquid flow control in process technology. The measured value provided by the sensor will be compared in the digital control electronics with the predefined set point according to the signal; if a control difference is present, the control value output to the proportional valve will be modified using a PI-control algorithm. In this way, the flow can be maintained at a fixed value or a predefined profile can be followed, regardless of pressure variations or other changes in the system. As a control element, a proportional valve working at low friction guarantees a high sensitivity and the good control characteristics of the unit.",液体,定量/加注,MEDIUM,,CURRENT,CHINA_PAGE_ONLY,https://www.burkert.com/en/type/8718,https://www.burkert.com.cn/cn/type/8718,https://www.burkert.com/en/Media/plm/DTS/DS/ds8718-lfcstandard-eu-en.pdf?id=DTS0000000000000001000116955ENK,,2026-06-09,A,"Global official Type page is the product master. China visibility indicates public page/document visibility only, not stock, origin or lead time. Official category paths: Mass Flow Controllers > Liquid Flow Controllers | Sensors, Transmitters and Controllers > Flow > Differential pressure."
8719,Liquid flow controller (LFC),液体流量控制器,质量流量控制器与流量计,Liquid Flow Controllers,Liquid Flow Controllers,"Type 8719 is a device for liquid flow control in process technology. The measured value provided by the sensor will be compared in the digital control electronics with the predefined set point according to the signal; if a control difference is present, the control value output to the proportional valve will be modified using a PI-control algorithm. In this way, the flow can be maintained at a fixed value or a predefined profile can be followed, regardless of pressure changes or other disturbances in the system. As a control element, a proportional valve working at low friction guarantees the high sensitivity and good control characteristics of the unit.",液体,定量/加注,MEDIUM,,CURRENT,CHINA_PAGE_ONLY,https://www.burkert.com/en/type/8719,https://www.burkert.com.cn/cn/type/8719,https://www.burkert.com/en/Media/plm/DTS/DS/ds8719-lfcstandard-eu-en.pdf?id=DTS0000000000000001000116762ENL,,2026-06-09,A,"Global official Type page is the product master. China visibility indicates public page/document visibility only, not stock, origin or lead time. Official category paths: Mass Flow Controllers > Liquid Flow Controllers | Sensors, Transmitters and Controllers > Flow > Differential pressure."
8735,Multi-channel mass flow controller (MFC)/multi-channel mass flow meter (MFM) for gases,多通道-气体质量流量控制器（MFC）/气体质量流量计（MFM）,传感器、变送器与控制器,Flow > Thermal mass flow meter,Thermal mass flow meter,"Type 8735 forms the basis of the modular and economical multi-channel flow control systems for gases. The semi-standardised modular system consists of assemblies that can be put together flexibly and according to requirements. At the heart of the system are the thermal mass flow controllers / meters (MFCs/MFMs) for gases. Therefore, Type 8735 enables tailor-made solutions without generating long development times and costs. Multi-channel MFC/MFM systems Type 8735 are aimed at applications with several control loops and high volumes. For example, laboratory analysis equipment for spectroscopy or gas chromatography.",气体,分析测量；实验室设备,MEDIUM,WFI/PW及CIP流量监控,CURRENT,CHINA_PAGE_ONLY,https://www.burkert.com/en/type/8735,https://www.burkert.com.cn/cn/type/8735,https://www.burkert.com/en/Media/plm/DTS/DS/ds8735-standard-eu-en.pdf?id=DTS0000000000000001000444910ENH,,2026-06-09,A,"Global official Type page is the product master. China visibility indicates public page/document visibility only, not stock, origin or lead time. Official category paths: Sensors, Transmitters and Controllers > Flow > Thermal mass flow meter | Mass Flow Controllers > Mass Flow Controllers (Gas) | Mass Flow Controllers > Mass Flow Meters (Gas)."
8741,Mass flow controller (MFC)/mass flowmeter (MFM) for gases,气体质量流量控制器 (MFC)/气体质量流量计 (MFM),质量流量控制器与流量计,Mass Flow Meters (Gas),Mass Flow Meters (Gas),"The Type 8741 mass flow controller (MFC)/mass flowmeter (MFM) for gases is suitable for a variety of applications and is available with industrial Ethernet, analogue or fieldbus interfaces. The variant with CANopen-based Bürkert Systembus (büS) is suitable for integration into existing CANopen networks or - in combination with the Type ME43 fieldbus gateway - for integration into all common industry standards for Industrial Ethernet and/or fieldbus. The latter option is tailor-made for applications with many control loops. Up to 32 MFCs or MFMs can be connected to one fieldbus gateway. Type ME43 transmits the internal CANopen-based communication to Industrial Ethernet and fieldbus standards. The mass flow controller/mass flow meter Type 8741 can be switched at any time between büS and CANopen communication. Type 8741 can be configured as an MFM or an MFC according to demand. Furthermore, a Modbus RTU variant is also available. Optionally, up to four calibration curves can be stored in the device. The thermal MEMS sensor is located directly in the gas stream and therefore achieves very fast response times. As the actuator, a Bürkert direct-acting proportional valve guarantees high response sensitivity.",气体,Mass Flow Meters (Gas),MEDIUM,发酵/生物反应器供气,CURRENT,CHINA_PAGE_AND_ZH_DATASHEET,https://www.burkert.com/en/type/8741,https://www.burkert.com.cn/cn/type/8741,https://www.burkert.com/en/Media/plm/DTS/DS/ds8741-standard-eu-en.pdf?id=DTS0000000000000001000222224ENAK,https://www.burkert.com/en/Media/plm/DTS/DS/ds8741-standard-cn-zh.pdf?id=DTS0000000000000001000434212ZHJ,2026-06-09,A,"Global official Type page is the product master. China visibility indicates public page/document visibility only, not stock, origin or lead time. Official category paths: Mass Flow Controllers > Mass Flow Meters (Gas) | Mass Flow Controllers > Mass Flow Controllers (Gas) | Sensors, Transmitters and Controllers > Flow > Thermal mass flow meter | Industrial Communication > EDIP > EDIP capable products | Industrial Communication > PROFINET > PROFINET capable products | Industrial Communication > EtherNet/IP > EtherNet/IP capable products."
8742,Mass flow controller (MFC)/mass flowmeter (MFM) for gases,气体质量流量控制器 (MFC)/气体质量流量计 (MFM),传感器、变送器与控制器,Flow > Thermal mass flow meter,Thermal mass flow meter,"The mass flow controller (MFC)/mass flow meter (MFM) Type 8742 for gases is suitable for a wide range of applications, e.g. metal and glass manufacturing or processing, fermentation processes, test benches or filling systems and packaging machines. Type 8742 is available in two variants: The variant with several analogue or digital (communication) interfaces and the variant with only a CANopen-based interface. The latter is suitable for integration into existing CANopen networks or - in combination with the fieldbus gateway Type ME43 - for integration in all common industry standards for Industrial Ethernet or fieldbus. This variant is tailor-made for applications with many control loops. Up to 32 MFCs/ MFMs can be connected to one fieldbus gateway. Type ME43 transmits the internal CANopen-based communication to Industrial Ethernet and fieldbus standards. The Mass Flow Controller / Mass Flow Meter can always be switched between büS and CANopen communication. Type 8742 can be configured as required as an MFM or MFC. Optionally, up to four calibration curves can be stored in the device. The thermal MEMS sensor is located directly in the gas flow and achieves very fast response times and the highest level of measuring accuracy, with long-term stable calibration. As the actuator, a Bürkert direct-acting proportional valve guarantees high response sensitivity. The integrated PI controller ensures excellent control characteristics of the MFC. Type 8742 is especially designed for use in harsh environments thanks to its high IP degree of protection and explosion protection.",气体,发酵；包装,MEDIUM,WFI/PW及CIP流量监控,CURRENT,CHINA_PAGE_AND_ZH_DATASHEET,https://www.burkert.com/en/type/8742,https://www.burkert.com.cn/cn/type/8742,https://www.burkert.com/en/Media/plm/DTS/DS/ds8742-standard-eu-en.pdf?id=DTS0000000000000001000236628ENAJ,https://www.burkert.com/en/Media/plm/DTS/DS/ds8742-standard-cn-zh.pdf?id=DTS0000000000000001000391641ZHE,2026-06-09,A,"Global official Type page is the product master. China visibility indicates public page/document visibility only, not stock, origin or lead time. Official category paths: Sensors, Transmitters and Controllers > Flow > Thermal mass flow meter | Mass Flow Controllers > Mass Flow Controllers (Gas) | Mass Flow Controllers > Mass Flow Meters (Gas) | Industrial Communication > EDIP > EDIP capable products | Industrial Communication > PROFINET > PROFINET capable products | Industrial Communication > EtherNet/IP > EtherNet/IP capable products."
8743,Type 8743 Mass Flow Controller (MFC)/ Mass Flow Meter (MFM) for Gases,气体质量流量控制器 (MFC)/气体质量流量计 (MFM),传感器、变送器与控制器,Flow > Thermal mass flow meter,Thermal mass flow meter,"The Type 8743 mass flow controller (MFC)/mass flow meter (MFM) is suitable for controlling or measuring aggressive gases, gas mixtures and in the area of application for alternating gases. A thermal capillary sensor, with non-wetted sensor elements, is used for this. This also enables easy conversion to the process gas in question. The wetted parts are made of high-quality stainless steel and FFKM as seal material for high chemical resistance. The MFC variant achieves high control accuracy thanks to the use of Bürkert proportional valve technology and the application-appropriate layout of the valve orifice. The MFC can be implemented with low pressure loss as required, due to the diversity of the available valve orifices. These MFCs and MFMs either communicate the set-point and actual values of the flow value via an analogue interface, or other values, as well as the set-point and actual values, that can be selected via software via an Ethernet interface. Type 8744 represents the IP65 variant of the Type 8743 and contains the CAN-based büS variant for integration into CAN or büS networks. A wide range of devices can easily and efficiently be integrated into the control level in this way via an Ethernet gateway. The communication data is configured via the Bürkert Communicator software.",气体；腐蚀性介质,Flow > Thermal mass flow meter,MEDIUM,WFI/PW及CIP流量监控,CURRENT,CHINA_PAGE_AND_ZH_DATASHEET,https://www.burkert.com/en/type/8743,https://www.burkert.com.cn/cn/type/8743,https://www.burkert.com/en/Media/plm/DTS/DS/ds8743-standard-eu-en.pdf?id=DTS0000000000000001000590606ENO,https://www.burkert.com/en/Media/plm/DTS/DS/ds8743-standard-cn-zh.pdf?id=DTS0000000000000001000618993ZHC,2026-06-09,A,"Global official Type page is the product master. China visibility indicates public page/document visibility only, not stock, origin or lead time. Official category paths: Sensors, Transmitters and Controllers > Flow > Thermal mass flow meter | Mass Flow Controllers > Mass Flow Controllers (Gas) | Mass Flow Controllers > Mass Flow Meters (Gas) | Industrial Communication > PROFINET > PROFINET capable products | Industrial Communication > EtherNet/IP > EtherNet/IP capable products."
8744,Type 8744 Mass Flow Controller (MFC)/ Mass Flow Meter (MFM) for Gases,气体质量流量控制器 (MFC)/气体质量流量计 (MFM),质量流量控制器与流量计,Mass Flow Controllers (Gas),Mass Flow Controllers (Gas),"The Type 8744 mass flow controller (MFC)/mass flow meter (MFM) is suitable for controlling or measuring aggressive gases, gas mixtures and in the area of application for alternating gases. A thermal capillary sensor, with non-wetted sensor elements, is used for this. This also enables easy conversion to the process gas in question. The wetted parts are made of high-quality stainless steel and FFKM as seal material for high chemical resistance. The MFC variant achieves high control accuracy thanks to the use of Bürkert proportional valve technology and the application-appropriate layout of the valve orifice. The MFC can be implemented with low pressure loss as required, due to the diversity of the available valve orifices. These MFCs and MFMs either communicate the set-point and actual values of the flow value via an analogue interface, or other values, as well as the set-point and actual values, that can be selected via software via an Industrial Ethernet interface. Type 8744 represents the IP65 variant of the Type 8743 and contains the CAN-based büS variant for integration into CAN or büS networks. A wide range of devices can easily and efficiently be integrated into the control level in this way via an Ethernet gateway. The communication data is configured via the Bürkert Communicator software.",气体；腐蚀性介质,Mass Flow Controllers (Gas),MEDIUM,发酵/生物反应器供气,CURRENT,CHINA_PAGE_AND_ZH_DATASHEET,https://www.burkert.com/en/type/8744,https://www.burkert.com.cn/cn/type/8744,https://www.burkert.com/en/Media/plm/DTS/DS/ds8744-standard-eu-en.pdf?id=DTS0000000000000001000592376ENJ,https://www.burkert.com/en/Media/plm/DTS/DS/ds8744-standard-cn-zh.pdf?id=DTS0000000000000001000618997ZHB,2026-06-09,A,"Global official Type page is the product master. China visibility indicates public page/document visibility only, not stock, origin or lead time. Official category paths: Mass Flow Controllers > Mass Flow Controllers (Gas) | Mass Flow Controllers > Mass Flow Meters (Gas) | Industrial Communication > EDIP > EDIP capable products | Sensors, Transmitters and Controllers > Flow > Thermal mass flow meter."
8745,Mass flow controller (MFC)/mass flowmeter (MFM) for gases,气体质量流量控制器 (MFC)/气体质量流量计 (MFM),质量流量控制器与流量计,Mass Flow Controllers (Gas),Mass Flow Controllers (Gas),"The mass flow controller (MFC)/mass flowmeter (MFM) type 8745 is suitable for controlling the mass flow of large gas quantities. Type 8745 can be configured as MFM or MFC according to demand. Optionally, up to four calibration curves can be stored in the device. The thermal inline sensor located directly in the main gas stream achieves very fast response times with minimal pressure loss. As the actuator, a Bürkert direct-acting proportional valve guarantees high response sensitivity. As an MFC, type 8745 is available in two variants: with electromagnetic proportional valve and with electromechanical proportional valve. In addition to an analogue and an industrial ethernet variant, a Modbus RTU variant is also available.",气体,Mass Flow Controllers (Gas),MEDIUM,发酵/生物反应器供气,CURRENT,CHINA_PAGE_AND_ZH_DATASHEET,https://www.burkert.com/en/type/8745,https://www.burkert.com.cn/cn/type/8745,https://www.burkert.com/en/Media/plm/DTS/DS/ds8745-standard-eu-en.pdf?id=DTS0000000000000001000338235ENW,https://www.burkert.com/en/Media/plm/DTS/DS/ds8745-standard-cn-zh.pdf?id=DTS0000000000000001000391643ZHG,2026-06-09,A,"Global official Type page is the product master. China visibility indicates public page/document visibility only, not stock, origin or lead time. Official category paths: Mass Flow Controllers > Mass Flow Controllers (Gas) | Mass Flow Controllers > Mass Flow Meters (Gas) | Sensors, Transmitters and Controllers > Flow > Thermal mass flow meter | Industrial Communication > PROFINET > PROFINET capable products | Industrial Communication > EtherNet/IP > EtherNet/IP capable products."
8746,Mass flow controller (MFC)/mass flowmeter (MFM) for gases,气体质量流量控制器 (MFC)/气体质量流量计 (MFM),质量流量控制器与流量计,Mass Flow Controllers (Gas),Mass Flow Controllers (Gas),"The mass flow controller (MFC)/mass flow meter (MFM) Type 8746 for gases is suitable for a wide range of applications, e.g. metal and glass manufacturing or processing, fermentation processes, test benches or filling systems and packaging machines. Type 8746 is available in two variants: a variant with several analogue or digital communication interfaces and a variant with a pure CANopen-based interface. The latter is suitable for integration into existing CANopen networks or - in combination with a Bürkert fieldbus gateway - for integration in all common industry standards for Industrial Ethernet or fieldbus. This variant is tailor-made for applications with many control loops. Up to 32 MFCs / MFMs can be connected to one fieldbus gateway. The gateway transmits the internal CANopen-based communication to Industrial Ethernet and fieldbus standards. The mass flow controller / mass flow meter can always be switched between büS and CANopen communication. Type 8746 can be configured as an MFM or an MFC according to demand. Optionally, up to four calibration curves can be stored in the device. The thermal inline sensor is located directly in the main flow and achieves fast response times and a high level of measuring accuracy with long-term stable calibration. As the actuator, a Bürkert direct-acting, electromagnetic proportional valve or motor valve guarantees high response sensitivity. The integrated PI controller ensures excellent control characteristics of the MFC. Type 8746 is characterised by a low pressure drop, even at high flow rates, and is especially designed for use in harsh environments thanks to its high IP degree of protection and explosion protection.",气体,发酵；包装,MEDIUM,发酵/生物反应器供气,CURRENT,CHINA_PAGE_AND_ZH_DATASHEET,https://www.burkert.com/en/type/8746,https://www.burkert.com.cn/cn/type/8746,https://www.burkert.com/en/Media/plm/DTS/DS/ds8746-standard-eu-en.pdf?id=DTS0000000000000001000241027ENAF,https://www.burkert.com/en/Media/plm/DTS/DS/ds8746-standard-cn-zh.pdf?id=DTS0000000000000001000391644ZHF,2026-06-09,A,"Global official Type page is the product master. China visibility indicates public page/document visibility only, not stock, origin or lead time. Official category paths: Mass Flow Controllers > Mass Flow Controllers (Gas) | Sensors, Transmitters and Controllers > Flow > Thermal mass flow meter | Mass Flow Controllers > Mass Flow Meters (Gas) | Industrial Communication > EDIP > EDIP capable products | Industrial Communication > PROFINET > PROFINET capable products | Industrial Communication > EtherNet/IP > EtherNet/IP capable products."
8750,Flow rate controller for gases,用于气体的流体流量调节器,质量流量控制器与流量计,Mass Flow Controllers (Gas),Mass Flow Controllers (Gas),"The flow rate controller Type 8750 represents a closed flow control loop to measure and control gases using the differential pressure principle. The reliable and robust system consists of an ELEMENT control valve, type 2301, the compact process controller type 8693 put on top of the valve and two pressure transmitters, type 8325. The Bürkert flow rate controller does not need a separate flow meter. The valve seat serves as variable orifice. From the pressure difference across the valve and the given density and temperature a volume flow, referring to the conditions programmed, can be calculated. For that the process controller uses the flow characteristics of the valve and the scales of the pressure transmitters programmed. The volume flow set can then be adjusted by changing the stroke of the control valve. The flow rate controller offers a high repeatability and large measuring range. Beneficial is that the control itself is used for both, controling the flow and measuring over an orifice. With the variable orifice of the control valve the measurement range is increased significantly. Low assembly costs and easy commissioning are further advantages of this unique product.",气体；空气,Mass Flow Controllers (Gas),MEDIUM,,CURRENT,CHINA_PAGE_AND_ZH_DATASHEET,https://www.burkert.com/en/type/8750,https://www.burkert.com.cn/cn/type/8750,https://www.burkert.com/en/Media/plm/DTS/DS/ds8750-standard-eu-en.pdf2?id=DTS0000000000000001000089368ENT,https://www.burkert.com/en/Media/plm/DTS/DS/ds8750-standard-cn-zh.pdf?id=DTS0000000000000001000666049ZHD,2026-06-09,A,"Global official Type page is the product master. China visibility indicates public page/document visibility only, not stock, origin or lead time. Official category paths: Mass Flow Controllers > Mass Flow Controllers (Gas)."
8752,Flow Controller (LFC) / Flow Meter (LFM) for Liquids,液体流量控制器 (LFC),质量流量控制器与流量计,Liquid Flow Controllers,Liquid Flow Controllers,"Type 8752 is a device for controlling the flow of liquids in process engineering. The actual value supplied by the sensor is compared with the specified set-point in the digital control electronics. If a control deviation is detected, a PI control algorithm is used to adjust the control signal sent to the proportional valve. This allows the flow rate to be maintained at a fixed value or tracked to a specified profile, regardless of pressure fluctuations or other changes in the system. A low-friction proportional valve, acting as the actuator, ensures high response sensitivity and good control characteristics of the device.",气体；液体,Liquid Flow Controllers,MEDIUM,,CURRENT,CHINA_PAGE_AND_ZH_DATASHEET,https://www.burkert.com/en/type/8752,https://www.burkert.com.cn/cn/type/8752,https://www.burkert.com/en/Media/plm/DTS/DS/ds8752-standard-eu-en.pdf?id=DTS0000000000000001000667757ENH,https://www.burkert.com/en/Media/plm/DTS/DS/ds8752-standard-cn-zh.pdf?id=DTS0000000000000001000678846ZHC,2026-06-09,A,"Global official Type page is the product master. China visibility indicates public page/document visibility only, not stock, origin or lead time. Official category paths: Mass Flow Controllers > Liquid Flow Controllers | Mass Flow Controllers > Liquid Flow Meters | Sensors, Transmitters and Controllers > Flow > Differential pressure | Industrial Communication > EDIP > EDIP capable products."
8756,Mass flow controller (MFC)/mass flow meter (MFM) for liquids,液体质量流量控制器 (MFC)/质量流量计 (MFM),质量流量控制器与流量计,Liquid Flow Controllers,Liquid Flow Controllers,"The mass flow controller (MFC) / mass flow meter (MFM) Type 8756 is particularly suitable for the very precise measurement or control of small quantities of liquid that also require a medium-separated sensor. The measurement principle of the sensor is based on the Coriolis effect and is completely independent of the medium. Pressure and temperature deviations have no impact on the measuring accuracy. In addition to the flow rate, the density and temperature of the liquid are measured. The device design enables a stable flow measurement that is robust to external impacts and does not require a zero-point adjustment when the process conditions change. All wetted materials are highly resistant and allow use for a wide range of liquids, whether aggressive or neutral media. Type 8756 is available in the variants MFM, MFC with an interface for a modular actuator, MFC with integrated proportional valve and MFC with integrated micro annular gear pump. The high-precision pump is self-priming and the space in contact with the medium is sealed hermetically. It offers a very large control range and generates extremely low pulsations. This variant is used as a control or dosing system for liquids which have to be conveyed from an unpressurised container.",液体；腐蚀性介质；中性介质,定量/加注,MEDIUM,发酵/生物反应器供气,CURRENT,CHINA_PAGE_AND_ZH_DATASHEET,https://www.burkert.com/en/type/8756,https://www.burkert.com.cn/cn/type/8756,https://www.burkert.com/en/Media/plm/DTS/DS/ds8756-batch-eu-en.pdf?id=DTS0000000000000001000497674ENK,https://www.burkert.com/en/Media/plm/DTS/DS/ds8756-batch-cn-zh.pdf?id=DTS0000000000000001000686829ZH-,2026-06-09,A,"Global official Type page is the product master. China visibility indicates public page/document visibility only, not stock, origin or lead time. Official category paths: Mass Flow Controllers > Liquid Flow Controllers | Mass Flow Controllers > Liquid Flow Meters | Sensors, Transmitters and Controllers > Flow > Coriolis mass flow meter | Industrial Communication > EDIP > EDIP capable products | Industrial Communication > PROFINET > PROFINET capable products | Industrial Communication > EtherNet/IP > EtherNet/IP capable products."
8761,Electronic pressure controller (EPC),电子压力控制器 (EPC),传感器、变送器与控制器,Controllers / Transmitters,Controllers / Transmitters,"Type 8761 is a device for precise pressure control of gas flows. The device regulates the flow pressure which is present at the inlet of the device (upstream). The actual value supplied by the pressure sensor is compared in the digital control electronics with the set-point value specified via Industrial Ethernet or analogue. If there is a control difference, the actuating variable output to the proportional valve is modified using a PI-control algorithm. This means that the pressure can be kept at a fixed value or followed a predetermined profile, regardless of flow fluctuations or other changes in the system. A low-friction proportional valve as an actuator ensures high response sensitivity and good control characteristics of the device.",气体,Controllers / Transmitters,MEDIUM,,CURRENT,CHINA_PAGE_AND_ZH_DATASHEET,https://www.burkert.com/en/type/8761,https://www.burkert.com.cn/cn/type/8761,https://www.burkert.com/en/Media/plm/DTS/DS/ds8761-standard-eu-en.pdf?id=DTS0000000000000001000613078ENK,https://www.burkert.com/en/Media/plm/DTS/DS/ds8761-standard-cn-zh.pdf?id=DTS0000000000000001000664478ZHC,2026-06-09,A,"Global official Type page is the product master. China visibility indicates public page/document visibility only, not stock, origin or lead time. Official category paths: Sensors, Transmitters and Controllers > Controllers / Transmitters | Industrial Communication > PROFINET > PROFINET capable products | Industrial Communication > EtherNet/IP > EtherNet/IP capable products | Mass Flow Controllers > Electronic pressure controller | Sensors, Transmitters and Controllers > Pressure."
8762,Electronic pressure controller (EPC),电子压力控制器 (EPC),传感器、变送器与控制器,Pressure,Pressure,"Type 8762 is a device for precise pressure control of gas flows. The device regulates the flow pressure which is present at the inlet of the device (upstream). The actual value supplied by the pressure sensor is compared with the specified set-point value in the digital control electronics. If there is a control difference, the actuating variable output to the proportional valve is modified using a PI-control algorithm. This means that the pressure can be kept at a fixed value or followed a predetermined profile, regardless of flow fluctuations or other changes in the system. A low-friction proportional valve as an actuator ensures high response sensitivity and good control characteristics of the device. Type 8762 is particularly suitable for use in harsh environments, thanks to its high IP degree of protection.",气体,Pressure,MEDIUM,,CURRENT,CHINA_PAGE_AND_ZH_DATASHEET,https://www.burkert.com/en/type/8762,https://www.burkert.com.cn/cn/type/8762,https://www.burkert.com/en/Media/plm/DTS/DS/ds8762-standard-eu-en.pdf?id=DTS0000000000000001000613083ENI,https://www.burkert.com/en/Media/plm/DTS/DS/ds8762-standard-cn-zh.pdf?id=DTS0000000000000001000663677ZHA,2026-06-09,A,"Global official Type page is the product master. China visibility indicates public page/document visibility only, not stock, origin or lead time. Official category paths: Sensors, Transmitters and Controllers > Pressure | Sensors, Transmitters and Controllers > Controllers / Transmitters | Industrial Communication > EDIP > EDIP capable products | Mass Flow Controllers > Electronic pressure controller."
8763,Pressure controller for precise time-pressure dosing,压力调节器，用于精确的压力时间计量,传感器、变送器与控制器,Pressure,Pressure,"Time-pressure dosing is a widely used method for the reliable dosing of liquids across numerous fields of application. However, if dosing quantities are very small and the pressure differences between dosing cycles are minimal, closed-loop control becomes a challenge. Precisely the type of challenge for the pressure regulator Type 8763, which was specially developed for low flow rates and the resulting small dosing quantities. The device is characterised by short response times and precise closed-loop control of pressure. There are no down times or rejects at the beginning of dosing cycles. The digital interface makes it possible to access the various parameters at any time in order to change settings and read out data. Whether you are operating filling systems or state-of-the-art machines for genetic analysis and synthesis, a good valve alone is not enough. Precise pressure regulation is as well essential for accurate time-pressure dosing.",气体；液体,定量/加注；分析测量,MEDIUM,,CURRENT,CHINA_PAGE_AND_ZH_DATASHEET,https://www.burkert.com/en/type/8763,https://www.burkert.com.cn/cn/type/8763,https://www.burkert.com/en/Media/plm/DTS/DS/ds8763-standard-eu-en.pdf?id=DTS0000000000000001000398869ENK,https://www.burkert.com/en/Media/plm/DTS/DS/ds8763-standard-cn-zh.pdf?id=DTS0000000000000001000583980ZHC,2026-06-09,A,"Global official Type page is the product master. China visibility indicates public page/document visibility only, not stock, origin or lead time. Official category paths: Sensors, Transmitters and Controllers > Pressure | Sensors, Transmitters and Controllers > Controllers / Transmitters | Microfluidics Products and Pumps > Time-Pressure Dosing | Industrial Communication > EDIP > EDIP capable products."
8791,Digital electropneumatic positioner SideCONTROL,SideControl BASIC 数字式电动气动定位器,过程与控制阀,Control Valves > Positioners / Process Controllers > SideCONTROL,SideCONTROL,"The robust and compact positioner is designed for mounting on linear and rotary actuators with standardisation according to IEC 65034-6-1 or VDI/VDE 3845 (IEC 60534-6-2). The variant with remote position sensor can also be used to control Bürkert process control valves. The set-point value setting default for the digital electropneumatic positioner SideCONTROL occurs via standard signals 4…20mA and/or via bus as an option. A digital input and optional analogue feedback are also available. The valve opening is qualitatively signalled via a mechanical display element and the device status, via 3 coloured LEDs. All operating elements are located inside the housing. Start-up is performed automatically and the following functions are enabled directly on the device via DIP switch: sealing threshold, inversion of set point signal direction, characteristic selection, manual/automatic operating state switchover. Additional options for configuration and parametrising, such as the linearisation of the operating characteristic with the aid of a freely programmable correction characteristic, are available using communication software. The pneumatic actuating system can be used equally for single-acting and double-acting actuators. It is characterised by a defined safety response in the event of the failure of the electrical or pneumatic auxiliary power and possesses an enormous air capacity range at pressure supplies up to 7 bar.",空气,Control Valves > Positioners / Process Controllers > SideCONTROL,MEDIUM,制药设备阀门自动化/状态反馈,CURRENT,CHINA_PAGE_AND_ZH_DATASHEET,https://www.burkert.com/en/type/8791,https://www.burkert.com.cn/cn/type/8791,https://www.burkert.com/en/Media/plm/DTS/DS/ds8791-basic-eu-en.pdf?id=DTS0000000000000001000123308ENAC,https://www.burkert.com/en/Media/plm/DTS/DS/ds8791-standard-cn-zh.pdf2?id=DTS0000000000000001000671125ZHB,2026-06-09,A,"Global official Type page is the product master. China visibility indicates public page/document visibility only, not stock, origin or lead time. Official category paths: Process and Control Valves > Control Valves > Positioners / Process Controllers > SideCONTROL | Process and Control Valves > Process Valve Automation > Control | Industrial Communication > EDIP > EDIP capable products | Industrial Communication > IO-Link > IO-Link capable products | Industrial Communication > ASi > ASi capable products."
8792,Digital electropneumatic positioner SideCONTROL,SideControl 数字式电动气动定位器,过程与控制阀,Control Valves > Positioners / Process Controllers > SideCONTROL,SideCONTROL,"The robust and compact positioner is designed with standardisation according to IEC 60534-6-1 or VDI/VDE 3845 (IEC 60534-6-2) for assembly onto linear and rotary actuators. In addition, the variant with remote position sensor can be combined with Bürkert process control valves for closed-loop control. The digital electropneumatic positioner, SideCONTROL, can be operated with all standard current and voltage standard signals and can also optionally be equipped with the fieldbus interface. The positioner is equipped with additional diagnostic functions to monitor the valve. Valve diagnostic messages via status signals are issued in accordance with NE107 (NAMUR) and recorded as historical entries. The diagnostics can be used to monitor the operating conditions of the control valve which makes maintenance decisions predictable and optimises the availability of the plants as required. Operation occurs via the external operating and display module consisting of a graphic display with backlight. For the user, this results in very simple and clear operation, which is identical to the Bürkert ELEMENT Type 8692/8693 positioners and process controllers. The pneumatic actuating system can be used equally for single-acting and double-acting actuators. It features a defined safety response in the event of failure of the electrical or pneumatic power supply and has an enormous air capacity range with pressure supply up to 7 bar.",空气,Control Valves > Positioners / Process Controllers > SideCONTROL,MEDIUM,制药设备阀门自动化/状态反馈,CURRENT,CHINA_PAGE_AND_ZH_DATASHEET,https://www.burkert.com/en/type/8792,https://www.burkert.com.cn/cn/type/8792,https://www.burkert.com/en/Media/plm/DTS/DS/ds8792-standard-eu-en.pdf?id=DTS0000000000000001000121137ENAK,https://www.burkert.com/en/Media/plm/DTS/DS/ds8792-standard-cn-zh.pdf?id=DTS0000000000000001000669905ZHC,2026-06-09,A,"Global official Type page is the product master. China visibility indicates public page/document visibility only, not stock, origin or lead time. Official category paths: Process and Control Valves > Control Valves > Positioners / Process Controllers > SideCONTROL | Process and Control Valves > Process Valve Automation > Control | Industrial Communication > PROFINET > PROFINET capable products | Industrial Communication > EtherNet/IP > EtherNet/IP capable products | Industrial Communication > EDIP > EDIP capable products."
8793,Digital electropneumatic Process Controller SideCONTROL,数字化电动气动侧部控制过程控制器,工业通信,PROFINET > PROFINET capable products,PROFINET capable products,"The Type 8793 digital process controller is designed with standardisation according to IEC 60534-6-1 or VDI/VDE 3845 (IEC 60534-6-2) for assembly to linear and rotary actuators. The variant with remote position sensor can also be used to control Bürkert process control valves. The process controller processes all standard current and voltage signals and can also be equipped with the fieldbus interface. The actual process value is supplied directly to the device as 4-20 mA, PT100 or as a frequency signal. The process controller calculates the position set-point for the subordinated positioner via variance comparison. The parameterisation of process and position controllers can be carried out automatically via the P.TUNE and X.TUNE function. Operation is simple via the graphical display with keypad or via Bürkert Communicator. The process controller is equipped with diagnostic functions to monitor the valve. The diagnostics can be used to monitor the operating conditions of the control valve which makes maintenance decisions predictable and optimises the availability of the plants as required. The pneumatic actuating system can be used equally for single-acting and double-acting actuators. It is characterised by a defined safety response in the event of the failure of the electrical or pneumatic auxiliary power and possesses an enormous air capacity range with pressure supply up to 7 bar.",空气,PROFINET > PROFINET capable products,LOW,,CURRENT,CHINA_PAGE_AND_ZH_DATASHEET,https://www.burkert.com/en/type/8793,https://www.burkert.com.cn/cn/type/8793,https://www.burkert.com/en/Media/plm/DTS/DS/ds8793-standard-eu-en.pdf?id=DTS0000000000000001000121144ENAL,https://www.burkert.com/en/Media/plm/DTS/DS/ds8793-standard-cn-zh.pdf?id=DTS0000000000000001000669911ZHB,2026-06-09,A,"Global official Type page is the product master. China visibility indicates public page/document visibility only, not stock, origin or lead time. Official category paths: Industrial Communication > PROFINET > PROFINET capable products | Industrial Communication > EtherNet/IP > EtherNet/IP capable products | Industrial Communication > EDIP > EDIP capable products | Process and Control Valves > Control Valves > Positioners / Process Controllers > SideCONTROL | Process and Control Valves > Process Valve Automation > Control."
8798,Remote sensor for pneumatically actuated process valves,适用于气动操作的调节阀的远程传感器,过程与控制阀,Process Valve Automation > Control,Control,The remote sensor Type 8798 is a digital non-contact position sensor for use on pneumatically actuated modulating actuators. This Remote Sensor is available in two versions; as linear and as rotative position sensor and is used in combination with the Positioner Type 8791/8792 and Process Controller Type 8793 (remote version). The linear Remote Sensor can be combined with our process valves ELEMENT Typ 210x/230X and CLASSIC Type 27xx Series. Whereas the rotative Remote Sensor can be mounted on linear actuators in accordance with NAMUR recommendation (DIN IEC 534-6) or rotary actuators in accordance with VDI/VDE 3845.,,Process Valve Automation > Control,MEDIUM,,CURRENT,CHINA_PAGE_ONLY,https://www.burkert.com/en/type/8798,https://www.burkert.com.cn/cn/type/8798,,,2026-06-09,A,"Global official Type page is the product master. China visibility indicates public page/document visibility only, not stock, origin or lead time. Official category paths: Process and Control Valves > Process Valve Automation > Control | Process and Control Valves > Control Valves > Positioners / Process Controllers > SideCONTROL | Process and Control Valves > Control Valves > Positioners / Process Controllers > ELEMENT Positioner / Process Controllers."
8801,On/off valve systems ELEMENT with decentralised automation – overview,带有离散自动化的 ELEMENT 开/关阀门系统概述,过程与控制阀,Shut-off Valves (On/Off) > Diaphragm Valves > Pneumatic,Pneumatic,"The design of the Type 8801 on/off system series ELEMENT enables the easy integration of automation units in all expansion stages: from electrical and optical position feedback to pneumatic control, an optional integrated fieldbus interface and an explosion-proof control head. The highly integrated system consisting of valve and automation unit is characterised by its compact and smooth design, integrated pilot air ducts, IP65/67/NEMA4X degree of protection and high chemical resistance.",空气,Shut-off Valves (On/Off) > Diaphragm Valves > Pneumatic,HIGH,无菌输送/隔离；CIP/SIP；制药用水,CURRENT,CHINA_PAGE_AND_ZH_DATASHEET,https://www.burkert.com/en/type/8801,https://www.burkert.com.cn/cn/type/8801,https://www.burkert.com/en/Media/plm/DTS/DS/ds8801-classicsys-eu-en.pdf?id=DTS0000000000000001000134189ENL,https://www.burkert.com/en/Media/plm/DTS/DS/ds8801-classic-cn-zh.pdf?id=DTS0000000000000001000669141ZHC,2026-06-09,A,"Global official Type page is the product master. China visibility indicates public page/document visibility only, not stock, origin or lead time. Official category paths: Process and Control Valves > Shut-off Valves (On/Off) > Diaphragm Valves > Pneumatic | Process and Control Valves > Shut-off Valves (On/Off) > Angle Seat Valves > Pneumatic | Process and Control Valves > Shut-off Valves (On/Off) > Globe Valves > Pneumatic | Process and Control Valves > Hygienic / Pharma / Hydrogen / Speciality Process Valves > Diaphragm Valves > Pneumatic."
8802,Continuous control valve systems ELEMENT – overview,ELEMENT 连续调节阀系统概述,过程与控制阀,Control Valves > Diaphragm Valves,Diaphragm Valves,"The design of the Type 8802 Continuous ELEMENT system series is optimised for the simple and robust integration of digital intelligent positioners in all expansion stages. The range includes devices with standard signal interface, optional fieldbus interface or digital communication and backlit graphic display, right up to fully-fledged digital process controllers. The highly integrated system consisting of control valve and automation unit is characterised by its compact and smooth design, integrated pilot air ducts, IP65/67/NEMA 4X protection class and high chemical resistance. The high-precision position detection is contactless and insensitive to pressure surges.",空气,Control Valves > Diaphragm Valves,HIGH,无菌输送/隔离；CIP/SIP；制药用水,CURRENT,CHINA_PAGE_ONLY,https://www.burkert.com/en/type/8802,https://www.burkert.com.cn/cn/type/8802,https://www.burkert.com/en/Media/plm/DTS/DS/ds8802-elementsys-eu-en.pdf?id=DTS0000000000000001000123272ENM,,2026-06-09,A,"Global official Type page is the product master. China visibility indicates public page/document visibility only, not stock, origin or lead time. Official category paths: Process and Control Valves > Control Valves > Diaphragm Valves | Process and Control Valves > Control Valves > Angle Seat Valves > Pneumatic | Process and Control Valves > Control Valves > Globe Valves > Pneumatic."
8803,Process valve system with pilot valves and position feedbacks,带有先导阀和反馈器的过程阀系统,过程与控制阀,Control Valves > Diaphragm Valves,Diaphragm Valves,"Type 8803 consists of Bürkert process valves with pneumatic stroke or rotary actuators (Types 2000, 2006, 2012, 2030, 2031, 2060, 2063, 2651, 2652, 2655, 2658, 2672 and 2675) and pre-mounted accessories. The modular accessory program includes different solutions for feedback, stroke limit and actuation of valves. Process valve systems with integrated pneumatic valve actuation and position feedbacks with control heads are combined in Type 8801.",,Control Valves > Diaphragm Valves,HIGH,无菌输送/隔离；CIP/SIP；制药用水,CURRENT,CHINA_PAGE_ONLY,https://www.burkert.com/en/type/8803,https://www.burkert.com.cn/cn/type/8803,,,2026-06-09,A,"Global official Type page is the product master. China visibility indicates public page/document visibility only, not stock, origin or lead time. Official category paths: Process and Control Valves > Control Valves > Diaphragm Valves."
8804,Ball valve / butterfly valve with electrical rotary actuator,带有电动旋转执行机构的球阀/截止阀,过程与控制阀,Control Valves > Ball Valves > Electromotive,Electromotive,"The Type 8804 electrical ball valve consists of an electrical rotary actuator and a 2/2-way or 3/2-way ball valve made of stainless steel. 2-way variants are available with a 2-part or 3-part ball valve for a wide range of applications. The 3-way ball valves are available in L-bore and T-bore variants. The electrical rotary actuator has a compact construction. It can also be used as single device for the operation of other control elements (see Type 3003 data sheet). Heat resistors and torque limiters are standard. The housing is made of hardly inflammable material, classified according to UL 94 V0.",,Control Valves > Ball Valves > Electromotive,MEDIUM,,CURRENT,CHINA_PAGE_ONLY,https://www.burkert.com/en/type/8804,https://www.burkert.com.cn/cn/type/8804,https://www.burkert.com/en/Media/plm/DTS/DS/ds8804-plastic-eu-en.pdf?id=DTS0000000000000001000089995ENN,,2026-06-09,A,"Global official Type page is the product master. China visibility indicates public page/document visibility only, not stock, origin or lead time. Official category paths: Process and Control Valves > Control Valves > Ball Valves > Electromotive | Process and Control Valves > Shut-off Valves (On/Off) > Ball Valves > Electromotive | Electromotive Valves > Ball Valves > Control | Electromotive Valves > Ball Valves > ON/OFF | Electromotive Valves > Butterfly Valves | Process and Control Valves > Shut-off Valves (On/Off) > Butterfly Valves > Electromotive."
8805,Ball valve / Butterfly valve with pneumatic rotary actuator,带有气动旋转执行机构的球阀/蝶阀,过程与控制阀,Control Valves > Ball Valves > Pneumatic,Pneumatic,"Type 8805 consists of a quarter-turn valve (ball or butterfly valve) and a pneumatic rotary actuator. The rotary actuator is available as single or double-acting actuator. Type 8805 can be complemented by a positioner (Type 8791, 8792, 8793, 8691, 8692, 8693, 8694), a pilot valve (Type 6519) or several kinds of position feedbacks (Type 1061).",,Control Valves > Ball Valves > Pneumatic,MEDIUM,,CURRENT,CHINA_PAGE_ONLY,https://www.burkert.com/en/type/8805,https://www.burkert.com.cn/cn/type/8805,https://www.burkert.com/en/Media/plm/DTS/DS/ds8805-standard-eu-en.pdf?id=DTS0000000000000001000109493ENT,,2026-06-09,A,"Global official Type page is the product master. China visibility indicates public page/document visibility only, not stock, origin or lead time. Official category paths: Process and Control Valves > Control Valves > Ball Valves > Pneumatic | Process and Control Valves > Shut-off Valves (On/Off) > Ball Valves > Pneumatic | Process and Control Valves > Control Valves > Butterfly Valves | Process and Control Valves > Shut-off Valves (On/Off) > Butterfly Valves > Pneumatic."
8806,Robolux Multiway Multiport Diaphragm Valve with Control and Feedback Head,带有控制头和反馈头的 Robolux 多路多接头隔膜阀,过程与控制阀,Hygienic / Pharma / Hydrogen / Speciality Process Valves > Robolux / Multiport valve,Robolux / Multiport valve,Type 8806 consists of the pneumatically operated multiway multiport diaphragm valve Robolux Type 2036 and position feedback Type 8685 or control head Type 8686.,,卫生过程；制药,HIGH,无菌输送/隔离；CIP/SIP；制药用水,CURRENT,CHINA_PAGE_ONLY,https://www.burkert.com/en/type/8806,https://www.burkert.com.cn/cn/type/8806,,,2026-06-09,A,"Global official Type page is the product master. China visibility indicates public page/document visibility only, not stock, origin or lead time. Official category paths: Process and Control Valves > Hygienic / Pharma / Hydrogen / Speciality Process Valves > Robolux / Multiport valve | Industrial Communication > ASi > ASi capable products."
8820,Modular solenoid valve manifolds,Modular solenoid valve manifolds,电磁阀,General Purpose 2/2 Solenoids,General Purpose 2/2 Solenoids,,,General Purpose 2/2 Solenoids,LOW,,CURRENT,CHINA_PAGE_ONLY,https://www.burkert.com/en/type/8820,https://www.burkert.com.cn/cn/type/8820,,,2026-06-09,A,"Global official Type page is the product master. China visibility indicates public page/document visibility only, not stock, origin or lead time. Official category paths: Solenoid Valves > General Purpose 2/2 Solenoids | Solenoid Valves > Steam Solenoid Valves | Solenoid Valves > Hazardous Location Solenoids | Solenoid Valves > High Pressure. No official Chinese page title was parsed; English name retained."
8840,Modular process valve cluster – distributor and collector,模块化过程阀节点 - 分配器和收集器,过程与控制阀,Shut-off Valves (On/Off) > Angle Seat Valves > Pneumatic,Pneumatic,"Type 8840 comes with ready to install modules of tried and tested Bürkert process valves. The valve cluster, based on a modular valve body, allows different configurations. The individual parts are joined hermetically tight and in a very compact way. No installation effort for pipework, fittings or sealings is needed. For the sizes DN20 (¾"") and DN25 (1"") orbital welding is used. The smaller variants in DN10 are threaded together using trusted graphite seals. To avoid dangerous water hammer, all valves have the flow direction below the seat. This is made possible by the two variants for the fluidic main function distribution and collecting, mixing or feed. Depending on the requirement and preferred type of automation, it is possible to choose from different actuator variants. The robust CLASSIC actuators (in stainless steel or plastic) are controlled by a central valve island or by a pilot valve. The proven ELEMENT actuators allow a simple decentralized automation by using intelligent control heads Furthermore it is possible to expand the system by using continuous control valves, sensors, customer specific pipework or further accessories.",水；液体/气体,混合,MEDIUM,CIP/SIP辅助回路及洁净公用工程,CURRENT,CHINA_PAGE_ONLY,https://www.burkert.com/en/type/8840,https://www.burkert.com.cn/cn/type/8840,https://www.burkert.com/en/Media/plm/DTS/DS/ds8840-standard-eu-en.pdf?id=DTS0000000000000001000338741ENI,,2026-06-09,A,"Global official Type page is the product master. China visibility indicates public page/document visibility only, not stock, origin or lead time. Official category paths: Process and Control Valves > Shut-off Valves (On/Off) > Angle Seat Valves > Pneumatic | Process and Control Valves > Shut-off Valves (On/Off) > Globe Valves > Pneumatic."
8880,Vessel pressure controller,模块化容器压力调节器,传感器、变送器与控制器,Pressure,Pressure,"The pressure control system for containers is ideal for maintaining a defined pressure in containers containing air, nitrogen or other gases to protect the product in closed processes and especially in hygienic applications. Application examples: Gassing (inerting with gas), ​control of fermentation processes,​ transport of special media (time-pressure filling, buffer container) and much more. Two control valves work in combination with a pressure transmitter in a closed control loop. The goal is to maintain a constant pressure in the containers during filling and emptying or during fermentation processes.",气体；空气,卫生过程；发酵,MEDIUM,,CURRENT,CHINA_PAGE_ONLY,https://www.burkert.com/en/type/8880,https://www.burkert.com.cn/cn/type/8880,https://www.burkert.com/en/Media/plm/DTS/DS/ds8880-standard-eu-en.pdf?id=DTS0000000000000001000681538ENK,,2026-06-09,A,"Global official Type page is the product master. China visibility indicates public page/document visibility only, not stock, origin or lead time. Official category paths: Sensors, Transmitters and Controllers > Pressure | Process and Control Valves > Hygienic / Pharma / Hydrogen / Speciality Process Valves > Bellows Valves | Process and Control Valves > Control Valves > Globe Valves > Pneumatic."
8905,Online water analysis system,在线水分析系统,传感器、变送器与控制器,Liquid Analysis > Multichannel Systems,Multichannel Systems,"The Type 8905 online water analysis is a compact and modular system for monitoring all important water parameters on one platform. It is a multi-channel measuring system for Bürkert sensor cubes, based on the compact housing. Variants without housing are also available (field system). The following water parameter measurements are possible with the Type 8905 modular system: pH, chlorine, chlorine dioxide, conductivity, redox potential (ORP), turbidity, temperature and iron. These sensors can be used in a compact system or as field units. Further, almost limitless configurations in control cabinets, and according to customer wishes, can be achieved with the Type 8906 online water analysis system. The compact water analysis system enables simple installation and start-up, as well as operation and maintenance. Thanks to the Bürkert backplane system, individual cubes can be removed for maintenance without tools, while the remaining sensors continue to measure. This enables the highest system availability with maximum user friendliness. The system is operated using an integrated 7’’ touch display or the Bürkert Communicator. In addition to the display and storage of analysis parameters, further functions are possible, for example: programming simple control and regulation algorithms using the software function f(x), intervening in the process via analogue and digital inputs and outputs, carrying out sensor calibrations. Contact our experts and design your Type 8905 online water analysis system together.",水；液体,分析测量,MEDIUM,制药用水质量监测,CURRENT,CHINA_PAGE_ONLY,https://www.burkert.com/en/type/8905,https://www.burkert.com.cn/cn/type/8905,https://www.burkert.com/en/Media/plm/DTS/DS/ds8905-standard-eu-en.pdf?id=DTS0000000000000001000220829ENP,,2026-06-09,A,"Global official Type page is the product master. China visibility indicates public page/document visibility only, not stock, origin or lead time. Official category paths: Sensors, Transmitters and Controllers > Liquid Analysis > Multichannel Systems | Sensors, Transmitters and Controllers > Controllers / Transmitters | Industrial Communication > EDIP > EDIP capable products."
8906,Online water analysis system,在线水分析系统,传感器、变送器与控制器,Liquid Analysis > Multichannel Systems,Multichannel Systems,"The Type 8906 online water analysis system is a completely configurable system for measuring your water parameters, tailored to suit your needs. The flexible EDIP platform enables the integration of the Bürkert sensor cubes, and an integration of all commercially available sensors. The efficient device integration platform (EDIP) is an electronics assembly module platform by Bürkert that enables high flexibility with its combination of hardware and software modules. Other modules, like gateway ME43 (Profinet, Ethernet/IP, Modbus TCP, OPC UA), I/O module ME44 and mobile gateways enable unlimited data exchange between the online water analysis system and other systems (PLC, SCADA, Cloud etc.). The following standard water parameter measurements are possible with the Type 8906 modular system: pH, chlorine, chlorine dioxide, conductivity, redox potential (ORP), turbidity, temperature and iron. Other parameters are SAK254 (measurement of dissolved organic substances) and nitrate – is your parameter missing? Get in touch. Your customer-specific water analysis system enables easy installation and start-up, and operation and maintenance. Individual cubes can be removed for maintenance without tools, thanks to the Bürkert backplane system, while the remaining sensors continue to measure. This enables the highest system availability with maximum user friendliness. The design of the Type 8906 has no limits with regards to the number of sample waters, housing automatic cleaning, control, regulation of other systems and components, and industrlal communication. Speak to our experts and design your customer-specific Type 8906 online water analysis system together.",水；液体,分析测量,MEDIUM,制药用水质量监测,CURRENT,CHINA_PAGE_ONLY,https://www.burkert.com/en/type/8906,https://www.burkert.com.cn/cn/type/8906,,,2026-06-09,A,"Global official Type page is the product master. China visibility indicates public page/document visibility only, not stock, origin or lead time. Official category paths: Sensors, Transmitters and Controllers > Liquid Analysis > Multichannel Systems | Sensors, Transmitters and Controllers > Controllers / Transmitters | Industrial Communication > EDIP > EDIP capable products."
8920,Bürkert Communicator,Bürkert Communicator 软件,工业通信,Software,Software,"The Bürkert Communicator is the most important software component of the “Efficient Device Integration Platform” (EDIP). The extensive features of this universal tool simplify the configuration and parameterisation of devices equipped with a digital CANopen-based interface or a service interface (micro-USB). With the Bürkert Communicator, the user has a complete overview of all cyclic process values as well as acyclic diagnostic data. The integrated graphical programming environment helps to create decentralised sub-system control functions. The connection to the PC is established with a USB-CAN adapter.",,Software,LOW,,CURRENT,CHINA_PAGE_ONLY,https://www.burkert.com/en/type/8920,https://www.burkert.com.cn/cn/type/8920,,,2026-06-09,A,"Global official Type page is the product master. China visibility indicates public page/document visibility only, not stock, origin or lead time. Official category paths: Industrial Communication > Software."
8922,Activation of software functions,启用软件功能,工业通信,Software,Software,"With the aid of the “Bürkert Communicator” tool, you can activate licenced software functions, such as the “batch controller” or graphic programming (also known as f(x)) on the intended Bürkert products. Filling or control applications can be performed this way. “Batch controller” for Type ME43 and Type ME63 - The “batch controller” is arranged for the exact dosing of pre-defined quantities in combination with a flowmeter and a corresponding valve. The batch functionality runs on the Type ME43 and Type ME63 gateways. An intuitive step-by-step wizard helps you with the configuration of the “batch controller” and optimises your filling process. The graphic programming - also known as f(x) - offers you a programme editor that represents a data flow-oriented programming environment. With an extensive library, you can either create your control logic as a function block diagram or a flow diagram. The user interface is easy to understand and intuitive to operate. The Type ME43 and Type ME63 gateways support graphic programming - decentralised control therefore becomes a reality.",液体,定量/加注,LOW,,CURRENT,CHINA_PAGE_ONLY,https://www.burkert.com/en/type/8922,https://www.burkert.com.cn/cn/type/8922,https://www.burkert.com/en/Media/plm/DTS/DS/ds8922-standard-eu-en.pdf?id=DTS0000000000000001000546235ENJ,,2026-06-09,A,"Global official Type page is the product master. China visibility indicates public page/document visibility only, not stock, origin or lead time. Official category paths: Industrial Communication > Software."
8923,USB büS interface set,USB-büS 接口集,工业通信,Accessories,Accessories,Type 8923 provides various USB büS interface sets to connect a PC to the Bürkert Communicator Software (Device key 8920) with an EDIP device. The interface sets consist of a USB to büS dongle and the necessary connection cables to establish this connection.,,Accessories,LOW,,CURRENT,CHINA_PAGE_ONLY,https://www.burkert.com/en/type/8923,https://www.burkert.com.cn/cn/type/8923,,,2026-06-09,A,"Global official Type page is the product master. China visibility indicates public page/document visibility only, not stock, origin or lead time. Official category paths: Industrial Communication > Accessories."
AC07,Coil,盘,电磁阀,Accessories > Coils,Coils,,,Accessories > Coils,LOW,,CURRENT,CHINA_PAGE_ONLY,https://www.burkert.com/en/type/AC07,https://www.burkert.com.cn/cn/type/AC07,,,2026-06-09,A,"Global official Type page is the product master. China visibility indicates public page/document visibility only, not stock, origin or lead time. Official category paths: Solenoid Valves > Accessories > Coils."
AC10,Solenoid coil,磁性线圈,电磁阀,Accessories > Coils,Coils,,,Accessories > Coils,LOW,,CURRENT,CHINA_PAGE_ONLY,https://www.burkert.com/en/type/AC10,https://www.burkert.com.cn/cn/type/AC10,,,2026-06-09,A,"Global official Type page is the product master. China visibility indicates public page/document visibility only, not stock, origin or lead time. Official category paths: Solenoid Valves > Accessories > Coils."
AC19,Coil,线圈,电磁阀,Accessories > Coils,Coils,,,Accessories > Coils,LOW,,CURRENT,CHINA_PAGE_ONLY,https://www.burkert.com/en/type/AC19,https://www.burkert.com.cn/cn/type/AC19,,,2026-06-09,A,"Global official Type page is the product master. China visibility indicates public page/document visibility only, not stock, origin or lead time. Official category paths: Solenoid Valves > Accessories > Coils."
BBS-03,Hygienic threaded connection,采用 Steril Orbital 或 Aseptik 设计的焊接接头,附加产品,BBS Hygienic Fittings,BBS Hygienic Fittings,Hygienic screw connections are gap-free connections that have been specially developed for sterile applications. The O-rings installed in them are chambered and pressed in a defined manner via a metallic stop. Aseptic connections in accordance to DIN 11864-1 are a common type of connection for critical applications that require very good cleanability in the pipework. The patented BBS sterile contour has been further improved in this respect. This connection is virtually gap-free.,,卫生过程,HIGH,卫生管路连接,CURRENT,CHINA_PAGE_ONLY,https://www.burkert.com/en/type/BBS-03,https://www.burkert.com.cn/cn/type/BBS-03,https://www.burkert.com/en/Media/plm/DTS/DS/dsbbs-03-standard-eu-en.pdf?id=DTS0000000000000001000175495ENP,,2026-06-09,A,"Global official Type page is the product master. China visibility indicates public page/document visibility only, not stock, origin or lead time. Official category paths: Additional Products > BBS Hygienic Fittings."
BBS-04,Platinum-cured peroxide-free silicone hose,铂网硅胶软管,附加产品,BBS Hygienic Fittings,BBS Hygienic Fittings,The platinum-cured silicone tube are available with or without reinforcing fabric. We deliver the silicone hoses pre-assembled with the corresponding reusable hose screw connections Type BBS-4S or sold per meter without hose screw connection.,,卫生过程,LOW,卫生管路连接,CURRENT,CHINA_PAGE_ONLY,https://www.burkert.com/en/type/BBS-04,https://www.burkert.com.cn/cn/type/BBS-04,,,2026-06-09,A,"Global official Type page is the product master. China visibility indicates public page/document visibility only, not stock, origin or lead time. Official category paths: Additional Products > BBS Hygienic Fittings | Pneumatics and Process Interfaces > Accessories > Various Components."
BBS-05,Hygienic clamp connection with welded connection,采用 Quick Connect 或 Aseptik 设计的压合接头,附加产品,BBS Hygienic Fittings,BBS Hygienic Fittings,Hygienic screw connections are gap-free connections that have been specially developed for sterile applications. The O-rings installed in them are chambered and pressed in a defined manner via a metallic stop. Aseptic connections according to DIN 11864-3 are a common type of connection for critical applications that require very good cleanability in the pipework. The patented BBS sterile contour has been further improved in this respect. This connection is virtually gap-free.,,卫生过程,HIGH,卫生管路连接,CURRENT,CHINA_PAGE_ONLY,https://www.burkert.com/en/type/BBS-05,https://www.burkert.com.cn/cn/type/BBS-05,https://www.burkert.com/en/Media/plm/DTS/DS/dsbbs-05-standard-eu-en.pdf?id=DTS0000000000000001000148954ENT,,2026-06-09,A,"Global official Type page is the product master. China visibility indicates public page/document visibility only, not stock, origin or lead time. Official category paths: Additional Products > BBS Hygienic Fittings."
BBS-06,Hygienic flange connection with welded connection,采用 Steril Orbital 或 Aseptik 设计的法兰接头,附加产品,BBS Hygienic Fittings,BBS Hygienic Fittings,Hygienic flange connections are gap-free connections that have been specially developed for sterile applications. The O-rings installed in them are chambered and pressed in a defined manner via a metallic stop. Aseptic connections in accordance to DIN 11864-2 are a common type of connection for critical applications that require very good cleanability in the pipework. The patented BBS sterile contour has been further improved in this respect. This connection is virtually gap-free.,,卫生过程,HIGH,卫生管路连接,CURRENT,CHINA_PAGE_ONLY,https://www.burkert.com/en/type/BBS-06,https://www.burkert.com.cn/cn/type/BBS-06,https://www.burkert.com/en/Media/plm/DTS/DS/dsbbs-06-standard-eu-en.pdf?id=DTS0000000000000001000148955ENQ,,2026-06-09,A,"Global official Type page is the product master. China visibility indicates public page/document visibility only, not stock, origin or lead time. Official category paths: Additional Products > BBS Hygienic Fittings."
BBS-07,Block flange,滑块法兰适用于 Steril Orbital 或无菌法兰。夹持滑块法兰适用于夹持套管或无菌夹紧套管,附加产品,BBS Hygienic Fittings,BBS Hygienic Fittings,"Type BBS-07 block flanges are designed for direct tank installation and are available in various designs, see chapter “product connections”. The block flanges are part of the BBS modular system.",,卫生过程,HIGH,卫生管路连接,CURRENT,CHINA_PAGE_ONLY,https://www.burkert.com/en/type/BBS-07,https://www.burkert.com.cn/cn/type/BBS-07,https://www.burkert.com/en/Media/plm/DTS/DS/dsbbs-07-standard-eu-en.pdf?id=DTS0000000000000001000179579ENL,,2026-06-09,A,"Global official Type page is the product master. China visibility indicates public page/document visibility only, not stock, origin or lead time. Official category paths: Additional Products > BBS Hygienic Fittings."
BBS-10,Check valves with welded connections,无菌止回阀,附加产品,BBS Hygienic Fittings,BBS Hygienic Fittings,"These sterile check valves with welded connection are suitable for liquids. The eccentric design and the specially designed internal geometry enable nearly complete draining in a horizontal installation position. In addition, due to the two-part design, the flow direction can be freely selected through a simple conversion.",液体,卫生过程,HIGH,卫生管路连接,CURRENT,CHINA_PAGE_ONLY,https://www.burkert.com/en/type/BBS-10,https://www.burkert.com.cn/cn/type/BBS-10,https://www.burkert.com/en/Media/plm/DTS/DS/dsbbs-10-standard-eu-en.pdf?id=DTS0000000000000001000150433ENL,,2026-06-09,A,"Global official Type page is the product master. China visibility indicates public page/document visibility only, not stock, origin or lead time. Official category paths: Additional Products > BBS Hygienic Fittings."
BBS-11,Standard ingold socket,安全 Ingold 套管 - 无菌规格及无菌采样系统,附加产品,BBS Hygienic Fittings,BBS Hygienic Fittings,"The BBS standard ingold sockets were designed that when the nut is unlocked, a possible pressure in the tank can release without completely loosening the ingold socket. The standardisation of the safety ingold sockets enables the uniform use of different measuring devices.",,卫生过程,LOW,卫生管路连接,CURRENT,CHINA_PAGE_ONLY,https://www.burkert.com/en/type/BBS-11,https://www.burkert.com.cn/cn/type/BBS-11,https://www.burkert.com/en/Media/plm/DTS/DS/dsbbs-11-adaptors-eu-en.pdf?id=DTS0000000000000001000174939ENL,,2026-06-09,A,"Global official Type page is the product master. China visibility indicates public page/document visibility only, not stock, origin or lead time. Official category paths: Additional Products > BBS Hygienic Fittings."
BBS-25,"Clamp socket, clamps and seals according to DIN 32676",夹持套管、夹具和密封件 - DIN 32676,附加产品,BBS Hygienic Fittings,BBS Hygienic Fittings,"The three-part BBS-25 clamp connections consisting of clamp sockets, clamps and seals are compatible with all standard connections on the market. Clamp connections can be combined in accordance with DIN 32676. For connections with higher demands, we recommend the BBS sterile contour connections BBS-03, BBS-05 oder BBS-06.",,卫生过程,HIGH,卫生管路连接,CURRENT,CHINA_PAGE_ONLY,https://www.burkert.com/en/type/BBS-25,https://www.burkert.com.cn/cn/type/BBS-25,https://www.burkert.com/en/Media/plm/DTS/DS/dsbbs-25-standard-eu-en.pdf?id=DTS0000000000000001000175512ENN,,2026-06-09,A,"Global official Type page is the product master. China visibility indicates public page/document visibility only, not stock, origin or lead time. Official category paths: Additional Products > BBS Hygienic Fittings."
BBS-3F,Inline sight glass full view and partial view variant,带有焊接式和夹紧式接头的管线视孔玻璃,附加产品,BBS Hygienic Fittings,BBS Hygienic Fittings,"The inline sight glass enables quick visual control of ongoing processes. Partial sight glasses enable process monitoring in a 180° position. Full view sight glasses have a 360° viewing window, thus the liquid flow is visible from every position. Horizontal or vertical installation position is possible.",液体,卫生过程,LOW,卫生管路连接,CURRENT,CHINA_PAGE_ONLY,https://www.burkert.com/en/type/BBS-3F,https://www.burkert.com.cn/cn/type/BBS-3F,https://www.burkert.com/en/Media/plm/DTS/DS/dsbbs-3f-standard-eu-en.pdf?id=DTS0000000000000001000148923ENS,,2026-06-09,A,"Global official Type page is the product master. China visibility indicates public page/document visibility only, not stock, origin or lead time. Official category paths: Additional Products > BBS Hygienic Fittings."
BBS-4S,Hose fittings,可重复使用的软管螺纹套管接头适用于所有卫生流程应用,附加产品,BBS Hygienic Fittings,BBS Hygienic Fittings,These hose fittings are specially designed for use with BBS-04 silicone hoses. Depending on the required hose size the corresponding connection is to be selected. The hose fittings are part of the BBS modular system,,卫生过程,LOW,卫生管路连接,CURRENT,CHINA_PAGE_ONLY,https://www.burkert.com/en/type/BBS-4S,https://www.burkert.com.cn/cn/type/BBS-4S,https://www.burkert.com/en/Media/plm/DTS/DS/dsbbs-4s-standard-eu-en.pdf?id=DTS0000000000000001000148951ENN,,2026-06-09,A,"Global official Type page is the product master. China visibility indicates public page/document visibility only, not stock, origin or lead time. Official category paths: Additional Products > BBS Hygienic Fittings."
BPX3,Backplane System Connect,背板系统连接,质量流量控制器与流量计,Gateway / I/O Modules,Gateway / I/O Modules,The BPX3 backplane provides the extension board for the EDIP System Connect platform. It allows the compact connection of ME44 IO modules to a ME43 Gateway,,Gateway / I/O Modules,MEDIUM,,CURRENT,CHINA_PAGE_ONLY,https://www.burkert.com/en/type/BPX3,https://www.burkert.com.cn/cn/type/BPX3,,,2026-06-09,A,"Global official Type page is the product master. China visibility indicates public page/document visibility only, not stock, origin or lead time. Official category paths: Mass Flow Controllers > Gateway / I/O Modules."
BUPLUS,"Service, Maintenance and Commissioning","Service, Maintenance and Commissioning",过程与控制阀,Shut-off Valves (On/Off) > Robolux (Multiport valves),Robolux (Multiport valves),"BürkertPlus includes a wide range of services. From professional maintenance, efficient system modernisation, precise commissioning, customised training, reliable calibration, system screenings and more. We offer comprehensive solutions. With our extensive portfolio, we help to increase the longevity of your equipment, minimise downtime and maximise operational efficiency. Our team of experts is on hand to understand your individual requirements and develop customised solutions. Everything from a single source!",,Shut-off Valves (On/Off) > Robolux (Multiport valves),HIGH,制药设备调试/维护,CURRENT,CHINA_PAGE_ONLY,https://www.burkert.com/en/type/BUPLUS,https://www.burkert.com.cn/cn/type/BUPLUS,,,2026-06-09,A,"Global official Type page is the product master. China visibility indicates public page/document visibility only, not stock, origin or lead time. Official category paths: Process and Control Valves > Shut-off Valves (On/Off) > Robolux (Multiport valves) | Process and Control Valves > Hygienic / Pharma / Hydrogen / Speciality Process Valves > Robolux / Multiport valve | Electromotive Valves > Angle Seat Valves > Control | Process and Control Valves > Control Valves > Globe Valves > Electromotive | Electromotive Valves > Globe Valves > Control | Sensors, Transmitters and Controllers > Flow > Thermal mass flow meter | Mass Flow Controllers > Mass Flow Meters (Gas) | Sensors, Transmitters and Controllers > Flow > Paddle Wheel > Insertion | Sensors, Transmitters and Controllers > Flow > Electromagnetic Flowmeter (EMF) > Insertion EMF | Sensors, Transmitters and Controllers > Flow > Electromagnetic Flowmeter (EMF) > Inline EMF | Sensors, Transmitters and Controllers > Flow > FLOWave (SAW) | Sensors, Transmitters and Controllers > Level > Tuning Fork | Sensors, Transmitters and Controllers > Level > Radar | Sensors, Transmitters and Controllers > Level > Ultrasonic | Sensors, Transmitters and Controllers > Level > Float | Sensors, Transmitters and Controllers > Level > Guided Radar | Sensors, Transmitters and Controllers > Liquid Analysis > pH / ORP | Sensors, Transmitters and Controllers > Liquid Analysis > Conductivity | Sensors, Transmitters and Controllers > Liquid Analysis > Chlorine | Proportional Valves > Controllers | Sensors, Transmitters and Controllers > Controllers / Transmitters | Sensors, Transmitters and Controllers > Liquid Analysis > Multichannel Systems | Mass Flow Controllers > Mass Flow Controllers (Gas) | Process and Control Valves > Process Valve Automation > Valve Islands | Pneumatics and Process Interfaces > Valve Islands | Process and Control Valves > Process Valve Automation > ON/OFF | Process and Control Valves > Control Valves > Positioners / Process Controllers > ELEMENT Positioner / Process Controllers | Process and Control Valves > Process Valve Automation > Control | Sensors, Transmitters and Controllers > Flow > Differential pressure | Mass Flow Controllers > Liquid Flow Meters | Mass Flow Controllers > Liquid Flow Controllers | Process and Control Valves > Control Valves > Positioners / Process Controllers > SideCONTROL | Process and Control Valves > Control Valves > Globe Valves > Pneumatic | Process and Control Valves > Control Valves > Diaphragm Valves | Process and Control Valves > Control Valves > Angle Seat Valves > Pneumatic | Process and Control Valves > Control Valves > Ball Valves > Pneumatic | Process and Control Valves > Control Valves > Angle Seat Valves > Electromotive | Process and Control Valves > Control Valves > Ball Valves > Electromotive | Electromotive Valves > Ball Valves > ON/OFF | Electromotive Valves > Ball Valves > Control | Process and Control Valves > Shut-off Valves (On/Off) > Ball Valves > Pneumatic | Sensors, Transmitters and Controllers > Flow > Transmitter | Electromotive Valves > Butterfly Valves | Process and Control Valves > Shut-off Valves (On/Off) > Butterfly Valves > Pneumatic."
CUT-01,"S-CUT – (4S / 4I design) Spiral wound modules for micro-, ultra- and nanofiltration",S-CUT 4S 或 4I 设计，用于微过滤、超过滤和纳米过滤的螺旋卷绕模块,附加产品,Various Components,Various Components,"In many pharmaceutical applications spiral wound modules are also used in addition to capillary modules. Especially in the case of less sophisticated process flows, carrying a small particle load with them, S-CUT spiral wound modules are used preferably. An overriding advantage of S-CUT modules, in addition, exists in the high temperature resistance as well as in the comparatively simple module exchange. Typical application areas for the usage of sanitary spiral wound modules (4S design) are the cleaning of products with diafiltration or the depyrogenization of pharmaceutical water, but also the separation of proteins (e.g. milk) . Typical areas of application for the use of industrial spiral wound modules (4I design) are industrial water treatment, (rinsing) water recycling, oil/water separation, wastewater treatment and the concentration of recyclable material solutions (e.g. cathodic electrophoretic paint (CEP)). S-CUT spiral wound modules are available in a variety of different designs.",水,水处理；制药,HIGH,生物工艺过滤/分离,CURRENT,CHINA_PAGE_ONLY,https://www.burkert.com/en/type/CUT-01,https://www.burkert.com.cn/cn/type/CUT-01,,,2026-06-09,A,"Global official Type page is the product master. China visibility indicates public page/document visibility only, not stock, origin or lead time. Official category paths: Additional Products > Various Components."
CUT-02,C-CUT – Capillary modules for microfiltration and ultrafiltration,C-CUT，用于微过滤和超过滤的毛细管模块,附加产品,Various Components,Various Components,"With our C-CUT capillary modules with membranes made from PVDF, PES and PP, we provide a high quality product line to our customers, which has been especially developed for applications where a combination of filtration performance and high packing density is required. Due to the high stability of the membrane and the possibility to clean this membrane chemically as well as mechanically and to backwash it, C-CUT capillary modules are preferentially used for cleaning of process water and in wine and vinegar filtration. They are also successfully applied in diafiltration and in degreasing baths. We are glad to offer you customized modules, tailored to your specific separation task.",水,Various Components,LOW,生物工艺过滤/分离,CURRENT,CHINA_PAGE_ONLY,https://www.burkert.com/en/type/CUT-02,https://www.burkert.com.cn/cn/type/CUT-02,,,2026-06-09,A,"Global official Type page is the product master. China visibility indicates public page/document visibility only, not stock, origin or lead time. Official category paths: Additional Products > Various Components."
CUT-03,T-CUT PP – Tubular modules for microfiltration (02-55 series),T-CUT PP，用于微过滤的管状或管式模块（02-55 系列）,附加产品,Various Components,Various Components,"Especially for the filtration of abrasive media and applications under extreme conditions, the product range of CUT Membrane Technology was supplemented by another high-quality and robust tubular module – the T-CUT PP (02-55 series). Polypropylene membranes can be used in the entire pH range from 0 –14. Thus, the abrasion resistant PP tubular modules have their application precisely in the fields of acid and caustic recycling. They have also been used successfully for a long time in many other processes, like pigment separation and suspension concentration. T-CUT PP tubular modules are made exclusively out of one material (polypropylene), allowing a very high service life due to extremely robust mechanical stability and long operating life. The symmetrically structured PP membrane is convincing everywhere where above average performance defines the standard. Upon request, we will be pleased to supply for custommade module sizes with polypropylene membranes.",,Various Components,LOW,生物工艺过滤/分离,CURRENT,CHINA_PAGE_ONLY,https://www.burkert.com/en/type/CUT-03,https://www.burkert.com.cn/cn/type/CUT-03,,,2026-06-09,A,"Global official Type page is the product master. China visibility indicates public page/document visibility only, not stock, origin or lead time. Official category paths: Additional Products > Various Components."
CUT-04,T-CUT – Tubular modules for microfiltration and ultrafiltration,T-CUT，用于微过滤和超过滤的管状或管式模块,附加产品,Various Components,Various Components,"With its T-CUT series of micro- and ultrafiltration tubular modules, CUT Membrane Technology offers a comprehensive product family of robust modules made from PVDF and PES, with very different membrane materials and cut offs. The membranes are applied on very high-quality backing material and distinguish themselves in particular by extended durability and long service life. Due to the high stability of the membrane and the possibility to clean this membrane with chemicals, T-CUT tubular modules are used very successfully in extreme applications, for instance such as the treatment of pickling baths. Further, T-CUT tubular modules have proven themselves in the metal-processing industry, for oil/water separation and the separation of biomass from water, just to name a few applications. We are glad to offer you customized modules, tailored to your specific separation task.",水,Various Components,LOW,生物工艺过滤/分离,CURRENT,CHINA_PAGE_ONLY,https://www.burkert.com/en/type/CUT-04,https://www.burkert.com.cn/cn/type/CUT-04,,,2026-06-09,A,"Global official Type page is the product master. China visibility indicates public page/document visibility only, not stock, origin or lead time. Official category paths: Additional Products > Various Components."
EB32,Blind covers,盲盖,附加产品,Various Components,Various Components,,,Various Components,LOW,,CURRENT,CHINA_PAGE_ONLY,https://www.burkert.com/en/type/EB32,https://www.burkert.com.cn/cn/type/EB32,,,2026-06-09,A,"Global official Type page is the product master. China visibility indicates public page/document visibility only, not stock, origin or lead time. Official category paths: Additional Products > Various Components."
KE00,Pt-1000 Temperature probe for analytical sensor type 8203,类型 KE00,传感器、变送器与控制器,Temperature,Temperature,,,Temperature,MEDIUM,,CURRENT,CHINA_PAGE_ONLY,https://www.burkert.com/en/type/KE00,https://www.burkert.com.cn/cn/type/KE00,,,2026-06-09,A,"Global official Type page is the product master. China visibility indicates public page/document visibility only, not stock, origin or lead time. Official category paths: Sensors, Transmitters and Controllers > Temperature."
KK01,Adapters for hygienic and non-hygienic process valves,用于卫生型流程阀的配件,过程与控制阀,Process Valve Automation > ON/OFF,ON/OFF,"Optimised for hygienic process technology in the drinks, food and pharmaceutical industries, control heads, position controllers and process controllers can be combined with all types of pneumatically actuated process valves. In terms of automation concepts and the selection of field devices, this enables fully integrated solutions. Whether they are hygienic single-seat, double-seat and butterfly armatures, or armatures for auxiliary media such as steam, water and cleaning chemicals. This standardisation minimises stock levels and simplifies operations by reducing the variety of equipment. Thanks to robust adapters specifically designed to fit all standard armatures, control heads, position controllers and process controllers can be integrated easily and reliably.",蒸汽；水,卫生过程；食品饮料；制药,HIGH,卫生过程阀自动化接口,CURRENT,CHINA_PAGE_AND_ZH_DATASHEET,https://www.burkert.com/en/type/KK01,https://www.burkert.com.cn/cn/type/KK01,https://www.burkert.com/en/Media/plm/DTS/DS/dskk01-adaptersets-eu-en.pdf?id=DTS0000000000000001000184481ENAG,https://www.burkert.com/en/Media/plm/DTS/DS/dskk01-adaptersets-cn-zh.pdf?id=DTS0000000000000001000398582ZHF,2026-06-09,A,"Global official Type page is the product master. China visibility indicates public page/document visibility only, not stock, origin or lead time. Official category paths: Process and Control Valves > Process Valve Automation > ON/OFF | Process and Control Valves > Process Valve Automation > Control."
KK02,Push-in connectors and cables,插拔连接器和电缆,附加产品,Various Components,Various Components,,,Various Components,LOW,,CURRENT,CHINA_PAGE_ONLY,https://www.burkert.com/en/type/KK02,https://www.burkert.com.cn/cn/type/KK02,,,2026-06-09,A,"Global official Type page is the product master. China visibility indicates public page/document visibility only, not stock, origin or lead time. Official category paths: Additional Products > Various Components."
KK03,"Adaptation, assembly, and replacement components for various products",类型 KK03,附加产品,Various Components,Various Components,,,Various Components,LOW,,CURRENT,CHINA_PAGE_ONLY,https://www.burkert.com/en/type/KK03,https://www.burkert.com.cn/cn/type/KK03,,,2026-06-09,A,"Global official Type page is the product master. China visibility indicates public page/document visibility only, not stock, origin or lead time. Official category paths: Additional Products > Various Components."
KM00,Connection plates,连接板,附加产品,Various Components,Various Components,,,Various Components,LOW,,CURRENT,CHINA_PAGE_ONLY,https://www.burkert.com/en/type/KM00,https://www.burkert.com.cn/cn/type/KM00,,,2026-06-09,A,"Global official Type page is the product master. China visibility indicates public page/document visibility only, not stock, origin or lead time. Official category paths: Additional Products > Various Components."
KOMP,Various Components,备件,附加产品,Various Components,Various Components,,,Various Components,LOW,,CURRENT,CHINA_PAGE_ONLY,https://www.burkert.com/en/type/KOMP,https://www.burkert.com.cn/cn/type/KOMP,,,2026-06-09,A,"Global official Type page is the product master. China visibility indicates public page/document visibility only, not stock, origin or lead time. Official category paths: Additional Products > Various Components."
KT01,Various Components,备件,附加产品,Various Components,Various Components,,,Various Components,LOW,,CURRENT,CHINA_PAGE_ONLY,https://www.burkert.com/en/type/KT01,https://www.burkert.com.cn/cn/type/KT01,,,2026-06-09,A,"Global official Type page is the product master. China visibility indicates public page/document visibility only, not stock, origin or lead time. Official category paths: Additional Products > Various Components."
ME2X,System Control Unit,系统控制单元,传感器、变送器与控制器,Liquid Analysis > Multichannel Systems,Multichannel Systems,"The System Control Unit (SCU) of Type ME2X is the central control unit for Bürkert devices (valves, sensors, mass flow controller or displays), which are based on EDIP (“Efficient Device Integration Platform”). The basic version of Type ME2X consists of power-in and power-out modules of Type ME29 and a fieldbus coupler of Type ME23. This fieldbus coupler transmits the internal CANopen based communication of the Bürkert field devices to industrial standards for Industrial Ethernet and fieldbus. Additionally I/O modules from Type ME24 for analog and digital signals can be used to expand the system. Through these standard signals other field devices without a fieldbus interface can be integrated. (For e.g. analog sensors, valves etc.) With the help of the graphical programming sub-systems can be automated specifically to the customer’s needs. (For e.g. controlled mixing of gases, error monitoring through switching commands, timer switches etc.)",气体；液体,混合；分析测量,MEDIUM,制药用水质量监测,CURRENT,CHINA_PAGE_ONLY,https://www.burkert.com/en/type/ME2X,https://www.burkert.com.cn/cn/type/ME2X,https://www.burkert.com/en/Media/plm/DTS/DS/dsme2x-standard-eu-en.pdf?id=DTS0000000000000001000222225ENM,,2026-06-09,A,"Global official Type page is the product master. China visibility indicates public page/document visibility only, not stock, origin or lead time. Official category paths: Sensors, Transmitters and Controllers > Liquid Analysis > Multichannel Systems | Industrial Communication > I/O Modules | Industrial Communication > Gateways | Industrial Communication > EDIP > EDIP capable products | Industrial Communication > PROFINET > PROFINET capable products | Industrial Communication > EtherNet/IP > EtherNet/IP capable products."
ME43,Fieldbus gateway,现场总线网关,质量流量控制器与流量计,Gateway / I/O Modules,Gateway / I/O Modules,"The fieldbus gateway Type ME43 is the central control unit for Bürkert products (valves, sensors, mass flow controllers or displays), which are based on EDIP (“Efficient Device Integration Platform”). The basic variant of Type ME43 consists of a fieldbus coupler which transmits the internal CANopen-based communication of the Bürkert field devices to industry standards for industrial EtherNet and fieldbus. With the help of graphical programming, which the module supports, sub-systems can be automated specifically to the customer’s needs (e.g. controlled mixing of gases, error monitoring through limit value switches, time switches).",气体；液体,定量/加注；混合,MEDIUM,,CURRENT,CHINA_PAGE_AND_ZH_DATASHEET,https://www.burkert.com/en/type/ME43,https://www.burkert.com.cn/cn/type/ME43,https://www.burkert.com/en/Media/plm/DTS/DS/dsme43-standard-eu-en.pdf?id=DTS0000000000000001000328369ENU,https://www.burkert.com/en/Media/plm/DTS/DS/dsme43-standard-cn-zh.pdf?id=DTS0000000000000001000391649ZHF,2026-06-09,A,"Global official Type page is the product master. China visibility indicates public page/document visibility only, not stock, origin or lead time. Official category paths: Mass Flow Controllers > Gateway / I/O Modules | Industrial Communication > Gateways | Industrial Communication > EDIP > EDIP capable products | Industrial Communication > PROFINET > PROFINET capable products | Industrial Communication > EtherNet/IP > EtherNet/IP capable products."
ME44,"I/O module, IP 20",I/O 模块，IP20,质量流量控制器与流量计,Gateway / I/O Modules,Gateway / I/O Modules,"Bürkert I/O modules Type ME44 for extending the fieldbus gateway Type ME43 are used both to capture sensor signals and to specify set-point values or switching operations. The analogue modules import analogue sensor signals (e.g. from pressure transmitters) or specify analogue set-point values (e.g. for a flow controller). The further processing of input signals, e.g. via a fieldbus to a higher field level, or the targeted output of set-point signals is configured via the fieldbus gateway Type ME43. The digital modules can be used for the feedback of switches or the output of switching signals. Once again, a configuration for Type ME43 specifies how these inputs and outputs are processed or controlled. The I/O modules Type ME44 are plugged onto a so-called backplane, which in turn is connected to the gateway Type ME43. Up to 9 Type ME44 modules can be connected via 3 backplanes to one gateway Type ME43. Type ME43 and Type ME44 modules are part of the Bürkert EDIP (Efficient Device Integration Platform) concept. They facilitate the integration of field level devices (e.g. valves or sensors) in the higher control level. All I/Os of the modules comply with IEC 61131-2.",液体,定量/加注,MEDIUM,,CURRENT,CHINA_PAGE_ONLY,https://www.burkert.com/en/type/ME44,https://www.burkert.com.cn/cn/type/ME44,https://www.burkert.com/en/Media/plm/DTS/DS/dsme44-iomodules-eu-en.pdf?id=DTS0000000000000001000353026ENR,,2026-06-09,A,"Global official Type page is the product master. China visibility indicates public page/document visibility only, not stock, origin or lead time. Official category paths: Mass Flow Controllers > Gateway / I/O Modules | Industrial Communication > I/O Modules."
ME61,EDIP process display,EDIP 过程显示屏,质量流量控制器与流量计,Gateway / I/O Modules,Gateway / I/O Modules,The process view display Type ME61 extends the EDIP (Efficient Device Integration Platform) with an easily attachable display for process parameters. The device provides a Bürkert system bus interface (büS) using an M12 connector which allows easy integration with existing büS or CANopen environments. Using the EDIP configuration tool (Bürkert Communicator) the ME61 can be easily set up to display the desired information.,,Gateway / I/O Modules,MEDIUM,,CURRENT,CHINA_PAGE_AND_ZH_DATASHEET,https://www.burkert.com/en/type/ME61,https://www.burkert.com.cn/cn/type/ME61,https://www.burkert.com/en/Media/plm/DTS/DS/dsme61-standard-eu-en.pdf?id=DTS0000000000000001000463135ENF,https://www.burkert.com/en/Media/plm/DTS/DS/dsme61-standard-cn-zh.pdf?id=DTS0000000000000001000566166ZHD,2026-06-09,A,"Global official Type page is the product master. China visibility indicates public page/document visibility only, not stock, origin or lead time. Official category paths: Mass Flow Controllers > Gateway / I/O Modules | Industrial Communication > Display | Industrial Communication > EDIP > EDIP capable products."
ME63,"Industrial Ethernet gateway, IP65/IP67/IP69k",工业以太网网关，IP65/IP67/IP69k,质量流量控制器与流量计,Gateway / I/O Modules,Gateway / I/O Modules,"The Industrial Ethernet gateway Type ME63 is the central control unit for Bürkert products (valves, sensors, process control systems), which is based on EDIP (Efficient Device Integration Platform) and used in processes requiring a high degree of protection. Type ME63 consists of a gateway which transmits the internal CANopen-based communication of the Bürkert field devices to all common industry standards for Industrial Ethernet. With the help of eight M12 ports, CANopen-based Bürkert field devices can be connected directly to the gateway Type ME63. The power supply of the field devices can be provided either by an M12 L-Power (up to 32A) or an A-coded M12 connector (up to 4A). One of these additional participants can be either Type ME64 (I/O module) or a passive junction box (included as an accessory part with this data sheet). The passive junction box is intended to simply integrate further participants into the system of the gateway Type ME63. The power supply via the M12 L-Power input can supply further field devices located close to the process via the second M12 L-Power output. Also integrated is an Ethernet switch which allows the direct integration of further field devices located close to the process in the Ethernet communication.",液体,定量/加注,MEDIUM,,CURRENT,CHINA_PAGE_AND_ZH_DATASHEET,https://www.burkert.com/en/type/ME63,https://www.burkert.com.cn/cn/type/ME63,https://www.burkert.com/en/Media/plm/DTS/DS/dsme63-standard-eu-en.pdf?id=DTS0000000000000001000438645ENJ,https://www.burkert.com/en/Media/plm/DTS/DS/dsme63-standard-cn-zh.pdf?id=DTS0000000000000001000578866ZHB,2026-06-09,A,"Global official Type page is the product master. China visibility indicates public page/document visibility only, not stock, origin or lead time. Official category paths: Mass Flow Controllers > Gateway / I/O Modules | Industrial Communication > Gateways | Industrial Communication > EDIP > EDIP capable products | Industrial Communication > PROFINET > PROFINET capable products | Industrial Communication > EtherNet/IP > EtherNet/IP capable products."
ME64,I/O modules IP65/ IP67/ IP69K,I/O模块 IP65/IP67/IP69k,质量流量控制器与流量计,Gateway / I/O Modules,Gateway / I/O Modules,"The Bürkert ME64 input/output modules complement the ME63 Industrial Ethernet gateway and are used to acquire various sensor and control signals. Depending on the model, there are either 16 fixed digital inputs or universal I/O channels available, which can be individually configured as analogue inputs (AI), digital inputs (DI) or digital outputs (DO). This allows the ME64 Type to be flexibly adapted to the requirements of the specific application – from simple switching signals to variable sensor and actuator configurations. The signals acquired by the ME64 are transmitted to the ME63 gateway via a CANopen-based internal bus. Further processing, e.g. via an Industrial Ethernet communication protocol to a higher-level programmable logic controller or field level, is carried out centrally via the gateway. When used in combination with valve terminal components such as the AirLINE Field Type 8653 (pneumatic control of process valves) or with decentralised process valve programmable logic controllers such as the Type 8691, the Type ME64 is ideal for local acquisition of feedback signals – even in splash-proof environments directly on the plant. Using the gateway’s central configuration management system, the ME64 type can be easily replaced or expanded as a client as required, without the need for extensive modifications to the programmable logic controller. The ME63 and ME64 types are part of the Bürkert EDIP concept (Efficient Device Integration Platform). It simplifies the integration of field devices such as valves or sensors into higher-level automation and control systems and completes Bürkert’s Efficient Device Integration Platform (EDIP) system architecture.",空气,Gateway / I/O Modules,MEDIUM,,CURRENT,CHINA_PAGE_ONLY,https://www.burkert.com/en/type/ME64,https://www.burkert.com.cn/cn/type/ME64,https://www.burkert.com/en/Media/plm/DTS/DS/dsme64-standard-eu-en.pdf?id=DTS0000000000000001000438650ENJ,,2026-06-09,A,"Global official Type page is the product master. China visibility indicates public page/document visibility only, not stock, origin or lead time. Official category paths: Mass Flow Controllers > Gateway / I/O Modules | Industrial Communication > I/O Modules."
ME66,"Passive junction box, IP65/IP67/IP69k",büS 分配箱，IP65/IP67/IP69k,质量流量控制器与流量计,Gateway / I/O Modules,Gateway / I/O Modules,"The Type ME66 passive junction box is the central control unit for Bürkert products (valves, sensors, process control systems), which is based on EDIP (Efficient Device Integration Platform) and used in processes requiring a high degree of protection. Type ME66 consists of connections for the simple distribution of büS/CANopen-based data lines and the associated power supply. With the help of eight M12 ports, CANopen-based Bürkert field devices can be connected directly to the Type ME66. The power can either be supplied via M12 L-power ports (up to 32A) or M12 A-coded ports (up to 4A). One of the connected devices will typically be an Industrial Ethernet gateway of the Type ME63 or Type ME43, which transmits the CANopen based communication of the Bürkert field devices at all common industrial standards as a fieldbus gateway. The power supply via the M12 L-power input can be passed through to other devices via the second M12 L-power output.",,Gateway / I/O Modules,MEDIUM,,CURRENT,CHINA_PAGE_ONLY,https://www.burkert.com/en/type/ME66,https://www.burkert.com.cn/cn/type/ME66,https://www.burkert.com/en/Media/plm/DTS/DS/dsme66-standard-eu-en.pdf?id=DTS0000000000000001000563115ENH,,2026-06-09,A,"Global official Type page is the product master. China visibility indicates public page/document visibility only, not stock, origin or lead time. Official category paths: Mass Flow Controllers > Gateway / I/O Modules | Industrial Communication > PROFINET > PROFINET capable products | Industrial Communication > EtherNet/IP > EtherNet/IP capable products | Industrial Communication > Gateways | Industrial Communication > EDIP > EDIP capable products | Industrial Communication > I/O Modules | Industrial Communication > Passive Distribution Box."
MKRS,Redundancy valve block for safety-related shut-off function,为安全切断的冗余区块,气动与过程接口,Valve Islands,Valve Islands,"The Type MKRS extends the versatility of valve island Type 8640 as well as the automation system Type 8644. Combining Type MKRS with valve Types 6524 and 6525, redundancy valve functions can be installed. Thereby according to machinery directives EN ISO 13849 higher safety functionalities up to performance level d can be reached.",,Valve Islands,MEDIUM,制药设备气动自动化,CURRENT,CHINA_PAGE_ONLY,https://www.burkert.com/en/type/MKRS,https://www.burkert.com.cn/cn/type/MKRS,https://www.burkert.com/en/Media/plm/DTS/DS/dsmkrs-standard-eu-en.pdf?id=DTS0000000000000001000285116ENF,,2026-06-09,A,"Global official Type page is the product master. China visibility indicates public page/document visibility only, not stock, origin or lead time. Official category paths: Pneumatics and Process Interfaces > Valve Islands."
MS01,pH Sensor Cube,pH 值传感器立方体,传感器、变送器与控制器,Liquid Analysis > Multichannel Systems,Multichannel Systems,"This sensor cube measures the pH value in water. It is designed for operation on a fluidic backplane in the Type 8905 online water analysis system. The pH sensor cube contains an ISFET measuring cell, which is based on the MEMS technology (micro electro-mechanical system). The measurement indicates the pH value of the sample water. The electrical and fluidic connections are established via the backplane of the system. The sensor cube communicates with the system via the digital büS interface, allowing fully automatic login to the online water analysis system. If the sensor is plugged into the system, it automatically logs on to the büS and can be parameterised according to customer requirements. The sensor cube provides protection against biological growth on the reference electrode and is recommended for all applications, especially those with no or very low chlorine in the water.",水；液体；液体/气体,分析测量,MEDIUM,制药用水质量监测,CURRENT,CHINA_PAGE_ONLY,https://www.burkert.com/en/type/MS01,https://www.burkert.com.cn/cn/type/MS01,https://www.burkert.com/en/Media/plm/DTS/DS/dsms01-ph-eu-en.pdf?id=DTS0000000000000001000220806ENU,,2026-06-09,A,"Global official Type page is the product master. China visibility indicates public page/document visibility only, not stock, origin or lead time. Official category paths: Sensors, Transmitters and Controllers > Liquid Analysis > Multichannel Systems | Sensors, Transmitters and Controllers > Liquid Analysis > pH / ORP."
MS02,Chlorine (Cl2) or chlorine dioxide (ClO2) sensor cube,氯 (Cl2) 或二氧化氯 (ClO2) 传感器立方体,传感器、变送器与控制器,Liquid Analysis > Multichannel Systems,Multichannel Systems,"This sensor cube measures the free acting chlorine or chlorine dioxide in water, depending on the variant. It is designed for operation on a fluidic backplane in the Type 8905 online water analysis system. The sensor cube contains a high precision membrane-covered amperiometric sensor, based on Bürkert MEMS technology (micro electro-mechanical system). The measurement shows the Cl2 or ClO2 content in the sample water. The chlorine sensor cube measures either the available chlorine HOCl or, if an MS01 pH sensor cube is connected for pH compensation, the free chlorine. The electrical and fluidic connections are established via the backplane of the system. The sensor cube communicates with the system via the digital büS interface, allowing fully automatic login to the online water analysis system. If the sensor is plugged into the system, it automatically logs on to the büS and can be parameterised according to customer requirements. As a supplement to the standard sensor, there is a variant with an external KCl reference electrode. This sensor is recommended for changing chlorine concentrations and generally unsteady process conditions.",水；液体；液体/气体,分析测量,MEDIUM,制药用水质量监测,CURRENT,CHINA_PAGE_ONLY,https://www.burkert.com/en/type/MS02,https://www.burkert.com.cn/cn/type/MS02,https://www.burkert.com/en/Media/plm/DTS/DS/dsms02-chlorine-eu-en.pdf?id=DTS0000000000000001000220807ENQ,,2026-06-09,A,"Global official Type page is the product master. China visibility indicates public page/document visibility only, not stock, origin or lead time. Official category paths: Sensors, Transmitters and Controllers > Liquid Analysis > Multichannel Systems | Sensors, Transmitters and Controllers > Liquid Analysis > Chlorine."
MS03,Conductivity sensor cube,电导率传感器,传感器、变送器与控制器,Liquid Analysis > Multichannel Systems,Multichannel Systems,"The device is a conductivity measuring sensor. It is designed for operation on a fluidic backplane in the Type 8905 online water analysis system. The conductivity of water generally reflects the amount of dissolved substances it contains. Not only is the absolute value at each moment an indicator for the continuity of the water quality, but quick changes in the conductivity may indicate unwanted change in the water. A rising or falling value can also be used as an indicator for process feedback in specific treatment steps. The electrical and fluidic connections are made via the connection panel of the system. The sensor cube is communicating with the system via büS, allowing fully automatic login to the online water analysis system. If the sensor is plugged into the system, it automatically logs on to the büS and can be parameterised according to customer requirements.",水；液体；液体/气体,分析测量,MEDIUM,制药用水质量监测,CURRENT,CHINA_PAGE_ONLY,https://www.burkert.com/en/type/MS03,https://www.burkert.com.cn/cn/type/MS03,https://www.burkert.com/en/Media/plm/DTS/DS/dsms03-conductivity-eu-en.pdf?id=DTS0000000000000001000220809ENS,,2026-06-09,A,"Global official Type page is the product master. China visibility indicates public page/document visibility only, not stock, origin or lead time. Official category paths: Sensors, Transmitters and Controllers > Liquid Analysis > Multichannel Systems | Sensors, Transmitters and Controllers > Liquid Analysis > Conductivity."
MS04,Oxidation reduction potential (ORP) sensor cube,氧化还原传感器立方体,传感器、变送器与控制器,Liquid Analysis > Multichannel Systems,Multichannel Systems,"This sensor cube measures the oxidation reduction potential (ORP) in the water. It is designed for operation on a fluidic backplane in the Type 8905 online water analysis system. The ORP value is one of the most important water parameters. The value is an indicator for the activity of the disinfectant, with no measure of the applied dose but with measure of the remaining residual. The electrical and fluidic connections are established via the backplane of the system. The sensor cube communicates with the system via the digital büS interface, allowing fully automatic login to the online analysis system. If the sensor is plugged into the system, it automatically logs on to the büS and can be parameterised according to customer requirements. The sensor cube provides protection against biological growth on the reference electrode and is recommended for all applications, especially those with no or very low chlorine in the water.",水；液体；液体/气体,分析测量,MEDIUM,制药用水质量监测,CURRENT,CHINA_PAGE_ONLY,https://www.burkert.com/en/type/MS04,https://www.burkert.com.cn/cn/type/MS04,https://www.burkert.com/en/Media/plm/DTS/DS/dsms04-orp-eu-en.pdf?id=DTS0000000000000001000220810ENP,,2026-06-09,A,"Global official Type page is the product master. China visibility indicates public page/document visibility only, not stock, origin or lead time. Official category paths: Sensors, Transmitters and Controllers > Liquid Analysis > Multichannel Systems | Sensors, Transmitters and Controllers > Liquid Analysis > pH / ORP."
MS05,Turbidity sensor cube,浊度传感器立方体,传感器、变送器与控制器,Liquid Analysis > Multichannel Systems,Multichannel Systems,"This sensor cube measures turbidity according to DIN EN ISO 7027 or EPA method 180.1. It is designed for operation on a fluidic backplane in the Type 8905 online water analysis system. The continuous analysis of turbidity in water is an indicator of undesirable, undissolved substances in water. The measurement before and after filter stages can indicate the filter effect and enables, for example, the optimisation of backwashing processes. In the best case, this can lead to water and energy savings. The electrical and fluidic connections are established via the backplane of the system. The sensor cube communicates with the system via the digital büS interface, allowing fully automatic login to the online water analysis system. If the sensor is plugged into the system, it automatically logs on to the büS and can be parameterised according to customer requirements.",水；液体；液体/气体,分析测量,MEDIUM,制药用水质量监测,CURRENT,CHINA_PAGE_ONLY,https://www.burkert.com/en/type/MS05,https://www.burkert.com.cn/cn/type/MS05,https://www.burkert.com/en/Media/plm/DTS/DS/dsms05-turbidity-eu-en.pdf?id=DTS0000000000000001000220812ENV,,2026-06-09,A,"Global official Type page is the product master. China visibility indicates public page/document visibility only, not stock, origin or lead time. Official category paths: Sensors, Transmitters and Controllers > Liquid Analysis > Multichannel Systems | Sensors, Transmitters and Controllers > Liquid Analysis > Turbidity."
MS06,Flow injection analysis (FIA) sensor cube for dissolved iron content,用于溶解铁的 Sensor-Cube（传感器立方体） - 流动注射分析,传感器、变送器与控制器,Liquid Analysis > Multichannel Systems,Multichannel Systems,"Bürkert has developed an FIA (flow injection ­analysis) module for the measure of dissolved iron (Fe2+/Fe3+) for use in the online analysis system which combines all necessary components including control in a minimum of space. The special feature of Bürkert’s FIA module is its consequent miniaturisation using microfluidic components. FIA has been used in laboratories for quantitative analyses for many years. With the FIA module, the method can now be used for the first time as a field device and continuously monitor the iron content of a measurement point. In the flow injection analysis, the reagent is added to a water sample via a pump. The microfluidic mixing section after injection ensures uniform and complete mixing. The measurement liquid then passes through a photometer which measures the absorption over time. From the detected peak-shaped signal, the iron content can be determined photometrically and is then available for the control, monitoring and documentation of the water treatment. Miniaturisation of the measurement unit and compatibility to all EDIP modules enable use in the Online Analysis System Type 8905. By plugging it into the fluidic backplane slot, the electrical and fluidic connections are made via the connection panel of the system. The measuring module communicates with the system via büS, allowing fully automatic login to the online analysis system. If the iron measuring module is plugged into the system, it is included in the list of büS members and further adaptations to customer requirements can be made.",水；液体；液体/气体,混合；分析测量；水处理,MEDIUM,制药用水质量监测,CURRENT,CHINA_PAGE_ONLY,https://www.burkert.com/en/type/MS06,https://www.burkert.com.cn/cn/type/MS06,https://www.burkert.com/en/Media/plm/DTS/DS/dsms06-standard-eu-en.pdf?id=DTS0000000000000001000300813END,,2026-06-09,A,"Global official Type page is the product master. China visibility indicates public page/document visibility only, not stock, origin or lead time. Official category paths: Sensors, Transmitters and Controllers > Liquid Analysis > Multichannel Systems | Sensors, Transmitters and Controllers > Liquid Analysis > Iron."
MS08,SAC 254 sensor,SAK 254 传感器,传感器、变送器与控制器,Liquid Analysis > SAC254,SAC254,"The Type MS08 sensor is an optical sensor for measuring absorption in the UV range at 254 nm. This sensor can be used to detect dissolved organic matter in the water and thus provide a high degree of safety for drinking water production. The SAC 254 and turbidity 530 values can be measured, as well as TOCeq, BODeq, and CODeq through an application-specific correlation. The measurement principle is optical absorption measurement at 254 nm and 530 nm for turbidity compensation and is implemented using 2 LEDs and a detector. The optical path length is optimized for drinking water, but can be easily adjusted by the manufacturer.",水；液体,分析测量,MEDIUM,制药用水质量监测,CURRENT,CHINA_PAGE_ONLY,https://www.burkert.com/en/type/MS08,https://www.burkert.com.cn/cn/type/MS08,https://www.burkert.com/en/Media/plm/DTS/DS/dsms08-standard-eu-en.pdf?id=DTS0000000000000001000529163ENF,,2026-06-09,A,"Global official Type page is the product master. China visibility indicates public page/document visibility only, not stock, origin or lead time. Official category paths: Sensors, Transmitters and Controllers > Liquid Analysis > SAC254 | Sensors, Transmitters and Controllers > Liquid Analysis > Multichannel Systems."
MS09,Nitrate sensor,硝酸盐传感器,传感器、变送器与控制器,Liquid Analysis > Nitrate,Nitrate,"The Type MS09 sensor is an optical sensor for UV absorption measurement to determine the nitrate content in drinking water. The sensor has a xenon flash lamp as a light source and can measure nitrate content with reduced interference through three different detection channels. The nitrate content is determined at 212 nm, the organic matter at 254 nm and the turbidity at 360 nm. The sensor is therefore insensitive to cross-influences in the water. The sensor is mainly used in drinking water to ensure compliance with regulatory limits. The measurement is carried out in raw water as well as in pure water.",水；液体,分析测量,MEDIUM,制药用水质量监测,CURRENT,CHINA_PAGE_ONLY,https://www.burkert.com/en/type/MS09,https://www.burkert.com.cn/cn/type/MS09,https://www.burkert.com/en/Media/plm/DTS/DS/dsms09-standard-eu-en.pdf?id=DTS0000000000000001000529166ENE,,2026-06-09,A,"Global official Type page is the product master. China visibility indicates public page/document visibility only, not stock, origin or lead time. Official category paths: Sensors, Transmitters and Controllers > Liquid Analysis > Nitrate | Sensors, Transmitters and Controllers > Liquid Analysis > Multichannel Systems."
MZ15,Manual calibration and cleaning module,手动校准和清洁模块,附加产品,Various Components,Various Components,"The handy and simple MZ15 module enables the operator to carry out minor interventions in the field such as sensor cleaning or calibration. This system accessory for the Online Analysis System Type 8905 also extends the flexibility and thus supports economical and time-saving operation. In this context, the manual calibration and cleaning MZ15 module helps to observe the specific individual quality standards in a simple way.",,分析测量,LOW,,CURRENT,CHINA_PAGE_ONLY,https://www.burkert.com/en/type/MZ15,https://www.burkert.com.cn/cn/type/MZ15,https://www.burkert.com/en/Media/plm/DTS/DS/dsmz15-standard-eu-en.pdf?id=DTS0000000000000001000326996ENJ,,2026-06-09,A,"Global official Type page is the product master. China visibility indicates public page/document visibility only, not stock, origin or lead time. Official category paths: Additional Products > Various Components."
MZ20,Cleaning System,清洁系统,附加产品,Various Components,Various Components,"The Cleaning Module MZ20 and the Control Module ME24 are fully compatible to type 8905 systems. The Cleaning System is designed to clean the fluidic channels and the sensor surface in the connected sensor cubes using up to two cleaning liquids. The cleaning is proceeded fully automatically. When a cleaning is requested e.g. by a timer within the Control Module, all necessary steps are started. Sample water stop -> dosing of cleaning liquid -> duration when cleaning is active -> flush system -> in case: dose next cleaning solution -> a.s.o. All timers and criteria are user defined and this allows optimized adjustment to the cleaning demand. The cleaning parameters might be set via 7"" touch display at the 8905 Online-Analysis-System or by a Bürkert Communicator. Using the automatic cleaning system allows reducing the manual cleaning of the sensors and improve the long term stability of the measurements. The cleaning system operates without maintenance except the change of empty tanks by new filled cleaning solutions.",水；液体；液体/气体,定量/加注；分析测量,LOW,,CURRENT,CHINA_PAGE_ONLY,https://www.burkert.com/en/type/MZ20,https://www.burkert.com.cn/cn/type/MZ20,https://www.burkert.com/en/Media/plm/DTS/DS/dsmz20-standard-eu-en.pdf?id=DTS0000000000000001000282423ENH,,2026-06-09,A,"Global official Type page is the product master. China visibility indicates public page/document visibility only, not stock, origin or lead time. Official category paths: Additional Products > Various Components."
MZ30,Reagent unit,试剂单元,附加产品,Various Components,Various Components,"The reagent unit supplies the flow injection analysis within a Type 8905 system with the correct reagents. Up to three reagents are stored in a bottle holder for this. The device checks whether the correct reagent bottles are inserted. This function is ensured by the integrated barcode reader. The barcode provides additional information on the expiry date. The operator receives a message if a reagent is faulty. The level is detected through the weight of each bottle. In this case, the operator also receives a message if the reagents need to be topped up. The reagent unit can be installed in a system housing or attached to the mounting plate in an analysis cabinet. If an MZ30 without electronics is used, there is no barcode detection. The level is calculated based on the pump function. * Only applies to devices with barcode reader and weight sensors (product with electronics).",,分析测量,LOW,,CURRENT,CHINA_PAGE_ONLY,https://www.burkert.com/en/type/MZ30,https://www.burkert.com.cn/cn/type/MZ30,https://www.burkert.com/en/Media/plm/DTS/DS/dsmz30-standard-eu-en.pdf?id=DTS0000000000000001000396168ENC,,2026-06-09,A,"Global official Type page is the product master. China visibility indicates public page/document visibility only, not stock, origin or lead time. Official category paths: Additional Products > Various Components | Sensors, Transmitters and Controllers > Liquid Analysis > Iron."
NORM,Various Components,备件,附加产品,Various Components,Various Components,,,Various Components,LOW,,CURRENT,CHINA_PAGE_ONLY,https://www.burkert.com/en/type/NORM,https://www.burkert.com.cn/cn/type/NORM,,,2026-06-09,A,"Global official Type page is the product master. China visibility indicates public page/document visibility only, not stock, origin or lead time. Official category paths: Additional Products > Various Components."
S010,INLINE sensor-fitting with blade,带有环圈的 INLINE 传感器-配件,传感器、变送器与控制器,Flow > Paddle Wheel > Inline,Inline,Sensor fitting,,Flow > Paddle Wheel > Inline,MEDIUM,,CURRENT,CHINA_PAGE_ONLY,https://www.burkert.com/en/type/S010,https://www.burkert.com.cn/cn/type/S010,,,2026-06-09,A,"Global official Type page is the product master. China visibility indicates public page/document visibility only, not stock, origin or lead time. Official category paths: Sensors, Transmitters and Controllers > Flow > Paddle Wheel > Inline | Sensors, Transmitters and Controllers > Flow > Flow Fittings / Armature."
S012,Fitting for paddle wheel sensors,叶轮传感器配件,传感器、变送器与控制器,Flow > Paddle Wheel > Inline,Inline,,,Flow > Paddle Wheel > Inline,MEDIUM,,CURRENT,CHINA_PAGE_ONLY,https://www.burkert.com/en/type/S012,https://www.burkert.com.cn/cn/type/S012,,,2026-06-09,A,"Global official Type page is the product master. China visibility indicates public page/document visibility only, not stock, origin or lead time. Official category paths: Sensors, Transmitters and Controllers > Flow > Paddle Wheel > Inline | Sensors, Transmitters and Controllers > Flow > Flow Fittings / Armature."
S020,Insertion fitting for volume flow rate or analysis measurements,用于流量测量或分析测量的插入式接头,传感器、变送器与控制器,Flow > Flow Fittings / Armature,Flow Fittings / Armature,"The Type S020 fitting can be used to connect any Insertion devices for in-pipeline measurement, such as for flow rate, pH, redox potential (ORP) or conductivity measurements. The fitting is available for paddle-wheel and magnetic inductive flowmeters, as well as analysis measurement devices, with G 2"" or clamp connections.",液体/气体；腐蚀性介质；中性介质,定量/加注；分析测量,MEDIUM,WFI/PW及CIP流量监控,CURRENT,CHINA_PAGE_ONLY,https://www.burkert.com/en/type/S020,https://www.burkert.com.cn/cn/type/S020,https://www.burkert.com/en/Media/plm/DTS/DS/dss020-standard-eu-en.pdf?id=DTS0000000000000001000011768ENAW,,2026-06-09,A,"Global official Type page is the product master. China visibility indicates public page/document visibility only, not stock, origin or lead time. Official category paths: Sensors, Transmitters and Controllers > Flow > Flow Fittings / Armature | Sensors, Transmitters and Controllers > Armatures for Analysis Sensors."
S022,Insertion adapter/fitting for ELEMENT analytical measurement devices,适合 ELEMENT pH 和传导性电导率测量仪的接头,传感器、变送器与控制器,Armatures for Analysis Sensors,Armatures for Analysis Sensors,"The adapter/fitting or analysis measurement chamber is used to connect the compact analytical ELEMENT measuring device into piping systems or vessels. Different variants of adapters/fittings are available: Adapters: • PVC-U adapter to stick into equal or reduced standard metric or ASTM T-fitting • PP adapter to weld into equal d32 standard metric T-fitting • Stainless steel adapter for welding • PVC threaded adapter to screw on vessel or pipe • PVC, PP, stainless steel adapter for conversion of Type S020 Bürkert fitting into Type S022 fitting. Fittings in PVC: • Metric or ASTM T-fitting: true union connection or solvent end connection • Saddle.",液体；腐蚀性介质,分析测量,MEDIUM,,CURRENT,CHINA_PAGE_ONLY,https://www.burkert.com/en/type/S022,https://www.burkert.com.cn/cn/type/S022,https://www.burkert.com/en/Media/plm/DTS/DS/dss022-standard-eu-en.pdf?id=DTS0000000000000001000118437ENQ,,2026-06-09,A,"Global official Type page is the product master. China visibility indicates public page/document visibility only, not stock, origin or lead time. Official category paths: Sensors, Transmitters and Controllers > Armatures for Analysis Sensors."
S030,Inline sensor-fitting with integrated paddle wheel for measuring flow rate,带集成叶轮的管内传感器接头，用于流量测量,传感器、变送器与控制器,Flow > Paddle Wheel > Inline,Inline,"The Type S030 sensor-fitting has an integrated paddle wheel for measuring flow rate, and is specifically designed for use with neutral, mildly aggressive, particle-free liquids The compact sensor-fitting (Type S030) must be equipped with a Bürkert transmitter (Type SE30, Type SE30 Ex, Type SE32, Type SE35, Type SE36, or Type 8611), which can be quickly and easily connected using a bayonet catch. Bürkert’s “Inline Quarter-Turn” technology guarantees leak-free operation. The rotation of the paddle wheel (with permanent magnets in the paddles) is detected without contact by the sensitive transmitter element through the sensor-fitting wall. The transmitter can be installed and removed without having to open up the pipeline or interrupt the operating process.",液体；腐蚀性介质；中性介质,定量/加注,MEDIUM,,CURRENT,CHINA_PAGE_ONLY,https://www.burkert.com/en/type/S030,https://www.burkert.com.cn/cn/type/S030,https://www.burkert.com/en/Media/plm/DTS/DS/dss030-standard-eu-en.pdf?id=DTS0000000000000001000011766ENAO,,2026-06-09,A,"Global official Type page is the product master. China visibility indicates public page/document visibility only, not stock, origin or lead time. Official category paths: Sensors, Transmitters and Controllers > Flow > Paddle Wheel > Inline | Sensors, Transmitters and Controllers > Flow > Flow Fittings / Armature."
S039,Inline sensor-fitting with paddle wheel for transmitter with optical measuring principle,用于依据光学测量原理的变送器的 INLINE 传感器-配件（带叶轮）,传感器、变送器与控制器,Flow > Paddle Wheel > Inline,Inline,,,Flow > Paddle Wheel > Inline,MEDIUM,,CURRENT,CHINA_PAGE_ONLY,https://www.burkert.com/en/type/S039,https://www.burkert.com.cn/cn/type/S039,,,2026-06-09,A,"Global official Type page is the product master. China visibility indicates public page/document visibility only, not stock, origin or lead time. Official category paths: Sensors, Transmitters and Controllers > Flow > Paddle Wheel > Inline | Sensors, Transmitters and Controllers > Flow > Flow Fittings / Armature."
S051,"Electromagnetic flow sensor, low flow rates",电磁感应流量传感器，适用于小流量,传感器、变送器与控制器,Flow > Electromagnetic Flowmeter (EMF) > Inline EMF,Inline EMF,"The electromagnetic flow sensor Type S051 (compact or remote variant) is suitable for applications with low flow rates and liquids with minimum conductivity. Combining it with the corresponding transmitter Type SE58 S (required minimum conductivity: 20 µS/cm) or Type SE58 M or Type SE58 L transmitters (required minimum conductivity: 5 µS/cm) results in a flowmeter with varying performance, functions, materials, and approvals, suitable for specific applications as per the respective requirements. Compact devices are built with Type SE58 S, while with Type SE58 M or Type SE58 L, both compact devices and remote variants are available, where the transmitter and sensor are connected with 2 cables up to a maximum distance. Standard process connections for Type S051 are available in G and NPT threads.",液体,Flow > Electromagnetic Flowmeter (EMF) > Inline EMF,MEDIUM,WFI/PW及CIP流量监控,CURRENT,CHINA_PAGE_ONLY,https://www.burkert.com/en/type/S051,https://www.burkert.com.cn/cn/type/S051,https://www.burkert.com/en/Media/plm/DTS/DS/dss051-standard-eu-en.pdf?id=DTS0000000000000001000471655ENG,,2026-06-09,A,"Global official Type page is the product master. China visibility indicates public page/document visibility only, not stock, origin or lead time. Official category paths: Sensors, Transmitters and Controllers > Flow > Electromagnetic Flowmeter (EMF) > Inline EMF."
S054,Electromagnetic flow sensor without flange (wafer type connection variant),不带法兰的电磁感应流量传感器（中间法兰型号）,传感器、变送器与控制器,Flow > Electromagnetic Flowmeter (EMF) > Inline EMF,Inline EMF,"The electromagnetic flow sensor Type S054 (compact or remote variant) is suitable for liquids with minimum conductivity and for use in applications with water measurement requirements. Combining it with the corresponding transmitter Type SE58 S (required minimum conductivity: 20 µS/cm) or Type SE58 M or Type SE58 L transmitters (required minimum conductivity: 5 µS/cm) results in a flowmeter with varying performance, functions, materials, and approvals, suitable for specific applications as per the respective requirements. Compact devices are built with Type SE58 S, while with Type SE58 M or Type SE58 L, both compact devices and remote variants are available, where the transmitter and sensor are connected with 2 cables up to a maximum distance. Standard process connections for Type S054 are available as wafer type connections.",水；液体,Flow > Electromagnetic Flowmeter (EMF) > Inline EMF,MEDIUM,WFI/PW及CIP流量监控,CURRENT,CHINA_PAGE_ONLY,https://www.burkert.com/en/type/S054,https://www.burkert.com.cn/cn/type/S054,https://www.burkert.com/en/Media/plm/DTS/DS/dss054-standard-eu-en.pdf?id=DTS0000000000000001000471658ENF,,2026-06-09,A,"Global official Type page is the product master. China visibility indicates public page/document visibility only, not stock, origin or lead time. Official category paths: Sensors, Transmitters and Controllers > Flow > Electromagnetic Flowmeter (EMF) > Inline EMF."
S055,Electromagnetic flow sensor with flange,带法兰的电磁感应传感器,传感器、变送器与控制器,Flow > Electromagnetic Flowmeter (EMF) > Inline EMF,Inline EMF,"The electromagnetic flow sensor Type S055 (compact or remote variant) is suitable for liquids with minimum conductivity and for use in applications with water measurement requirements. Combining it with the corresponding transmitter Type SE58 S (required minimum conductivity: 20 µS/cm) or Type SE58 M or Type SE58 L transmitters (required minimum conductivity: 5 µS/cm) results in a flowmeter with varying performance, functions, materials, and approvals, suitable for specific applications as per the respective requirements. Compact devices are built with Type SE58 S, while with Type SE58 M or Type SE58 L, both compact devices and remote variants are available, where the transmitter and sensor are connected with 2 cables up to a maximum distance. Standard process connections for Type S055 are available as flange connections.",水；液体,Flow > Electromagnetic Flowmeter (EMF) > Inline EMF,MEDIUM,WFI/PW及CIP流量监控,CURRENT,CHINA_PAGE_ONLY,https://www.burkert.com/en/type/S055,https://www.burkert.com.cn/cn/type/S055,https://www.burkert.com/en/Media/plm/DTS/DS/dss055-standard-eu-en.pdf?id=DTS0000000000000001000471664ENK,,2026-06-09,A,"Global official Type page is the product master. China visibility indicates public page/document visibility only, not stock, origin or lead time. Official category paths: Sensors, Transmitters and Controllers > Flow > Electromagnetic Flowmeter (EMF) > Inline EMF."
S056,Electromagnetic flow sensor with hygienic process connections,带卫生型管道接口的电磁感应流量传感器,传感器、变送器与控制器,Flow > Electromagnetic Flowmeter (EMF) > Inline EMF,Inline EMF,"The electromagnetic flow sensor Type S056 (compact or remote variant) is suitable for applications with low flow rates and liquids with minimum conductivity. Combining it with the corresponding transmitter Type SE58 S (required minimum conductivity: 20 µS/cm) or Type SE58 M or Type SE58 L transmitters (required minimum conductivity: 5 µS/cm) results in a flowmeter with varying performance, functions, materials, and approvals, suitable for specific applications as per the respective requirements. Compact devices are built with Type SE58 S, while with Type SE58 M or Type SE58 L, both compact devices and remote variants are available, where the transmitter and sensor are connected with 2 cables up to a maximum distance. Standard process connections for Type S056 are available as clamp and threaded (dairy thread) connections.",空气；液体,卫生过程；食品饮料；制药,HIGH,WFI/PW及CIP流量监控,CURRENT,CHINA_PAGE_ONLY,https://www.burkert.com/en/type/S056,https://www.burkert.com.cn/cn/type/S056,https://www.burkert.com/en/Media/plm/DTS/DS/dss056-standard-eu-en.pdf?id=DTS0000000000000001000471725ENH,,2026-06-09,A,"Global official Type page is the product master. China visibility indicates public page/document visibility only, not stock, origin or lead time. Official category paths: Sensors, Transmitters and Controllers > Flow > Electromagnetic Flowmeter (EMF) > Inline EMF."
S070,Inline oval wheel sensor,Inline 椭圆齿轮传感器,传感器、变送器与控制器,Flow > Oval Gear (Positive Displacement),Oval Gear (Positive Displacement),"This positive displacement fitting is specially designed for flow measurement or batch control of highly viscous fluids like glue, honey or oil. This measuring element must be associated to an electronic module SE30, SE32, SE35, SE36 with hall sensor principle only, quickly and easily connected together by a Quarter-Turn. The design of this fitting is based on the oval rotor principle. This has proven to be a reliable and highly accurate volumetric method of measuring flow. Exceptional repeatability and high accuracy over a wide range of viscosities and flow rates are features of that design. The low pressure drop and high pressure rating make it suitable for both gravity and pump (in-line) applications.",液体/气体,Flow > Oval Gear (Positive Displacement),MEDIUM,,CURRENT,CHINA_PAGE_ONLY,https://www.burkert.com/en/type/S070,https://www.burkert.com.cn/cn/type/S070,https://www.burkert.com/en/Media/plm/DTS/DS/DSS070-Standard-EU-EN.pdf2?id=DTS0000000000000001000011140ENO,,2026-06-09,A,"Global official Type page is the product master. China visibility indicates public page/document visibility only, not stock, origin or lead time. Official category paths: Sensors, Transmitters and Controllers > Flow > Oval Gear (Positive Displacement)."
S077,Inline sensor-fitting with oval gears (operating according to the displacement principle) for flow measurement,带椭圆轮（基于位移原理）的管内传感器接头，用于流量测量,传感器、变送器与控制器,Flow > Oval Gear (Positive Displacement),Oval Gear (Positive Displacement),"This Inline sensor fitting Type S077 is specifically designed for flow measurement or dosing of high-viscosity liquids, such as adhesives, honey, or oil. This measuring element must be combined with a Bürkert transmitter Type SE30, Type SE30 Ex, Type SE32, Type SE35, or Type SE36 (equipped with a Hall sensor). Assembly is quick and simple thanks to a mounting/bayonet catch system. Bürkert’s “Inline quarter-turn” technology guarantees leak-free operation. This Inline sensor fitting operates according to the positive displacement principle (with oval gears), a reliable and highly accurate method for measuring volume flow. This technology enables highly accurate and repeatable measurements over a very wide range of flow rates and viscosities. The low pressure loss and good pressure resistance allow for use in various applications: gravity flow or inline (pumped).",液体,定量/加注,MEDIUM,,CURRENT,CHINA_PAGE_ONLY,https://www.burkert.com/en/type/S077,https://www.burkert.com.cn/cn/type/S077,https://www.burkert.com/en/Media/plm/DTS/DS/dss077-standard-eu-en.pdf?id=DTS0000000000000001000282306ENJ,,2026-06-09,A,"Global official Type page is the product master. China visibility indicates public page/document visibility only, not stock, origin or lead time. Official category paths: Sensors, Transmitters and Controllers > Flow > Oval Gear (Positive Displacement) | Sensors, Transmitters and Controllers > Flow > Flow Fittings / Armature."
SC02,Various components,不同的组件,附加产品,Various Components,Various Components,,,Various Components,LOW,,CURRENT,CHINA_PAGE_ONLY,https://www.burkert.com/en/type/SC02,https://www.burkert.com.cn/cn/type/SC02,,,2026-06-09,A,"Global official Type page is the product master. China visibility indicates public page/document visibility only, not stock, origin or lead time. Official category paths: Additional Products > Various Components."
SE10,Transmitter for INLINE sensor-fitting,适用于 INLINE 传感器配件的变送器,传感器、变送器与控制器,Flow > Transmitter,Transmitter,,,Flow > Transmitter,MEDIUM,,CURRENT,CHINA_PAGE_ONLY,https://www.burkert.com/en/type/SE10,https://www.burkert.com.cn/cn/type/SE10,,,2026-06-09,A,"Global official Type page is the product master. China visibility indicates public page/document visibility only, not stock, origin or lead time. Official category paths: Sensors, Transmitters and Controllers > Flow > Transmitter | Sensors, Transmitters and Controllers > Flow > Paddle Wheel > Inline."
SE11,Paddle wheel transmitter with magnetic measuring principle for flow measurement,带依据磁性测量原理的叶轮变送器，用于流量测量,传感器、变送器与控制器,Flow > Transmitter,Transmitter,,,Flow > Transmitter,MEDIUM,,CURRENT,CHINA_PAGE_ONLY,https://www.burkert.com/en/type/SE11,https://www.burkert.com.cn/cn/type/SE11,,,2026-06-09,A,"Global official Type page is the product master. China visibility indicates public page/document visibility only, not stock, origin or lead time. Official category paths: Sensors, Transmitters and Controllers > Flow > Transmitter | Sensors, Transmitters and Controllers > Flow > Paddle Wheel > Inline."
SE12,Paddle wheel transmitter with optic or magnetic measuring principle for flow measurement,带依据光学或磁性测量原理的叶轮变送器，用于流量测量,传感器、变送器与控制器,Flow > Transmitter,Transmitter,,,Flow > Transmitter,MEDIUM,,CURRENT,CHINA_PAGE_ONLY,https://www.burkert.com/en/type/SE12,https://www.burkert.com.cn/cn/type/SE12,,,2026-06-09,A,"Global official Type page is the product master. China visibility indicates public page/document visibility only, not stock, origin or lead time. Official category paths: Sensors, Transmitters and Controllers > Flow > Transmitter | Sensors, Transmitters and Controllers > Flow > Paddle Wheel > Inline."
SE30,Transmitter for Inline sensor-fitting,Inline 叶轮式传送器,传感器、变送器与控制器,Flow > Transmitter,Transmitter,,,Flow > Transmitter,MEDIUM,,CURRENT,CHINA_PAGE_ONLY,https://www.burkert.com/en/type/SE30,https://www.burkert.com.cn/cn/type/SE30,https://www.burkert.com/en/Media/plm/DTS/DS/dsse30-atex-eu-en.pdf?id=DTS0000000000000001000049988ENAC,,2026-06-09,A,"Global official Type page is the product master. China visibility indicates public page/document visibility only, not stock, origin or lead time. Official category paths: Sensors, Transmitters and Controllers > Flow > Transmitter."
SE32,Transmitter for Inline sensor-fitting,带有显示器的 Inline 叶轮式传送器,传感器、变送器与控制器,Flow > Transmitter,Transmitter,,,Flow > Transmitter,MEDIUM,,CURRENT,CHINA_PAGE_ONLY,https://www.burkert.com/en/type/SE32,https://www.burkert.com.cn/cn/type/SE32,https://www.burkert.com/en/Media/plm/DTS/DS/dsse32-s077-eu-en.pdf?id=DTS0000000000000001000285898ENL,,2026-06-09,A,"Global official Type page is the product master. China visibility indicates public page/document visibility only, not stock, origin or lead time. Official category paths: Sensors, Transmitters and Controllers > Flow > Transmitter."
SE35,Transmitter or batch controller for Inline sensor-fitting,适用于 INLINE 传感器配件的变送器或计量设备,传感器、变送器与控制器,Flow > Transmitter,Transmitter,,,Flow > Transmitter,MEDIUM,,CURRENT,CHINA_PAGE_ONLY,https://www.burkert.com/en/type/SE35,https://www.burkert.com.cn/cn/type/SE35,https://www.burkert.com/en/Media/plm/DTS/DS/dsse35-s077-eu-en.pdf?id=DTS0000000000000001000285920ENJ,,2026-06-09,A,"Global official Type page is the product master. China visibility indicates public page/document visibility only, not stock, origin or lead time. Official category paths: Sensors, Transmitters and Controllers > Flow > Transmitter."
SE36,ELEMENT transmitter for Inline sensor-fitting,配套于在线传感器的ELEMENT 变送器,传感器、变送器与控制器,Flow > Transmitter,Transmitter,,,Flow > Transmitter,MEDIUM,,CURRENT,CHINA_PAGE_ONLY,https://www.burkert.com/en/type/SE36,https://www.burkert.com.cn/cn/type/SE36,https://www.burkert.com/en/Media/plm/DTS/DS/dsse36-s077-eu-en.pdf?id=DTS0000000000000001000285936ENO,,2026-06-09,A,"Global official Type page is the product master. China visibility indicates public page/document visibility only, not stock, origin or lead time. Official category paths: Sensors, Transmitters and Controllers > Flow > Transmitter."
SE39,Transmitter for Inline sensor-fitting,适合光学传送器的 Inline 叶轮式传送器,传感器、变送器与控制器,Flow > Transmitter,Transmitter,,,Flow > Transmitter,MEDIUM,,CURRENT,CHINA_PAGE_ONLY,https://www.burkert.com/en/type/SE39,https://www.burkert.com.cn/cn/type/SE39,,,2026-06-09,A,"Global official Type page is the product master. China visibility indicates public page/document visibility only, not stock, origin or lead time. Official category paths: Sensors, Transmitters and Controllers > Flow > Transmitter."
SE56,Transmitter for electro-magnetic flow sensors,适合磁感式流量传感器的变送器,传感器、变送器与控制器,Flow > Transmitter,Transmitter,"The transmitter Type SE56 (without a display in the compact variant or with a display in the compact or remote variant), connected to the electro-magnetic sensor (compact or remote variant) Type S051, S054, S055 or S056, is designed for liquids with a minimum conductivity of 5 μS/cm. The device can be parameterised manually either via three buttons (variant with a display) or by a computer via a serial interface. In the standard variant, the device is supplied with one or two transistor outputs and one digital input. Further options are available, e.g. high frequency output, current output.",液体,定量/加注,MEDIUM,WFI/PW及CIP流量监控,CURRENT,CHINA_PAGE_ONLY,https://www.burkert.com/en/type/SE56,https://www.burkert.com.cn/cn/type/SE56,https://www.burkert.com/en/Media/plm/DTS/DS/DSSE56-Electronics-EU-EN.pdf2?id=DTS0000000000000001000101308ENT,,2026-06-09,A,"Global official Type page is the product master. China visibility indicates public page/document visibility only, not stock, origin or lead time. Official category paths: Sensors, Transmitters and Controllers > Flow > Transmitter | Sensors, Transmitters and Controllers > Flow > Electromagnetic Flowmeter (EMF) > Inline EMF."
SE58,Transmitters for electromagnetic inductive flow sensors,用于电磁感应流量传感器的变送器,传感器、变送器与控制器,Flow > Electromagnetic Flowmeter (EMF) > Inline EMF,Inline EMF,"TThe Type SE58 transmitter (in S, M or L variant) associated with the electromagnetic flow sensor (in compact or remote variant) Type S051, Type S054, Type S055 or Type S056 is designed for applications with a minimum conductivity of 5 μS/cm. The variant S of the transmitter Type SE58 can only be used to build a compact flowmeter, with or without display. It is characterised by a housing with small external ­dimensions. The variant without display has a housing and a cover in black painted aluminium or stainless steel. The variant with display has a black painted aluminium or stainless steel housing and a plastic cover. The display is integrated in the cover. Flow rate and totalizer values are displayed simultaneously, as well as symbols for device status and alarms The flow rate measurement can be transferred via a digital or an ­analogue output. The ­achievable uncertainty is 0.5 % of the measured value. The device cannot be extended with the addition of input/output signals and functionalities such as dosing. The variants M and L of the transmitter Type SE58, are available to build a compact or remote flowmeter, with or without display. Both variants are available with a housing made of painted aluminium, plastic or stainless steel. The device can be extended with the addition of input/output signals and functionalities such as dosing (only Type SE58 L) and data logger. The Human Machine Interface (HMI) comprising the display and the operating keys allows choosing flexible data presentations, carrying out complete settings and configuring the device. The L variant is characterized by superior performance as shown by the low uncertainty of 0.2 % of the measured value compared to 0.4 % (option) and 0.8 % with the M variant.",,定量/加注,MEDIUM,WFI/PW及CIP流量监控,CURRENT,CHINA_PAGE_ONLY,https://www.burkert.com/en/type/SE58,https://www.burkert.com.cn/cn/type/SE58,https://www.burkert.com/en/Media/plm/DTS/DS/dsse58-standard-eu-en.pdf?id=DTS0000000000000001000463561ENI,,2026-06-09,A,"Global official Type page is the product master. China visibility indicates public page/document visibility only, not stock, origin or lead time. Official category paths: Sensors, Transmitters and Controllers > Flow > Electromagnetic Flowmeter (EMF) > Inline EMF | Sensors, Transmitters and Controllers > Flow > Transmitter."
SET1,Coil sets,线圈组,附加产品,Various Components,Various Components,,,Various Components,LOW,,CURRENT,CHINA_PAGE_ONLY,https://www.burkert.com/en/type/SET1,https://www.burkert.com.cn/cn/type/SET1,,,2026-06-09,A,"Global official Type page is the product master. China visibility indicates public page/document visibility only, not stock, origin or lead time. Official category paths: Additional Products > Various Components."
SET2,Sealing part set,垫片套件,附加产品,Various Components,Various Components,,,Various Components,LOW,,CURRENT,CHINA_PAGE_ONLY,https://www.burkert.com/en/type/SET2,https://www.burkert.com.cn/cn/type/SET2,,,2026-06-09,A,"Global official Type page is the product master. China visibility indicates public page/document visibility only, not stock, origin or lead time. Official category paths: Additional Products > Various Components."
SET3,Spare part set,设置易损件,附加产品,Various Components,Various Components,,,Various Components,LOW,,CURRENT,CHINA_PAGE_ONLY,https://www.burkert.com/en/type/SET3,https://www.burkert.com.cn/cn/type/SET3,,,2026-06-09,A,"Global official Type page is the product master. China visibility indicates public page/document visibility only, not stock, origin or lead time. Official category paths: Additional Products > Various Components."
SET4,Spare part set,备件套件,附加产品,Various Components,Various Components,,,Various Components,LOW,,CURRENT,CHINA_PAGE_ONLY,https://www.burkert.com/en/type/SET4,https://www.burkert.com.cn/cn/type/SET4,,,2026-06-09,A,"Global official Type page is the product master. China visibility indicates public page/document visibility only, not stock, origin or lead time. Official category paths: Additional Products > Various Components."
SET5,Various Components,备件,附加产品,Various Components,Various Components,,,Various Components,LOW,,CURRENT,CHINA_PAGE_ONLY,https://www.burkert.com/en/type/SET5,https://www.burkert.com.cn/cn/type/SET5,,,2026-06-09,A,"Global official Type page is the product master. China visibility indicates public page/document visibility only, not stock, origin or lead time. Official category paths: Additional Products > Various Components."
SET6,Valve & control cone sets,阀门和调节锥套件,附加产品,Various Components,Various Components,,,Various Components,LOW,,CURRENT,CHINA_PAGE_ONLY,https://www.burkert.com/en/type/SET6,https://www.burkert.com.cn/cn/type/SET6,,,2026-06-09,A,"Global official Type page is the product master. China visibility indicates public page/document visibility only, not stock, origin or lead time. Official category paths: Additional Products > Various Components."
SET7,Stopper sets,塞子套件,附加产品,Various Components,Various Components,,,Various Components,LOW,,CURRENT,CHINA_PAGE_ONLY,https://www.burkert.com/en/type/SET7,https://www.burkert.com.cn/cn/type/SET7,,,2026-06-09,A,"Global official Type page is the product master. China visibility indicates public page/document visibility only, not stock, origin or lead time. Official category paths: Additional Products > Various Components."
SET8,Sensor spare part set,传感器成套备件,附加产品,Various Components,Various Components,,,Various Components,LOW,,CURRENT,CHINA_PAGE_ONLY,https://www.burkert.com/en/type/SET8,https://www.burkert.com.cn/cn/type/SET8,,,2026-06-09,A,"Global official Type page is the product master. China visibility indicates public page/document visibility only, not stock, origin or lead time. Official category paths: Additional Products > Various Components."
SET9,Various components,不同的组件,附加产品,Various Components,Various Components,,,Various Components,LOW,,CURRENT,CHINA_PAGE_ONLY,https://www.burkert.com/en/type/SET9,https://www.burkert.com.cn/cn/type/SET9,,,2026-06-09,A,"Global official Type page is the product master. China visibility indicates public page/document visibility only, not stock, origin or lead time. Official category paths: Additional Products > Various Components."
SV01,Diaphragms,隔膜,过程与控制阀,Accessories > Diaphragms,Diaphragms,"The diaphragms for Robolux components were developed in order to meet the unique challenges of hygienic and sterile requirements. Bürkert offers diaphragms with precise material composition and high accuracy. Bürkert diaphragms are available in a wide range of materials that have been tried and tested for use in the food and beverage industry, biotechnology and the pharmaceutical and cosmetics industry. The diaphragms are tested during development and production in order to ensure reliability under difficult process conditions. If you would like more help in choosing the right components, please call us. We shall be glad to provide specific personal consultation.",,卫生过程；食品饮料；制药,HIGH,卫生隔膜阀膜片维护,CURRENT,CHINA_PAGE_ONLY,https://www.burkert.com/en/type/SV01,https://www.burkert.com.cn/cn/type/SV01,,,2026-06-09,A,"Global official Type page is the product master. China visibility indicates public page/document visibility only, not stock, origin or lead time. Official category paths: Process and Control Valves > Accessories > Diaphragms."
SV02,Diaphragms,隔膜,过程与控制阀,Accessories > Diaphragms,Diaphragms,"The diaphragms were developed in order to meet the unique challenges of hygienic and sterile requirements. Bürkert offers diaphragms with precise material composition and high accuracy. Bürkert diaphragms are available in a wide range of materials that have been tried and tested for use in the food and beverage industry, biotechnology and the pharmaceutical and cosmetics industry. The diaphragms are tested during development and production in order to ensure reliability under difficult process conditions. If you would like more help in choosing the right components, please call us. We shall be glad to provide specific personal consultation.",,卫生过程；食品饮料；制药,HIGH,卫生隔膜阀膜片维护,CURRENT,CHINA_PAGE_ONLY,https://www.burkert.com/en/type/SV02,https://www.burkert.com.cn/cn/type/SV02,,,2026-06-09,A,"Global official Type page is the product master. China visibility indicates public page/document visibility only, not stock, origin or lead time. Official category paths: Process and Control Valves > Accessories > Diaphragms."
SV04,Spare part sets for Type 8652,8652 型磨损零件套件气动阀,气动与过程接口,Accessories > Various Components,Various Components,The spare parts for valve island Type 8652 are defined in sets.,,Accessories > Various Components,MEDIUM,制药设备气动自动化,CURRENT,CHINA_PAGE_ONLY,https://www.burkert.com/en/type/SV04,https://www.burkert.com.cn/cn/type/SV04,,,2026-06-09,A,"Global official Type page is the product master. China visibility indicates public page/document visibility only, not stock, origin or lead time. Official category paths: Pneumatics and Process Interfaces > Accessories > Various Components."
SVVI,Spare part sets for Type 8640 / 8644 / 8647 / 8650,Spare part sets for Type 8640 / 8644 / 8647 / 8650,气动与过程接口,Accessories > Various Components,Various Components,"The spare part type SVVI is intended for the valve terminals type 8640, type 8644, type 8647 and type 8650.",,Accessories > Various Components,MEDIUM,制药设备气动自动化,CURRENT,CHINA_PAGE_ONLY,https://www.burkert.com/en/type/SVVI,https://www.burkert.com.cn/cn/type/SVVI,,,2026-06-09,A,"Global official Type page is the product master. China visibility indicates public page/document visibility only, not stock, origin or lead time. Official category paths: Pneumatics and Process Interfaces > Accessories > Various Components."
SY01CS,Your customised control system for safe switching,您安全切换的个性化控制系统。,附加产品,Various Components,Various Components,"Stream media reliably. In many plants, a valve must open or close precisely when process steps start, stop or switch over. The SY01CS control system is designed to provide control functions that are clear, reproducible and easy to integrate. It supports integration with your control environment and helps to clearly define switch states – ensuring predictable processes and fewer unplanned interventions. This also makes troubleshooting easier, as the description of signals and states is consistent. Use SY01CS if robust switching logic, simple commissioning and clear operational status indicators are your top priorities.",,Various Components,LOW,,CURRENT,CHINA_PAGE_ONLY,https://www.burkert.com/en/type/SY01CS,https://www.burkert.com.cn/cn/type/SY01CS,,,2026-06-09,A,"Global official Type page is the product master. China visibility indicates public page/document visibility only, not stock, origin or lead time. Official category paths: Additional Products > Various Components."
SY02CS,Your bespoke measurement system for transparent processes,您的个性化测量系统，确保过程透明,附加产品,Various Components,Various Components,"Make flow rate, pressure or level reliably measurable and usable. Without reliable measured values, processes remain difficult to control, deviations are detected too late and quality fluctuates. The SY02CS measurement system is designed to record relevant process variables and provide them as usable signals. It supports seamless integration into your automation system, ensuring that measured values reach the point where decisions are made: in the programmable logic controller, in monitoring or in data analysis. This allows you to pinpoint the causes more quickly. SY02CS helps to identify trends, monitor threshold values in a transparent manner and document tests based on data. Optionally, alarm and diagnostic information can be organised in such a way that it can be used immediately in the event of a service call. The design and measurement concept can be adapted to the medium, the installation conditions and the required accuracy.",,分析测量,LOW,,CURRENT,CHINA_PAGE_ONLY,https://www.burkert.com/en/type/SY02CS,https://www.burkert.com.cn/cn/type/SY02CS,,,2026-06-09,A,"Global official Type page is the product master. China visibility indicates public page/document visibility only, not stock, origin or lead time. Official category paths: Additional Products > Various Components."
SY03CS,"Your customised measurement and adjustment system, all in one compact package",您的个性化测量控制系统紧凑组合,附加产品,Various Components,Various Components,"Measurement and switching – in a coordinated system. When a process requires both measured values and defined control actions, this often results in interfaces, coordination efforts and potential sources of error. The SY03CS measurement and control system combines measurement and control functions in a coordinated system solution. This means that measuring signals can be used directly to make switching decisions, without the need to design and coordinate multiple components separately. This saves space and setup time, particularly with compact skids or modular machines. The SY03CS is designed to simplify integration: clear signal routing, defined states and consistent system behaviour across typical operating scenarios. This helps you ensure consistent processes, reduce commissioning effort and create a solid foundation for future expansion. On request, we can provide a clear interface specification for documentation and acceptance. That way, everything stays organised.",,Various Components,LOW,,CURRENT,CHINA_PAGE_ONLY,https://www.burkert.com/en/type/SY03CS,https://www.burkert.com.cn/cn/type/SY03CS,,,2026-06-09,A,"Global official Type page is the product master. China visibility indicates public page/document visibility only, not stock, origin or lead time. Official category paths: Additional Products > Various Components."
SY04CS,Your customised closed-loop control system for stable process values,您个性化的控制系统，确保过程值稳定。,附加产品,Various Components,Various Components,"Ensure that target values are reliably met – even in fluctuating conditions. Fluctuating inflows, changing media or variable loads cause process values to fall outside the tolerance range. The SY04CS control system is designed to maintain a controlled variable at a defined setpoint during closed-loop control. It provides the necessary closed-loop control logic and supports integration into your automation environment, ensuring that control parameters, limit values and operation modes can be managed in a traceable manner. The closed-loop control can be designed to remain stable even during load changes and to minimise the need for operator intervention. SY04CS helps to reduce process variation, minimise waste and make better use of plant capacity – without the need for a completely new architecture. Control strategies and execution can be adapted to the dynamics, sensors and actuators of your application, including defined start and stop sequences.",,Various Components,LOW,,CURRENT,CHINA_PAGE_ONLY,https://www.burkert.com/en/type/SY04CS,https://www.burkert.com.cn/cn/type/SY04CS,,,2026-06-09,A,"Global official Type page is the product master. China visibility indicates public page/document visibility only, not stock, origin or lead time. Official category paths: Additional Products > Various Components."
SY05CS,Your bespoke closed-loop control and adjustment system for immediate implementation,您个性化的控制调节系统，直接实施,附加产品,Various Components,Various Components,"Closed-loop control and switch – designed for reliable results. A closed-loop control only works properly if the actuator and the control logic work together seamlessly. The SY05CS control and actuation system combines control and actuation functions in a coordinated system solution, enabling setpoint deviations to be corrected in a targeted and reproducible manner. SY05CS supports the clear mapping of operation modes, limit values and signals, thereby simplifying commissioning and maintenance. By fine-tuning the system, you can minimise interface risks and ensure consistent behaviour across typical process states. This also simplifies the parameterisation process, as the travel range and control response can be considered together. This allows you to improve control quality without having to completely rebuild your software logic. The design and configuration can be adapted to the medium, process dynamics and the desired control performance. On request, we can assist with defining control parameters, test scenarios and documentation.",,Various Components,LOW,,CURRENT,CHINA_PAGE_ONLY,https://www.burkert.com/en/type/SY05CS,https://www.burkert.com.cn/cn/type/SY05CS,,,2026-06-09,A,"Global official Type page is the product master. China visibility indicates public page/document visibility only, not stock, origin or lead time. Official category paths: Additional Products > Various Components."
SY06CS,Your bespoke measurement and closed-loop control system for data-driven stability,您个性化的测量调节系统，确保基于数据的稳定性,附加产品,Various Components,Various Components,"Measurement and closed-loop control – for controlled, traceable processes. Without appropriate measurement, a closed-loop control cannot operate either stably or efficiently. The SY06CS measurement and control system combines the monitoring of a process variable with a control function to maintain setpoints under varying conditions. SY06CS is designed to provide measured values directly for control decisions, whilst ensuring transparency in parameterisation and monitoring. This helps to ensure consistent quality, reduces the need for manual intervention and enables transparent process management. In addition, limit value monitoring and diagnostic information can be used to assess deviations more quickly. Makes it easier to plan processes. The measurement concept, control strategy and interfaces can be adapted to the medium, dynamics and integration environment for your application. The result is a solution that integrates seamlessly into existing plant logic whilst clearly defining responsibility for control.",,Various Components,LOW,,CURRENT,CHINA_PAGE_ONLY,https://www.burkert.com/en/type/SY06CS,https://www.burkert.com.cn/cn/type/SY06CS,,,2026-06-09,A,"Global official Type page is the product master. China visibility indicates public page/document visibility only, not stock, origin or lead time. Official category paths: Additional Products > Various Components."
SY07CS,"Your bespoke measurement, closed-loop control and regulation system as a complete solution",您的个性化测量-控制-执行系统作为整体解决方案。,附加产品,Various Components,Various Components,"Measurement, closed-loop control and control – all within a single, integrated system. Complex processes require measurement, closed-loop control and a reliable actuator function to ensure that setpoints are maintained and states are clearly implemented. The SY07CS measurement, control and closed-loop control system combines these functions in a coordinated system solution. This allows measuring signals, closed-loop control logic and actuator actions to be consistently coordinated – with clear signal routing and defined operating states. SY07CS supports integration into your automation environment and helps to ensure that commissioning and subsequent adjustments are carried out in a structured manner. This is particularly useful when functions need to be reused or extended across variants. This ensures you have a consistent functional chain that can be tested and maintained. The design, interfaces and configuration can be adapted to the medium, process dynamics and the desired control performance. On request, we can provide a clear documentation structure for operations and maintenance",,Various Components,LOW,,CURRENT,CHINA_PAGE_ONLY,https://www.burkert.com/en/type/SY07CS,https://www.burkert.com.cn/cn/type/SY07CS,,,2026-06-09,A,"Global official Type page is the product master. China visibility indicates public page/document visibility only, not stock, origin or lead time. Official category paths: Additional Products > Various Components."
TAU001,Bourdon tube pressure gauge,弹簧管压力计，尾部和下部接口,传感器、变送器与控制器,Pressure,Pressure,Manometer for the pressure measurement of neutral and aggressive gases and non-crystallizing liquids with small viscosity that will not attack the copper alloy parts in the pressure gauge’s interior. The sensor is made of a circular bourdon tube in alloyed copper.,气体；液体；腐蚀性介质；中性介质,Pressure,MEDIUM,,CURRENT,CHINA_PAGE_ONLY,https://www.burkert.com/en/type/TAU001,https://www.burkert.com.cn/cn/type/TAU001,https://www.burkert.com/en/Media/plm/DTS/DS/dstau001-standard-eu-en.pdf?id=DTS0000000000000001000110255ENF,,2026-06-09,A,"Global official Type page is the product master. China visibility indicates public page/document visibility only, not stock, origin or lead time. Official category paths: Sensors, Transmitters and Controllers > Pressure."
TAU003,Rotameter (float-type flow meter),浮子式流量测量仪,传感器、变送器与控制器,Flow > Rotameter,Rotameter,"If a medium with sufficient flow rate flows from bottom to top through a vertically inserted measuring tube, then the floated element is raised so far, and the equilibrium between the lift strength of the medium itself and the weight of the floated element is adjusted. Since the average flow rate is proportional to the flow quantity per time unit, the determined equilibrium corresponds to the flow volume. Flow meters with solenoid floated elements can be equipped with limit value contacts.",气体；液体,Flow > Rotameter,MEDIUM,WFI/PW及CIP流量监控,CURRENT,CHINA_PAGE_ONLY,https://www.burkert.com/en/type/TAU003,https://www.burkert.com.cn/cn/type/TAU003,https://www.burkert.com/en/Media/plm/DTS/DS/dstau003-tau003-eu-en.pdf?id=DTS0000000000000001000125972ENN,,2026-06-09,A,"Global official Type page is the product master. China visibility indicates public page/document visibility only, not stock, origin or lead time. Official category paths: Sensors, Transmitters and Controllers > Flow > Rotameter."
TBU001,Fasteners for cylinder,气缸的固定件,气动与过程接口,Pneumatic Cylinder > Accessories,Accessories,,,Pneumatic Cylinder > Accessories,MEDIUM,制药设备气动自动化,CURRENT,CHINA_PAGE_ONLY,https://www.burkert.com/en/type/TBU001,https://www.burkert.com.cn/cn/type/TBU001,https://www.burkert.com/en/Media/plm/DTS/DS/dstbu001-standard-eu-en.pdf?id=DTS0000000000000001000111834ENE,,2026-06-09,A,"Global official Type page is the product master. China visibility indicates public page/document visibility only, not stock, origin or lead time. Official category paths: Pneumatics and Process Interfaces > Pneumatic Cylinder > Accessories."
TCD001,Pressure Switch for neutral gases and liquids,适合中性气体和液体的压力开关,传感器、变送器与控制器,Pressure,Pressure,The pressure switch is used to convert adjustable pneumatic signals into electrical signals.,气体；液体；中性介质,Pressure,MEDIUM,,CURRENT,CHINA_PAGE_ONLY,https://www.burkert.com/en/type/TCD001,https://www.burkert.com.cn/cn/type/TCD001,https://www.burkert.com/en/Media/plm/DTS/DS/dstcd001-standard-eu-en.pdf?id=DTS0000000000000001000264997ENF,,2026-06-09,A,"Global official Type page is the product master. China visibility indicates public page/document visibility only, not stock, origin or lead time. Official category paths: Sensors, Transmitters and Controllers > Pressure."
TCL001,Simple float switch,简单的浮子开关,传感器、变送器与控制器,Level > Float,Float,"Float switches for horizontal installation are compact and are therefore ideal for use in small containers, e.g. for issuing alarm messages, leak monitoring, dry and overflow protection or pump control. A magnet located in the float body moves as the medium rises. This magnet actuates the reed contact when a preset switching point is reached. Thanks to the use of reed contact technology, the float switches operate contact-free, wear-free and without energy and achieve a long service life. The reed contacts also have a high switching capacity. They also impress with their easy installation and are maintenance-free, i.e. start-up and operating costs are minimum.",液体；中性介质,Level > Float,MEDIUM,,CURRENT,CHINA_PAGE_ONLY,https://www.burkert.com/en/type/TCL001,https://www.burkert.com.cn/cn/type/TCL001,https://www.burkert.com/en/Media/plm/DTS/DS/dstcl001-standard-eu-en.pdf?id=DTS0000000000000001000110262ENK,,2026-06-09,A,"Global official Type page is the product master. China visibility indicates public page/document visibility only, not stock, origin or lead time. Official category paths: Sensors, Transmitters and Controllers > Level > Float."
TCQ001,Flow control switch – normally open or normally closed contact,流量控制开关 - 常开触点或常闭触点，可调节的开关点，很小的压力损失，适合液体,传感器、变送器与控制器,Flow > Switch / Flow,Switch / Flow,"As normally open or normally closed contact, the flow control switch is suitable for liquids. The switching process is triggered by a reed contact. The flow moves the magnet which is located on a rocker bar. The switching point is adjustable. The flow control switch works reliably even under difficult conditions with low pressure drop. The switching process is repeatable without problems.",液体,Flow > Switch / Flow,MEDIUM,,CURRENT,CHINA_PAGE_ONLY,https://www.burkert.com/en/type/TCQ001,https://www.burkert.com.cn/cn/type/TCQ001,https://www.burkert.com/en/Media/plm/DTS/DS/dstcq001-standard-eu-en.pdf?id=DTS0000000000000001000364464ENC,,2026-06-09,A,"Global official Type page is the product master. China visibility indicates public page/document visibility only, not stock, origin or lead time. Official category paths: Sensors, Transmitters and Controllers > Flow > Switch / Flow."
TEU001,Accessory for pneumatic rotary actuators,用于气动回转执行机构的附件,过程与控制阀,Accessories > Position Feedback,Position Feedback,"TEU consists of a position indicator and final position feedback. It can be combined with the pneumatic rotary actuators Type 2051 and 2052. TEU001 - electromechanical final position feedback with optical indicator TEU002 - electromechanical position feedback, explosion-proof TEU003 - non-contact position feedback with optical position indicator TEU004 - non-contact position feedback, EExi, explosion-proof, with optical position indicator.",,Accessories > Position Feedback,MEDIUM,,CURRENT,CHINA_PAGE_ONLY,https://www.burkert.com/en/type/TEU001,https://www.burkert.com.cn/cn/type/TEU001,https://www.burkert.com/en/Media/plm/DTS/DS/dsteu001-various-eu-en.pdf?id=DTS0000000000000001000173856ENI,,2026-06-09,A,"Global official Type page is the product master. China visibility indicates public page/document visibility only, not stock, origin or lead time. Official category paths: Process and Control Valves > Accessories > Position Feedback | Process and Control Valves > Shut-off Valves (On/Off) > Pneumatic Control | Process and Control Valves > Process Valve Automation > ON/OFF."
TEU002,Accessory for pneumatic rotary actuators,用于气动回转执行机构的附件,过程与控制阀,Accessories > Position Feedback,Position Feedback,"TEU consists of a position indicator and final position feedback. It can be combined with the pneumatic rotary actuators 2051 and 2052. TEU001 - electromechanical final position feedback with optical indicator. TEU003 - non-contact position feedback with optical position indicator. TEU002 - electromechanical position feedback, explosion proof. TEU004 - non-contact position feedback, EExi, explosion proof, with optical position indicator.",,Accessories > Position Feedback,MEDIUM,,CURRENT,CHINA_PAGE_ONLY,https://www.burkert.com/en/type/TEU002,https://www.burkert.com.cn/cn/type/TEU002,,,2026-06-09,A,"Global official Type page is the product master. China visibility indicates public page/document visibility only, not stock, origin or lead time. Official category paths: Process and Control Valves > Accessories > Position Feedback."
TEU003,Accessory for pneumatic rotary actuators,用于气动回转执行机构的附件,过程与控制阀,Accessories > Position Feedback,Position Feedback,"TEU consists of a position indicator and final position feedback. It can be combined with the pneumatic rotary actuators 2051 and 2052. TEU001 - electromechanical final position feedback with optical indicator. TEU003 - non-contact position feedback with optical position indicator. TEU002 - electromechanical position feedback, explosion proof. TEU004 - non-contact position feedback, EExi, explosion proof, with optical position indicator.",,Accessories > Position Feedback,MEDIUM,,CURRENT,CHINA_PAGE_ONLY,https://www.burkert.com/en/type/TEU003,https://www.burkert.com.cn/cn/type/TEU003,,,2026-06-09,A,"Global official Type page is the product master. China visibility indicates public page/document visibility only, not stock, origin or lead time. Official category paths: Process and Control Valves > Accessories > Position Feedback."
TEU004,Accessory for pneumatic rotary actuators,用于气动回转执行机构的附件,过程与控制阀,Accessories > Position Feedback,Position Feedback,"TEU consists of a position indicator and final position feedback. It can be combined with the pneumatic rotary actuators 2051 and 2052. TEU001 - electromechanical final position feedback with optical indicator. TEU003 - non-contact position feedback with optical position indicator. TEU002 - electromechanical position feedback, explosion proof. TEU004 - non-contact position feedback, EExi, explosion proof, with optical position indicator.",,Accessories > Position Feedback,MEDIUM,,CURRENT,CHINA_PAGE_ONLY,https://www.burkert.com/en/type/TEU004,https://www.burkert.com.cn/cn/type/TEU004,,,2026-06-09,A,"Global official Type page is the product master. China visibility indicates public page/document visibility only, not stock, origin or lead time. Official category paths: Process and Control Valves > Accessories > Position Feedback."
TEU005,Cylinder switch,气缸开关,气动与过程接口,Pneumatic Cylinder > Accessories,Accessories,Magnetic field-sensitive sensors are used for contact-free position reporting from the magnetic piston of a pneumatic or hydraulic cylinder. The position of the piston can be displayed optically by an LED indicator and can be analysed electrically.,,Pneumatic Cylinder > Accessories,MEDIUM,制药设备气动自动化,CURRENT,CHINA_PAGE_ONLY,https://www.burkert.com/en/type/TEU005,https://www.burkert.com.cn/cn/type/TEU005,https://www.burkert.com/en/Media/plm/DTS/DS/dsteu005-standard-eu-en.pdf?id=DTS0000000000000001000110978ENH,,2026-06-09,A,"Global official Type page is the product master. China visibility indicates public page/document visibility only, not stock, origin or lead time. Official category paths: Pneumatics and Process Interfaces > Pneumatic Cylinder > Accessories."
TEU007,Limit value switch,极限值开关,气动与过程接口,Pneumatic Cylinder > Accessories,Accessories,,,Pneumatic Cylinder > Accessories,MEDIUM,制药设备气动自动化,CURRENT,CHINA_PAGE_ONLY,https://www.burkert.com/en/type/TEU007,https://www.burkert.com.cn/cn/type/TEU007,,,2026-06-09,A,"Global official Type page is the product master. China visibility indicates public page/document visibility only, not stock, origin or lead time. Official category paths: Pneumatics and Process Interfaces > Pneumatic Cylinder > Accessories."
TFU001,Strainer,集污器,附加产品,Various Components,Various Components,The dirt trap prevents malfunctions and extends the service life of downstream valves.,,Various Components,LOW,,CURRENT,CHINA_PAGE_ONLY,https://www.burkert.com/en/type/TFU001,https://www.burkert.com.cn/cn/type/TFU001,https://www.burkert.com/en/Media/plm/DTS/DS/dstfu001-standard-eu-en.pdf?id=DTS0000000000000001000194970ENG,,2026-06-09,A,"Global official Type page is the product master. China visibility indicates public page/document visibility only, not stock, origin or lead time. Official category paths: Additional Products > Various Components."
TFU002,Check valve for water and air,适合水的止回阀,附加产品,Various Components,Various Components,Check valve for horizontal or vertical installation.,空气；水,Various Components,LOW,,CURRENT,CHINA_PAGE_ONLY,https://www.burkert.com/en/type/TFU002,https://www.burkert.com.cn/cn/type/TFU002,https://www.burkert.com/en/Media/plm/DTS/DS/dstfu002-standard-eu-en.pdf?id=DTS0000000000000001000194806ENI,,2026-06-09,A,"Global official Type page is the product master. China visibility indicates public page/document visibility only, not stock, origin or lead time. Official category paths: Additional Products > Various Components."
TFU005,Non-return flap for water,适合水的止回阀,附加产品,Various Components,Various Components,Non-return flap with metal seal for horizontal installation. A pressure difference of 0.1 bar is required to open the valve.,水,Various Components,LOW,,CURRENT,CHINA_PAGE_ONLY,https://www.burkert.com/en/type/TFU005,https://www.burkert.com.cn/cn/type/TFU005,https://www.burkert.com/en/Media/plm/DTS/DS/dstfu005-standard-eu-en.pdf?id=DTS0000000000000001000252544ENF,,2026-06-09,A,"Global official Type page is the product master. China visibility indicates public page/document visibility only, not stock, origin or lead time. Official category paths: Additional Products > Various Components."
TFU006,Pressure regulator for water,水压力调节器,传感器、变送器与控制器,Pressure,Pressure,"The water pressure regulator works on the principle of pressure reduction. It is preferably for use in the provided water systems. The pressure regulator consists of a housing, a piston or diaphragm valve with an adjustable spring and a spring cap. The inlet pressure reaches the target value, opens the piston or diaphragm against the spring force of the control valve and builds up the output pressure. The output pressure is the controlled variable. When exceeding the nominal value the valve closes, when there is a shortfall the valve opens and thus the output pressure is kept almost constant. By changing the spring tension, the spring setpoint can be continuously adjusted. The pressure regulator is available in four variants: - Variant I: brass housing with DIN DVGW and international drinking water approvals - Variant II: brass housing with inspectable strainer, DIN DVGW and international drinking water approvals - Variant III: stainless steel housing with DIN DVGW approval - Variant IV: plastic housing with threaded connection G1/8"" and G1/4""",水,Pressure,MEDIUM,,CURRENT,CHINA_PAGE_ONLY,https://www.burkert.com/en/type/TFU006,https://www.burkert.com.cn/cn/type/TFU006,https://www.burkert.com/en/Media/plm/DTS/DS/dstfu006-standard-eu-en.pdf?id=DTS0000000000000001000118120ENO,,2026-06-09,A,"Global official Type page is the product master. China visibility indicates public page/document visibility only, not stock, origin or lead time. Official category paths: Sensors, Transmitters and Controllers > Pressure."
TKU001,2/2 way compact flange ball valve,二位二通紧凑型法兰球阀，DN15-DN150,过程与控制阀,Control Valves > Ball Valves > Manual,Manual,The 2/2 way compact flange ball valve in stainless steel is used to shut off medium flows. Nominal diameter DN15…150.,,Control Valves > Ball Valves > Manual,MEDIUM,,CURRENT,CHINA_PAGE_ONLY,https://www.burkert.com/en/type/TKU001,https://www.burkert.com.cn/cn/type/TKU001,https://www.burkert.com/en/Media/plm/DTS/DS/dstku001-flange-eu-en.pdf?id=DTS0000000000000001000112284ENP,,2026-06-09,A,"Global official Type page is the product master. China visibility indicates public page/document visibility only, not stock, origin or lead time. Official category paths: Process and Control Valves > Control Valves > Ball Valves > Manual | Process and Control Valves > Shut-off Valves (On/Off) > Ball Valves > Manual."
TKU002,3-way ball valve with L-bore,带 L 形孔的二位三通球阀,过程与控制阀,Shut-off Valves (On/Off) > Ball Valves > Manual,Manual,"3-way ball valve with L-bore in stainless steel. The ball valves possess a manual lever. Additionally, via the mechanical interface according to ISO 5211, they can be connected with a pneumatic rotary actuator (e.g. Type 2051 or Type 2052) or electrical rotary actuators (e.g. Type 3003, 3004 or 3005).",,Shut-off Valves (On/Off) > Ball Valves > Manual,MEDIUM,,CURRENT,CHINA_PAGE_ONLY,https://www.burkert.com/en/type/TKU002,https://www.burkert.com.cn/cn/type/TKU002,,,2026-06-09,A,"Global official Type page is the product master. China visibility indicates public page/document visibility only, not stock, origin or lead time. Official category paths: Process and Control Valves > Shut-off Valves (On/Off) > Ball Valves > Manual | Process and Control Valves > Control Valves > Ball Valves > Manual."
TKU003,3-way ball valve with T-bore,带 T 形孔的二位三通球阀,过程与控制阀,Control Valves > Ball Valves > Manual,Manual,"3-way ball valve with T-bore in stainless steel. The ball valves possess a manual lever. Additionally, via the mechanical interface according to ISO 5211, they can be connected with a pneumatic rotary actuator (e.g. Type 2051 or Type 2052) or electrical rotary actuators (e.g. Type 3003, 3004 or 3005).",,Control Valves > Ball Valves > Manual,MEDIUM,,CURRENT,CHINA_PAGE_ONLY,https://www.burkert.com/en/type/TKU003,https://www.burkert.com.cn/cn/type/TKU003,,,2026-06-09,A,"Global official Type page is the product master. China visibility indicates public page/document visibility only, not stock, origin or lead time. Official category paths: Process and Control Valves > Control Valves > Ball Valves > Manual | Process and Control Valves > Shut-off Valves (On/Off) > Ball Valves > Manual."
TKU004,Manually operated ball valve,手动操作的球阀,过程与控制阀,Shut-off Valves (On/Off) > Ball Valves > Manual,Manual,"Manually operated ball valve in brass or stainless steel for shutting off or for separating medium flows. Variants: Manual shut-off ball valve, DVGW-approved ball valve, mini lux ball valve with rotary wing, ball valve with rotary wing, 3-way ball valve with L- or T-bore, stainless steel ball valve.",,Shut-off Valves (On/Off) > Ball Valves > Manual,MEDIUM,,CURRENT,CHINA_PAGE_ONLY,https://www.burkert.com/en/type/TKU004,https://www.burkert.com.cn/cn/type/TKU004,,,2026-06-09,A,"Global official Type page is the product master. China visibility indicates public page/document visibility only, not stock, origin or lead time. Official category paths: Process and Control Valves > Shut-off Valves (On/Off) > Ball Valves > Manual | Process and Control Valves > Control Valves > Ball Valves > Manual."
TPM001,Air preparation units,压缩空气用的保养设备,气动与过程接口,Accessories > Maintenance equipment and parts,Maintenance equipment and parts,The service equipment for compressed air is configured as required for each of the following individual devices: • Filter drain • Diaphragm pressure regulator • Micro lubricator • Pressure gauge • Shut-off valve • Soft start valve • Stop valve • Fine filter • Activated carbon filter,空气,Accessories > Maintenance equipment and parts,MEDIUM,制药设备气动自动化,CURRENT,CHINA_PAGE_ONLY,https://www.burkert.com/en/type/TPM001,https://www.burkert.com.cn/cn/type/TPM001,https://www.burkert.com/en/Media/plm/DTS/DS/dstpm001-standard-eu-en.pdf?id=DTS0000000000000001000194817ENI,,2026-06-09,A,"Global official Type page is the product master. China visibility indicates public page/document visibility only, not stock, origin or lead time. Official category paths: Pneumatics and Process Interfaces > Accessories > Maintenance equipment and parts."
TRF003,2/2 way pinch valve,二位二通夹管阀,附加产品,Various Components,Various Components,"The pinch valves consist of a body with a threaded connection or flange connection and a cylindrical sleeve. The valves are normally open (if no pressure is applied). The valves are shut off by applying pressure to the outside of the cylindrical sleeve. Compressed air or water are suitable as control medium. Due to the non-hazardous nature of the control media, the valves can also be used in potentially explosive atmospheres.",空气；水,Various Components,LOW,,CURRENT,CHINA_PAGE_ONLY,https://www.burkert.com/en/type/TRF003,https://www.burkert.com.cn/cn/type/TRF003,https://www.burkert.com/en/Media/plm/DTS/DS/dstrf003-standard-eu-en.pdf?id=DTS0000000000000001000405001ENA,,2026-06-09,A,"Global official Type page is the product master. China visibility indicates public page/document visibility only, not stock, origin or lead time. Official category paths: Additional Products > Various Components."
TRG001,"Flow restrictor, flow restrictor silencer, control valve, double-check valve, quick bleed valve",节气门、节气门消音器、调节阀、双止回阀、快速排气阀,附加产品,Various Components,Various Components,Controllable valves for compressed air control,空气,Various Components,LOW,,CURRENT,CHINA_PAGE_ONLY,https://www.burkert.com/en/type/TRG001,https://www.burkert.com.cn/cn/type/TRG001,https://www.burkert.com/en/Media/plm/DTS/DS/dstrg001-standard-eu-en.pdf?id=DTS0000000000000001000422051END,,2026-06-09,A,"Global official Type page is the product master. China visibility indicates public page/document visibility only, not stock, origin or lead time. Official category paths: Additional Products > Various Components."
TSD001,Pressure transmitter,压力传送器,传感器、变送器与控制器,Pressure,Pressure,"The pressure transmitter consists of a ceramic sensor, an amplifier and a transmitter. The sensor signal will be amplified and the transmitter converts it into an analog signal. The transmitter is designed for static and dynamic measurements in neutral or aggressive fluid or in gas and is characterized by a low temperature sensitivity and good mechanical properties (e.g. no aging, no creep). Further more the modular transmitter commands high measurement accuracy, robustness, low required space and flexibility upon the adaptation to different measurement tasks. With these properties, many pressure control applications are possible (e.g. in water and gas distribution networks), through monitoring pumps or filters ....",气体；水；液体/气体；腐蚀性介质；中性介质,Pressure,MEDIUM,,CURRENT,CHINA_PAGE_ONLY,https://www.burkert.com/en/type/TSD001,https://www.burkert.com.cn/cn/type/TSD001,,,2026-06-09,A,"Global official Type page is the product master. China visibility indicates public page/document visibility only, not stock, origin or lead time. Official category paths: Sensors, Transmitters and Controllers > Pressure."
TST001,Resistance thermometer,电子温度计 Pt100,传感器、变送器与控制器,Temperature,Temperature,Temperature measuring with 1xPt100 temperature probe integrated in stainless steel tube. The measuring unit is welded according to DIN IEC 751 and cannot be replaced.,液体/气体；腐蚀性介质；中性介质,Temperature,MEDIUM,,CURRENT,CHINA_PAGE_ONLY,https://www.burkert.com/en/type/TST001,https://www.burkert.com.cn/cn/type/TST001,https://www.burkert.com/en/Media/plm/DTS/DS/dstst001-standard-eu-en.pdf?id=DTS0000000000000001000110274ENF,,2026-06-09,A,"Global official Type page is the product master. China visibility indicates public page/document visibility only, not stock, origin or lead time. Official category paths: Sensors, Transmitters and Controllers > Temperature."
TVG002,Push-in connectors,插头连接器,气动与过程接口,Accessories > Fittings and Push-ins,Fittings and Push-ins,"Straight push-in connector - Basic threaded connector, short, male - Basic threaded connector long, male - Bulkhead connector - Elbow connector - T-connector - Y-connector - Reducer - Fitting, single ring - Fitting, dual ring - Elbow threaded connection, rotatable - Dual rotary ring -Sealing plug - Pressure gauge push-in connector - Connector - Straight reducing connector - Elbow reducing connector - Rotary elbow connector - T-reducing connector - Tube lock pin - Disassembly tool",,Accessories > Fittings and Push-ins,MEDIUM,制药设备气动自动化,CURRENT,CHINA_PAGE_ONLY,https://www.burkert.com/en/type/TVG002,https://www.burkert.com.cn/cn/type/TVG002,https://www.burkert.com/en/Media/plm/DTS/DS/dstvg002-standard-eu-en.pdf?id=DTS0000000000000001000194965ENK,,2026-06-09,A,"Global official Type page is the product master. China visibility indicates public page/document visibility only, not stock, origin or lead time. Official category paths: Pneumatics and Process Interfaces > Accessories > Fittings and Push-ins | Additional Products > Fittings and Push-ins."
TVG003,Fitting connectors,螺纹连接器,气动与过程接口,Accessories > Fittings and Push-ins,Fittings and Push-ins,Standard fittings - double nipple - detachable double nipple - reducers - reducer sleeves - extension nipple - extensions - sleeves - angled fittings - dummy plug - hose connectors - blanking nut - T-shaped four-way junctions Screw fittings - screwed fittings - bulkhead fittings - pressure gauge fittings - angled fittings - T-shaped tube hose fittings - T-shaped fittings - union nut - tube hose fittings - ring connectors - seal rings - distribution strips - four-way distributor blocks - flow strips,,Accessories > Fittings and Push-ins,MEDIUM,制药设备气动自动化,CURRENT,CHINA_PAGE_ONLY,https://www.burkert.com/en/type/TVG003,https://www.burkert.com.cn/cn/type/TVG003,https://www.burkert.com/en/Media/plm/DTS/DS/dstvg003-standard-eu-en.pdf?id=DTS0000000000000001000112007ENJ,,2026-06-09,A,"Global official Type page is the product master. China visibility indicates public page/document visibility only, not stock, origin or lead time. Official category paths: Pneumatics and Process Interfaces > Accessories > Fittings and Push-ins | Additional Products > Fittings and Push-ins."
TVG006,Silencer,消音器,过程与控制阀,Accessories > Silencers / Mufflers,Silencers / Mufflers,"Silencers are used to reduce the noise level of air flowing out of the pneumatic valves. They consist of porous, permeable materials and are screwed directly to the outlet opening of a control valve. Available variants: silencers in porous polyethylene, silencers in sintered bronze with hexagon, silencers in sintered bronze, silencers in sintered bronze with slot, silencers in sintered bronze with square, plug-in silencers, silencers in stainless steel, flow restrictor silencers.",空气,Accessories > Silencers / Mufflers,MEDIUM,,CURRENT,CHINA_PAGE_ONLY,https://www.burkert.com/en/type/TVG006,https://www.burkert.com.cn/cn/type/TVG006,https://www.burkert.com/en/Media/plm/DTS/DS/dstvg006-standrad-eu-en.pdf?id=DTS0000000000000001000253751ENG,,2026-06-09,A,"Global official Type page is the product master. China visibility indicates public page/document visibility only, not stock, origin or lead time. Official category paths: Process and Control Valves > Accessories > Silencers / Mufflers | Pneumatics and Process Interfaces > Accessories > Silencers / Mufflers."
TVG007,Synthetic hoses for pneumatics,适合气动系统的塑料软管,气动与过程接口,Accessories > Various Components,Various Components,"Plastic hoses made of polyurethane (PUR), polyamide (soft PA) and polyethylene (PE) are highly resistant to water and oils at room temperature. They are therefore particularly suitable as compressed air lines. They are available in 50 and 100 m rolls. The life span depends on the intensity of the ambient temperature and the operational pressure. PTFE hoses are suitable for high temperatures and are resistant to aggressive and corrosive media and are food-safe. They are only available in 50 m rolls.",空气；水；腐蚀性介质,食品饮料,MEDIUM,制药设备气动自动化,CURRENT,CHINA_PAGE_ONLY,https://www.burkert.com/en/type/TVG007,https://www.burkert.com.cn/cn/type/TVG007,https://www.burkert.com/en/Media/plm/DTS/DS/dstvg007-standard-eu-en.pdf?id=DTS0000000000000001000185147ENI,,2026-06-09,A,"Global official Type page is the product master. China visibility indicates public page/document visibility only, not stock, origin or lead time. Official category paths: Pneumatics and Process Interfaces > Accessories > Various Components | Additional Products > Various Components."
TVU001,Fitting connectors,螺纹连接器,附加产品,Fittings and Push-ins,Fittings and Push-ins,Includes: Standard fittings - double nipple - detachable double nipple - reducers - reducer sleeves - extension nipple - extensions - sleeves - angled fittings - dummy plug - hose connectors - lock nut - T-connector - crosspiece Screwed fittings - bulkhead fittings - pressure gauge fittings - elbows - T-shaped tube hose fitting - T-shaped fittings - union nut - tube hose fittings - ring connectors - seal rings - distribution manifold - four-way distributor blocks - flow manifold,,Fittings and Push-ins,LOW,,CURRENT,CHINA_PAGE_ONLY,https://www.burkert.com/en/type/TVU001,https://www.burkert.com.cn/cn/type/TVU001,,,2026-06-09,A,"Global official Type page is the product master. China visibility indicates public page/document visibility only, not stock, origin or lead time. Official category paths: Additional Products > Fittings and Push-ins | Pneumatics and Process Interfaces > Accessories > Fittings and Push-ins."
TVU002,Push-in connectors,插头连接器,附加产品,Fittings and Push-ins,Fittings and Push-ins,"Straight push-in connector - basic threaded connector, short, male - basic threaded connector, long, male - bulkhead connector - elbow connector - T-connector - Y-connector - reducer - banjo bolt, single - banjo bolt, double -elbow threaded connection, rotatable - plug- pressure gauge plug connector - connector - straight reducing connector - elbow reducing connector - T-reducing connector - tube plug - disassembly tool",,Fittings and Push-ins,LOW,,CURRENT,CHINA_PAGE_ONLY,https://www.burkert.com/en/type/TVU002,https://www.burkert.com.cn/cn/type/TVU002,,,2026-06-09,A,"Global official Type page is the product master. China visibility indicates public page/document visibility only, not stock, origin or lead time. Official category paths: Additional Products > Fittings and Push-ins | Pneumatics and Process Interfaces > Accessories > Fittings and Push-ins."
TVU003,"Fittings for UNF connections with PTFE hose for analysis valves with UNF 1/4""-28 connection",连接 PTFE 软管的 UNF 接口接头，用于带 UNF-1/4-28 接头的分析阀,附加产品,Fittings and Push-ins,Fittings and Push-ins,"In medical, biological and chemical laboratory and analysis technology, UNF threads in combination with fittings are typically used to connect hoses (PTFE, ...) and pipes/capillaries (VA, PEEK, ...). Bürkert valves Type 0117, 0127, 6126, 6606, 6650, 6624, 6712 and 6724 are available with a UNF thread 1/4""-28. Fittings for UNF connections consist of a basic screw joint and a collet. The connections can be assembled very easily and quickly. They are cavity-free and prevent the medium from swirling when it is transferred from the valve to the hose. Assembly instructions: tighten basic screw joint hand-tight only, never squeeze it. The collet and the hose form a reliable seal without the use of other materials.",,分析测量；实验室设备；医疗设备,LOW,,CURRENT,CHINA_PAGE_ONLY,https://www.burkert.com/en/type/TVU003,https://www.burkert.com.cn/cn/type/TVU003,https://www.burkert.com/en/Media/plm/DTS/DS/dstvu003-standard-eu-en.pdf?id=DTS0000000000000001000404527ENG,,2026-06-09,A,"Global official Type page is the product master. China visibility indicates public page/document visibility only, not stock, origin or lead time. Official category paths: Additional Products > Fittings and Push-ins | Pneumatics and Process Interfaces > Accessories > Fittings and Push-ins."
TZG001,Cylinder,气缸,气动与过程接口,Pneumatic Cylinder > Double Acting,Double Acting,"The pneumatic cylinders feature magnetic pistons and are available in the following variants: double-acting with fixed end position damping, double-acting with adjustable end position damping.",,Pneumatic Cylinder > Double Acting,MEDIUM,制药设备气动自动化,CURRENT,CHINA_PAGE_ONLY,https://www.burkert.com/en/type/TZG001,https://www.burkert.com.cn/cn/type/TZG001,https://www.burkert.com/en/Media/plm/DTS/DS/dstzg001-standard-eu-en.pdf?id=DTS0000000000000001000268346END,,2026-06-09,A,"Global official Type page is the product master. China visibility indicates public page/document visibility only, not stock, origin or lead time. Official category paths: Pneumatics and Process Interfaces > Pneumatic Cylinder > Double Acting."
TZU002,Cylinder according to DIN ISO 15552,气缸 ISO 15552,气动与过程接口,Pneumatic Cylinder > Double Acting,Double Acting,The double-acting cylinder features magnetic pistons and adjustable end position damping. The adjusting screws for end position damping are located on the connection side and can be adjusted with an Allen key. The adjusting screws are secured to prevent unscrewing.,,Pneumatic Cylinder > Double Acting,MEDIUM,制药设备气动自动化,CURRENT,CHINA_PAGE_ONLY,https://www.burkert.com/en/type/TZU002,https://www.burkert.com.cn/cn/type/TZU002,https://www.burkert.com/en/Media/plm/DTS/DS/dstzu002-standard-eu-en.pdf?id=DTS0000000000000001000268348END,,2026-06-09,A,"Global official Type page is the product master. China visibility indicates public page/document visibility only, not stock, origin or lead time. Official category paths: Pneumatics and Process Interfaces > Pneumatic Cylinder > Double Acting."
