series_id,spec_key,value_text,source_url,accessed_date,notes
0322,Ambient temperature,-10 to 50 °C,https://www.gemu-group.com/en/products/measurement-and-control-technology/pilot-valves/0322,2026-06-09,Exact text from the official product-page technical details table.
0322,Body materials,PA,https://www.gemu-group.com/en/products/measurement-and-control-technology/pilot-valves/0322,2026-06-09,Exact text from the official product-page technical details table.
0322,Conformities,ATEX EAC FMEDA,https://www.gemu-group.com/en/products/measurement-and-control-technology/pilot-valves/0322,2026-06-09,Exact text from the official product-page technical details table.
0322,Connection types,thread,https://www.gemu-group.com/en/products/measurement-and-control-technology/pilot-valves/0322,2026-06-09,Exact text from the official product-page technical details table.
0322,Electrical connection types,"Plug, design A M12 plug",https://www.gemu-group.com/en/products/measurement-and-control-technology/pilot-valves/0322,2026-06-09,Exact text from the official product-page technical details table.
0322,Media temperature,-10 to 50 °C,https://www.gemu-group.com/en/products/measurement-and-control-technology/pilot-valves/0322,2026-06-09,Exact text from the official product-page technical details table.
0322,Nominal size,DN 2,https://www.gemu-group.com/en/products/measurement-and-control-technology/pilot-valves/0322,2026-06-09,Exact text from the official product-page technical details table.
0322,Operating pressure,0 to 10 bar,https://www.gemu-group.com/en/products/measurement-and-control-technology/pilot-valves/0322,2026-06-09,Exact text from the official product-page technical details table.
0322,Supply voltages,"120 V AC, 50/60 Hz 230 V AC, 50/60 Hz 24 V AC, 50/60 Hz 24 V DC",https://www.gemu-group.com/en/products/measurement-and-control-technology/pilot-valves/0322,2026-06-09,Exact text from the official product-page technical details table.
102,Ambient temperature,10 to 40 °C,https://www.gemu-group.com/en/products/valve-technology/process-solenoid-valves/102,2026-06-09,Exact text from the official product-page technical details table.
102,Body materials,"PVC-U, grey PVDF",https://www.gemu-group.com/en/products/valve-technology/process-solenoid-valves/102,2026-06-09,Exact text from the official product-page technical details table.
102,Conformities,UL Recognized US,https://www.gemu-group.com/en/products/valve-technology/process-solenoid-valves/102,2026-06-09,Exact text from the official product-page technical details table.
102,Connection standards,DIN ISO,https://www.gemu-group.com/en/products/valve-technology/process-solenoid-valves/102,2026-06-09,Exact text from the official product-page technical details table.
102,Connection types,Solvent cement socket thread,https://www.gemu-group.com/en/products/valve-technology/process-solenoid-valves/102,2026-06-09,Exact text from the official product-page technical details table.
102,Media temperature,-20 to 100 °C,https://www.gemu-group.com/en/products/valve-technology/process-solenoid-valves/102,2026-06-09,Exact text from the official product-page technical details table.
102,Nominal sizes,DN 6 to 10,https://www.gemu-group.com/en/products/valve-technology/process-solenoid-valves/102,2026-06-09,Exact text from the official product-page technical details table.
102,Operating pressure,0 to 4 bar,https://www.gemu-group.com/en/products/valve-technology/process-solenoid-valves/102,2026-06-09,Exact text from the official product-page technical details table.
102,Protection class,IP 65,https://www.gemu-group.com/en/products/valve-technology/process-solenoid-valves/102,2026-06-09,Exact text from the official product-page technical details table.
102,Supply voltages,"120 V AC, 50/60 Hz 230 V AC, 50/60 Hz 24 V AC, 50/60 Hz 24 V DC",https://www.gemu-group.com/en/products/valve-technology/process-solenoid-valves/102,2026-06-09,Exact text from the official product-page technical details table.
1205,Ambient temperature,-20 Up to 60 °C,https://www.gemu-group.com/en/products/measurement-and-control-technology/position-feedback-devices-and-valve-connections/1205,2026-06-09,Exact text from the official product-page technical details table.
1205,Conformities,ATEX,https://www.gemu-group.com/en/products/measurement-and-control-technology/position-feedback-devices-and-valve-connections/1205,2026-06-09,Exact text from the official product-page technical details table.
1205,Electrical connection type,M20 cable gland,https://www.gemu-group.com/en/products/measurement-and-control-technology/position-feedback-devices-and-valve-connections/1205,2026-06-09,Exact text from the official product-page technical details table.
1205,Linear measuring range,2 to 70 mm,https://www.gemu-group.com/en/products/measurement-and-control-technology/position-feedback-devices-and-valve-connections/1205,2026-06-09,Exact text from the official product-page technical details table.
1205,Protection class,IP 65,https://www.gemu-group.com/en/products/measurement-and-control-technology/position-feedback-devices-and-valve-connections/1205,2026-06-09,Exact text from the official product-page technical details table.
1205,Supply voltages,250 V AC,https://www.gemu-group.com/en/products/measurement-and-control-technology/position-feedback-devices-and-valve-connections/1205,2026-06-09,Exact text from the official product-page technical details table.
1205,Switch types,Microswitch,https://www.gemu-group.com/en/products/measurement-and-control-technology/position-feedback-devices-and-valve-connections/1205,2026-06-09,Exact text from the official product-page technical details table.
1215,Ambient temperature,-15 to 60 °C,https://www.gemu-group.com/en/products/measurement-and-control-technology/position-feedback-devices-and-valve-connections/1215,2026-06-09,Exact text from the official product-page technical details table.
1215,Conformities,ATEX EAC,https://www.gemu-group.com/en/products/measurement-and-control-technology/position-feedback-devices-and-valve-connections/1215,2026-06-09,Exact text from the official product-page technical details table.
1215,Electrical connection types,PG 11 cable gland M12 plug,https://www.gemu-group.com/en/products/measurement-and-control-technology/position-feedback-devices-and-valve-connections/1215,2026-06-09,Exact text from the official product-page technical details table.
1215,Protection class,IP 65,https://www.gemu-group.com/en/products/measurement-and-control-technology/position-feedback-devices-and-valve-connections/1215,2026-06-09,Exact text from the official product-page technical details table.
1215,Supply voltages,"230 V AC, 50/60 Hz 24 V DC",https://www.gemu-group.com/en/products/measurement-and-control-technology/position-feedback-devices-and-valve-connections/1215,2026-06-09,Exact text from the official product-page technical details table.
1215,Switch types,Microswitch,https://www.gemu-group.com/en/products/measurement-and-control-technology/position-feedback-devices-and-valve-connections/1215,2026-06-09,Exact text from the official product-page technical details table.
1232,Ambient temperature,-20 Up to 60 °C,https://www.gemu-group.com/en/products/measurement-and-control-technology/position-feedback-devices-and-valve-connections/1232,2026-06-09,Exact text from the official product-page technical details table.
1232,Conformities,CSA EAC UL Recognized,https://www.gemu-group.com/en/products/measurement-and-control-technology/position-feedback-devices-and-valve-connections/1232,2026-06-09,Exact text from the official product-page technical details table.
1232,Electrical connection type,M16 cable gland M12 plug,https://www.gemu-group.com/en/products/measurement-and-control-technology/position-feedback-devices-and-valve-connections/1232,2026-06-09,Exact text from the official product-page technical details table.
1232,Linear measuring range,2 to 20 mm,https://www.gemu-group.com/en/products/measurement-and-control-technology/position-feedback-devices-and-valve-connections/1232,2026-06-09,Exact text from the official product-page technical details table.
1232,Protection class,IP 65,https://www.gemu-group.com/en/products/measurement-and-control-technology/position-feedback-devices-and-valve-connections/1232,2026-06-09,Exact text from the official product-page technical details table.
1232,Supply voltages,10 - 30 V DC 8 V NAMUR,https://www.gemu-group.com/en/products/measurement-and-control-technology/position-feedback-devices-and-valve-connections/1232,2026-06-09,Exact text from the official product-page technical details table.
1232,Switch types,2-wire proximity switch (NAMUR) 3-wire proximity switch,https://www.gemu-group.com/en/products/measurement-and-control-technology/position-feedback-devices-and-valve-connections/1232,2026-06-09,Exact text from the official product-page technical details table.
1234,Ambient temperature,-10 to 70 °C,https://www.gemu-group.com/en/products/measurement-and-control-technology/position-feedback-devices-and-valve-connections/1234,2026-06-09,Exact text from the official product-page technical details table.
1234,Electrical connection type,M12 plug,https://www.gemu-group.com/en/products/measurement-and-control-technology/position-feedback-devices-and-valve-connections/1234,2026-06-09,Exact text from the official product-page technical details table.
1234,Linear measuring range,1 to 10 mm,https://www.gemu-group.com/en/products/measurement-and-control-technology/position-feedback-devices-and-valve-connections/1234,2026-06-09,Exact text from the official product-page technical details table.
1234,Protection class,IP 67,https://www.gemu-group.com/en/products/measurement-and-control-technology/position-feedback-devices-and-valve-connections/1234,2026-06-09,Exact text from the official product-page technical details table.
1234,Supply voltages,24 V DC,https://www.gemu-group.com/en/products/measurement-and-control-technology/position-feedback-devices-and-valve-connections/1234,2026-06-09,Exact text from the official product-page technical details table.
1236,Ambient temperature,-10 to 70 °C,https://www.gemu-group.com/en/products/measurement-and-control-technology/position-feedback-devices-and-valve-connections/1236,2026-06-09,Exact text from the official product-page technical details table.
1236,Communication modes,IO-Link None,https://www.gemu-group.com/en/products/measurement-and-control-technology/position-feedback-devices-and-valve-connections/1236,2026-06-09,Exact text from the official product-page technical details table.
1236,Conformities,EAC FMEDA UL listed,https://www.gemu-group.com/en/products/measurement-and-control-technology/position-feedback-devices-and-valve-connections/1236,2026-06-09,Exact text from the official product-page technical details table.
1236,Electrical connection types,M12 plug,https://www.gemu-group.com/en/products/measurement-and-control-technology/position-feedback-devices-and-valve-connections/1236,2026-06-09,Exact text from the official product-page technical details table.
1236,Linear measuring range,"2,0 to 74,4 mm",https://www.gemu-group.com/en/products/measurement-and-control-technology/position-feedback-devices-and-valve-connections/1236,2026-06-09,Exact text from the official product-page technical details table.
1236,Protection class,IP 67,https://www.gemu-group.com/en/products/measurement-and-control-technology/position-feedback-devices-and-valve-connections/1236,2026-06-09,Exact text from the official product-page technical details table.
1236,Supply voltages,24 V DC,https://www.gemu-group.com/en/products/measurement-and-control-technology/position-feedback-devices-and-valve-connections/1236,2026-06-09,Exact text from the official product-page technical details table.
1240,Electrical connection type,M16 cable gland M12 plug,https://www.gemu-group.com/en/products/measurement-and-control-technology/position-feedback-devices-and-valve-connections/1240,2026-06-09,Exact text from the official product-page technical details table.
1240,Linear measuring range,5 to 75 mm,https://www.gemu-group.com/en/products/measurement-and-control-technology/position-feedback-devices-and-valve-connections/1240,2026-06-09,Exact text from the official product-page technical details table.
1240,Supply voltages,24 V DC 250 V AC 8 V NAMUR,https://www.gemu-group.com/en/products/measurement-and-control-technology/position-feedback-devices-and-valve-connections/1240,2026-06-09,Exact text from the official product-page technical details table.
1240,Switch types,Microswitch 2-wire proximity switch (NAMUR) 3-wire proximity switch,https://www.gemu-group.com/en/products/measurement-and-control-technology/position-feedback-devices-and-valve-connections/1240,2026-06-09,Exact text from the official product-page technical details table.
1241,Ambient temperature,0 Up to 60 °C,https://www.gemu-group.com/en/products/measurement-and-control-technology/position-feedback-devices-and-valve-connections/1241,2026-06-09,Exact text from the official product-page technical details table.
1241,Conformities,ATEX IECEx,https://www.gemu-group.com/en/products/measurement-and-control-technology/position-feedback-devices-and-valve-connections/1241,2026-06-09,Exact text from the official product-page technical details table.
1241,Electrical connection type,M16 cable gland M12 plug,https://www.gemu-group.com/en/products/measurement-and-control-technology/position-feedback-devices-and-valve-connections/1241,2026-06-09,Exact text from the official product-page technical details table.
1241,Linear measuring range,5 to 75 mm,https://www.gemu-group.com/en/products/measurement-and-control-technology/position-feedback-devices-and-valve-connections/1241,2026-06-09,Exact text from the official product-page technical details table.
1241,Protection class,IP 67,https://www.gemu-group.com/en/products/measurement-and-control-technology/position-feedback-devices-and-valve-connections/1241,2026-06-09,Exact text from the official product-page technical details table.
1241,Supply voltages,8 V NAMUR,https://www.gemu-group.com/en/products/measurement-and-control-technology/position-feedback-devices-and-valve-connections/1241,2026-06-09,Exact text from the official product-page technical details table.
1241,Switch types,2-wire proximity switch (NAMUR),https://www.gemu-group.com/en/products/measurement-and-control-technology/position-feedback-devices-and-valve-connections/1241,2026-06-09,Exact text from the official product-page technical details table.
1242,Ambient temperature,0 to 60 °C,https://www.gemu-group.com/en/products/measurement-and-control-technology/position-feedback-devices-and-valve-connections/1242,2026-06-09,Exact text from the official product-page technical details table.
1242,Communication modes,AS-Interface DeviceNet IO-Link,https://www.gemu-group.com/en/products/measurement-and-control-technology/position-feedback-devices-and-valve-connections/1242,2026-06-09,Exact text from the official product-page technical details table.
1242,Conformities,ATEX CSA EAC ETL Listed C US FMEDA IECEx NEC 500,https://www.gemu-group.com/en/products/measurement-and-control-technology/position-feedback-devices-and-valve-connections/1242,2026-06-09,Exact text from the official product-page technical details table.
1242,Electrical connection types,M12 plug,https://www.gemu-group.com/en/products/measurement-and-control-technology/position-feedback-devices-and-valve-connections/1242,2026-06-09,Exact text from the official product-page technical details table.
1242,Linear measuring range,2 to 75 mm,https://www.gemu-group.com/en/products/measurement-and-control-technology/position-feedback-devices-and-valve-connections/1242,2026-06-09,Exact text from the official product-page technical details table.
1242,Protection class,IP 67,https://www.gemu-group.com/en/products/measurement-and-control-technology/position-feedback-devices-and-valve-connections/1242,2026-06-09,Exact text from the official product-page technical details table.
1242,Radial measuring range,0 to 90°,https://www.gemu-group.com/en/products/measurement-and-control-technology/position-feedback-devices-and-valve-connections/1242,2026-06-09,Exact text from the official product-page technical details table.
1242,Supply voltages,24 V DC,https://www.gemu-group.com/en/products/measurement-and-control-technology/position-feedback-devices-and-valve-connections/1242,2026-06-09,Exact text from the official product-page technical details table.
12A0,Ambient temperature,-20 to 60 °C,https://www.gemu-group.com/en/products/measurement-and-control-technology/position-feedback-devices-and-valve-connections/12a0,2026-06-09,Exact text from the official product-page technical details table.
12A0,Communication modes,IO-Link/SIO mode (24 V DC signals),https://www.gemu-group.com/en/products/measurement-and-control-technology/position-feedback-devices-and-valve-connections/12a0,2026-06-09,Exact text from the official product-page technical details table.
12A0,Electrical connection types,M12 plug,https://www.gemu-group.com/en/products/measurement-and-control-technology/position-feedback-devices-and-valve-connections/12a0,2026-06-09,Exact text from the official product-page technical details table.
12A0,Protection class,"IP 65, IP 67",https://www.gemu-group.com/en/products/measurement-and-control-technology/position-feedback-devices-and-valve-connections/12a0,2026-06-09,Exact text from the official product-page technical details table.
12A0,Supply voltages,18 - 30 V DC 24 V DC,https://www.gemu-group.com/en/products/measurement-and-control-technology/position-feedback-devices-and-valve-connections/12a0,2026-06-09,Exact text from the official product-page technical details table.
1434,Ambient temperature,0 to 60 °C,https://www.gemu-group.com/en/products/measurement-and-control-technology/position-and-process-controllers/1434,2026-06-09,Exact text from the official product-page technical details table.
1434,Conformity,EAC,https://www.gemu-group.com/en/products/measurement-and-control-technology/position-and-process-controllers/1434,2026-06-09,Exact text from the official product-page technical details table.
1434,Electrical connection types,M12 connector,https://www.gemu-group.com/en/products/measurement-and-control-technology/position-and-process-controllers/1434,2026-06-09,Exact text from the official product-page technical details table.
1434,Flow rate,15 Nl/min,https://www.gemu-group.com/en/products/measurement-and-control-technology/position-and-process-controllers/1434,2026-06-09,Exact text from the official product-page technical details table.
1434,Measuring range,"Max. 30 mm, linear",https://www.gemu-group.com/en/products/measurement-and-control-technology/position-and-process-controllers/1434,2026-06-09,Exact text from the official product-page technical details table.
1434,Mode of action,Single acting,https://www.gemu-group.com/en/products/measurement-and-control-technology/position-and-process-controllers/1434,2026-06-09,Exact text from the official product-page technical details table.
1434,Operating pressure,0 to 10 bar,https://www.gemu-group.com/en/products/measurement-and-control-technology/position-and-process-controllers/1434,2026-06-09,Exact text from the official product-page technical details table.
1434,Supply voltage,24 V DC,https://www.gemu-group.com/en/products/measurement-and-control-technology/position-and-process-controllers/1434,2026-06-09,Exact text from the official product-page technical details table.
1435,Ambient temperature,-20 to 60 °C,https://www.gemu-group.com/en/products/measurement-and-control-technology/position-and-process-controllers/1435,2026-06-09,Exact text from the official product-page technical details table.
1435,Conformity,EAC,https://www.gemu-group.com/en/products/measurement-and-control-technology/position-and-process-controllers/1435,2026-06-09,Exact text from the official product-page technical details table.
1435,Electrical connection types,M12 cable gland M12 connector,https://www.gemu-group.com/en/products/measurement-and-control-technology/position-and-process-controllers/1435,2026-06-09,Exact text from the official product-page technical details table.
1435,Flow rate,50 Nl/min 90 Nl/min,https://www.gemu-group.com/en/products/measurement-and-control-technology/position-and-process-controllers/1435,2026-06-09,Exact text from the official product-page technical details table.
1435,Measuring range,"Max. 30 mm, linear Max. 50 mm, linear Max. 75 mm, linear Max. 90°, radial",https://www.gemu-group.com/en/products/measurement-and-control-technology/position-and-process-controllers/1435,2026-06-09,Exact text from the official product-page technical details table.
1435,Mode of action,Double acting Single acting,https://www.gemu-group.com/en/products/measurement-and-control-technology/position-and-process-controllers/1435,2026-06-09,Exact text from the official product-page technical details table.
1435,Operating pressure,0 to 6 bar,https://www.gemu-group.com/en/products/measurement-and-control-technology/position-and-process-controllers/1435,2026-06-09,Exact text from the official product-page technical details table.
1435,Supply voltage,24 V DC,https://www.gemu-group.com/en/products/measurement-and-control-technology/position-and-process-controllers/1435,2026-06-09,Exact text from the official product-page technical details table.
1436,Ambient temperature,0 to 60 °C,https://www.gemu-group.com/en/products/measurement-and-control-technology/position-and-process-controllers/1436,2026-06-09,Exact text from the official product-page technical details table.
1436,Conformity,EAC,https://www.gemu-group.com/en/products/measurement-and-control-technology/position-and-process-controllers/1436,2026-06-09,Exact text from the official product-page technical details table.
1436,Electrical connection types,M12 connector,https://www.gemu-group.com/en/products/measurement-and-control-technology/position-and-process-controllers/1436,2026-06-09,Exact text from the official product-page technical details table.
1436,Flow rate,100 Nl/min 172 Nl/min 84 Nl/min,https://www.gemu-group.com/en/products/measurement-and-control-technology/position-and-process-controllers/1436,2026-06-09,Exact text from the official product-page technical details table.
1436,Measuring range,"Max. 30 mm, linear Max. 50 mm, linear Max. 75 mm, linear Max. 90°, radial",https://www.gemu-group.com/en/products/measurement-and-control-technology/position-and-process-controllers/1436,2026-06-09,Exact text from the official product-page technical details table.
1436,Mode of action,Double acting Single acting,https://www.gemu-group.com/en/products/measurement-and-control-technology/position-and-process-controllers/1436,2026-06-09,Exact text from the official product-page technical details table.
1436,Operating pressure,"1,5 to 7 bar",https://www.gemu-group.com/en/products/measurement-and-control-technology/position-and-process-controllers/1436,2026-06-09,Exact text from the official product-page technical details table.
1436,Supply voltage,24 V DC,https://www.gemu-group.com/en/products/measurement-and-control-technology/position-and-process-controllers/1436,2026-06-09,Exact text from the official product-page technical details table.
1436-ECO,Ambient temperature,0 to 60 °C,https://www.gemu-group.com/en/products/measurement-and-control-technology/position-and-process-controllers/1436-eco,2026-06-09,Exact text from the official product-page technical details table.
1436-ECO,Conformity,EAC UL listed,https://www.gemu-group.com/en/products/measurement-and-control-technology/position-and-process-controllers/1436-eco,2026-06-09,Exact text from the official product-page technical details table.
1436-ECO,Electrical connection types,M12 connector,https://www.gemu-group.com/en/products/measurement-and-control-technology/position-and-process-controllers/1436-eco,2026-06-09,Exact text from the official product-page technical details table.
1436-ECO,Flow rate,100 Nl/min 84 Nl/min,https://www.gemu-group.com/en/products/measurement-and-control-technology/position-and-process-controllers/1436-eco,2026-06-09,Exact text from the official product-page technical details table.
1436-ECO,Measuring range,"Max. 30 mm, linear Max. 50 mm, linear Max. 75 mm, linear Max. 90°, radial",https://www.gemu-group.com/en/products/measurement-and-control-technology/position-and-process-controllers/1436-eco,2026-06-09,Exact text from the official product-page technical details table.
1436-ECO,Mode of action,Single acting,https://www.gemu-group.com/en/products/measurement-and-control-technology/position-and-process-controllers/1436-eco,2026-06-09,Exact text from the official product-page technical details table.
1436-ECO,Operating pressure,"1,5 to 7 bar",https://www.gemu-group.com/en/products/measurement-and-control-technology/position-and-process-controllers/1436-eco,2026-06-09,Exact text from the official product-page technical details table.
1436-ECO,Supply voltage,24 V DC,https://www.gemu-group.com/en/products/measurement-and-control-technology/position-and-process-controllers/1436-eco,2026-06-09,Exact text from the official product-page technical details table.
1441,Ambient temperature,-10 to 60 °C,https://www.gemu-group.com/en/products/measurement-and-control-technology/position-and-process-controllers/1441,2026-06-09,Exact text from the official product-page technical details table.
1441,Communication modes,BLE HART,https://www.gemu-group.com/en/products/measurement-and-control-technology/position-and-process-controllers/1441,2026-06-09,Exact text from the official product-page technical details table.
1441,Conformity,ATEX FCC HART IECEx UL listed UL Recognized,https://www.gemu-group.com/en/products/measurement-and-control-technology/position-and-process-controllers/1441,2026-06-09,Exact text from the official product-page technical details table.
1441,Electrical connection types,M16 cable gland M12 plug,https://www.gemu-group.com/en/products/measurement-and-control-technology/position-and-process-controllers/1441,2026-06-09,Exact text from the official product-page technical details table.
1441,Flow rate,115 Nl/min,https://www.gemu-group.com/en/products/measurement-and-control-technology/position-and-process-controllers/1441,2026-06-09,Exact text from the official product-page technical details table.
1441,Linear measuring range,2 to 75 mm,https://www.gemu-group.com/en/products/measurement-and-control-technology/position-and-process-controllers/1441,2026-06-09,Exact text from the official product-page technical details table.
1441,Mode of action,Double acting Single acting,https://www.gemu-group.com/en/products/measurement-and-control-technology/position-and-process-controllers/1441,2026-06-09,Exact text from the official product-page technical details table.
1441,Operating pressure,"1,5 to 7 bar",https://www.gemu-group.com/en/products/measurement-and-control-technology/position-and-process-controllers/1441,2026-06-09,Exact text from the official product-page technical details table.
1441,Radial measuring range,0 to 90°,https://www.gemu-group.com/en/products/measurement-and-control-technology/position-and-process-controllers/1441,2026-06-09,Exact text from the official product-page technical details table.
1441,Supply voltage,Via set value signal,https://www.gemu-group.com/en/products/measurement-and-control-technology/position-and-process-controllers/1441,2026-06-09,Exact text from the official product-page technical details table.
202,Ambient temperature,10 to 40 °C,https://www.gemu-group.com/en/products/valve-technology/process-solenoid-valves/202,2026-06-09,Exact text from the official product-page technical details table.
202,Body materials,"PVC-U, grey PVDF",https://www.gemu-group.com/en/products/valve-technology/process-solenoid-valves/202,2026-06-09,Exact text from the official product-page technical details table.
202,Conformities,UL Recognized US,https://www.gemu-group.com/en/products/valve-technology/process-solenoid-valves/202,2026-06-09,Exact text from the official product-page technical details table.
202,Connection standards,DIN ISO,https://www.gemu-group.com/en/products/valve-technology/process-solenoid-valves/202,2026-06-09,Exact text from the official product-page technical details table.
202,Connection types,thread,https://www.gemu-group.com/en/products/valve-technology/process-solenoid-valves/202,2026-06-09,Exact text from the official product-page technical details table.
202,Media temperature,-20 to 100 °C,https://www.gemu-group.com/en/products/valve-technology/process-solenoid-valves/202,2026-06-09,Exact text from the official product-page technical details table.
202,Nominal sizes,DN 10 to 15,https://www.gemu-group.com/en/products/valve-technology/process-solenoid-valves/202,2026-06-09,Exact text from the official product-page technical details table.
202,Operating pressure,0 to 2 bar,https://www.gemu-group.com/en/products/valve-technology/process-solenoid-valves/202,2026-06-09,Exact text from the official product-page technical details table.
202,Protection class,IP 65,https://www.gemu-group.com/en/products/valve-technology/process-solenoid-valves/202,2026-06-09,Exact text from the official product-page technical details table.
202,Supply voltages,"120 V AC, 50/60 Hz 230 V AC, 50/60 Hz 24 V AC, 50/60 Hz 24 V DC",https://www.gemu-group.com/en/products/valve-technology/process-solenoid-valves/202,2026-06-09,Exact text from the official product-page technical details table.
205,Ambient temperature,10 to 40 °C,https://www.gemu-group.com/en/products/valve-technology/process-solenoid-valves/205,2026-06-09,Exact text from the official product-page technical details table.
205,Body materials,"PVC-U, grey PVDF",https://www.gemu-group.com/en/products/valve-technology/process-solenoid-valves/205,2026-06-09,Exact text from the official product-page technical details table.
205,Connection standards,DIN ISO,https://www.gemu-group.com/en/products/valve-technology/process-solenoid-valves/205,2026-06-09,Exact text from the official product-page technical details table.
205,Connection types,Solvent cement socket Spigot Threaded connection Union end,https://www.gemu-group.com/en/products/valve-technology/process-solenoid-valves/205,2026-06-09,Exact text from the official product-page technical details table.
205,Media temperature,-20 to 60 °C,https://www.gemu-group.com/en/products/valve-technology/process-solenoid-valves/205,2026-06-09,Exact text from the official product-page technical details table.
205,Nominal sizes,DN 10 to 50,https://www.gemu-group.com/en/products/valve-technology/process-solenoid-valves/205,2026-06-09,Exact text from the official product-page technical details table.
205,Operating pressure,0 to 6 bar,https://www.gemu-group.com/en/products/valve-technology/process-solenoid-valves/205,2026-06-09,Exact text from the official product-page technical details table.
205,Supply voltages,"120 V AC, 50/60 Hz 230 V AC, 50/60 Hz 24 V AC, 50/60 Hz 24 V DC",https://www.gemu-group.com/en/products/valve-technology/process-solenoid-valves/205,2026-06-09,Exact text from the official product-page technical details table.
3020,Conformities,EAC,https://www.gemu-group.com/en/products/measurement-and-control-technology/flow-meters/3020,2026-06-09,Exact text from the official product-page technical details table.
3020,Connection types,Union end,https://www.gemu-group.com/en/products/measurement-and-control-technology/flow-meters/3020,2026-06-09,Exact text from the official product-page technical details table.
3020,Electrical connection types,"Plug, design A",https://www.gemu-group.com/en/products/measurement-and-control-technology/flow-meters/3020,2026-06-09,Exact text from the official product-page technical details table.
3020,Error of measurement,± 1 % of final value,https://www.gemu-group.com/en/products/measurement-and-control-technology/flow-meters/3020,2026-06-09,Exact text from the official product-page technical details table.
3020,Measuring range - Liquids,120 Up to 25000 l/h,https://www.gemu-group.com/en/products/measurement-and-control-technology/flow-meters/3020,2026-06-09,Exact text from the official product-page technical details table.
3020,Media temperature,-20 to 80 °C,https://www.gemu-group.com/en/products/measurement-and-control-technology/flow-meters/3020,2026-06-09,Exact text from the official product-page technical details table.
3020,Metering tube materials,PVC-U PVDF,https://www.gemu-group.com/en/products/measurement-and-control-technology/flow-meters/3020,2026-06-09,Exact text from the official product-page technical details table.
3020,Nominal sizes,DN 25 to 50,https://www.gemu-group.com/en/products/measurement-and-control-technology/flow-meters/3020,2026-06-09,Exact text from the official product-page technical details table.
3020,Operating pressure,0 to 10 bar,https://www.gemu-group.com/en/products/measurement-and-control-technology/flow-meters/3020,2026-06-09,Exact text from the official product-page technical details table.
3020,Supply voltages,24 V DC,https://www.gemu-group.com/en/products/measurement-and-control-technology/flow-meters/3020,2026-06-09,Exact text from the official product-page technical details table.
314,Ambient temperature,-10 Up to 60 °C,https://www.gemu-group.com/en/products/valve-technology/seat-valves/314,2026-06-09,Exact text from the official product-page technical details table.
314,Body configurations,Multi-port body,https://www.gemu-group.com/en/products/valve-technology/seat-valves/314,2026-06-09,Exact text from the official product-page technical details table.
314,Body materials,"CC499K, cast bronze material",https://www.gemu-group.com/en/products/valve-technology/seat-valves/314,2026-06-09,Exact text from the official product-page technical details table.
314,Connection standards,ANSI DIN EN ISO,https://www.gemu-group.com/en/products/valve-technology/seat-valves/314,2026-06-09,Exact text from the official product-page technical details table.
314,Connection types,thread,https://www.gemu-group.com/en/products/valve-technology/seat-valves/314,2026-06-09,Exact text from the official product-page technical details table.
314,Media temperature,-10 to 180 °C,https://www.gemu-group.com/en/products/valve-technology/seat-valves/314,2026-06-09,Exact text from the official product-page technical details table.
314,Nominal sizes,DN 15 to 50,https://www.gemu-group.com/en/products/valve-technology/seat-valves/314,2026-06-09,Exact text from the official product-page technical details table.
314,Operating pressure,0 Up to 16 bar,https://www.gemu-group.com/en/products/valve-technology/seat-valves/314,2026-06-09,Exact text from the official product-page technical details table.
314,Seat seal materials,"PTFE PTFE, reinforced",https://www.gemu-group.com/en/products/valve-technology/seat-valves/314,2026-06-09,Exact text from the official product-page technical details table.
411,Ambient temperature,-10 to 60 °C,https://www.gemu-group.com/en/products/valve-technology/butterfly-valves/411,2026-06-09,Exact text from the official product-page technical details table.
411,Conformities,EAC FDA Functional safety,https://www.gemu-group.com/en/products/valve-technology/butterfly-valves/411,2026-06-09,Exact text from the official product-page technical details table.
411,Connection standards,ASME DIN EN ISO SMS,https://www.gemu-group.com/en/products/valve-technology/butterfly-valves/411,2026-06-09,Exact text from the official product-page technical details table.
411,Connection types,Clamp Spigot thread,https://www.gemu-group.com/en/products/valve-technology/butterfly-valves/411,2026-06-09,Exact text from the official product-page technical details table.
411,Disc materials,"1.4408, investment casting material",https://www.gemu-group.com/en/products/valve-technology/butterfly-valves/411,2026-06-09,Exact text from the official product-page technical details table.
411,Housing materials,"1.4408, investment casting material",https://www.gemu-group.com/en/products/valve-technology/butterfly-valves/411,2026-06-09,Exact text from the official product-page technical details table.
411,Liner materials,EPDM FKM Silicone,https://www.gemu-group.com/en/products/valve-technology/butterfly-valves/411,2026-06-09,Exact text from the official product-page technical details table.
411,Media temperature,-20 to 160 °C,https://www.gemu-group.com/en/products/valve-technology/butterfly-valves/411,2026-06-09,Exact text from the official product-page technical details table.
411,Nominal sizes,DN 15 to 50,https://www.gemu-group.com/en/products/valve-technology/butterfly-valves/411,2026-06-09,Exact text from the official product-page technical details table.
411,Operating pressure,0 to 10 bar,https://www.gemu-group.com/en/products/valve-technology/butterfly-valves/411,2026-06-09,Exact text from the official product-page technical details table.
415,Ambient temperature,0 to 60 °C,https://www.gemu-group.com/en/products/valve-technology/butterfly-valves/415,2026-06-09,Exact text from the official product-page technical details table.
415,Conformities,ATEX EAC FDA,https://www.gemu-group.com/en/products/valve-technology/butterfly-valves/415,2026-06-09,Exact text from the official product-page technical details table.
415,Connection standards,ASME DIN EN ISO SMS,https://www.gemu-group.com/en/products/valve-technology/butterfly-valves/415,2026-06-09,Exact text from the official product-page technical details table.
415,Connection types,Clamp Spigot thread,https://www.gemu-group.com/en/products/valve-technology/butterfly-valves/415,2026-06-09,Exact text from the official product-page technical details table.
415,Disc materials,"1.4408, investment casting material",https://www.gemu-group.com/en/products/valve-technology/butterfly-valves/415,2026-06-09,Exact text from the official product-page technical details table.
415,Housing materials,"1.4408, investment casting material",https://www.gemu-group.com/en/products/valve-technology/butterfly-valves/415,2026-06-09,Exact text from the official product-page technical details table.
415,Liner materials,EPDM FKM Silicone,https://www.gemu-group.com/en/products/valve-technology/butterfly-valves/415,2026-06-09,Exact text from the official product-page technical details table.
415,Media temperature,-20 to 160 °C,https://www.gemu-group.com/en/products/valve-technology/butterfly-valves/415,2026-06-09,Exact text from the official product-page technical details table.
415,Nominal sizes,DN 15 to 50,https://www.gemu-group.com/en/products/valve-technology/butterfly-valves/415,2026-06-09,Exact text from the official product-page technical details table.
415,Operating pressure,0 to 10 bar,https://www.gemu-group.com/en/products/valve-technology/butterfly-valves/415,2026-06-09,Exact text from the official product-page technical details table.
417,Ambient temperature,10 to 60 °C,https://www.gemu-group.com/en/products/valve-technology/butterfly-valves/417,2026-06-09,Exact text from the official product-page technical details table.
417,Conformities,EAC,https://www.gemu-group.com/en/products/valve-technology/butterfly-valves/417,2026-06-09,Exact text from the official product-page technical details table.
417,Connection standards,BS DIN,https://www.gemu-group.com/en/products/valve-technology/butterfly-valves/417,2026-06-09,Exact text from the official product-page technical details table.
417,Connection types,Union end,https://www.gemu-group.com/en/products/valve-technology/butterfly-valves/417,2026-06-09,Exact text from the official product-page technical details table.
417,Disc materials,PP-H,https://www.gemu-group.com/en/products/valve-technology/butterfly-valves/417,2026-06-09,Exact text from the official product-page technical details table.
417,Housing materials,"PVC-U, grey",https://www.gemu-group.com/en/products/valve-technology/butterfly-valves/417,2026-06-09,Exact text from the official product-page technical details table.
417,Liner materials,EPDM FKM,https://www.gemu-group.com/en/products/valve-technology/butterfly-valves/417,2026-06-09,Exact text from the official product-page technical details table.
417,Media temperature,0 to 60 °C,https://www.gemu-group.com/en/products/valve-technology/butterfly-valves/417,2026-06-09,Exact text from the official product-page technical details table.
417,Nominal sizes,DN 15 to 50,https://www.gemu-group.com/en/products/valve-technology/butterfly-valves/417,2026-06-09,Exact text from the official product-page technical details table.
417,Operating pressure,0 to 6 bar,https://www.gemu-group.com/en/products/valve-technology/butterfly-valves/417,2026-06-09,Exact text from the official product-page technical details table.
423,90° operating time,4 Up to 100 s,https://www.gemu-group.com/en/products/valve-technology/butterfly-valves/423,2026-06-09,Exact text from the official product-page technical details table.
423,Ambient temperature,-10 to 60 °C,https://www.gemu-group.com/en/products/valve-technology/butterfly-valves/423,2026-06-09,Exact text from the official product-page technical details table.
423,Conformities,CSA EAC,https://www.gemu-group.com/en/products/valve-technology/butterfly-valves/423,2026-06-09,Exact text from the official product-page technical details table.
423,Connection standards,BS DIN,https://www.gemu-group.com/en/products/valve-technology/butterfly-valves/423,2026-06-09,Exact text from the official product-page technical details table.
423,Connection types,Union end,https://www.gemu-group.com/en/products/valve-technology/butterfly-valves/423,2026-06-09,Exact text from the official product-page technical details table.
423,Disc materials,PP-H,https://www.gemu-group.com/en/products/valve-technology/butterfly-valves/423,2026-06-09,Exact text from the official product-page technical details table.
423,Housing materials,"PVC-U, grey",https://www.gemu-group.com/en/products/valve-technology/butterfly-valves/423,2026-06-09,Exact text from the official product-page technical details table.
423,Liner materials,EPDM FKM,https://www.gemu-group.com/en/products/valve-technology/butterfly-valves/423,2026-06-09,Exact text from the official product-page technical details table.
423,Media temperature,0 to 60 °C,https://www.gemu-group.com/en/products/valve-technology/butterfly-valves/423,2026-06-09,Exact text from the official product-page technical details table.
423,Nominal sizes,DN 15 to 50,https://www.gemu-group.com/en/products/valve-technology/butterfly-valves/423,2026-06-09,Exact text from the official product-page technical details table.
423,Operating pressure,0 to 6 bar,https://www.gemu-group.com/en/products/valve-technology/butterfly-valves/423,2026-06-09,Exact text from the official product-page technical details table.
423,Protection class,"IP 65, 66, 67, 68",https://www.gemu-group.com/en/products/valve-technology/butterfly-valves/423,2026-06-09,Exact text from the official product-page technical details table.
423,Supply voltage,"12 - 24 V AC/DC 12 V DC 24 - 240 V AC/DC 24 V AC, 50/60 Hz 24 V DC",https://www.gemu-group.com/en/products/valve-technology/butterfly-valves/423,2026-06-09,Exact text from the official product-page technical details table.
4240,Ambient temperature,0 to 60 °C,https://www.gemu-group.com/en/products/measurement-and-control-technology/position-feedback-devices-and-valve-connections/4240,2026-06-09,Exact text from the official product-page technical details table.
4240,Electrical connection types,Cable glands,https://www.gemu-group.com/en/products/measurement-and-control-technology/position-feedback-devices-and-valve-connections/4240,2026-06-09,Exact text from the official product-page technical details table.
4240,Flow rate,250 Nl/min,https://www.gemu-group.com/en/products/measurement-and-control-technology/position-feedback-devices-and-valve-connections/4240,2026-06-09,Exact text from the official product-page technical details table.
4240,Linear measuring range,5 to 75 mm,https://www.gemu-group.com/en/products/measurement-and-control-technology/position-feedback-devices-and-valve-connections/4240,2026-06-09,Exact text from the official product-page technical details table.
4240,Protection class,"IP 65, IP 67",https://www.gemu-group.com/en/products/measurement-and-control-technology/position-feedback-devices-and-valve-connections/4240,2026-06-09,Exact text from the official product-page technical details table.
4240,Radial measuring range,0 to 90°,https://www.gemu-group.com/en/products/measurement-and-control-technology/position-feedback-devices-and-valve-connections/4240,2026-06-09,Exact text from the official product-page technical details table.
4240,Supply voltages,24 V DC 250 V AC 8 V DC,https://www.gemu-group.com/en/products/measurement-and-control-technology/position-feedback-devices-and-valve-connections/4240,2026-06-09,Exact text from the official product-page technical details table.
4240,Switch types,Microswitch 2-wire proximity switch (NAMUR) 3-wire proximity switch,https://www.gemu-group.com/en/products/measurement-and-control-technology/position-feedback-devices-and-valve-connections/4240,2026-06-09,Exact text from the official product-page technical details table.
4241,Ambient temperature,0 to 50 °C,https://www.gemu-group.com/en/products/measurement-and-control-technology/position-feedback-devices-and-valve-connections/4241,2026-06-09,Exact text from the official product-page technical details table.
4241,Conformities,ATEX EAC IECEx,https://www.gemu-group.com/en/products/measurement-and-control-technology/position-feedback-devices-and-valve-connections/4241,2026-06-09,Exact text from the official product-page technical details table.
4241,Electrical connection types,Cable glands,https://www.gemu-group.com/en/products/measurement-and-control-technology/position-feedback-devices-and-valve-connections/4241,2026-06-09,Exact text from the official product-page technical details table.
4241,Flow rate,250 Nl/min,https://www.gemu-group.com/en/products/measurement-and-control-technology/position-feedback-devices-and-valve-connections/4241,2026-06-09,Exact text from the official product-page technical details table.
4241,Linear measuring range,5 to 75 mm,https://www.gemu-group.com/en/products/measurement-and-control-technology/position-feedback-devices-and-valve-connections/4241,2026-06-09,Exact text from the official product-page technical details table.
4241,Measuring range,"Max. 75 mm, linear Max. 90°, radial",https://www.gemu-group.com/en/products/measurement-and-control-technology/position-feedback-devices-and-valve-connections/4241,2026-06-09,Exact text from the official product-page technical details table.
4241,Protection class,"IP 65, IP 67",https://www.gemu-group.com/en/products/measurement-and-control-technology/position-feedback-devices-and-valve-connections/4241,2026-06-09,Exact text from the official product-page technical details table.
4241,Radial measuring range,0 to 90°,https://www.gemu-group.com/en/products/measurement-and-control-technology/position-feedback-devices-and-valve-connections/4241,2026-06-09,Exact text from the official product-page technical details table.
4241,Supply voltages,8 V DC,https://www.gemu-group.com/en/products/measurement-and-control-technology/position-feedback-devices-and-valve-connections/4241,2026-06-09,Exact text from the official product-page technical details table.
4241,Switch types,2-wire proximity switch (NAMUR),https://www.gemu-group.com/en/products/measurement-and-control-technology/position-feedback-devices-and-valve-connections/4241,2026-06-09,Exact text from the official product-page technical details table.
4242,Ambient temperature,0 to 60 °C,https://www.gemu-group.com/en/products/measurement-and-control-technology/position-feedback-devices-and-valve-connections/4242,2026-06-09,Exact text from the official product-page technical details table.
4242,Communication modes,ASi-5 AS-Interface DeviceNet IO-Link,https://www.gemu-group.com/en/products/measurement-and-control-technology/position-feedback-devices-and-valve-connections/4242,2026-06-09,Exact text from the official product-page technical details table.
4242,Conformities,ATEX ETL Listed C US FCC FMEDA IECEx UL listed,https://www.gemu-group.com/en/products/measurement-and-control-technology/position-feedback-devices-and-valve-connections/4242,2026-06-09,Exact text from the official product-page technical details table.
4242,Electrical connection types,M12 plug,https://www.gemu-group.com/en/products/measurement-and-control-technology/position-feedback-devices-and-valve-connections/4242,2026-06-09,Exact text from the official product-page technical details table.
4242,Flow rate,14 Nl/min 145 Nl/min 23 Nl/min 250 Nl/min,https://www.gemu-group.com/en/products/measurement-and-control-technology/position-feedback-devices-and-valve-connections/4242,2026-06-09,Exact text from the official product-page technical details table.
4242,Linear measuring range,2 to 75 mm,https://www.gemu-group.com/en/products/measurement-and-control-technology/position-feedback-devices-and-valve-connections/4242,2026-06-09,Exact text from the official product-page technical details table.
4242,Mode of action,Double acting Single acting,https://www.gemu-group.com/en/products/measurement-and-control-technology/position-feedback-devices-and-valve-connections/4242,2026-06-09,Exact text from the official product-page technical details table.
4242,Protection class,"IP 65, IP 67",https://www.gemu-group.com/en/products/measurement-and-control-technology/position-feedback-devices-and-valve-connections/4242,2026-06-09,Exact text from the official product-page technical details table.
4242,Supply voltage,24 V DC or as per fieldbus specification,https://www.gemu-group.com/en/products/measurement-and-control-technology/position-feedback-devices-and-valve-connections/4242,2026-06-09,Exact text from the official product-page technical details table.
428,90° operating time,4 Up to 100 s,https://www.gemu-group.com/en/products/valve-technology/butterfly-valves/428,2026-06-09,Exact text from the official product-page technical details table.
428,Ambient temperature,-10 to 60 °C,https://www.gemu-group.com/en/products/valve-technology/butterfly-valves/428,2026-06-09,Exact text from the official product-page technical details table.
428,Conformities,EAC FDA,https://www.gemu-group.com/en/products/valve-technology/butterfly-valves/428,2026-06-09,Exact text from the official product-page technical details table.
428,Connection standards,ASME DIN EN ISO SMS,https://www.gemu-group.com/en/products/valve-technology/butterfly-valves/428,2026-06-09,Exact text from the official product-page technical details table.
428,Connection types,Clamp Spigot thread,https://www.gemu-group.com/en/products/valve-technology/butterfly-valves/428,2026-06-09,Exact text from the official product-page technical details table.
428,Disc materials,"1.4408, investment casting material",https://www.gemu-group.com/en/products/valve-technology/butterfly-valves/428,2026-06-09,Exact text from the official product-page technical details table.
428,Housing materials,"1.4408, investment casting material",https://www.gemu-group.com/en/products/valve-technology/butterfly-valves/428,2026-06-09,Exact text from the official product-page technical details table.
428,Liner materials,EPDM FKM Silicone,https://www.gemu-group.com/en/products/valve-technology/butterfly-valves/428,2026-06-09,Exact text from the official product-page technical details table.
428,Media temperature,-20 to 160 °C,https://www.gemu-group.com/en/products/valve-technology/butterfly-valves/428,2026-06-09,Exact text from the official product-page technical details table.
428,Nominal sizes,DN 15 to 50,https://www.gemu-group.com/en/products/valve-technology/butterfly-valves/428,2026-06-09,Exact text from the official product-page technical details table.
428,Operating pressure,0 to 10 bar,https://www.gemu-group.com/en/products/valve-technology/butterfly-valves/428,2026-06-09,Exact text from the official product-page technical details table.
428,Protection class,"IP 65, 66, 67",https://www.gemu-group.com/en/products/valve-technology/butterfly-valves/428,2026-06-09,Exact text from the official product-page technical details table.
428,Supply voltage,"12 V AC, 50/60 Hz 12 V DC 24 V AC, 50/60 Hz 24 V DC",https://www.gemu-group.com/en/products/valve-technology/butterfly-valves/428,2026-06-09,Exact text from the official product-page technical details table.
44A0,Ambient temperature,-10 to 60 °C,https://www.gemu-group.com/en/products/measurement-and-control-technology/position-feedback-devices-and-valve-connections/44a0,2026-06-09,Exact text from the official product-page technical details table.
44A0,Communication modes,ASi-5 Bluetooth IO-Link,https://www.gemu-group.com/en/products/measurement-and-control-technology/position-feedback-devices-and-valve-connections/44a0,2026-06-09,Exact text from the official product-page technical details table.
44A0,Electrical connection types,M12 plug,https://www.gemu-group.com/en/products/measurement-and-control-technology/position-feedback-devices-and-valve-connections/44a0,2026-06-09,Exact text from the official product-page technical details table.
44A0,Mode of action,Single acting,https://www.gemu-group.com/en/products/measurement-and-control-technology/position-feedback-devices-and-valve-connections/44a0,2026-06-09,Exact text from the official product-page technical details table.
44A0,Operating pressure,"0,5 to 7 bar",https://www.gemu-group.com/en/products/measurement-and-control-technology/position-feedback-devices-and-valve-connections/44a0,2026-06-09,Exact text from the official product-page technical details table.
44A0,Protection class,IP 65,https://www.gemu-group.com/en/products/measurement-and-control-technology/position-feedback-devices-and-valve-connections/44a0,2026-06-09,Exact text from the official product-page technical details table.
44A0,Supply voltages,24 V DC or as per fieldbus specification,https://www.gemu-group.com/en/products/measurement-and-control-technology/position-feedback-devices-and-valve-connections/44a0,2026-06-09,Exact text from the official product-page technical details table.
490,Ambient temperature,-20 Up to 95 °C,https://www.gemu-group.com/en/products/valve-technology/butterfly-valves/490,2026-06-09,Exact text from the official product-page technical details table.
490,Body coating,Epoxy,https://www.gemu-group.com/en/products/valve-technology/butterfly-valves/490,2026-06-09,Exact text from the official product-page technical details table.
490,Body materials,"1.4404, block material EN-GJS-400-18-LT (GGG 40.3) S355J2 + N, cast steel material VE Duroplast, reinforced",https://www.gemu-group.com/en/products/valve-technology/butterfly-valves/490,2026-06-09,Exact text from the official product-page technical details table.
490,Conformities,ATEX EAC FDA FMEDA TA Luft (German Clean Air Act),https://www.gemu-group.com/en/products/valve-technology/butterfly-valves/490,2026-06-09,Exact text from the official product-page technical details table.
490,Connection standards,AS ASME DIN EN ISO JIS,https://www.gemu-group.com/en/products/valve-technology/butterfly-valves/490,2026-06-09,Exact text from the official product-page technical details table.
490,Disc coating,PFA,https://www.gemu-group.com/en/products/valve-technology/butterfly-valves/490,2026-06-09,Exact text from the official product-page technical details table.
490,Disc materials,"1.4404 (316L), forged material 1.4469, Duplex cast steel material 2.4602 (alloy 22), block material 3.7035, titan",https://www.gemu-group.com/en/products/valve-technology/butterfly-valves/490,2026-06-09,Exact text from the official product-page technical details table.
490,Housing configurations,Lug Wafer,https://www.gemu-group.com/en/products/valve-technology/butterfly-valves/490,2026-06-09,Exact text from the official product-page technical details table.
490,Liner materials,PTFE/EPDM PTFE/FKM PTFE/silicone,https://www.gemu-group.com/en/products/valve-technology/butterfly-valves/490,2026-06-09,Exact text from the official product-page technical details table.
490,Media temperature,-20 to 200 °C,https://www.gemu-group.com/en/products/valve-technology/butterfly-valves/490,2026-06-09,Exact text from the official product-page technical details table.
490,Nominal sizes,DN 25 to 1200,https://www.gemu-group.com/en/products/valve-technology/butterfly-valves/490,2026-06-09,Exact text from the official product-page technical details table.
490,Operating pressure,0 Up to 10 bar,https://www.gemu-group.com/en/products/valve-technology/butterfly-valves/490,2026-06-09,Exact text from the official product-page technical details table.
491,Ambient temperature,-20 Up to 95 °C,https://www.gemu-group.com/en/products/valve-technology/butterfly-valves/491,2026-06-09,Exact text from the official product-page technical details table.
491,Body coating,Epoxy,https://www.gemu-group.com/en/products/valve-technology/butterfly-valves/491,2026-06-09,Exact text from the official product-page technical details table.
491,Body materials,"1.4404, block material EN-GJS-400-18-LT (GGG 40.3) S355J2 + N, cast steel material VE Duroplast, reinforced",https://www.gemu-group.com/en/products/valve-technology/butterfly-valves/491,2026-06-09,Exact text from the official product-page technical details table.
491,Conformities,ATEX EAC FDA FMEDA TA Luft (German Clean Air Act),https://www.gemu-group.com/en/products/valve-technology/butterfly-valves/491,2026-06-09,Exact text from the official product-page technical details table.
491,Connection standards,AS ASME DIN EN ISO JIS,https://www.gemu-group.com/en/products/valve-technology/butterfly-valves/491,2026-06-09,Exact text from the official product-page technical details table.
491,Disc coating,PFA,https://www.gemu-group.com/en/products/valve-technology/butterfly-valves/491,2026-06-09,Exact text from the official product-page technical details table.
491,Disc materials,"1.4404 (316L), forged material 1.4469, Duplex cast steel material 2.4602 (alloy 22), block material 3.7035, titan",https://www.gemu-group.com/en/products/valve-technology/butterfly-valves/491,2026-06-09,Exact text from the official product-page technical details table.
491,Housing configurations,Lug Wafer,https://www.gemu-group.com/en/products/valve-technology/butterfly-valves/491,2026-06-09,Exact text from the official product-page technical details table.
491,Liner materials,PTFE/EPDM PTFE/FKM PTFE/silicone,https://www.gemu-group.com/en/products/valve-technology/butterfly-valves/491,2026-06-09,Exact text from the official product-page technical details table.
491,Media temperature,-20 to 200 °C,https://www.gemu-group.com/en/products/valve-technology/butterfly-valves/491,2026-06-09,Exact text from the official product-page technical details table.
491,Nominal sizes,DN 25 to 600,https://www.gemu-group.com/en/products/valve-technology/butterfly-valves/491,2026-06-09,Exact text from the official product-page technical details table.
491,Operating pressure,0 Up to 10 bar,https://www.gemu-group.com/en/products/valve-technology/butterfly-valves/491,2026-06-09,Exact text from the official product-page technical details table.
498,90° operating time,4 Up to 100 s,https://www.gemu-group.com/en/products/valve-technology/butterfly-valves/498,2026-06-09,Exact text from the official product-page technical details table.
498,Ambient temperature,-20 to 95 °C,https://www.gemu-group.com/en/products/valve-technology/butterfly-valves/498,2026-06-09,Exact text from the official product-page technical details table.
498,Body coating,Epoxy,https://www.gemu-group.com/en/products/valve-technology/butterfly-valves/498,2026-06-09,Exact text from the official product-page technical details table.
498,Body materials,"1.4404, block material EN-GJS-400-18-LT (GGG 40.3) S355J2 + N, cast steel material VE Duroplast, reinforced",https://www.gemu-group.com/en/products/valve-technology/butterfly-valves/498,2026-06-09,Exact text from the official product-page technical details table.
498,Conformities,ATEX EAC FDA FMEDA TA Luft (German Clean Air Act),https://www.gemu-group.com/en/products/valve-technology/butterfly-valves/498,2026-06-09,Exact text from the official product-page technical details table.
498,Connection standards,AS ASME DIN EN ISO JIS,https://www.gemu-group.com/en/products/valve-technology/butterfly-valves/498,2026-06-09,Exact text from the official product-page technical details table.
498,Disc coating,PFA,https://www.gemu-group.com/en/products/valve-technology/butterfly-valves/498,2026-06-09,Exact text from the official product-page technical details table.
498,Disc materials,"1.4404 (316L), forged material 1.4469, Duplex cast steel material 2.4602 (alloy 22), block material 3.7035, titan",https://www.gemu-group.com/en/products/valve-technology/butterfly-valves/498,2026-06-09,Exact text from the official product-page technical details table.
498,Housing configurations,Lug Wafer,https://www.gemu-group.com/en/products/valve-technology/butterfly-valves/498,2026-06-09,Exact text from the official product-page technical details table.
498,Liner materials,PTFE TFM™/EPDM PTFE TFM™/FKM PTFE TFM™/silicone PTFE/EPDM PTFE/FKM PTFE/silicone,https://www.gemu-group.com/en/products/valve-technology/butterfly-valves/498,2026-06-09,Exact text from the official product-page technical details table.
498,Media temperature,-20 to 200 °C,https://www.gemu-group.com/en/products/valve-technology/butterfly-valves/498,2026-06-09,Exact text from the official product-page technical details table.
498,Nominal sizes,DN 25 to 1200,https://www.gemu-group.com/en/products/valve-technology/butterfly-valves/498,2026-06-09,Exact text from the official product-page technical details table.
498,Operating pressure,0 to 10 bar,https://www.gemu-group.com/en/products/valve-technology/butterfly-valves/498,2026-06-09,Exact text from the official product-page technical details table.
498,Protection class,"IP 65, 66, 67, 68",https://www.gemu-group.com/en/products/valve-technology/butterfly-valves/498,2026-06-09,Exact text from the official product-page technical details table.
498,Supply voltage,"24 - 240 V AC/DC 24 V AC, 50/60 Hz 24 V DC",https://www.gemu-group.com/en/products/valve-technology/butterfly-valves/498,2026-06-09,Exact text from the official product-page technical details table.
505,Ambient temperature,-10 to 60 °C,https://www.gemu-group.com/en/products/valve-technology/seat-valves/505,2026-06-09,Exact text from the official product-page technical details table.
505,Body configurations,Straight through body,https://www.gemu-group.com/en/products/valve-technology/seat-valves/505,2026-06-09,Exact text from the official product-page technical details table.
505,Body materials,"1.4435 (316L), block material 1.4435, investment casting material",https://www.gemu-group.com/en/products/valve-technology/seat-valves/505,2026-06-09,Exact text from the official product-page technical details table.
505,Conformities,ATEX CRN EAC FDA Reg. (EU) No. 10/2011 Regulation (EC) No. 1935/2004 Regulation (EC) No. 2023/2006 USP,https://www.gemu-group.com/en/products/valve-technology/seat-valves/505,2026-06-09,Exact text from the official product-page technical details table.
505,Connection standards,ASME DIN EN ISO,https://www.gemu-group.com/en/products/valve-technology/seat-valves/505,2026-06-09,Exact text from the official product-page technical details table.
505,Connection types,Clamp Spigot,https://www.gemu-group.com/en/products/valve-technology/seat-valves/505,2026-06-09,Exact text from the official product-page technical details table.
505,Media temperature,-10 to 185 °C,https://www.gemu-group.com/en/products/valve-technology/seat-valves/505,2026-06-09,Exact text from the official product-page technical details table.
505,Nominal sizes,DN 8 to 80,https://www.gemu-group.com/en/products/valve-technology/seat-valves/505,2026-06-09,Exact text from the official product-page technical details table.
505,Operating pressure,0 to 10 bar,https://www.gemu-group.com/en/products/valve-technology/seat-valves/505,2026-06-09,Exact text from the official product-page technical details table.
505,Seat seal materials,PTFE,https://www.gemu-group.com/en/products/valve-technology/seat-valves/505,2026-06-09,Exact text from the official product-page technical details table.
507,Ambient temperature,-10 to 60 °C,https://www.gemu-group.com/en/products/valve-technology/seat-valves/507,2026-06-09,Exact text from the official product-page technical details table.
507,Body configurations,Angle valve body Straight through body,https://www.gemu-group.com/en/products/valve-technology/seat-valves/507,2026-06-09,Exact text from the official product-page technical details table.
507,Body materials,"(316L), forging material 1.4408, investment casting material 1.4435, investment casting material",https://www.gemu-group.com/en/products/valve-technology/seat-valves/507,2026-06-09,Exact text from the official product-page technical details table.
507,Conformities,ATEX CRN EAC FDA Oxygen Reg. (EU) No. 10/2011 Regulation (EC) No. 1935/2004 Regulation (EC) No. 2023/2006 RoHS TA Luft (German Clean Air Act) USP,https://www.gemu-group.com/en/products/valve-technology/seat-valves/507,2026-06-09,Exact text from the official product-page technical details table.
507,Connection standards,ANSI ASME BS DIN EN ISO JIS NPT SMS,https://www.gemu-group.com/en/products/valve-technology/seat-valves/507,2026-06-09,Exact text from the official product-page technical details table.
507,Connection types,Clamp Flange Spigot thread,https://www.gemu-group.com/en/products/valve-technology/seat-valves/507,2026-06-09,Exact text from the official product-page technical details table.
507,Media temperature,-10 to 210 °C,https://www.gemu-group.com/en/products/valve-technology/seat-valves/507,2026-06-09,Exact text from the official product-page technical details table.
507,Nominal sizes,DN 6 to 80,https://www.gemu-group.com/en/products/valve-technology/seat-valves/507,2026-06-09,Exact text from the official product-page technical details table.
507,Operating pressure,0 to 25 bar,https://www.gemu-group.com/en/products/valve-technology/seat-valves/507,2026-06-09,Exact text from the official product-page technical details table.
507,Seat seal materials,"1.4404 PTFE PTFE, reinforced",https://www.gemu-group.com/en/products/valve-technology/seat-valves/507,2026-06-09,Exact text from the official product-page technical details table.
514,Ambient temperature,-10 to 60 °C,https://www.gemu-group.com/en/products/valve-technology/seat-valves/514,2026-06-09,Exact text from the official product-page technical details table.
514,Body configurations,Angle valve body Straight through body,https://www.gemu-group.com/en/products/valve-technology/seat-valves/514,2026-06-09,Exact text from the official product-page technical details table.
514,Body materials,"1.4408, investment casting material 1.4435, investment casting material",https://www.gemu-group.com/en/products/valve-technology/seat-valves/514,2026-06-09,Exact text from the official product-page technical details table.
514,Conformities,CRN EAC FDA FMEDA Oxygen Reg. (EU) No. 10/2011 Regulation (EC) No. 1935/2004 RoHS TA Luft (German Clean Air Act),https://www.gemu-group.com/en/products/valve-technology/seat-valves/514,2026-06-09,Exact text from the official product-page technical details table.
514,Connection standards,ANSI ASME BS DIN EN ISO JIS NPT SMS,https://www.gemu-group.com/en/products/valve-technology/seat-valves/514,2026-06-09,Exact text from the official product-page technical details table.
514,Connection types,Flange Spigot thread,https://www.gemu-group.com/en/products/valve-technology/seat-valves/514,2026-06-09,Exact text from the official product-page technical details table.
514,Media temperature,-10 to 210 °C,https://www.gemu-group.com/en/products/valve-technology/seat-valves/514,2026-06-09,Exact text from the official product-page technical details table.
514,Nominal sizes,DN 8 to 80,https://www.gemu-group.com/en/products/valve-technology/seat-valves/514,2026-06-09,Exact text from the official product-page technical details table.
514,Operating pressure,0 to 25 bar,https://www.gemu-group.com/en/products/valve-technology/seat-valves/514,2026-06-09,Exact text from the official product-page technical details table.
514,Seat seal materials,"1.4404 PTFE PTFE, reinforced",https://www.gemu-group.com/en/products/valve-technology/seat-valves/514,2026-06-09,Exact text from the official product-page technical details table.
514Z,Ambient temperature,0 to 130 °C,https://www.gemu-group.com/en/products/valve-technology/seat-valves/514z,2026-06-09,Exact text from the official product-page technical details table.
514Z,Body configurations,Angle valve body Straight through body,https://www.gemu-group.com/en/products/valve-technology/seat-valves/514z,2026-06-09,Exact text from the official product-page technical details table.
514Z,Body materials,"1.4408, cast stainless steel material 1.4435, investment casting material CC499K, cast bronze material",https://www.gemu-group.com/en/products/valve-technology/seat-valves/514z,2026-06-09,Exact text from the official product-page technical details table.
514Z,Conformities,CRN EAC FDA,https://www.gemu-group.com/en/products/valve-technology/seat-valves/514z,2026-06-09,Exact text from the official product-page technical details table.
514Z,Connection standards,ASME DIN EN ISO SMS,https://www.gemu-group.com/en/products/valve-technology/seat-valves/514z,2026-06-09,Exact text from the official product-page technical details table.
514Z,Connection types,Flange Spigot thread,https://www.gemu-group.com/en/products/valve-technology/seat-valves/514z,2026-06-09,Exact text from the official product-page technical details table.
514Z,Media temperature,-10 to 210 °C,https://www.gemu-group.com/en/products/valve-technology/seat-valves/514z,2026-06-09,Exact text from the official product-page technical details table.
514Z,Nominal sizes,DN 15 to 80,https://www.gemu-group.com/en/products/valve-technology/seat-valves/514z,2026-06-09,Exact text from the official product-page technical details table.
514Z,Operating pressure,0 to 25 bar,https://www.gemu-group.com/en/products/valve-technology/seat-valves/514z,2026-06-09,Exact text from the official product-page technical details table.
514Z,Seat seal materials,"1.4404 PTFE PTFE, reinforced",https://www.gemu-group.com/en/products/valve-technology/seat-valves/514z,2026-06-09,Exact text from the official product-page technical details table.
519,Actuating speed,max. 3 mm/s,https://www.gemu-group.com/en/products/valve-technology/seat-valves/519,2026-06-09,Exact text from the official product-page technical details table.
519,Ambient temperature,-10 Up to 60 °C,https://www.gemu-group.com/en/products/valve-technology/seat-valves/519,2026-06-09,Exact text from the official product-page technical details table.
519,Body configurations,Straight through body,https://www.gemu-group.com/en/products/valve-technology/seat-valves/519,2026-06-09,Exact text from the official product-page technical details table.
519,Body materials,"1.4408, investment casting material EN-GJS-400-18-LT (GGG 40.3)",https://www.gemu-group.com/en/products/valve-technology/seat-valves/519,2026-06-09,Exact text from the official product-page technical details table.
519,Conformities,FDA Regulation (EC) No. 1935/2004 TA Luft (German Clean Air Act),https://www.gemu-group.com/en/products/valve-technology/seat-valves/519,2026-06-09,Exact text from the official product-page technical details table.
519,Connection standards,ANSI EN JIS,https://www.gemu-group.com/en/products/valve-technology/seat-valves/519,2026-06-09,Exact text from the official product-page technical details table.
519,Connection types,Flange,https://www.gemu-group.com/en/products/valve-technology/seat-valves/519,2026-06-09,Exact text from the official product-page technical details table.
519,Media temperature,-10 to 180 °C,https://www.gemu-group.com/en/products/valve-technology/seat-valves/519,2026-06-09,Exact text from the official product-page technical details table.
519,Nominal sizes,DN 15 to 50,https://www.gemu-group.com/en/products/valve-technology/seat-valves/519,2026-06-09,Exact text from the official product-page technical details table.
519,Operating pressure,0 Up to 40 bar,https://www.gemu-group.com/en/products/valve-technology/seat-valves/519,2026-06-09,Exact text from the official product-page technical details table.
519,Protection class,IP65,https://www.gemu-group.com/en/products/valve-technology/seat-valves/519,2026-06-09,Exact text from the official product-page technical details table.
519,Seat seal materials,"1.4404 PTFE PTFE, reinforced",https://www.gemu-group.com/en/products/valve-technology/seat-valves/519,2026-06-09,Exact text from the official product-page technical details table.
519,Supply voltage,24 V DC,https://www.gemu-group.com/en/products/valve-technology/seat-valves/519,2026-06-09,Exact text from the official product-page technical details table.
530,Ambient temperature,-20 to 60 °C,https://www.gemu-group.com/en/products/valve-technology/seat-valves/530,2026-06-09,Exact text from the official product-page technical details table.
530,Body configurations,Straight through body,https://www.gemu-group.com/en/products/valve-technology/seat-valves/530,2026-06-09,Exact text from the official product-page technical details table.
530,Body materials,"1.4408, investment casting material EN-GJS-400-18-LT (GGG 40.3)",https://www.gemu-group.com/en/products/valve-technology/seat-valves/530,2026-06-09,Exact text from the official product-page technical details table.
530,Conformities,ATEX CRN EAC FDA FMEDA Oxygen Reg. (EU) No. 10/2011 Regulation (EC) No. 1935/2004 RoHS TA Luft (German Clean Air Act),https://www.gemu-group.com/en/products/valve-technology/seat-valves/530,2026-06-09,Exact text from the official product-page technical details table.
530,Connection standards,ANSI ASME EN ISO JIS,https://www.gemu-group.com/en/products/valve-technology/seat-valves/530,2026-06-09,Exact text from the official product-page technical details table.
530,Connection types,Flange,https://www.gemu-group.com/en/products/valve-technology/seat-valves/530,2026-06-09,Exact text from the official product-page technical details table.
530,Media temperature,-40 to 210 °C,https://www.gemu-group.com/en/products/valve-technology/seat-valves/530,2026-06-09,Exact text from the official product-page technical details table.
530,Nominal sizes,DN 15 to 100,https://www.gemu-group.com/en/products/valve-technology/seat-valves/530,2026-06-09,Exact text from the official product-page technical details table.
530,Operating pressure,0 to 40 bar,https://www.gemu-group.com/en/products/valve-technology/seat-valves/530,2026-06-09,Exact text from the official product-page technical details table.
530,Seat seal materials,"1.4404 PTFE PTFE, reinforced",https://www.gemu-group.com/en/products/valve-technology/seat-valves/530,2026-06-09,Exact text from the official product-page technical details table.
534,Ambient temperature,0 to 60 °C,https://www.gemu-group.com/en/products/valve-technology/seat-valves/534,2026-06-09,Exact text from the official product-page technical details table.
534,Body configurations,Straight through body,https://www.gemu-group.com/en/products/valve-technology/seat-valves/534,2026-06-09,Exact text from the official product-page technical details table.
534,Body materials,"1.4408, cast stainless steel material EN-GJS-400-18-LT (GGG 40.3)",https://www.gemu-group.com/en/products/valve-technology/seat-valves/534,2026-06-09,Exact text from the official product-page technical details table.
534,Conformities,ATEX CRN EAC FDA FMEDA Oxygen Reg. (EU) No. 10/2011 Regulation (EC) No. 1935/2004 RoHS TA Luft (German Clean Air Act),https://www.gemu-group.com/en/products/valve-technology/seat-valves/534,2026-06-09,Exact text from the official product-page technical details table.
534,Connection standards,ANSI ASME EN ISO JIS,https://www.gemu-group.com/en/products/valve-technology/seat-valves/534,2026-06-09,Exact text from the official product-page technical details table.
534,Connection types,Flange,https://www.gemu-group.com/en/products/valve-technology/seat-valves/534,2026-06-09,Exact text from the official product-page technical details table.
534,Media temperature,-10 to 180 °C,https://www.gemu-group.com/en/products/valve-technology/seat-valves/534,2026-06-09,Exact text from the official product-page technical details table.
534,Nominal sizes,DN 15 to 100,https://www.gemu-group.com/en/products/valve-technology/seat-valves/534,2026-06-09,Exact text from the official product-page technical details table.
534,Operating pressure,0 to 40 bar,https://www.gemu-group.com/en/products/valve-technology/seat-valves/534,2026-06-09,Exact text from the official product-page technical details table.
534,Seat seal materials,"1.4404 PTFE PTFE, reinforced",https://www.gemu-group.com/en/products/valve-technology/seat-valves/534,2026-06-09,Exact text from the official product-page technical details table.
536,Ambient temperature,-10 to 60 °C,https://www.gemu-group.com/en/products/valve-technology/seat-valves/536,2026-06-09,Exact text from the official product-page technical details table.
536,Body configurations,Straight through body,https://www.gemu-group.com/en/products/valve-technology/seat-valves/536,2026-06-09,Exact text from the official product-page technical details table.
536,Body materials,"1.4408, investment casting material EN-GJS-400-18-LT (GGG 40.3)",https://www.gemu-group.com/en/products/valve-technology/seat-valves/536,2026-06-09,Exact text from the official product-page technical details table.
536,Conformities,ATEX CRN EAC Oxygen RoHS,https://www.gemu-group.com/en/products/valve-technology/seat-valves/536,2026-06-09,Exact text from the official product-page technical details table.
536,Connection standards,ANSI EN ISO,https://www.gemu-group.com/en/products/valve-technology/seat-valves/536,2026-06-09,Exact text from the official product-page technical details table.
536,Connection types,Flange,https://www.gemu-group.com/en/products/valve-technology/seat-valves/536,2026-06-09,Exact text from the official product-page technical details table.
536,Media temperature,-10 to 210 °C,https://www.gemu-group.com/en/products/valve-technology/seat-valves/536,2026-06-09,Exact text from the official product-page technical details table.
536,Nominal sizes,DN 32 to 150,https://www.gemu-group.com/en/products/valve-technology/seat-valves/536,2026-06-09,Exact text from the official product-page technical details table.
536,Operating pressure,0 to 40 bar,https://www.gemu-group.com/en/products/valve-technology/seat-valves/536,2026-06-09,Exact text from the official product-page technical details table.
536,Seat seal materials,"PTFE PTFE, reinforced",https://www.gemu-group.com/en/products/valve-technology/seat-valves/536,2026-06-09,Exact text from the official product-page technical details table.
537,Ambient temperature,-10 to 60 °C,https://www.gemu-group.com/en/products/valve-technology/seat-valves/537,2026-06-09,Exact text from the official product-page technical details table.
537,Body configurations,Straight through body,https://www.gemu-group.com/en/products/valve-technology/seat-valves/537,2026-06-09,Exact text from the official product-page technical details table.
537,Body materials,"1.4408, investment casting material EN-GJS-400-18-LT (GGG 40.3)",https://www.gemu-group.com/en/products/valve-technology/seat-valves/537,2026-06-09,Exact text from the official product-page technical details table.
537,Conformities,ATEX CRN EAC FDA Oxygen Reg. (EU) No. 10/2011 Regulation (EC) No. 1935/2004 Regulation (EC) No. 2023/2006 RoHS TA Luft (German Clean Air Act) USP,https://www.gemu-group.com/en/products/valve-technology/seat-valves/537,2026-06-09,Exact text from the official product-page technical details table.
537,Connection standards,ANSI ASME EN ISO JIS,https://www.gemu-group.com/en/products/valve-technology/seat-valves/537,2026-06-09,Exact text from the official product-page technical details table.
537,Connection types,Flange,https://www.gemu-group.com/en/products/valve-technology/seat-valves/537,2026-06-09,Exact text from the official product-page technical details table.
537,Media temperature,-10 to 210 °C,https://www.gemu-group.com/en/products/valve-technology/seat-valves/537,2026-06-09,Exact text from the official product-page technical details table.
537,Nominal sizes,DN 15 to 50,https://www.gemu-group.com/en/products/valve-technology/seat-valves/537,2026-06-09,Exact text from the official product-page technical details table.
537,Operating pressure,0 to 40 bar,https://www.gemu-group.com/en/products/valve-technology/seat-valves/537,2026-06-09,Exact text from the official product-page technical details table.
537,Seat seal materials,"PTFE PTFE, reinforced",https://www.gemu-group.com/en/products/valve-technology/seat-valves/537,2026-06-09,Exact text from the official product-page technical details table.
539,Actuating speed,max. 6 mm/s,https://www.gemu-group.com/en/products/valve-technology/seat-valves/539,2026-06-09,Exact text from the official product-page technical details table.
539,Ambient temperature,-10 Up to 60 °C,https://www.gemu-group.com/en/products/valve-technology/seat-valves/539,2026-06-09,Exact text from the official product-page technical details table.
539,Body configurations,Straight through body,https://www.gemu-group.com/en/products/valve-technology/seat-valves/539,2026-06-09,Exact text from the official product-page technical details table.
539,Body materials,"1.4408, investment casting material EN-GJS-400-18-LT (GGG 40.3)",https://www.gemu-group.com/en/products/valve-technology/seat-valves/539,2026-06-09,Exact text from the official product-page technical details table.
539,Conformities,EAC FDA Oxygen Reg. (EU) No. 10/2011 Regulation (EC) No. 1935/2004 TA Luft (German Clean Air Act),https://www.gemu-group.com/en/products/valve-technology/seat-valves/539,2026-06-09,Exact text from the official product-page technical details table.
539,Connection standards,ANSI ASME EN ISO JIS,https://www.gemu-group.com/en/products/valve-technology/seat-valves/539,2026-06-09,Exact text from the official product-page technical details table.
539,Connection types,Flange,https://www.gemu-group.com/en/products/valve-technology/seat-valves/539,2026-06-09,Exact text from the official product-page technical details table.
539,Media temperature,-40 to 250 °C,https://www.gemu-group.com/en/products/valve-technology/seat-valves/539,2026-06-09,Exact text from the official product-page technical details table.
539,Nominal sizes,DN 15 to 100,https://www.gemu-group.com/en/products/valve-technology/seat-valves/539,2026-06-09,Exact text from the official product-page technical details table.
539,Operating pressure,0 Up to 40 bar,https://www.gemu-group.com/en/products/valve-technology/seat-valves/539,2026-06-09,Exact text from the official product-page technical details table.
539,Protection class,IP 65,https://www.gemu-group.com/en/products/valve-technology/seat-valves/539,2026-06-09,Exact text from the official product-page technical details table.
539,Seat seal materials,"1.4404 PTFE PTFE, reinforced",https://www.gemu-group.com/en/products/valve-technology/seat-valves/539,2026-06-09,Exact text from the official product-page technical details table.
539,Supply voltage,24 V DC,https://www.gemu-group.com/en/products/valve-technology/seat-valves/539,2026-06-09,Exact text from the official product-page technical details table.
550,Ambient temperature,-20 to 60 °C,https://www.gemu-group.com/en/products/valve-technology/seat-valves/550,2026-06-09,Exact text from the official product-page technical details table.
550,Body configurations,Angle valve body Straight through body,https://www.gemu-group.com/en/products/valve-technology/seat-valves/550,2026-06-09,Exact text from the official product-page technical details table.
550,Body materials,"1.4408, investment casting material 1.4435, investment casting material",https://www.gemu-group.com/en/products/valve-technology/seat-valves/550,2026-06-09,Exact text from the official product-page technical details table.
550,Conformities,ATEX CRN EAC FDA FMEDA Oxygen Reg. (EU) No. 10/2011 Regulation (EC) No. 1935/2004 Regulation (EC) No. 2023/2006 RoHS TA Luft (German Clean Air Act) USP,https://www.gemu-group.com/en/products/valve-technology/seat-valves/550,2026-06-09,Exact text from the official product-page technical details table.
550,Connection standards,ANSI ASME BS DIN EN ISO NPT SMS,https://www.gemu-group.com/en/products/valve-technology/seat-valves/550,2026-06-09,Exact text from the official product-page technical details table.
550,Connection types,Clamp Flange Spigot thread,https://www.gemu-group.com/en/products/valve-technology/seat-valves/550,2026-06-09,Exact text from the official product-page technical details table.
550,Media temperature,-40 to 210 °C,https://www.gemu-group.com/en/products/valve-technology/seat-valves/550,2026-06-09,Exact text from the official product-page technical details table.
550,Nominal sizes,DN 6 to 80,https://www.gemu-group.com/en/products/valve-technology/seat-valves/550,2026-06-09,Exact text from the official product-page technical details table.
550,Operating pressure,0 to 25 bar,https://www.gemu-group.com/en/products/valve-technology/seat-valves/550,2026-06-09,Exact text from the official product-page technical details table.
550,Seat seal materials,"1.4404 PTFE PTFE, reinforced",https://www.gemu-group.com/en/products/valve-technology/seat-valves/550,2026-06-09,Exact text from the official product-page technical details table.
553,Ambient temperature,0 to 60 °C,https://www.gemu-group.com/en/products/valve-technology/seat-valves/553,2026-06-09,Exact text from the official product-page technical details table.
553,Body configurations,Multi-port body,https://www.gemu-group.com/en/products/valve-technology/seat-valves/553,2026-06-09,Exact text from the official product-page technical details table.
553,Body materials,"1.4408, investment casting material",https://www.gemu-group.com/en/products/valve-technology/seat-valves/553,2026-06-09,Exact text from the official product-page technical details table.
553,Conformities,FDA Reg. (EU) No. 10/2011 Regulation (EC) No. 1935/2004 RoHS,https://www.gemu-group.com/en/products/valve-technology/seat-valves/553,2026-06-09,Exact text from the official product-page technical details table.
553,Connection standards,DIN ISO NPT,https://www.gemu-group.com/en/products/valve-technology/seat-valves/553,2026-06-09,Exact text from the official product-page technical details table.
553,Connection types,thread,https://www.gemu-group.com/en/products/valve-technology/seat-valves/553,2026-06-09,Exact text from the official product-page technical details table.
553,Media temperature,-10 to 180 °C,https://www.gemu-group.com/en/products/valve-technology/seat-valves/553,2026-06-09,Exact text from the official product-page technical details table.
553,Nominal sizes,DN 15 to 20,https://www.gemu-group.com/en/products/valve-technology/seat-valves/553,2026-06-09,Exact text from the official product-page technical details table.
553,Operating pressure,0 to 25 bar,https://www.gemu-group.com/en/products/valve-technology/seat-valves/553,2026-06-09,Exact text from the official product-page technical details table.
553,Seat seal materials,PTFE,https://www.gemu-group.com/en/products/valve-technology/seat-valves/553,2026-06-09,Exact text from the official product-page technical details table.
554,Ambient temperature,0 to 60 °C,https://www.gemu-group.com/en/products/valve-technology/seat-valves/554,2026-06-09,Exact text from the official product-page technical details table.
554,Body configurations,Angle valve body Straight through body,https://www.gemu-group.com/en/products/valve-technology/seat-valves/554,2026-06-09,Exact text from the official product-page technical details table.
554,Body materials,"1.4408, investment casting material 1.4435, investment casting material",https://www.gemu-group.com/en/products/valve-technology/seat-valves/554,2026-06-09,Exact text from the official product-page technical details table.
554,Conformities,ATEX CRN EAC FDA FMEDA Oxygen Reg. (EU) No. 10/2011 Regulation (EC) No. 1935/2004 RoHS TA Luft (German Clean Air Act) USP,https://www.gemu-group.com/en/products/valve-technology/seat-valves/554,2026-06-09,Exact text from the official product-page technical details table.
554,Connection standards,ANSI ASME BS DIN EN ISO JIS NPT SMS,https://www.gemu-group.com/en/products/valve-technology/seat-valves/554,2026-06-09,Exact text from the official product-page technical details table.
554,Connection types,Clamp Flange Spigot thread,https://www.gemu-group.com/en/products/valve-technology/seat-valves/554,2026-06-09,Exact text from the official product-page technical details table.
554,Media temperature,-10 to 180 °C,https://www.gemu-group.com/en/products/valve-technology/seat-valves/554,2026-06-09,Exact text from the official product-page technical details table.
554,Nominal sizes,DN 6 to 80,https://www.gemu-group.com/en/products/valve-technology/seat-valves/554,2026-06-09,Exact text from the official product-page technical details table.
554,Operating pressure,0 to 25 bar,https://www.gemu-group.com/en/products/valve-technology/seat-valves/554,2026-06-09,Exact text from the official product-page technical details table.
554,Seat seal materials,"1.4404 PTFE PTFE, reinforced",https://www.gemu-group.com/en/products/valve-technology/seat-valves/554,2026-06-09,Exact text from the official product-page technical details table.
555,Ambient temperature,-10 to 60 °C,https://www.gemu-group.com/en/products/valve-technology/seat-valves/555,2026-06-09,Exact text from the official product-page technical details table.
555,Body configurations,Straight through body,https://www.gemu-group.com/en/products/valve-technology/seat-valves/555,2026-06-09,Exact text from the official product-page technical details table.
555,Body materials,"1.4435 (316L), block material 1.4435, investment casting material",https://www.gemu-group.com/en/products/valve-technology/seat-valves/555,2026-06-09,Exact text from the official product-page technical details table.
555,Conformities,ATEX CRN EAC FDA FMEDA Oxygen Reg. (EU) No. 10/2011 Regulation (EC) No. 1935/2004 Regulation (EC) No. 2023/2006 USP,https://www.gemu-group.com/en/products/valve-technology/seat-valves/555,2026-06-09,Exact text from the official product-page technical details table.
555,Connection standards,ASME DIN EN ISO,https://www.gemu-group.com/en/products/valve-technology/seat-valves/555,2026-06-09,Exact text from the official product-page technical details table.
555,Connection types,Clamp Spigot,https://www.gemu-group.com/en/products/valve-technology/seat-valves/555,2026-06-09,Exact text from the official product-page technical details table.
555,Media temperature,-10 to 185 °C,https://www.gemu-group.com/en/products/valve-technology/seat-valves/555,2026-06-09,Exact text from the official product-page technical details table.
555,Nominal sizes,DN 8 to 80,https://www.gemu-group.com/en/products/valve-technology/seat-valves/555,2026-06-09,Exact text from the official product-page technical details table.
555,Operating pressure,0 to 10 bar,https://www.gemu-group.com/en/products/valve-technology/seat-valves/555,2026-06-09,Exact text from the official product-page technical details table.
555,Seat seal materials,PTFE,https://www.gemu-group.com/en/products/valve-technology/seat-valves/555,2026-06-09,Exact text from the official product-page technical details table.
560,Ambient temperature,-10 to 60 °C,https://www.gemu-group.com/en/products/valve-technology/pressure-control-valves-check-valves-and-strainers/560,2026-06-09,Exact text from the official product-page technical details table.
560,Body materials,"1.4408, investment casting material 1.4435 (BN2), forged material 1.4435, investment casting material",https://www.gemu-group.com/en/products/valve-technology/pressure-control-valves-check-valves-and-strainers/560,2026-06-09,Exact text from the official product-page technical details table.
560,Conformities,ATEX EAC FDA RoHS,https://www.gemu-group.com/en/products/valve-technology/pressure-control-valves-check-valves-and-strainers/560,2026-06-09,Exact text from the official product-page technical details table.
560,Connection standards,ANSI ASME DIN EN ISO SMS,https://www.gemu-group.com/en/products/valve-technology/pressure-control-valves-check-valves-and-strainers/560,2026-06-09,Exact text from the official product-page technical details table.
560,Connection types,Clamp Flange Spigot Threaded connection,https://www.gemu-group.com/en/products/valve-technology/pressure-control-valves-check-valves-and-strainers/560,2026-06-09,Exact text from the official product-page technical details table.
560,Media temperature,-10 to 180 °C,https://www.gemu-group.com/en/products/valve-technology/pressure-control-valves-check-valves-and-strainers/560,2026-06-09,Exact text from the official product-page technical details table.
560,Nominal sizes,DN 6 to 50,https://www.gemu-group.com/en/products/valve-technology/pressure-control-valves-check-valves-and-strainers/560,2026-06-09,Exact text from the official product-page technical details table.
560,Operating pressure,"0,2 to 25 bar",https://www.gemu-group.com/en/products/valve-technology/pressure-control-valves-check-valves-and-strainers/560,2026-06-09,Exact text from the official product-page technical details table.
560,Seal materials,PFA PTFE,https://www.gemu-group.com/en/products/valve-technology/pressure-control-valves-check-valves-and-strainers/560,2026-06-09,Exact text from the official product-page technical details table.
565,Ambient temperature,-15 to 55 °C,https://www.gemu-group.com/en/products/valve-technology/seat-valves/565,2026-06-09,Exact text from the official product-page technical details table.
565,Body configurations,Straight through body,https://www.gemu-group.com/en/products/valve-technology/seat-valves/565,2026-06-09,Exact text from the official product-page technical details table.
565,Body materials,PVC-U PVDF,https://www.gemu-group.com/en/products/valve-technology/seat-valves/565,2026-06-09,Exact text from the official product-page technical details table.
565,Conformities,EAC,https://www.gemu-group.com/en/products/valve-technology/seat-valves/565,2026-06-09,Exact text from the official product-page technical details table.
565,Connection standards,DIN,https://www.gemu-group.com/en/products/valve-technology/seat-valves/565,2026-06-09,Exact text from the official product-page technical details table.
565,Connection types,thread Union end,https://www.gemu-group.com/en/products/valve-technology/seat-valves/565,2026-06-09,Exact text from the official product-page technical details table.
565,Media temperature,-20 to 80 °C,https://www.gemu-group.com/en/products/valve-technology/seat-valves/565,2026-06-09,Exact text from the official product-page technical details table.
565,Nominal sizes,DN 3 to 15,https://www.gemu-group.com/en/products/valve-technology/seat-valves/565,2026-06-09,Exact text from the official product-page technical details table.
565,Operating pressure,0 to 6 bar,https://www.gemu-group.com/en/products/valve-technology/seat-valves/565,2026-06-09,Exact text from the official product-page technical details table.
565,Seat seal materials,EPDM FKM,https://www.gemu-group.com/en/products/valve-technology/seat-valves/565,2026-06-09,Exact text from the official product-page technical details table.
566,Actuating speed,max. 3 mm/s,https://www.gemu-group.com/en/products/valve-technology/seat-valves/566,2026-06-09,Exact text from the official product-page technical details table.
566,Ambient temperature,-15 to 60 °C,https://www.gemu-group.com/en/products/valve-technology/seat-valves/566,2026-06-09,Exact text from the official product-page technical details table.
566,Body configurations,Straight through body,https://www.gemu-group.com/en/products/valve-technology/seat-valves/566,2026-06-09,Exact text from the official product-page technical details table.
566,Body materials,ASTM A351 CF3M,https://www.gemu-group.com/en/products/valve-technology/seat-valves/566,2026-06-09,Exact text from the official product-page technical details table.
566,Conformities,EAC FDA RoHS,https://www.gemu-group.com/en/products/valve-technology/seat-valves/566,2026-06-09,Exact text from the official product-page technical details table.
566,Connection types,Clamp thread,https://www.gemu-group.com/en/products/valve-technology/seat-valves/566,2026-06-09,Exact text from the official product-page technical details table.
566,Media temperature,0 to 90 °C,https://www.gemu-group.com/en/products/valve-technology/seat-valves/566,2026-06-09,Exact text from the official product-page technical details table.
566,Nominal sizes,DN 8 to 20,https://www.gemu-group.com/en/products/valve-technology/seat-valves/566,2026-06-09,Exact text from the official product-page technical details table.
566,Operating pressure,0 to 6 bar,https://www.gemu-group.com/en/products/valve-technology/seat-valves/566,2026-06-09,Exact text from the official product-page technical details table.
566,Protection class,IP65,https://www.gemu-group.com/en/products/valve-technology/seat-valves/566,2026-06-09,Exact text from the official product-page technical details table.
566,Seat seal materials,EPDM,https://www.gemu-group.com/en/products/valve-technology/seat-valves/566,2026-06-09,Exact text from the official product-page technical details table.
566,Supply voltage,24 V DC,https://www.gemu-group.com/en/products/valve-technology/seat-valves/566,2026-06-09,Exact text from the official product-page technical details table.
567,Ambient temperature,-10 to 60 °C,https://www.gemu-group.com/en/products/valve-technology/diaphragm-seat-valves/567,2026-06-09,Exact text from the official product-page technical details table.
567,Body materials,"1.4435 (316L), block material",https://www.gemu-group.com/en/products/valve-technology/diaphragm-seat-valves/567,2026-06-09,Exact text from the official product-page technical details table.
567,Conformities,3A BSE/TSE EAC FDA Oxygen Reg. (EU) No. 10/2011 Regulation (EC) No. 1935/2004 Regulation (EC) No. 2023/2006 USP,https://www.gemu-group.com/en/products/valve-technology/diaphragm-seat-valves/567,2026-06-09,Exact text from the official product-page technical details table.
567,Media temperature,-10 to 160 °C,https://www.gemu-group.com/en/products/valve-technology/diaphragm-seat-valves/567,2026-06-09,Exact text from the official product-page technical details table.
567,Nominal sizes,DN 8 to 65,https://www.gemu-group.com/en/products/valve-technology/diaphragm-seat-valves/567,2026-06-09,Exact text from the official product-page technical details table.
567,Operating pressure,0 to 10 bar,https://www.gemu-group.com/en/products/valve-technology/diaphragm-seat-valves/567,2026-06-09,Exact text from the official product-page technical details table.
605,Ambient temperature,0 to 60 °C,https://www.gemu-group.com/en/products/valve-technology/diaphragm-valves/605,2026-06-09,Exact text from the official product-page technical details table.
605,Body configurations,Straight through body T body Tank valve body,https://www.gemu-group.com/en/products/valve-technology/diaphragm-valves/605,2026-06-09,Exact text from the official product-page technical details table.
605,Body materials,"(316L), forging material 1.4408, investment casting material 1.4435 (BN2), forged material 1.4435, investment casting material 1.4539 (904L), forged material",https://www.gemu-group.com/en/products/valve-technology/diaphragm-valves/605,2026-06-09,Exact text from the official product-page technical details table.
605,Conformities,3A BSE/TSE CRN EAC EHEDG FDA FMEDA Oxygen Reg. (EU) No. 10/2011 Regulation (EC) No. 1935/2004 Regulation (EC) No. 2023/2006 TA Luft (German Clean Air Act) USP,https://www.gemu-group.com/en/products/valve-technology/diaphragm-valves/605,2026-06-09,Exact text from the official product-page technical details table.
605,Connection standards,ANSI ASME BS DIN EN ISO JIS,https://www.gemu-group.com/en/products/valve-technology/diaphragm-valves/605,2026-06-09,Exact text from the official product-page technical details table.
605,Connection types,Clamp Spigot thread,https://www.gemu-group.com/en/products/valve-technology/diaphragm-valves/605,2026-06-09,Exact text from the official product-page technical details table.
605,Diaphragm materials,EPDM PTFE/EPDM PTFE/FKM,https://www.gemu-group.com/en/products/valve-technology/diaphragm-valves/605,2026-06-09,Exact text from the official product-page technical details table.
605,Media temperature,-10 to 100 °C,https://www.gemu-group.com/en/products/valve-technology/diaphragm-valves/605,2026-06-09,Exact text from the official product-page technical details table.
605,Nominal sizes,DN 4 to 15,https://www.gemu-group.com/en/products/valve-technology/diaphragm-valves/605,2026-06-09,Exact text from the official product-page technical details table.
605,Operating pressure,0 to 8 bar,https://www.gemu-group.com/en/products/valve-technology/diaphragm-valves/605,2026-06-09,Exact text from the official product-page technical details table.
605,Sterilization temperature,max. 150 °C,https://www.gemu-group.com/en/products/valve-technology/diaphragm-valves/605,2026-06-09,Exact text from the official product-page technical details table.
610,Ambient temperature,-10 to 50 °C,https://www.gemu-group.com/en/products/valve-technology/diaphragm-valves/610,2026-06-09,Exact text from the official product-page technical details table.
610,Body configurations,Straight through body,https://www.gemu-group.com/en/products/valve-technology/diaphragm-valves/610,2026-06-09,Exact text from the official product-page technical details table.
610,Body materials,"PP, reinforced PP-H, natural PVC-U, grey PVDF",https://www.gemu-group.com/en/products/valve-technology/diaphragm-valves/610,2026-06-09,Exact text from the official product-page technical details table.
610,Conformities,ACS EAC FDA FMEDA System 1+,https://www.gemu-group.com/en/products/valve-technology/diaphragm-valves/610,2026-06-09,Exact text from the official product-page technical details table.
610,Connection standards,BS DIN ISO,https://www.gemu-group.com/en/products/valve-technology/diaphragm-valves/610,2026-06-09,Exact text from the official product-page technical details table.
610,Connection types,Flare Solvent cement socket Spigot thread Union end,https://www.gemu-group.com/en/products/valve-technology/diaphragm-valves/610,2026-06-09,Exact text from the official product-page technical details table.
610,Diaphragm materials,EPDM FKM NBR PTFE/EPDM,https://www.gemu-group.com/en/products/valve-technology/diaphragm-valves/610,2026-06-09,Exact text from the official product-page technical details table.
610,Media temperature,-10 to 80 °C,https://www.gemu-group.com/en/products/valve-technology/diaphragm-valves/610,2026-06-09,Exact text from the official product-page technical details table.
610,Nominal sizes,DN 12 to 20,https://www.gemu-group.com/en/products/valve-technology/diaphragm-valves/610,2026-06-09,Exact text from the official product-page technical details table.
610,Operating pressure,0 to 6 bar,https://www.gemu-group.com/en/products/valve-technology/diaphragm-valves/610,2026-06-09,Exact text from the official product-page technical details table.
611,Ambient temperature,0 to 60 °C,https://www.gemu-group.com/en/products/valve-technology/diaphragm-valves/611,2026-06-09,Exact text from the official product-page technical details table.
611,Body configurations,Straight through body,https://www.gemu-group.com/en/products/valve-technology/diaphragm-valves/611,2026-06-09,Exact text from the official product-page technical details table.
611,Body materials,"(316L), forging material 1.4435, investment casting material CW617N, brass",https://www.gemu-group.com/en/products/valve-technology/diaphragm-valves/611,2026-06-09,Exact text from the official product-page technical details table.
611,Conformities,EAC FDA,https://www.gemu-group.com/en/products/valve-technology/diaphragm-valves/611,2026-06-09,Exact text from the official product-page technical details table.
611,Connection standards,ANSI ASME BS DIN EN ISO JIS,https://www.gemu-group.com/en/products/valve-technology/diaphragm-valves/611,2026-06-09,Exact text from the official product-page technical details table.
611,Connection types,Clamp Spigot thread,https://www.gemu-group.com/en/products/valve-technology/diaphragm-valves/611,2026-06-09,Exact text from the official product-page technical details table.
611,Diaphragm materials,EPDM FKM PTFE/EPDM,https://www.gemu-group.com/en/products/valve-technology/diaphragm-valves/611,2026-06-09,Exact text from the official product-page technical details table.
611,Media temperature,-10 to 80 °C,https://www.gemu-group.com/en/products/valve-technology/diaphragm-valves/611,2026-06-09,Exact text from the official product-page technical details table.
611,Nominal sizes,DN 10 to 20,https://www.gemu-group.com/en/products/valve-technology/diaphragm-valves/611,2026-06-09,Exact text from the official product-page technical details table.
611,Operating pressure,0 to 10 bar,https://www.gemu-group.com/en/products/valve-technology/diaphragm-valves/611,2026-06-09,Exact text from the official product-page technical details table.
611,Sterilization temperature,max. 150 °C,https://www.gemu-group.com/en/products/valve-technology/diaphragm-valves/611,2026-06-09,Exact text from the official product-page technical details table.
612,Ambient temperature,0 to 60 °C,https://www.gemu-group.com/en/products/valve-technology/diaphragm-valves/612,2026-06-09,Exact text from the official product-page technical details table.
612,Body configurations,Multi-port body Straight through body Tank valve body,https://www.gemu-group.com/en/products/valve-technology/diaphragm-valves/612,2026-06-09,Exact text from the official product-page technical details table.
612,Body materials,"(316L), forging material 1.4408, investment casting material 1.4435, investment casting material 1.4539 (904L), block material 1.4539 (904L), forged material",https://www.gemu-group.com/en/products/valve-technology/diaphragm-valves/612,2026-06-09,Exact text from the official product-page technical details table.
612,Conformities,3A Belgaqua CRN EAC FDA Oxygen Reg. (EU) No. 10/2011 Regulation (EC) No. 1935/2004 Regulation (EC) No. 2023/2006 TA Luft (German Clean Air Act),https://www.gemu-group.com/en/products/valve-technology/diaphragm-valves/612,2026-06-09,Exact text from the official product-page technical details table.
612,Connection standards,ANSI ASME BS DIN EN ISO JIS SMS,https://www.gemu-group.com/en/products/valve-technology/diaphragm-valves/612,2026-06-09,Exact text from the official product-page technical details table.
612,Connection types,Clamp Spigot thread,https://www.gemu-group.com/en/products/valve-technology/diaphragm-valves/612,2026-06-09,Exact text from the official product-page technical details table.
612,Diaphragm materials,EPDM FKM PTFE/EPDM,https://www.gemu-group.com/en/products/valve-technology/diaphragm-valves/612,2026-06-09,Exact text from the official product-page technical details table.
612,Media temperature,-10 to 100 °C,https://www.gemu-group.com/en/products/valve-technology/diaphragm-valves/612,2026-06-09,Exact text from the official product-page technical details table.
612,Nominal sizes,DN 10 to 20,https://www.gemu-group.com/en/products/valve-technology/diaphragm-valves/612,2026-06-09,Exact text from the official product-page technical details table.
612,Operating pressure,0 to 10 bar,https://www.gemu-group.com/en/products/valve-technology/diaphragm-valves/612,2026-06-09,Exact text from the official product-page technical details table.
612,Sterilization temperature,Max. 150 °C,https://www.gemu-group.com/en/products/valve-technology/diaphragm-valves/612,2026-06-09,Exact text from the official product-page technical details table.
615,Ambient temperature,0 to 60 °C,https://www.gemu-group.com/en/products/valve-technology/diaphragm-valves/615,2026-06-09,Exact text from the official product-page technical details table.
615,Body configurations,Straight through body,https://www.gemu-group.com/en/products/valve-technology/diaphragm-valves/615,2026-06-09,Exact text from the official product-page technical details table.
615,Body materials,"(316L), forging material 1.4408, investment casting material 1.4435 (BN2), forged material 1.4435, investment casting material 1.4539 (904L), forged material",https://www.gemu-group.com/en/products/valve-technology/diaphragm-valves/615,2026-06-09,Exact text from the official product-page technical details table.
615,Conformities,Belgaqua BSE/TSE EAC FDA FMEDA Oxygen Reg. (EU) No. 10/2011 Regulation (EC) No. 1935/2004 Regulation (EC) No. 2023/2006 TA Luft (German Clean Air Act) USP,https://www.gemu-group.com/en/products/valve-technology/diaphragm-valves/615,2026-06-09,Exact text from the official product-page technical details table.
615,Connection standards,ANSI ASME BS DIN EN JIS,https://www.gemu-group.com/en/products/valve-technology/diaphragm-valves/615,2026-06-09,Exact text from the official product-page technical details table.
615,Connection types,Clamp Spigot thread,https://www.gemu-group.com/en/products/valve-technology/diaphragm-valves/615,2026-06-09,Exact text from the official product-page technical details table.
615,Diaphragm materials,EPDM PTFE/EPDM PTFE/FKM,https://www.gemu-group.com/en/products/valve-technology/diaphragm-valves/615,2026-06-09,Exact text from the official product-page technical details table.
615,Media temperature,-10 to 80 °C,https://www.gemu-group.com/en/products/valve-technology/diaphragm-valves/615,2026-06-09,Exact text from the official product-page technical details table.
615,Nominal sizes,DN 10 to 20,https://www.gemu-group.com/en/products/valve-technology/diaphragm-valves/615,2026-06-09,Exact text from the official product-page technical details table.
615,Operating pressure,0 to 6 bar,https://www.gemu-group.com/en/products/valve-technology/diaphragm-valves/615,2026-06-09,Exact text from the official product-page technical details table.
616,Ambient temperature,0 to 60 °C,https://www.gemu-group.com/en/products/valve-technology/diaphragm-valves/616,2026-06-09,Exact text from the official product-page technical details table.
616,Body configurations,i-body Multi-port body Straight through body T body Tank valve body Welding configuration,https://www.gemu-group.com/en/products/valve-technology/diaphragm-valves/616,2026-06-09,Exact text from the official product-page technical details table.
616,Body materials,"(316L), forging material 1.4408, investment casting material 1.4435 (316L), investment casting material 1.4435 (BN2), forged material 1.4539 (904L), forged material",https://www.gemu-group.com/en/products/valve-technology/diaphragm-valves/616,2026-06-09,Exact text from the official product-page technical details table.
616,Conformities,Belgaqua BSE/TSE EAC FDA Reg. (EU) No. 10/2011 Regulation (EC) No. 1935/2004 Regulation (EC) No. 2023/2006 TA Luft (German Clean Air Act) USP,https://www.gemu-group.com/en/products/valve-technology/diaphragm-valves/616,2026-06-09,Exact text from the official product-page technical details table.
616,Connection standards,ANSI ASME BS DIN EN ISO JIS,https://www.gemu-group.com/en/products/valve-technology/diaphragm-valves/616,2026-06-09,Exact text from the official product-page technical details table.
616,Connection types,Clamp Spigot thread,https://www.gemu-group.com/en/products/valve-technology/diaphragm-valves/616,2026-06-09,Exact text from the official product-page technical details table.
616,Diaphragm materials,EPDM FKM PTFE/EPDM,https://www.gemu-group.com/en/products/valve-technology/diaphragm-valves/616,2026-06-09,Exact text from the official product-page technical details table.
616,Media temperature,-10 to 100 °C,https://www.gemu-group.com/en/products/valve-technology/diaphragm-valves/616,2026-06-09,Exact text from the official product-page technical details table.
616,Nominal sizes,DN 4 to 20,https://www.gemu-group.com/en/products/valve-technology/diaphragm-valves/616,2026-06-09,Exact text from the official product-page technical details table.
616,Operating pressure,0 to 10 bar,https://www.gemu-group.com/en/products/valve-technology/diaphragm-valves/616,2026-06-09,Exact text from the official product-page technical details table.
616,Sterilization temperature,max. 150 °C,https://www.gemu-group.com/en/products/valve-technology/diaphragm-valves/616,2026-06-09,Exact text from the official product-page technical details table.
620,Ambient temperature,-10 to 60 °C,https://www.gemu-group.com/en/products/valve-technology/diaphragm-valves/620,2026-06-09,Exact text from the official product-page technical details table.
620,Body configurations,2/2-way body,https://www.gemu-group.com/en/products/valve-technology/diaphragm-valves/620,2026-06-09,Exact text from the official product-page technical details table.
620,Body materials,"EN-GJL-250, cast iron material EN-GJS-400-18-LT (GGG 40.3), PFA lined EN-GJS-400-18-LT (GGG 40.3), PP lined EN-GJS-400-18-LT, hard rubber lined EN-GJS-400-18-LT, SG iron material EN-GJS-400-18-LT, SG iron material with butyl lining EN-GJS-400-18-LT, SG iron material with soft rubber lining EN-GJS-500-7, ductile iron material, PFA lined EN-GJS-500-7, ductile iron material, PP lined",https://www.gemu-group.com/en/products/valve-technology/diaphragm-valves/620,2026-06-09,Exact text from the official product-page technical details table.
620,Conformities,CRN EAC FDA TA Luft (German Clean Air Act),https://www.gemu-group.com/en/products/valve-technology/diaphragm-valves/620,2026-06-09,Exact text from the official product-page technical details table.
620,Connection standards,ANSI BS EN ISO,https://www.gemu-group.com/en/products/valve-technology/diaphragm-valves/620,2026-06-09,Exact text from the official product-page technical details table.
620,Connection types,Flange Threaded connection,https://www.gemu-group.com/en/products/valve-technology/diaphragm-valves/620,2026-06-09,Exact text from the official product-page technical details table.
620,Diaphragm materials,CR EPDM FKM NBR PTFE/EPDM PTFE/FKM PTFE/PVDF/EPDM,https://www.gemu-group.com/en/products/valve-technology/diaphragm-valves/620,2026-06-09,Exact text from the official product-page technical details table.
620,Media temperature,0 to 100 °C,https://www.gemu-group.com/en/products/valve-technology/diaphragm-valves/620,2026-06-09,Exact text from the official product-page technical details table.
620,Nominal sizes,DN 15 to 150,https://www.gemu-group.com/en/products/valve-technology/diaphragm-valves/620,2026-06-09,Exact text from the official product-page technical details table.
620,Operating pressure,0 to 10 bar,https://www.gemu-group.com/en/products/valve-technology/diaphragm-valves/620,2026-06-09,Exact text from the official product-page technical details table.
629,Actuating speed,max. 3 mm/s,https://www.gemu-group.com/en/products/valve-technology/diaphragm-valves/629,2026-06-09,Exact text from the official product-page technical details table.
629,Ambient temperature,-10 Up to 60 °C,https://www.gemu-group.com/en/products/valve-technology/diaphragm-valves/629,2026-06-09,Exact text from the official product-page technical details table.
629,Body configurations,i-body Multi-port body Straight through body T body Tank valve body Welding configuration,https://www.gemu-group.com/en/products/valve-technology/diaphragm-valves/629,2026-06-09,Exact text from the official product-page technical details table.
629,Body lining,Hard rubber PFA PP,https://www.gemu-group.com/en/products/valve-technology/diaphragm-valves/629,2026-06-09,Exact text from the official product-page technical details table.
629,Body materials,"(316L), forging material 1.4408, investment casting material 1.4408, investment casting material, PFA lined 1.4435 (BN2), forged material 1.4435, investment casting material 1.4539 (904L), forged material CW614N, brass CW617N, brass EN-GJS-400-18-LT (GGG 40.3) EN-GJS-400-18-LT, SG iron material with hard rubber lining EN-GJS-400-18-LT, SG iron material, PFA lined EN-GJS-400-18-LT, SG iron material, PP lined",https://www.gemu-group.com/en/products/valve-technology/diaphragm-valves/629,2026-06-09,Exact text from the official product-page technical details table.
629,Conformities,Belgaqua EAC EHEDG FDA Reg. (EU) No. 10/2011 Regulation (EC) No. 1935/2004 Regulation (EC) No. 2023/2006,https://www.gemu-group.com/en/products/valve-technology/diaphragm-valves/629,2026-06-09,Exact text from the official product-page technical details table.
629,Connection standards,ANSI ASME BS DIN EN ISO JIS SMS,https://www.gemu-group.com/en/products/valve-technology/diaphragm-valves/629,2026-06-09,Exact text from the official product-page technical details table.
629,Connection types,Clamp Flange Spigot thread,https://www.gemu-group.com/en/products/valve-technology/diaphragm-valves/629,2026-06-09,Exact text from the official product-page technical details table.
629,Diaphragm materials,CR EPDM FKM NBR PTFE/EPDM,https://www.gemu-group.com/en/products/valve-technology/diaphragm-valves/629,2026-06-09,Exact text from the official product-page technical details table.
629,Media temperature,-10 to 80 °C,https://www.gemu-group.com/en/products/valve-technology/diaphragm-valves/629,2026-06-09,Exact text from the official product-page technical details table.
629,Nominal sizes,DN 4 to 65,https://www.gemu-group.com/en/products/valve-technology/diaphragm-valves/629,2026-06-09,Exact text from the official product-page technical details table.
629,Operating pressure,0 Up to 6 bar,https://www.gemu-group.com/en/products/valve-technology/diaphragm-valves/629,2026-06-09,Exact text from the official product-page technical details table.
629,Protection class,IP 65,https://www.gemu-group.com/en/products/valve-technology/diaphragm-valves/629,2026-06-09,Exact text from the official product-page technical details table.
629,Supply voltage,24 V DC,https://www.gemu-group.com/en/products/valve-technology/diaphragm-valves/629,2026-06-09,Exact text from the official product-page technical details table.
639,Actuating speed,max. 3 mm/s,https://www.gemu-group.com/en/products/valve-technology/diaphragm-valves/639,2026-06-09,Exact text from the official product-page technical details table.
639,Ambient temperature,0 Up to 60 °C,https://www.gemu-group.com/en/products/valve-technology/diaphragm-valves/639,2026-06-09,Exact text from the official product-page technical details table.
639,Body configurations,2/2-way body i-body Multi-port body Tank valve body T-body Welding configuration,https://www.gemu-group.com/en/products/valve-technology/diaphragm-valves/639,2026-06-09,Exact text from the official product-page technical details table.
639,Body lining,Hard rubber PFA PP,https://www.gemu-group.com/en/products/valve-technology/diaphragm-valves/639,2026-06-09,Exact text from the official product-page technical details table.
639,Body materials,"1.4408, investment casting material 1.4408, investment casting material, PFA lined 1.4435 (316L), forged material 1.4435 (BN2), forged material 1.4435, investment casting material 1.4539 (904L), forged material CW614N, brass CW617N, brass EN-GJS-400-18-LT, SG iron material EN-GJS-400-18-LT, SG iron material with hard rubber lining EN-GJS-400-18-LT, SG iron material, PFA lined EN-GJS-400-18-LT, SG iron material, PP lined",https://www.gemu-group.com/en/products/valve-technology/diaphragm-valves/639,2026-06-09,Exact text from the official product-page technical details table.
639,Conformities,Belgaqua BSE/TSE EAC EHEDG FDA Oxygen Reg. (EU) No. 10/2011 Regulation (EC) No. 1935/2004 Regulation (EC) No. 2023/2006 TA Luft (German Clean Air Act) USP,https://www.gemu-group.com/en/products/valve-technology/diaphragm-valves/639,2026-06-09,Exact text from the official product-page technical details table.
639,Connection standards,ANSI ASME BS DIN EN ISO JIS SMS,https://www.gemu-group.com/en/products/valve-technology/diaphragm-valves/639,2026-06-09,Exact text from the official product-page technical details table.
639,Connection types,Clamp Flange Spigot Threaded connection,https://www.gemu-group.com/en/products/valve-technology/diaphragm-valves/639,2026-06-09,Exact text from the official product-page technical details table.
639,Diaphragm materials,CR EPDM FKM NBR PTFE/EPDM,https://www.gemu-group.com/en/products/valve-technology/diaphragm-valves/639,2026-06-09,Exact text from the official product-page technical details table.
639,Media temperature,-10 to 100 °C,https://www.gemu-group.com/en/products/valve-technology/diaphragm-valves/639,2026-06-09,Exact text from the official product-page technical details table.
639,Nominal sizes,DN 4 to 40,https://www.gemu-group.com/en/products/valve-technology/diaphragm-valves/639,2026-06-09,Exact text from the official product-page technical details table.
639,Operating pressure,0 Up to 10 bar,https://www.gemu-group.com/en/products/valve-technology/diaphragm-valves/639,2026-06-09,Exact text from the official product-page technical details table.
639,Protection class,IP 65,https://www.gemu-group.com/en/products/valve-technology/diaphragm-valves/639,2026-06-09,Exact text from the official product-page technical details table.
639,Sterilization temperature,max. 150 °C,https://www.gemu-group.com/en/products/valve-technology/diaphragm-valves/639,2026-06-09,Exact text from the official product-page technical details table.
639,Supply voltage,24 V DC,https://www.gemu-group.com/en/products/valve-technology/diaphragm-valves/639,2026-06-09,Exact text from the official product-page technical details table.
643,Ambient temperature,0 to 60 °C,https://www.gemu-group.com/en/products/valve-technology/tank-bottom-valves/643,2026-06-09,Exact text from the official product-page technical details table.
643,Body configurations,Tank valve body,https://www.gemu-group.com/en/products/valve-technology/tank-bottom-valves/643,2026-06-09,Exact text from the official product-page technical details table.
643,Body materials,"(316L), forging material 1.4435 (BN2), forged material",https://www.gemu-group.com/en/products/valve-technology/tank-bottom-valves/643,2026-06-09,Exact text from the official product-page technical details table.
643,Conformities,BSE/TSE CRN EAC FDA Pressure Equipment Directive Regulation (EC) No. 1935/2004 TA Luft (German Clean Air Act) USP,https://www.gemu-group.com/en/products/valve-technology/tank-bottom-valves/643,2026-06-09,Exact text from the official product-page technical details table.
643,Connection standards,ANSI ASME DIN EN ISO SMS,https://www.gemu-group.com/en/products/valve-technology/tank-bottom-valves/643,2026-06-09,Exact text from the official product-page technical details table.
643,Connection types,Spigot,https://www.gemu-group.com/en/products/valve-technology/tank-bottom-valves/643,2026-06-09,Exact text from the official product-page technical details table.
643,Diaphragm materials,EPDM PTFE/EPDM,https://www.gemu-group.com/en/products/valve-technology/tank-bottom-valves/643,2026-06-09,Exact text from the official product-page technical details table.
643,Media temperature,-10 to 100 °C,https://www.gemu-group.com/en/products/valve-technology/tank-bottom-valves/643,2026-06-09,Exact text from the official product-page technical details table.
643,Nominal sizes,DN 15 to 40,https://www.gemu-group.com/en/products/valve-technology/tank-bottom-valves/643,2026-06-09,Exact text from the official product-page technical details table.
643,Operating pressure,0 to 10 bar,https://www.gemu-group.com/en/products/valve-technology/tank-bottom-valves/643,2026-06-09,Exact text from the official product-page technical details table.
643,Sterilization temperature,Max. 150 °C,https://www.gemu-group.com/en/products/valve-technology/tank-bottom-valves/643,2026-06-09,Exact text from the official product-page technical details table.
649,Actuating speed,max. 6 mm/s,https://www.gemu-group.com/en/products/valve-technology/diaphragm-valves/649,2026-06-09,Exact text from the official product-page technical details table.
649,Ambient temperature,-10 Up to 60 °C,https://www.gemu-group.com/en/products/valve-technology/diaphragm-valves/649,2026-06-09,Exact text from the official product-page technical details table.
649,Body configurations,i-body Multi-port body Straight through body T body Tank valve body Welding configuration,https://www.gemu-group.com/en/products/valve-technology/diaphragm-valves/649,2026-06-09,Exact text from the official product-page technical details table.
649,Body lining,Hard rubber PFA PP,https://www.gemu-group.com/en/products/valve-technology/diaphragm-valves/649,2026-06-09,Exact text from the official product-page technical details table.
649,Body materials,"(316L), forging material 1.4408, investment casting material 1.4408, investment casting material, PFA lined 1.4435 (BN2), forged material 1.4435, investment casting material 1.4539 (904L), forged material CW614N, brass CW617N, brass EN-GJS-400-18-LT (GGG 40.3) EN-GJS-400-18-LT, SG iron material with hard rubber lining EN-GJS-400-18-LT, SG iron material, PFA lined EN-GJS-400-18-LT, SG iron material, PP lined",https://www.gemu-group.com/en/products/valve-technology/diaphragm-valves/649,2026-06-09,Exact text from the official product-page technical details table.
649,Conformities,Belgaqua BSE/TSE EAC EHEDG FDA Oxygen Reg. (EU) No. 10/2011 Regulation (EC) No. 1935/2004 Regulation (EC) No. 2023/2006 TA Luft (German Clean Air Act) USP,https://www.gemu-group.com/en/products/valve-technology/diaphragm-valves/649,2026-06-09,Exact text from the official product-page technical details table.
649,Connection standards,ANSI ASME BS DIN EN ISO JIS SMS,https://www.gemu-group.com/en/products/valve-technology/diaphragm-valves/649,2026-06-09,Exact text from the official product-page technical details table.
649,Connection types,Clamp Flange Spigot thread,https://www.gemu-group.com/en/products/valve-technology/diaphragm-valves/649,2026-06-09,Exact text from the official product-page technical details table.
649,Diaphragm materials,CR EPDM FKM NBR PTFE/EPDM,https://www.gemu-group.com/en/products/valve-technology/diaphragm-valves/649,2026-06-09,Exact text from the official product-page technical details table.
649,Media temperature,-10 to 100 °C,https://www.gemu-group.com/en/products/valve-technology/diaphragm-valves/649,2026-06-09,Exact text from the official product-page technical details table.
649,Nominal sizes,DN 4 to 65,https://www.gemu-group.com/en/products/valve-technology/diaphragm-valves/649,2026-06-09,Exact text from the official product-page technical details table.
649,Operating pressure,0 Up to 10 bar,https://www.gemu-group.com/en/products/valve-technology/diaphragm-valves/649,2026-06-09,Exact text from the official product-page technical details table.
649,Protection class,IP 65,https://www.gemu-group.com/en/products/valve-technology/diaphragm-valves/649,2026-06-09,Exact text from the official product-page technical details table.
649,Sterilization temperature,max. 150 °C,https://www.gemu-group.com/en/products/valve-technology/diaphragm-valves/649,2026-06-09,Exact text from the official product-page technical details table.
649,Supply voltage,24 V DC,https://www.gemu-group.com/en/products/valve-technology/diaphragm-valves/649,2026-06-09,Exact text from the official product-page technical details table.
650,Ambient temperature,-20 to 60 °C,https://www.gemu-group.com/en/products/valve-technology/diaphragm-valves/650,2026-06-09,Exact text from the official product-page technical details table.
650,Body configurations,i-body Multi-port body Straight through body T body Tank valve body Welding configuration,https://www.gemu-group.com/en/products/valve-technology/diaphragm-valves/650,2026-06-09,Exact text from the official product-page technical details table.
650,Body materials,"(316L), forging material 1.4408, investment casting material 1.4408, investment casting material, PFA lined 1.4435 (316L), block material 1.4435 (BN2), forged material 1.4435, investment casting material 1.4539 (904L), forged material 3.7035, titanium, block material",https://www.gemu-group.com/en/products/valve-technology/diaphragm-valves/650,2026-06-09,Exact text from the official product-page technical details table.
650,Conformities,3A ATEX BSE/TSE CRN EAC EHEDG FDA FMEDA Oxygen Reg. (EU) No. 10/2011 Regulation (EC) No. 1935/2004 Regulation (EC) No. 2023/2006 SIL TA Luft (German Clean Air Act) USP,https://www.gemu-group.com/en/products/valve-technology/diaphragm-valves/650,2026-06-09,Exact text from the official product-page technical details table.
650,Connection standards,ANSI ASME BS DIN EN ISO JIS SMS,https://www.gemu-group.com/en/products/valve-technology/diaphragm-valves/650,2026-06-09,Exact text from the official product-page technical details table.
650,Connection types,Clamp Flange Spigot thread,https://www.gemu-group.com/en/products/valve-technology/diaphragm-valves/650,2026-06-09,Exact text from the official product-page technical details table.
650,Diaphragm materials,EPDM FKM PTFE/EPDM PTFE/PVDF/EPDM,https://www.gemu-group.com/en/products/valve-technology/diaphragm-valves/650,2026-06-09,Exact text from the official product-page technical details table.
650,Media temperature,-30 to 130 °C,https://www.gemu-group.com/en/products/valve-technology/diaphragm-valves/650,2026-06-09,Exact text from the official product-page technical details table.
650,Nominal sizes,DN 4 to 150,https://www.gemu-group.com/en/products/valve-technology/diaphragm-valves/650,2026-06-09,Exact text from the official product-page technical details table.
650,Operating pressure,0 to 10 bar,https://www.gemu-group.com/en/products/valve-technology/diaphragm-valves/650,2026-06-09,Exact text from the official product-page technical details table.
650,Sterilization temperature,max. 150 °C,https://www.gemu-group.com/en/products/valve-technology/diaphragm-valves/650,2026-06-09,Exact text from the official product-page technical details table.
650TL,Ambient temperature,0 to 60 °C,https://www.gemu-group.com/en/products/valve-technology/diaphragm-valves/650tl,2026-06-09,Exact text from the official product-page technical details table.
650TL,Body configurations,i-body Multi-port body Straight through body T body Tank valve body Welding configuration,https://www.gemu-group.com/en/products/valve-technology/diaphragm-valves/650tl,2026-06-09,Exact text from the official product-page technical details table.
650TL,Body materials,"(316L), forging material 1.4435 (316L), block material 1.4435 (BN2), block material 1.4435 (BN2), forged material 1.4435, investment casting material 1.4539 (904L), forged material",https://www.gemu-group.com/en/products/valve-technology/diaphragm-valves/650tl,2026-06-09,Exact text from the official product-page technical details table.
650TL,Conformities,3A CRN EAC FDA Oxygen Reg. (EU) No. 10/2011 Regulation (EC) No. 1935/2004 Regulation (EC) No. 2023/2006 TA Luft (German Clean Air Act) USP,https://www.gemu-group.com/en/products/valve-technology/diaphragm-valves/650tl,2026-06-09,Exact text from the official product-page technical details table.
650TL,Connection standards,ANSI ASME BS DIN EN ISO JIS SMS,https://www.gemu-group.com/en/products/valve-technology/diaphragm-valves/650tl,2026-06-09,Exact text from the official product-page technical details table.
650TL,Connection types,Clamp Flange Spigot thread,https://www.gemu-group.com/en/products/valve-technology/diaphragm-valves/650tl,2026-06-09,Exact text from the official product-page technical details table.
650TL,Diaphragm materials,EPDM PTFE/EPDM,https://www.gemu-group.com/en/products/valve-technology/diaphragm-valves/650tl,2026-06-09,Exact text from the official product-page technical details table.
650TL,Media temperature,-10 to 100 °C,https://www.gemu-group.com/en/products/valve-technology/diaphragm-valves/650tl,2026-06-09,Exact text from the official product-page technical details table.
650TL,Nominal sizes,DN 4 to 25,https://www.gemu-group.com/en/products/valve-technology/diaphragm-valves/650tl,2026-06-09,Exact text from the official product-page technical details table.
650TL,Operating pressure,0 to 10 bar,https://www.gemu-group.com/en/products/valve-technology/diaphragm-valves/650tl,2026-06-09,Exact text from the official product-page technical details table.
650TL,Sterilization temperature,Max. 150 °C,https://www.gemu-group.com/en/products/valve-technology/diaphragm-valves/650tl,2026-06-09,Exact text from the official product-page technical details table.
651,Ambient temperature,0 to 60 °C,https://www.gemu-group.com/en/products/valve-technology/diaphragm-valves/651,2026-06-09,Exact text from the official product-page technical details table.
651,Body configurations,2/2-way body i-body Multi-port body Tank valve body T-body Welding configuration,https://www.gemu-group.com/en/products/valve-technology/diaphragm-valves/651,2026-06-09,Exact text from the official product-page technical details table.
651,Body materials,"1.4408, investment casting material 1.4435 (316L), forged material 1.4435 (BN2), forged material 1.4435, investment casting material 1.4539 (904L), forged material",https://www.gemu-group.com/en/products/valve-technology/diaphragm-valves/651,2026-06-09,Exact text from the official product-page technical details table.
651,Connection standards,ANSI ASME BS DIN EN ISO JIS SMS,https://www.gemu-group.com/en/products/valve-technology/diaphragm-valves/651,2026-06-09,Exact text from the official product-page technical details table.
651,Connection types,Clamp Spigot Threaded connection,https://www.gemu-group.com/en/products/valve-technology/diaphragm-valves/651,2026-06-09,Exact text from the official product-page technical details table.
651,Diaphragm materials,EPDM PTFE/EPDM,https://www.gemu-group.com/en/products/valve-technology/diaphragm-valves/651,2026-06-09,Exact text from the official product-page technical details table.
651,Media temperature,-10 to 100 °C,https://www.gemu-group.com/en/products/valve-technology/diaphragm-valves/651,2026-06-09,Exact text from the official product-page technical details table.
651,Nominal sizes,DN 4 to 25,https://www.gemu-group.com/en/products/valve-technology/diaphragm-valves/651,2026-06-09,Exact text from the official product-page technical details table.
651,Operating pressure,0 to 10 bar,https://www.gemu-group.com/en/products/valve-technology/diaphragm-valves/651,2026-06-09,Exact text from the official product-page technical details table.
651,Sterilization temperature,Max. 150 °C,https://www.gemu-group.com/en/products/valve-technology/diaphragm-valves/651,2026-06-09,Exact text from the official product-page technical details table.
652,Ambient temperature,0 to 60 °C,https://www.gemu-group.com/en/products/valve-technology/pulsation-dampers/652,2026-06-09,Exact text from the official product-page technical details table.
652,Body configurations,Straight through body,https://www.gemu-group.com/en/products/valve-technology/pulsation-dampers/652,2026-06-09,Exact text from the official product-page technical details table.
652,Body materials,"(316L), forging material 1.4435 (BN2), forged material 1.4539 (904L), forged material",https://www.gemu-group.com/en/products/valve-technology/pulsation-dampers/652,2026-06-09,Exact text from the official product-page technical details table.
652,Conformities,BSE/TSE EAC FDA Reg. (EU) No. 10/2011 Regulation (EC) No. 1935/2004 Regulation (EC) No. 2023/2006 USP,https://www.gemu-group.com/en/products/valve-technology/pulsation-dampers/652,2026-06-09,Exact text from the official product-page technical details table.
652,Connection standards,ANSI ASME BS DIN EN ISO JIS SMS,https://www.gemu-group.com/en/products/valve-technology/pulsation-dampers/652,2026-06-09,Exact text from the official product-page technical details table.
652,Connection types,Spigot,https://www.gemu-group.com/en/products/valve-technology/pulsation-dampers/652,2026-06-09,Exact text from the official product-page technical details table.
652,Diaphragm materials,EPDM PTFE/EPDM,https://www.gemu-group.com/en/products/valve-technology/pulsation-dampers/652,2026-06-09,Exact text from the official product-page technical details table.
652,Media temperature,-20 to 100 °C,https://www.gemu-group.com/en/products/valve-technology/pulsation-dampers/652,2026-06-09,Exact text from the official product-page technical details table.
652,Nominal sizes,DN 15 to 80,https://www.gemu-group.com/en/products/valve-technology/pulsation-dampers/652,2026-06-09,Exact text from the official product-page technical details table.
652,Operating pressure,0 to 10 bar,https://www.gemu-group.com/en/products/valve-technology/pulsation-dampers/652,2026-06-09,Exact text from the official product-page technical details table.
652,Sterilization temperature,max. 150 °C,https://www.gemu-group.com/en/products/valve-technology/pulsation-dampers/652,2026-06-09,Exact text from the official product-page technical details table.
653,Ambient temperature,0 Up to 60 °C,https://www.gemu-group.com/en/products/valve-technology/diaphragm-valves/653,2026-06-09,Exact text from the official product-page technical details table.
653,Body configurations,i-body Multi-port body Straight through body T body Tank valve body Welding configuration,https://www.gemu-group.com/en/products/valve-technology/diaphragm-valves/653,2026-06-09,Exact text from the official product-page technical details table.
653,Body lining,PFA,https://www.gemu-group.com/en/products/valve-technology/diaphragm-valves/653,2026-06-09,Exact text from the official product-page technical details table.
653,Body materials,"(316L), forging material 1.4408, investment casting material 1.4435 (BN2), forged material 1.4435, investment casting material 1.4539 (904L), forged material",https://www.gemu-group.com/en/products/valve-technology/diaphragm-valves/653,2026-06-09,Exact text from the official product-page technical details table.
653,Conformities,3A CRN EAC FDA Oxygen Reg. (EU) No. 10/2011 Regulation (EC) No. 1935/2004 Regulation (EC) No. 2023/2006 TA Luft (German Clean Air Act) USP,https://www.gemu-group.com/en/products/valve-technology/diaphragm-valves/653,2026-06-09,Exact text from the official product-page technical details table.
653,Connection standards,ANSI ASME BS DIN EN ISO JIS SMS,https://www.gemu-group.com/en/products/valve-technology/diaphragm-valves/653,2026-06-09,Exact text from the official product-page technical details table.
653,Connection types,Clamp Flange Spigot thread,https://www.gemu-group.com/en/products/valve-technology/diaphragm-valves/653,2026-06-09,Exact text from the official product-page technical details table.
653,Diaphragm materials,EPDM FKM PTFE/EPDM PTFE/PVDF/EPDM,https://www.gemu-group.com/en/products/valve-technology/diaphragm-valves/653,2026-06-09,Exact text from the official product-page technical details table.
653,Media temperature,-10 to 100 °C,https://www.gemu-group.com/en/products/valve-technology/diaphragm-valves/653,2026-06-09,Exact text from the official product-page technical details table.
653,Nominal sizes,DN 10 to 100,https://www.gemu-group.com/en/products/valve-technology/diaphragm-valves/653,2026-06-09,Exact text from the official product-page technical details table.
653,Operating pressure,0 Up to 10 bar,https://www.gemu-group.com/en/products/valve-technology/diaphragm-valves/653,2026-06-09,Exact text from the official product-page technical details table.
653,Sterilization temperature,Max. 150 °C,https://www.gemu-group.com/en/products/valve-technology/diaphragm-valves/653,2026-06-09,Exact text from the official product-page technical details table.
654,Ambient temperature,0 Up to 60 °C,https://www.gemu-group.com/en/products/valve-technology/diaphragm-valves/654,2026-06-09,Exact text from the official product-page technical details table.
654,Body configurations,i-body Multi-port body Straight through body T body Tank valve body Welding configuration,https://www.gemu-group.com/en/products/valve-technology/diaphragm-valves/654,2026-06-09,Exact text from the official product-page technical details table.
654,Body lining,PFA,https://www.gemu-group.com/en/products/valve-technology/diaphragm-valves/654,2026-06-09,Exact text from the official product-page technical details table.
654,Body materials,"(316L), forging material 1.4408, investment casting material 1.4435 (BN2), forged material 1.4435, investment casting material 1.4539 (904L), forged material",https://www.gemu-group.com/en/products/valve-technology/diaphragm-valves/654,2026-06-09,Exact text from the official product-page technical details table.
654,Conformities,3A CRN EAC FDA Oxygen Reg. (EU) No. 10/2011 Regulation (EC) No. 1935/2004 Regulation (EC) No. 2023/2006 TA Luft (German Clean Air Act) USP,https://www.gemu-group.com/en/products/valve-technology/diaphragm-valves/654,2026-06-09,Exact text from the official product-page technical details table.
654,Connection standards,ANSI ASME BS DIN EN ISO JIS SMS,https://www.gemu-group.com/en/products/valve-technology/diaphragm-valves/654,2026-06-09,Exact text from the official product-page technical details table.
654,Connection types,Clamp Flange Spigot thread,https://www.gemu-group.com/en/products/valve-technology/diaphragm-valves/654,2026-06-09,Exact text from the official product-page technical details table.
654,Diaphragm materials,EPDM FKM PTFE/EPDM PTFE/PVDF/EPDM,https://www.gemu-group.com/en/products/valve-technology/diaphragm-valves/654,2026-06-09,Exact text from the official product-page technical details table.
654,Media temperature,-10 to 100 °C,https://www.gemu-group.com/en/products/valve-technology/diaphragm-valves/654,2026-06-09,Exact text from the official product-page technical details table.
654,Nominal sizes,DN 4 to 100,https://www.gemu-group.com/en/products/valve-technology/diaphragm-valves/654,2026-06-09,Exact text from the official product-page technical details table.
654,Operating pressure,0 Up to 10 bar,https://www.gemu-group.com/en/products/valve-technology/diaphragm-valves/654,2026-06-09,Exact text from the official product-page technical details table.
654,Sterilization temperature,Max. 150 °C,https://www.gemu-group.com/en/products/valve-technology/diaphragm-valves/654,2026-06-09,Exact text from the official product-page technical details table.
656,Ambient temperature,0 to 60 °C,https://www.gemu-group.com/en/products/valve-technology/diaphragm-valves/656,2026-06-09,Exact text from the official product-page technical details table.
656,Body configurations,2/2-way body,https://www.gemu-group.com/en/products/valve-technology/diaphragm-valves/656,2026-06-09,Exact text from the official product-page technical details table.
656,Body materials,"EN-GJL-250, cast iron material EN-GJS-400-18-LT EN-GJS-400-18-LT, SG iron material EN-GJS-500-7, ductile iron material",https://www.gemu-group.com/en/products/valve-technology/diaphragm-valves/656,2026-06-09,Exact text from the official product-page technical details table.
656,Conformities,CRN EAC,https://www.gemu-group.com/en/products/valve-technology/diaphragm-valves/656,2026-06-09,Exact text from the official product-page technical details table.
656,Connection standards,ANSI EN ISO,https://www.gemu-group.com/en/products/valve-technology/diaphragm-valves/656,2026-06-09,Exact text from the official product-page technical details table.
656,Connection types,Flange,https://www.gemu-group.com/en/products/valve-technology/diaphragm-valves/656,2026-06-09,Exact text from the official product-page technical details table.
656,Diaphragm materials,CR EPDM IIR NBR NR,https://www.gemu-group.com/en/products/valve-technology/diaphragm-valves/656,2026-06-09,Exact text from the official product-page technical details table.
656,Media temperature,0 to 100 °C,https://www.gemu-group.com/en/products/valve-technology/diaphragm-valves/656,2026-06-09,Exact text from the official product-page technical details table.
656,Nominal sizes,DN 25 to 250,https://www.gemu-group.com/en/products/valve-technology/diaphragm-valves/656,2026-06-09,Exact text from the official product-page technical details table.
656,Operating pressure,0 to 7 bar,https://www.gemu-group.com/en/products/valve-technology/diaphragm-valves/656,2026-06-09,Exact text from the official product-page technical details table.
658,Ambient temperature,0 to 60 °C,https://www.gemu-group.com/en/products/valve-technology/diaphragm-valves/658,2026-06-09,Exact text from the official product-page technical details table.
658,Body configurations,i-body Multi-port body Straight through body T body Tank valve body Welding configuration,https://www.gemu-group.com/en/products/valve-technology/diaphragm-valves/658,2026-06-09,Exact text from the official product-page technical details table.
658,Body materials,"(316L), forging material 1.4408, investment casting material 1.4435 (BN2), forged material 1.4435, investment casting material 1.4539 (904L), forged material",https://www.gemu-group.com/en/products/valve-technology/diaphragm-valves/658,2026-06-09,Exact text from the official product-page technical details table.
658,Conformities,3A BSE/TSE CRN EAC EHEDG FDA FMEDA Oxygen Reg. (EU) No. 10/2011 Regulation (EC) No. 1935/2004 Regulation (EC) No. 2023/2006 TA Luft (German Clean Air Act) USP,https://www.gemu-group.com/en/products/valve-technology/diaphragm-valves/658,2026-06-09,Exact text from the official product-page technical details table.
658,Connection standards,ANSI ASME BS DIN EN ISO JIS SMS,https://www.gemu-group.com/en/products/valve-technology/diaphragm-valves/658,2026-06-09,Exact text from the official product-page technical details table.
658,Connection types,Clamp Flange Spigot thread,https://www.gemu-group.com/en/products/valve-technology/diaphragm-valves/658,2026-06-09,Exact text from the official product-page technical details table.
658,Diaphragm materials,EPDM FKM PTFE/EPDM,https://www.gemu-group.com/en/products/valve-technology/diaphragm-valves/658,2026-06-09,Exact text from the official product-page technical details table.
658,Media temperature,-10 to 100 °C,https://www.gemu-group.com/en/products/valve-technology/diaphragm-valves/658,2026-06-09,Exact text from the official product-page technical details table.
658,Nominal sizes,DN 10 to 65,https://www.gemu-group.com/en/products/valve-technology/diaphragm-valves/658,2026-06-09,Exact text from the official product-page technical details table.
658,Operating pressure,0 to 10 bar,https://www.gemu-group.com/en/products/valve-technology/diaphragm-valves/658,2026-06-09,Exact text from the official product-page technical details table.
658,Sterilization temperature,Max. 150 °C,https://www.gemu-group.com/en/products/valve-technology/diaphragm-valves/658,2026-06-09,Exact text from the official product-page technical details table.
660,Ambient temperature,0 to 60 °C,https://www.gemu-group.com/en/products/valve-technology/diaphragm-valves/660,2026-06-09,Exact text from the official product-page technical details table.
660,Body configurations,2/2-way body i-body Multi-port body Tank valve body T-body Welding configuration,https://www.gemu-group.com/en/products/valve-technology/diaphragm-valves/660,2026-06-09,Exact text from the official product-page technical details table.
660,Body materials,"1.4408, investment casting material 1.4435 (316L), forged material 1.4435 (BN2), forged material 1.4435, investment casting material 1.4539 (904L), forged material",https://www.gemu-group.com/en/products/valve-technology/diaphragm-valves/660,2026-06-09,Exact text from the official product-page technical details table.
660,Conformities,3A BSE/TSE CRN EAC EHEDG FDA FMEDA Oxygen Reg. (EU) No. 10/2011 Regulation (EC) No. 1935/2004 Regulation (EC) No. 2023/2006 TA Luft (German Clean Air Act) USP,https://www.gemu-group.com/en/products/valve-technology/diaphragm-valves/660,2026-06-09,Exact text from the official product-page technical details table.
660,Connection standards,ANSI ASME BS DIN EN ISO JIS SMS,https://www.gemu-group.com/en/products/valve-technology/diaphragm-valves/660,2026-06-09,Exact text from the official product-page technical details table.
660,Connection types,Clamp Flange Spigot Threaded connection,https://www.gemu-group.com/en/products/valve-technology/diaphragm-valves/660,2026-06-09,Exact text from the official product-page technical details table.
660,Diaphragm materials,EPDM PTFE/EPDM,https://www.gemu-group.com/en/products/valve-technology/diaphragm-valves/660,2026-06-09,Exact text from the official product-page technical details table.
660,Media temperature,-10 to 100 °C,https://www.gemu-group.com/en/products/valve-technology/diaphragm-valves/660,2026-06-09,Exact text from the official product-page technical details table.
660,Nominal sizes,DN 4 to 25,https://www.gemu-group.com/en/products/valve-technology/diaphragm-valves/660,2026-06-09,Exact text from the official product-page technical details table.
660,Operating pressure,0 to 5 bar,https://www.gemu-group.com/en/products/valve-technology/diaphragm-valves/660,2026-06-09,Exact text from the official product-page technical details table.
660,Sterilization temperature,Max. 150 °C,https://www.gemu-group.com/en/products/valve-technology/diaphragm-valves/660,2026-06-09,Exact text from the official product-page technical details table.
671,Ambient temperature,0 to 60 °C,https://www.gemu-group.com/en/products/valve-technology/diaphragm-valves/671,2026-06-09,Exact text from the official product-page technical details table.
671,Body configurations,Straight through body,https://www.gemu-group.com/en/products/valve-technology/diaphragm-valves/671,2026-06-09,Exact text from the official product-page technical details table.
671,Body materials,"(316L), forging material 1.4408, investment casting material 1.4408, investment casting material, PFA lined 1.4435 (BN2), forged material 1.4435, investment casting material 1.4539 (904L), forged material CW617N, brass EN-GJS-400-18-LT, SG iron material EN-GJS-400-18-LT, SG iron material, PFA lined EN-GJS-400-18-LT, SG iron material, PP lined",https://www.gemu-group.com/en/products/valve-technology/diaphragm-valves/671,2026-06-09,Exact text from the official product-page technical details table.
671,Conformities,EAC FDA Oxygen Reg. (EU) No. 10/2011 Regulation (EC) No. 1935/2004,https://www.gemu-group.com/en/products/valve-technology/diaphragm-valves/671,2026-06-09,Exact text from the official product-page technical details table.
671,Connection standards,ANSI ASME BS DIN EN ISO JIS NPT SMS,https://www.gemu-group.com/en/products/valve-technology/diaphragm-valves/671,2026-06-09,Exact text from the official product-page technical details table.
671,Connection types,Clamp Flange Spigot thread,https://www.gemu-group.com/en/products/valve-technology/diaphragm-valves/671,2026-06-09,Exact text from the official product-page technical details table.
671,Diaphragm materials,EPDM FKM PTFE/EPDM PTFE/PVDF/EPDM,https://www.gemu-group.com/en/products/valve-technology/diaphragm-valves/671,2026-06-09,Exact text from the official product-page technical details table.
671,Media temperature,-10 to 80 °C,https://www.gemu-group.com/en/products/valve-technology/diaphragm-valves/671,2026-06-09,Exact text from the official product-page technical details table.
671,Nominal sizes,DN 15 to 100,https://www.gemu-group.com/en/products/valve-technology/diaphragm-valves/671,2026-06-09,Exact text from the official product-page technical details table.
671,Operating pressure,0 to 10 bar,https://www.gemu-group.com/en/products/valve-technology/diaphragm-valves/671,2026-06-09,Exact text from the official product-page technical details table.
671,Sterilization temperature,max. 150 °C,https://www.gemu-group.com/en/products/valve-technology/diaphragm-valves/671,2026-06-09,Exact text from the official product-page technical details table.
673,Ambient temperature,0 to 60 °C,https://www.gemu-group.com/en/products/valve-technology/diaphragm-valves/673,2026-06-09,Exact text from the official product-page technical details table.
673,Body configurations,i-body Multi-port body Straight through body Tank valve body,https://www.gemu-group.com/en/products/valve-technology/diaphragm-valves/673,2026-06-09,Exact text from the official product-page technical details table.
673,Body materials,"1.4408, investment casting material 1.4435, investment casting material 1.4435/316L, forged body material 1.4539/904L, forged and block material",https://www.gemu-group.com/en/products/valve-technology/diaphragm-valves/673,2026-06-09,Exact text from the official product-page technical details table.
673,Connection standards,ANSI ASME BS DIN EN ISO JIS SMS,https://www.gemu-group.com/en/products/valve-technology/diaphragm-valves/673,2026-06-09,Exact text from the official product-page technical details table.
673,Connection types,Clamp Flange Spigot thread,https://www.gemu-group.com/en/products/valve-technology/diaphragm-valves/673,2026-06-09,Exact text from the official product-page technical details table.
673,Diaphragm materials,EPDM FKM PTFE,https://www.gemu-group.com/en/products/valve-technology/diaphragm-valves/673,2026-06-09,Exact text from the official product-page technical details table.
673,Media temperature,-10 to 100 °C,https://www.gemu-group.com/en/products/valve-technology/diaphragm-valves/673,2026-06-09,Exact text from the official product-page technical details table.
673,Nominal sizes,DN 15 to 65,https://www.gemu-group.com/en/products/valve-technology/diaphragm-valves/673,2026-06-09,Exact text from the official product-page technical details table.
673,Operating pressure,0 to 10 bar,https://www.gemu-group.com/en/products/valve-technology/diaphragm-valves/673,2026-06-09,Exact text from the official product-page technical details table.
673,Sterilization temperature,Max. 150 °C,https://www.gemu-group.com/en/products/valve-technology/diaphragm-valves/673,2026-06-09,Exact text from the official product-page technical details table.
673P9,Ambient temperature,0 Up to 60 °C,https://www.gemu-group.com/en/products/valve-technology/diaphragm-valves/673p9,2026-06-09,Exact text from the official product-page technical details table.
673P9,Body configurations,i-body Multi-port body Straight through body T body Tank valve body Welding configuration,https://www.gemu-group.com/en/products/valve-technology/diaphragm-valves/673p9,2026-06-09,Exact text from the official product-page technical details table.
673P9,Body lining,PFA PP,https://www.gemu-group.com/en/products/valve-technology/diaphragm-valves/673p9,2026-06-09,Exact text from the official product-page technical details table.
673P9,Body materials,"(316L), forging material 1.4408, investment casting material 1.4435 (BN2), forged material 1.4435, investment casting material 1.4539 (904L), forged material EN-GJS-400-18-LT (GGG 40.3)",https://www.gemu-group.com/en/products/valve-technology/diaphragm-valves/673p9,2026-06-09,Exact text from the official product-page technical details table.
673P9,Conformities,CRN EAC FDA Oxygen Reg. (EU) No. 10/2011 Regulation (EC) No. 1935/2004 Regulation (EC) No. 2023/2006 TA Luft (German Clean Air Act) USP,https://www.gemu-group.com/en/products/valve-technology/diaphragm-valves/673p9,2026-06-09,Exact text from the official product-page technical details table.
673P9,Connection standards,ANSI ASME BS DIN EN ISO JIS SMS,https://www.gemu-group.com/en/products/valve-technology/diaphragm-valves/673p9,2026-06-09,Exact text from the official product-page technical details table.
673P9,Connection types,Clamp Flange Spigot thread,https://www.gemu-group.com/en/products/valve-technology/diaphragm-valves/673p9,2026-06-09,Exact text from the official product-page technical details table.
673P9,Diaphragm materials,EPDM FKM PTFE/EPDM,https://www.gemu-group.com/en/products/valve-technology/diaphragm-valves/673p9,2026-06-09,Exact text from the official product-page technical details table.
673P9,Media temperature,-10 to 100 °C,https://www.gemu-group.com/en/products/valve-technology/diaphragm-valves/673p9,2026-06-09,Exact text from the official product-page technical details table.
673P9,Nominal sizes,DN 4 to 65,https://www.gemu-group.com/en/products/valve-technology/diaphragm-valves/673p9,2026-06-09,Exact text from the official product-page technical details table.
673P9,Operating pressure,0 Up to 10 bar,https://www.gemu-group.com/en/products/valve-technology/diaphragm-valves/673p9,2026-06-09,Exact text from the official product-page technical details table.
673P9,Sterilization temperature,Max. 150 °C,https://www.gemu-group.com/en/products/valve-technology/diaphragm-valves/673p9,2026-06-09,Exact text from the official product-page technical details table.
687,Ambient temperature,-10 Up to 60 °C,https://www.gemu-group.com/en/products/valve-technology/diaphragm-valves/687,2026-06-09,Exact text from the official product-page technical details table.
687,Body configurations,Straight through body T body Tank valve body,https://www.gemu-group.com/en/products/valve-technology/diaphragm-valves/687,2026-06-09,Exact text from the official product-page technical details table.
687,Body materials,"(316L), forging material 1.4408, investment casting material 1.4408, investment casting material, PFA lined 1.4435 (BN2), forged material 1.4435, investment casting material 1.4539 (904L), forged material EN-GJS-400-18-LT (GGG 40.3), PFA lined EN-GJS-400-18-LT (GGG 40.3), PP lined EN-GJS-400-18-LT, hard rubber lined",https://www.gemu-group.com/en/products/valve-technology/diaphragm-valves/687,2026-06-09,Exact text from the official product-page technical details table.
687,Conformities,3A ATEX Belgaqua CRN EAC FDA FMEDA Oxygen Reg. (EU) No. 10/2011 Regulation (EC) No. 1935/2004 TA Luft (German Clean Air Act) USP,https://www.gemu-group.com/en/products/valve-technology/diaphragm-valves/687,2026-06-09,Exact text from the official product-page technical details table.
687,Connection standards,ANSI ASME BS DIN EN ISO JIS NPT SMS,https://www.gemu-group.com/en/products/valve-technology/diaphragm-valves/687,2026-06-09,Exact text from the official product-page technical details table.
687,Connection types,Clamp Flange Spigot thread,https://www.gemu-group.com/en/products/valve-technology/diaphragm-valves/687,2026-06-09,Exact text from the official product-page technical details table.
687,Diaphragm materials,EPDM FKM PTFE PTFE/EPDM PTFE/PVDF/EPDM,https://www.gemu-group.com/en/products/valve-technology/diaphragm-valves/687,2026-06-09,Exact text from the official product-page technical details table.
687,Media temperature,-30 to 130 °C,https://www.gemu-group.com/en/products/valve-technology/diaphragm-valves/687,2026-06-09,Exact text from the official product-page technical details table.
687,Nominal sizes,DN 10 to 100,https://www.gemu-group.com/en/products/valve-technology/diaphragm-valves/687,2026-06-09,Exact text from the official product-page technical details table.
687,Operating pressure,0 Up to 10 bar,https://www.gemu-group.com/en/products/valve-technology/diaphragm-valves/687,2026-06-09,Exact text from the official product-page technical details table.
687,Sterilization temperature,max. 150 °C,https://www.gemu-group.com/en/products/valve-technology/diaphragm-valves/687,2026-06-09,Exact text from the official product-page technical details table.
695,Ambient temperature,0 to 60 °C,https://www.gemu-group.com/en/products/valve-technology/diaphragm-valves/695,2026-06-09,Exact text from the official product-page technical details table.
695,Body configurations,Straight through body,https://www.gemu-group.com/en/products/valve-technology/diaphragm-valves/695,2026-06-09,Exact text from the official product-page technical details table.
695,Body materials,"(316L), forging material 1.4408, investment casting material 1.4408, investment casting material, PFA lined 1.4435 (BN2), forged material 1.4435, investment casting material 1.4539 (904L), forged material EN-GJS-400-18-LT (GGG 40.3) EN-GJS-400-18-LT, SG iron material with butyl lining EN-GJS-400-18-LT, SG iron material with hard rubber lining EN-GJS-400-18-LT, SG iron material with soft rubber lining EN-GJS-400-18-LT, SG iron material, PFA lined EN-GJS-400-18-LT, SG iron material, PP lined",https://www.gemu-group.com/en/products/valve-technology/diaphragm-valves/695,2026-06-09,Exact text from the official product-page technical details table.
695,Conformities,Belgaqua EAC FDA Oxygen TA Luft (German Clean Air Act),https://www.gemu-group.com/en/products/valve-technology/diaphragm-valves/695,2026-06-09,Exact text from the official product-page technical details table.
695,Connection standards,ANSI ASME BS DIN EN ISO JIS SMS,https://www.gemu-group.com/en/products/valve-technology/diaphragm-valves/695,2026-06-09,Exact text from the official product-page technical details table.
695,Connection types,Clamp Flange Spigot thread,https://www.gemu-group.com/en/products/valve-technology/diaphragm-valves/695,2026-06-09,Exact text from the official product-page technical details table.
695,Diaphragm materials,EPDM FKM NBR PTFE/EPDM PTFE/FKM,https://www.gemu-group.com/en/products/valve-technology/diaphragm-valves/695,2026-06-09,Exact text from the official product-page technical details table.
695,Media temperature,-10 to 80 °C,https://www.gemu-group.com/en/products/valve-technology/diaphragm-valves/695,2026-06-09,Exact text from the official product-page technical details table.
695,Nominal sizes,DN 15 to 65,https://www.gemu-group.com/en/products/valve-technology/diaphragm-valves/695,2026-06-09,Exact text from the official product-page technical details table.
695,Operating pressure,0 to 10 bar,https://www.gemu-group.com/en/products/valve-technology/diaphragm-valves/695,2026-06-09,Exact text from the official product-page technical details table.
710,Ambient temperature,-10 Up to 50 °C,https://www.gemu-group.com/en/products/valve-technology/ball-valves/710,2026-06-09,Exact text from the official product-page technical details table.
710,Ball configurations,Control ball L-port T-port,https://www.gemu-group.com/en/products/valve-technology/ball-valves/710,2026-06-09,Exact text from the official product-page technical details table.
710,Body configurations,Multi-port body Straight through body,https://www.gemu-group.com/en/products/valve-technology/ball-valves/710,2026-06-09,Exact text from the official product-page technical details table.
710,Body materials,"ABS PP-H, grey PVC-C, chlorinated PVC-U, grey PVDF",https://www.gemu-group.com/en/products/valve-technology/ball-valves/710,2026-06-09,Exact text from the official product-page technical details table.
710,Conformities,EAC,https://www.gemu-group.com/en/products/valve-technology/ball-valves/710,2026-06-09,Exact text from the official product-page technical details table.
710,Connection standards,ASTM BS DIN EN ISO JIS,https://www.gemu-group.com/en/products/valve-technology/ball-valves/710,2026-06-09,Exact text from the official product-page technical details table.
710,Connection types,Flange Solvent cement socket Spigot thread Union end,https://www.gemu-group.com/en/products/valve-technology/ball-valves/710,2026-06-09,Exact text from the official product-page technical details table.
710,Media temperature,-20 to 100 °C,https://www.gemu-group.com/en/products/valve-technology/ball-valves/710,2026-06-09,Exact text from the official product-page technical details table.
710,Nominal sizes,DN 10 to 100,https://www.gemu-group.com/en/products/valve-technology/ball-valves/710,2026-06-09,Exact text from the official product-page technical details table.
710,Operating pressure,0 Up to 16 bar,https://www.gemu-group.com/en/products/valve-technology/ball-valves/710,2026-06-09,Exact text from the official product-page technical details table.
710,Seal materials,EPDM FKM,https://www.gemu-group.com/en/products/valve-technology/ball-valves/710,2026-06-09,Exact text from the official product-page technical details table.
717,Ambient temperature,-10 to 50 °C,https://www.gemu-group.com/en/products/valve-technology/ball-valves/717,2026-06-09,Exact text from the official product-page technical details table.
717,Ball configurations,Control ball L-port T-port,https://www.gemu-group.com/en/products/valve-technology/ball-valves/717,2026-06-09,Exact text from the official product-page technical details table.
717,Body configurations,Multi-port body Straight through body,https://www.gemu-group.com/en/products/valve-technology/ball-valves/717,2026-06-09,Exact text from the official product-page technical details table.
717,Body materials,"ABS PP-H, grey PVC-C, chlorinated PVC-U, grey PVDF",https://www.gemu-group.com/en/products/valve-technology/ball-valves/717,2026-06-09,Exact text from the official product-page technical details table.
717,Conformities,EAC,https://www.gemu-group.com/en/products/valve-technology/ball-valves/717,2026-06-09,Exact text from the official product-page technical details table.
717,Connection standards,ANSI BS DIN EN ISO JIS NPT,https://www.gemu-group.com/en/products/valve-technology/ball-valves/717,2026-06-09,Exact text from the official product-page technical details table.
717,Connection types,Flange Solvent cement socket Spigot thread Union end,https://www.gemu-group.com/en/products/valve-technology/ball-valves/717,2026-06-09,Exact text from the official product-page technical details table.
717,Media temperature,-20 to 100 °C,https://www.gemu-group.com/en/products/valve-technology/ball-valves/717,2026-06-09,Exact text from the official product-page technical details table.
717,Nominal sizes,DN 10 to 100,https://www.gemu-group.com/en/products/valve-technology/ball-valves/717,2026-06-09,Exact text from the official product-page technical details table.
717,Operating pressure,0 to 16 bar,https://www.gemu-group.com/en/products/valve-technology/ball-valves/717,2026-06-09,Exact text from the official product-page technical details table.
717,Seal materials,EPDM FKM,https://www.gemu-group.com/en/products/valve-technology/ball-valves/717,2026-06-09,Exact text from the official product-page technical details table.
801,Conformities,ATEX,https://www.gemu-group.com/en/products/measurement-and-control-technology/flow-meters/801,2026-06-09,Exact text from the official product-page technical details table.
801,Connection types,Flange Spigot Union end,https://www.gemu-group.com/en/products/measurement-and-control-technology/flow-meters/801,2026-06-09,Exact text from the official product-page technical details table.
801,Error of measurement,± 1% of final value and ± 3% of measured value,https://www.gemu-group.com/en/products/measurement-and-control-technology/flow-meters/801,2026-06-09,Exact text from the official product-page technical details table.
801,Float materials,PVC-U,https://www.gemu-group.com/en/products/measurement-and-control-technology/flow-meters/801,2026-06-09,Exact text from the official product-page technical details table.
801,Measuring range - Liquids,"0,5 Up to 13000 l/h",https://www.gemu-group.com/en/products/measurement-and-control-technology/flow-meters/801,2026-06-09,Exact text from the official product-page technical details table.
801,Media temperature,-20 to 120 °C,https://www.gemu-group.com/en/products/measurement-and-control-technology/flow-meters/801,2026-06-09,Exact text from the official product-page technical details table.
801,Metering tube materials,"PA, transparent PSU PVC-U, transparent",https://www.gemu-group.com/en/products/measurement-and-control-technology/flow-meters/801,2026-06-09,Exact text from the official product-page technical details table.
801,Nominal sizes,DN 20 to 65,https://www.gemu-group.com/en/products/measurement-and-control-technology/flow-meters/801,2026-06-09,Exact text from the official product-page technical details table.
801,Operating pressure,0 to 15 bar,https://www.gemu-group.com/en/products/measurement-and-control-technology/flow-meters/801,2026-06-09,Exact text from the official product-page technical details table.
805,Conformities,ATEX,https://www.gemu-group.com/en/products/measurement-and-control-technology/flow-meters/805,2026-06-09,Exact text from the official product-page technical details table.
805,Connection types,Flange Spigot Union end,https://www.gemu-group.com/en/products/measurement-and-control-technology/flow-meters/805,2026-06-09,Exact text from the official product-page technical details table.
805,Error of measurement,± 1% of final value and ± 3% of measured value,https://www.gemu-group.com/en/products/measurement-and-control-technology/flow-meters/805,2026-06-09,Exact text from the official product-page technical details table.
805,Float materials,PP,https://www.gemu-group.com/en/products/measurement-and-control-technology/flow-meters/805,2026-06-09,Exact text from the official product-page technical details table.
805,Measuring range - Liquids,"0,5 Up to 13000 l/h",https://www.gemu-group.com/en/products/measurement-and-control-technology/flow-meters/805,2026-06-09,Exact text from the official product-page technical details table.
805,Media temperature,-20 to 120 °C,https://www.gemu-group.com/en/products/measurement-and-control-technology/flow-meters/805,2026-06-09,Exact text from the official product-page technical details table.
805,Metering tube materials,"PA, transparent PSU PVC-U, transparent",https://www.gemu-group.com/en/products/measurement-and-control-technology/flow-meters/805,2026-06-09,Exact text from the official product-page technical details table.
805,Nominal sizes,DN 20 to 65,https://www.gemu-group.com/en/products/measurement-and-control-technology/flow-meters/805,2026-06-09,Exact text from the official product-page technical details table.
805,Operating pressure,0 to 15 bar,https://www.gemu-group.com/en/products/measurement-and-control-technology/flow-meters/805,2026-06-09,Exact text from the official product-page technical details table.
806,Conformities,ATEX FDA,https://www.gemu-group.com/en/products/measurement-and-control-technology/flow-meters/806,2026-06-09,Exact text from the official product-page technical details table.
806,Connection types,Flange Spigot Union end,https://www.gemu-group.com/en/products/measurement-and-control-technology/flow-meters/806,2026-06-09,Exact text from the official product-page technical details table.
806,Error of measurement,± 1% of final value and ± 3% of measured value,https://www.gemu-group.com/en/products/measurement-and-control-technology/flow-meters/806,2026-06-09,Exact text from the official product-page technical details table.
806,Float materials,1.4571 (316 Ti),https://www.gemu-group.com/en/products/measurement-and-control-technology/flow-meters/806,2026-06-09,Exact text from the official product-page technical details table.
806,Measuring range - Liquids,"0,5 Up to 33000 l/h",https://www.gemu-group.com/en/products/measurement-and-control-technology/flow-meters/806,2026-06-09,Exact text from the official product-page technical details table.
806,Media temperature,-20 to 120 °C,https://www.gemu-group.com/en/products/measurement-and-control-technology/flow-meters/806,2026-06-09,Exact text from the official product-page technical details table.
806,Metering tube materials,"PA, transparent PSU PVC-U, transparent",https://www.gemu-group.com/en/products/measurement-and-control-technology/flow-meters/806,2026-06-09,Exact text from the official product-page technical details table.
806,Nominal sizes,DN 20 to 65,https://www.gemu-group.com/en/products/measurement-and-control-technology/flow-meters/806,2026-06-09,Exact text from the official product-page technical details table.
806,Operating pressure,0 to 15 bar,https://www.gemu-group.com/en/products/measurement-and-control-technology/flow-meters/806,2026-06-09,Exact text from the official product-page technical details table.
807,Conformities,ATEX FDA,https://www.gemu-group.com/en/products/measurement-and-control-technology/flow-meters/807,2026-06-09,Exact text from the official product-page technical details table.
807,Connection types,Flange Spigot Union end,https://www.gemu-group.com/en/products/measurement-and-control-technology/flow-meters/807,2026-06-09,Exact text from the official product-page technical details table.
807,Error of measurement,± 1% of final value and ± 3% of measured value,https://www.gemu-group.com/en/products/measurement-and-control-technology/flow-meters/807,2026-06-09,Exact text from the official product-page technical details table.
807,Float materials,1.4571 (316 Ti),https://www.gemu-group.com/en/products/measurement-and-control-technology/flow-meters/807,2026-06-09,Exact text from the official product-page technical details table.
807,Measuring range - Liquids,1 Up to 20000 l/h,https://www.gemu-group.com/en/products/measurement-and-control-technology/flow-meters/807,2026-06-09,Exact text from the official product-page technical details table.
807,Media temperature,-20 to 120 °C,https://www.gemu-group.com/en/products/measurement-and-control-technology/flow-meters/807,2026-06-09,Exact text from the official product-page technical details table.
807,Metering tube materials,"PA, transparent PSU PVC-U, transparent",https://www.gemu-group.com/en/products/measurement-and-control-technology/flow-meters/807,2026-06-09,Exact text from the official product-page technical details table.
807,Nominal sizes,DN 20 to 65,https://www.gemu-group.com/en/products/measurement-and-control-technology/flow-meters/807,2026-06-09,Exact text from the official product-page technical details table.
807,Operating pressure,0 to 15 bar,https://www.gemu-group.com/en/products/measurement-and-control-technology/flow-meters/807,2026-06-09,Exact text from the official product-page technical details table.
816,Conformities,ATEX FDA,https://www.gemu-group.com/en/products/measurement-and-control-technology/flow-meters/816,2026-06-09,Exact text from the official product-page technical details table.
816,Connection types,Flange Spigot Union end,https://www.gemu-group.com/en/products/measurement-and-control-technology/flow-meters/816,2026-06-09,Exact text from the official product-page technical details table.
816,Error of measurement,± 1% of final value and ± 3% of measured value,https://www.gemu-group.com/en/products/measurement-and-control-technology/flow-meters/816,2026-06-09,Exact text from the official product-page technical details table.
816,Float materials,1.4571 (316 Ti),https://www.gemu-group.com/en/products/measurement-and-control-technology/flow-meters/816,2026-06-09,Exact text from the official product-page technical details table.
816,Measuring range - Liquids,10000 Up to 33000 l/h,https://www.gemu-group.com/en/products/measurement-and-control-technology/flow-meters/816,2026-06-09,Exact text from the official product-page technical details table.
816,Media temperature,-20 to 120 °C,https://www.gemu-group.com/en/products/measurement-and-control-technology/flow-meters/816,2026-06-09,Exact text from the official product-page technical details table.
816,Metering tube materials,"PA, transparent PSU PVC-U, transparent",https://www.gemu-group.com/en/products/measurement-and-control-technology/flow-meters/816,2026-06-09,Exact text from the official product-page technical details table.
816,Nominal sizes,DN 20 to 65,https://www.gemu-group.com/en/products/measurement-and-control-technology/flow-meters/816,2026-06-09,Exact text from the official product-page technical details table.
816,Operating pressure,0 to 15 bar,https://www.gemu-group.com/en/products/measurement-and-control-technology/flow-meters/816,2026-06-09,Exact text from the official product-page technical details table.
817,Conformities,ATEX FDA,https://www.gemu-group.com/en/products/measurement-and-control-technology/flow-meters/817,2026-06-09,Exact text from the official product-page technical details table.
817,Connection types,Flange Spigot Union end,https://www.gemu-group.com/en/products/measurement-and-control-technology/flow-meters/817,2026-06-09,Exact text from the official product-page technical details table.
817,Error of measurement,± 1% of final value and ± 3% of measured value,https://www.gemu-group.com/en/products/measurement-and-control-technology/flow-meters/817,2026-06-09,Exact text from the official product-page technical details table.
817,Float materials,1.4571 (316 Ti),https://www.gemu-group.com/en/products/measurement-and-control-technology/flow-meters/817,2026-06-09,Exact text from the official product-page technical details table.
817,Measuring range - Liquids,1 to 20000 l/h,https://www.gemu-group.com/en/products/measurement-and-control-technology/flow-meters/817,2026-06-09,Exact text from the official product-page technical details table.
817,Media temperature,-20 to 120 °C,https://www.gemu-group.com/en/products/measurement-and-control-technology/flow-meters/817,2026-06-09,Exact text from the official product-page technical details table.
817,Metering tube materials,"PA, transparent PSU PVC-U, transparent",https://www.gemu-group.com/en/products/measurement-and-control-technology/flow-meters/817,2026-06-09,Exact text from the official product-page technical details table.
817,Nominal sizes,DN 20 to 65,https://www.gemu-group.com/en/products/measurement-and-control-technology/flow-meters/817,2026-06-09,Exact text from the official product-page technical details table.
817,Operating pressure,0 to 15 bar,https://www.gemu-group.com/en/products/measurement-and-control-technology/flow-meters/817,2026-06-09,Exact text from the official product-page technical details table.
820,Conformities,ATEX FDA,https://www.gemu-group.com/en/products/measurement-and-control-technology/flow-meters/820,2026-06-09,Exact text from the official product-page technical details table.
820,Connection types,Flange Spigot Union end,https://www.gemu-group.com/en/products/measurement-and-control-technology/flow-meters/820,2026-06-09,Exact text from the official product-page technical details table.
820,Error of measurement,± 1% of final value and ± 3% of measured value,https://www.gemu-group.com/en/products/measurement-and-control-technology/flow-meters/820,2026-06-09,Exact text from the official product-page technical details table.
820,Float materials,PVDF,https://www.gemu-group.com/en/products/measurement-and-control-technology/flow-meters/820,2026-06-09,Exact text from the official product-page technical details table.
820,Measuring range - Liquids,10 Up to 6400 l/h,https://www.gemu-group.com/en/products/measurement-and-control-technology/flow-meters/820,2026-06-09,Exact text from the official product-page technical details table.
820,Media temperature,-20 to 120 °C,https://www.gemu-group.com/en/products/measurement-and-control-technology/flow-meters/820,2026-06-09,Exact text from the official product-page technical details table.
820,Metering tube materials,"PA, transparent PSU PVC-U, transparent",https://www.gemu-group.com/en/products/measurement-and-control-technology/flow-meters/820,2026-06-09,Exact text from the official product-page technical details table.
820,Nominal sizes,DN 20 to 50,https://www.gemu-group.com/en/products/measurement-and-control-technology/flow-meters/820,2026-06-09,Exact text from the official product-page technical details table.
820,Operating pressure,0 to 15 bar,https://www.gemu-group.com/en/products/measurement-and-control-technology/flow-meters/820,2026-06-09,Exact text from the official product-page technical details table.
822,Conformities,ATEX,https://www.gemu-group.com/en/products/measurement-and-control-technology/flow-meters/822,2026-06-09,Exact text from the official product-page technical details table.
822,Connection types,Flange Spigot Union end,https://www.gemu-group.com/en/products/measurement-and-control-technology/flow-meters/822,2026-06-09,Exact text from the official product-page technical details table.
822,Error of measurement,± 1% of final value and ± 3% of measured value,https://www.gemu-group.com/en/products/measurement-and-control-technology/flow-meters/822,2026-06-09,Exact text from the official product-page technical details table.
822,Float materials,PVDF,https://www.gemu-group.com/en/products/measurement-and-control-technology/flow-meters/822,2026-06-09,Exact text from the official product-page technical details table.
822,Measuring range - Liquids,1500 Up to 11000 l/h,https://www.gemu-group.com/en/products/measurement-and-control-technology/flow-meters/822,2026-06-09,Exact text from the official product-page technical details table.
822,Media temperature,-20 to 120 °C,https://www.gemu-group.com/en/products/measurement-and-control-technology/flow-meters/822,2026-06-09,Exact text from the official product-page technical details table.
822,Metering tube materials,"PA, transparent PSU PVC-U, transparent",https://www.gemu-group.com/en/products/measurement-and-control-technology/flow-meters/822,2026-06-09,Exact text from the official product-page technical details table.
822,Nominal sizes,DN 50 to 50,https://www.gemu-group.com/en/products/measurement-and-control-technology/flow-meters/822,2026-06-09,Exact text from the official product-page technical details table.
822,Operating pressure,0 to 15 bar,https://www.gemu-group.com/en/products/measurement-and-control-technology/flow-meters/822,2026-06-09,Exact text from the official product-page technical details table.
825,Conformities,ATEX,https://www.gemu-group.com/en/products/measurement-and-control-technology/flow-meters/825,2026-06-09,Exact text from the official product-page technical details table.
825,Connection types,Flange Spigot Union end,https://www.gemu-group.com/en/products/measurement-and-control-technology/flow-meters/825,2026-06-09,Exact text from the official product-page technical details table.
825,Error of measurement,± 1% of final value and ± 3% of measured value,https://www.gemu-group.com/en/products/measurement-and-control-technology/flow-meters/825,2026-06-09,Exact text from the official product-page technical details table.
825,Float materials,PP,https://www.gemu-group.com/en/products/measurement-and-control-technology/flow-meters/825,2026-06-09,Exact text from the official product-page technical details table.
825,Gas measuring range,"0,2 Up to 200 Nm³/h",https://www.gemu-group.com/en/products/measurement-and-control-technology/flow-meters/825,2026-06-09,Exact text from the official product-page technical details table.
825,Media temperature,-20 to 120 °C,https://www.gemu-group.com/en/products/measurement-and-control-technology/flow-meters/825,2026-06-09,Exact text from the official product-page technical details table.
825,Metering tube materials,"PA, transparent PSU PVC-U, transparent",https://www.gemu-group.com/en/products/measurement-and-control-technology/flow-meters/825,2026-06-09,Exact text from the official product-page technical details table.
825,Nominal sizes,DN 20 to 65,https://www.gemu-group.com/en/products/measurement-and-control-technology/flow-meters/825,2026-06-09,Exact text from the official product-page technical details table.
825,Operating pressure,0 to 15 bar,https://www.gemu-group.com/en/products/measurement-and-control-technology/flow-meters/825,2026-06-09,Exact text from the official product-page technical details table.
8253,Ambient temperature,-10 to 50 °C,https://www.gemu-group.com/en/products/valve-technology/process-solenoid-valves/8253,2026-06-09,Exact text from the official product-page technical details table.
8253,Body materials,"1.4408, investment casting material CW617N, brass",https://www.gemu-group.com/en/products/valve-technology/process-solenoid-valves/8253,2026-06-09,Exact text from the official product-page technical details table.
8253,Conformities,CSA EAC,https://www.gemu-group.com/en/products/valve-technology/process-solenoid-valves/8253,2026-06-09,Exact text from the official product-page technical details table.
8253,Connection standards,DIN ISO NPT,https://www.gemu-group.com/en/products/valve-technology/process-solenoid-valves/8253,2026-06-09,Exact text from the official product-page technical details table.
8253,Connection type,Threaded connection,https://www.gemu-group.com/en/products/valve-technology/process-solenoid-valves/8253,2026-06-09,Exact text from the official product-page technical details table.
8253,Media temperature,-10 to 110 °C,https://www.gemu-group.com/en/products/valve-technology/process-solenoid-valves/8253,2026-06-09,Exact text from the official product-page technical details table.
8253,Nominal sizes,DN 8 to 50,https://www.gemu-group.com/en/products/valve-technology/process-solenoid-valves/8253,2026-06-09,Exact text from the official product-page technical details table.
8253,Operating pressure,0 to 16 bar,https://www.gemu-group.com/en/products/valve-technology/process-solenoid-valves/8253,2026-06-09,Exact text from the official product-page technical details table.
8253,Supply voltages,"110 V AC, 50/60 Hz 230 V AC, 50/60 Hz 24 V AC, 50/60 Hz 24 V DC",https://www.gemu-group.com/en/products/valve-technology/process-solenoid-valves/8253,2026-06-09,Exact text from the official product-page technical details table.
8257,Ambient temperature,-10 to 50 °C,https://www.gemu-group.com/en/products/valve-technology/process-solenoid-valves/8257,2026-06-09,Exact text from the official product-page technical details table.
8257,Body materials,"1.4408, investment casting material CW617N, brass",https://www.gemu-group.com/en/products/valve-technology/process-solenoid-valves/8257,2026-06-09,Exact text from the official product-page technical details table.
8257,Conformities,EAC,https://www.gemu-group.com/en/products/valve-technology/process-solenoid-valves/8257,2026-06-09,Exact text from the official product-page technical details table.
8257,Connection standards,DIN ISO NPT,https://www.gemu-group.com/en/products/valve-technology/process-solenoid-valves/8257,2026-06-09,Exact text from the official product-page technical details table.
8257,Connection type,Threaded connection,https://www.gemu-group.com/en/products/valve-technology/process-solenoid-valves/8257,2026-06-09,Exact text from the official product-page technical details table.
8257,Media temperature,-10 to 150 °C,https://www.gemu-group.com/en/products/valve-technology/process-solenoid-valves/8257,2026-06-09,Exact text from the official product-page technical details table.
8257,Nominal size,DN 10,https://www.gemu-group.com/en/products/valve-technology/process-solenoid-valves/8257,2026-06-09,Exact text from the official product-page technical details table.
8257,Operating pressure,0 to 10 bar,https://www.gemu-group.com/en/products/valve-technology/process-solenoid-valves/8257,2026-06-09,Exact text from the official product-page technical details table.
8257,Supply voltages,"230 V AC, 50 Hz 230 V AC, 60 Hz 24 V AC, 50 Hz 24 V AC, 60 Hz 24 V DC",https://www.gemu-group.com/en/products/valve-technology/process-solenoid-valves/8257,2026-06-09,Exact text from the official product-page technical details table.
8258,Ambient temperature,-10 to 50 °C,https://www.gemu-group.com/en/products/valve-technology/process-solenoid-valves/8258,2026-06-09,Exact text from the official product-page technical details table.
8258,Body materials,"1.4408, investment casting material CW617N, brass",https://www.gemu-group.com/en/products/valve-technology/process-solenoid-valves/8258,2026-06-09,Exact text from the official product-page technical details table.
8258,Conformities,EAC,https://www.gemu-group.com/en/products/valve-technology/process-solenoid-valves/8258,2026-06-09,Exact text from the official product-page technical details table.
8258,Connection standards,DIN ISO NPT,https://www.gemu-group.com/en/products/valve-technology/process-solenoid-valves/8258,2026-06-09,Exact text from the official product-page technical details table.
8258,Connection type,Threaded connection,https://www.gemu-group.com/en/products/valve-technology/process-solenoid-valves/8258,2026-06-09,Exact text from the official product-page technical details table.
8258,Media temperature,-10 to 110 °C,https://www.gemu-group.com/en/products/valve-technology/process-solenoid-valves/8258,2026-06-09,Exact text from the official product-page technical details table.
8258,Nominal sizes,DN 8 to 50,https://www.gemu-group.com/en/products/valve-technology/process-solenoid-valves/8258,2026-06-09,Exact text from the official product-page technical details table.
8258,Operating pressure,"0,1 to 16 bar",https://www.gemu-group.com/en/products/valve-technology/process-solenoid-valves/8258,2026-06-09,Exact text from the official product-page technical details table.
8258,Supply voltages,"110 V AC, 50/60 Hz 230 V AC, 50/60 Hz 24 V AC, 50/60 Hz 24 V DC",https://www.gemu-group.com/en/products/valve-technology/process-solenoid-valves/8258,2026-06-09,Exact text from the official product-page technical details table.
8259,Ambient temperature,-10 to 50 °C,https://www.gemu-group.com/en/products/valve-technology/process-solenoid-valves/8259,2026-06-09,Exact text from the official product-page technical details table.
8259,Body materials,"1.4408, investment casting material CW617N, brass",https://www.gemu-group.com/en/products/valve-technology/process-solenoid-valves/8259,2026-06-09,Exact text from the official product-page technical details table.
8259,Conformities,ATEX EAC,https://www.gemu-group.com/en/products/valve-technology/process-solenoid-valves/8259,2026-06-09,Exact text from the official product-page technical details table.
8259,Connection standards,DIN ISO NPT,https://www.gemu-group.com/en/products/valve-technology/process-solenoid-valves/8259,2026-06-09,Exact text from the official product-page technical details table.
8259,Connection types,thread,https://www.gemu-group.com/en/products/valve-technology/process-solenoid-valves/8259,2026-06-09,Exact text from the official product-page technical details table.
8259,Media temperature,-10 to 110 °C,https://www.gemu-group.com/en/products/valve-technology/process-solenoid-valves/8259,2026-06-09,Exact text from the official product-page technical details table.
8259,Nominal sizes,DN 2 to 5,https://www.gemu-group.com/en/products/valve-technology/process-solenoid-valves/8259,2026-06-09,Exact text from the official product-page technical details table.
8259,Operating pressure,0 to 20 bar,https://www.gemu-group.com/en/products/valve-technology/process-solenoid-valves/8259,2026-06-09,Exact text from the official product-page technical details table.
8259,Supply voltages,"110 V AC, 50 Hz 230 V AC, 50 Hz 24 V DC",https://www.gemu-group.com/en/products/valve-technology/process-solenoid-valves/8259,2026-06-09,Exact text from the official product-page technical details table.
830,Conformities,ATEX FDA,https://www.gemu-group.com/en/products/measurement-and-control-technology/flow-meters/830,2026-06-09,Exact text from the official product-page technical details table.
830,Connection types,Flange Spigot Union end,https://www.gemu-group.com/en/products/measurement-and-control-technology/flow-meters/830,2026-06-09,Exact text from the official product-page technical details table.
830,Error of measurement,± 1% of final value and ± 3% of measured value,https://www.gemu-group.com/en/products/measurement-and-control-technology/flow-meters/830,2026-06-09,Exact text from the official product-page technical details table.
830,Float materials,PVDF,https://www.gemu-group.com/en/products/measurement-and-control-technology/flow-meters/830,2026-06-09,Exact text from the official product-page technical details table.
830,Measuring range - Liquids,10 to 6400 l/h,https://www.gemu-group.com/en/products/measurement-and-control-technology/flow-meters/830,2026-06-09,Exact text from the official product-page technical details table.
830,Media temperature,-20 to 120 °C,https://www.gemu-group.com/en/products/measurement-and-control-technology/flow-meters/830,2026-06-09,Exact text from the official product-page technical details table.
830,Metering tube materials,"PA, transparent PSU PVC-U, transparent",https://www.gemu-group.com/en/products/measurement-and-control-technology/flow-meters/830,2026-06-09,Exact text from the official product-page technical details table.
830,Nominal sizes,DN 20 to 50,https://www.gemu-group.com/en/products/measurement-and-control-technology/flow-meters/830,2026-06-09,Exact text from the official product-page technical details table.
830,Operating pressure,0 to 15 bar,https://www.gemu-group.com/en/products/measurement-and-control-technology/flow-meters/830,2026-06-09,Exact text from the official product-page technical details table.
8303,Ambient temperature,-10 to 60 °C,https://www.gemu-group.com/en/products/measurement-and-control-technology/pilot-valves/8303,2026-06-09,Exact text from the official product-page technical details table.
8303,Body materials,1.4581 Aluminium,https://www.gemu-group.com/en/products/measurement-and-control-technology/pilot-valves/8303,2026-06-09,Exact text from the official product-page technical details table.
8303,Conformities,ATEX EAC,https://www.gemu-group.com/en/products/measurement-and-control-technology/pilot-valves/8303,2026-06-09,Exact text from the official product-page technical details table.
8303,Connection standards,DIN,https://www.gemu-group.com/en/products/measurement-and-control-technology/pilot-valves/8303,2026-06-09,Exact text from the official product-page technical details table.
8303,Connection types,Threaded connection,https://www.gemu-group.com/en/products/measurement-and-control-technology/pilot-valves/8303,2026-06-09,Exact text from the official product-page technical details table.
8303,Electrical connection types,"Plug, design A",https://www.gemu-group.com/en/products/measurement-and-control-technology/pilot-valves/8303,2026-06-09,Exact text from the official product-page technical details table.
8303,Media temperature,-10 to 60 °C,https://www.gemu-group.com/en/products/measurement-and-control-technology/pilot-valves/8303,2026-06-09,Exact text from the official product-page technical details table.
8303,Nominal size,DN 2,https://www.gemu-group.com/en/products/measurement-and-control-technology/pilot-valves/8303,2026-06-09,Exact text from the official product-page technical details table.
8303,Operating pressure,1 to 10 bar,https://www.gemu-group.com/en/products/measurement-and-control-technology/pilot-valves/8303,2026-06-09,Exact text from the official product-page technical details table.
8303,Supply voltages,"110 V AC, 50 Hz 230 V AC, 50 Hz 24 V AC, 50 Hz 24 V DC",https://www.gemu-group.com/en/products/measurement-and-control-technology/pilot-valves/8303,2026-06-09,Exact text from the official product-page technical details table.
831,Conformities,ATEX,https://www.gemu-group.com/en/products/measurement-and-control-technology/flow-meters/831,2026-06-09,Exact text from the official product-page technical details table.
831,Connection types,Flange Spigot Union end,https://www.gemu-group.com/en/products/measurement-and-control-technology/flow-meters/831,2026-06-09,Exact text from the official product-page technical details table.
831,Error of measurement,± 1% of final value and ± 3% of measured value,https://www.gemu-group.com/en/products/measurement-and-control-technology/flow-meters/831,2026-06-09,Exact text from the official product-page technical details table.
831,Float materials,PVC-U,https://www.gemu-group.com/en/products/measurement-and-control-technology/flow-meters/831,2026-06-09,Exact text from the official product-page technical details table.
831,Gas measuring range,"0,75 Up to 450 Nm³/h",https://www.gemu-group.com/en/products/measurement-and-control-technology/flow-meters/831,2026-06-09,Exact text from the official product-page technical details table.
831,Media temperature,-20 to 120 °C,https://www.gemu-group.com/en/products/measurement-and-control-technology/flow-meters/831,2026-06-09,Exact text from the official product-page technical details table.
831,Metering tube materials,"PA, transparent PSU PVC-U, transparent",https://www.gemu-group.com/en/products/measurement-and-control-technology/flow-meters/831,2026-06-09,Exact text from the official product-page technical details table.
831,Nominal sizes,DN 20 to 65,https://www.gemu-group.com/en/products/measurement-and-control-technology/flow-meters/831,2026-06-09,Exact text from the official product-page technical details table.
831,Operating pressure,0 to 15 bar,https://www.gemu-group.com/en/products/measurement-and-control-technology/flow-meters/831,2026-06-09,Exact text from the official product-page technical details table.
832,Conformities,ATEX,https://www.gemu-group.com/en/products/measurement-and-control-technology/flow-meters/832,2026-06-09,Exact text from the official product-page technical details table.
832,Connection types,Flange Spigot Union end,https://www.gemu-group.com/en/products/measurement-and-control-technology/flow-meters/832,2026-06-09,Exact text from the official product-page technical details table.
832,Error of measurement,± 1% of final value and ± 3% of measured value,https://www.gemu-group.com/en/products/measurement-and-control-technology/flow-meters/832,2026-06-09,Exact text from the official product-page technical details table.
832,Float materials,PVDF,https://www.gemu-group.com/en/products/measurement-and-control-technology/flow-meters/832,2026-06-09,Exact text from the official product-page technical details table.
832,Measuring range - Liquids,1500 to 11000 l/h,https://www.gemu-group.com/en/products/measurement-and-control-technology/flow-meters/832,2026-06-09,Exact text from the official product-page technical details table.
832,Media temperature,-20 to 120 °C,https://www.gemu-group.com/en/products/measurement-and-control-technology/flow-meters/832,2026-06-09,Exact text from the official product-page technical details table.
832,Metering tube materials,"PA, transparent PSU PVC-U, transparent",https://www.gemu-group.com/en/products/measurement-and-control-technology/flow-meters/832,2026-06-09,Exact text from the official product-page technical details table.
832,Nominal sizes,DN 20 to 65,https://www.gemu-group.com/en/products/measurement-and-control-technology/flow-meters/832,2026-06-09,Exact text from the official product-page technical details table.
832,Operating pressure,0 to 15 bar,https://www.gemu-group.com/en/products/measurement-and-control-technology/flow-meters/832,2026-06-09,Exact text from the official product-page technical details table.
835,Conformities,ATEX,https://www.gemu-group.com/en/products/measurement-and-control-technology/flow-meters/835,2026-06-09,Exact text from the official product-page technical details table.
835,Connection types,Flange Spigot Union end,https://www.gemu-group.com/en/products/measurement-and-control-technology/flow-meters/835,2026-06-09,Exact text from the official product-page technical details table.
835,Error of measurement,± 1% of final value and ± 3% of measured value,https://www.gemu-group.com/en/products/measurement-and-control-technology/flow-meters/835,2026-06-09,Exact text from the official product-page technical details table.
835,Float materials,PP,https://www.gemu-group.com/en/products/measurement-and-control-technology/flow-meters/835,2026-06-09,Exact text from the official product-page technical details table.
835,Gas measuring range,"0,75 Up to 450 Nm³/h",https://www.gemu-group.com/en/products/measurement-and-control-technology/flow-meters/835,2026-06-09,Exact text from the official product-page technical details table.
835,Media temperature,-20 to 120 °C,https://www.gemu-group.com/en/products/measurement-and-control-technology/flow-meters/835,2026-06-09,Exact text from the official product-page technical details table.
835,Metering tube materials,"PA, transparent PSU PVC-U, transparent",https://www.gemu-group.com/en/products/measurement-and-control-technology/flow-meters/835,2026-06-09,Exact text from the official product-page technical details table.
835,Nominal sizes,DN 20 to 65,https://www.gemu-group.com/en/products/measurement-and-control-technology/flow-meters/835,2026-06-09,Exact text from the official product-page technical details table.
835,Operating pressure,0 to 15 bar,https://www.gemu-group.com/en/products/measurement-and-control-technology/flow-meters/835,2026-06-09,Exact text from the official product-page technical details table.
840,Connection types,Spigot,https://www.gemu-group.com/en/products/measurement-and-control-technology/flow-meters/840,2026-06-09,Exact text from the official product-page technical details table.
840,Error of measurement,± 1% of final value and ± 3% of measured value,https://www.gemu-group.com/en/products/measurement-and-control-technology/flow-meters/840,2026-06-09,Exact text from the official product-page technical details table.
840,Float materials,PP PVC-U,https://www.gemu-group.com/en/products/measurement-and-control-technology/flow-meters/840,2026-06-09,Exact text from the official product-page technical details table.
840,Measuring range - Liquids,2500 Up to 50000 l/h,https://www.gemu-group.com/en/products/measurement-and-control-technology/flow-meters/840,2026-06-09,Exact text from the official product-page technical details table.
840,Media temperature,5 to 90 °C,https://www.gemu-group.com/en/products/measurement-and-control-technology/flow-meters/840,2026-06-09,Exact text from the official product-page technical details table.
840,Metering tube materials,PSU,https://www.gemu-group.com/en/products/measurement-and-control-technology/flow-meters/840,2026-06-09,Exact text from the official product-page technical details table.
840,Nominal sizes,DN 65 to 65,https://www.gemu-group.com/en/products/measurement-and-control-technology/flow-meters/840,2026-06-09,Exact text from the official product-page technical details table.
840,Operating pressure,0 to 10 bar,https://www.gemu-group.com/en/products/measurement-and-control-technology/flow-meters/840,2026-06-09,Exact text from the official product-page technical details table.
841,Connection types,Spigot,https://www.gemu-group.com/en/products/measurement-and-control-technology/flow-meters/841,2026-06-09,Exact text from the official product-page technical details table.
841,Error of measurement,± 1% of final value and ± 3% of measured value,https://www.gemu-group.com/en/products/measurement-and-control-technology/flow-meters/841,2026-06-09,Exact text from the official product-page technical details table.
841,Float materials,PVC-U,https://www.gemu-group.com/en/products/measurement-and-control-technology/flow-meters/841,2026-06-09,Exact text from the official product-page technical details table.
841,Measuring range - Liquids,2500 to 50000 l/h,https://www.gemu-group.com/en/products/measurement-and-control-technology/flow-meters/841,2026-06-09,Exact text from the official product-page technical details table.
841,Media temperature,5 to 90 °C,https://www.gemu-group.com/en/products/measurement-and-control-technology/flow-meters/841,2026-06-09,Exact text from the official product-page technical details table.
841,Metering tube materials,PSU,https://www.gemu-group.com/en/products/measurement-and-control-technology/flow-meters/841,2026-06-09,Exact text from the official product-page technical details table.
841,Nominal sizes,DN 65 to 65,https://www.gemu-group.com/en/products/measurement-and-control-technology/flow-meters/841,2026-06-09,Exact text from the official product-page technical details table.
841,Operating pressure,0 to 10 bar,https://www.gemu-group.com/en/products/measurement-and-control-technology/flow-meters/841,2026-06-09,Exact text from the official product-page technical details table.
845,Connection types,Spigot,https://www.gemu-group.com/en/products/measurement-and-control-technology/flow-meters/845,2026-06-09,Exact text from the official product-page technical details table.
845,Error of measurement,± 1% of final value and ± 3% of measured value,https://www.gemu-group.com/en/products/measurement-and-control-technology/flow-meters/845,2026-06-09,Exact text from the official product-page technical details table.
845,Float materials,PP,https://www.gemu-group.com/en/products/measurement-and-control-technology/flow-meters/845,2026-06-09,Exact text from the official product-page technical details table.
845,Measuring range - Liquids,2500 Up to 50000 l/h,https://www.gemu-group.com/en/products/measurement-and-control-technology/flow-meters/845,2026-06-09,Exact text from the official product-page technical details table.
845,Media temperature,5 to 90 °C,https://www.gemu-group.com/en/products/measurement-and-control-technology/flow-meters/845,2026-06-09,Exact text from the official product-page technical details table.
845,Metering tube materials,PSU,https://www.gemu-group.com/en/products/measurement-and-control-technology/flow-meters/845,2026-06-09,Exact text from the official product-page technical details table.
845,Nominal sizes,DN 65 to 65,https://www.gemu-group.com/en/products/measurement-and-control-technology/flow-meters/845,2026-06-09,Exact text from the official product-page technical details table.
845,Operating pressure,0 to 10 bar,https://www.gemu-group.com/en/products/measurement-and-control-technology/flow-meters/845,2026-06-09,Exact text from the official product-page technical details table.
8500,Ambient temperature,-10 to 60 °C,https://www.gemu-group.com/en/products/measurement-and-control-technology/pilot-valves/8500,2026-06-09,Exact text from the official product-page technical details table.
8500,Body materials,Aluminium,https://www.gemu-group.com/en/products/measurement-and-control-technology/pilot-valves/8500,2026-06-09,Exact text from the official product-page technical details table.
8500,Conformities,ATEX FMEDA IECEx,https://www.gemu-group.com/en/products/measurement-and-control-technology/pilot-valves/8500,2026-06-09,Exact text from the official product-page technical details table.
8500,Connection types,Threaded connection,https://www.gemu-group.com/en/products/measurement-and-control-technology/pilot-valves/8500,2026-06-09,Exact text from the official product-page technical details table.
8500,Electrical connection types,"Plug, design B",https://www.gemu-group.com/en/products/measurement-and-control-technology/pilot-valves/8500,2026-06-09,Exact text from the official product-page technical details table.
8500,Media temperature,-10 to 60 °C,https://www.gemu-group.com/en/products/measurement-and-control-technology/pilot-valves/8500,2026-06-09,Exact text from the official product-page technical details table.
8500,Nominal size,DN 7,https://www.gemu-group.com/en/products/measurement-and-control-technology/pilot-valves/8500,2026-06-09,Exact text from the official product-page technical details table.
8500,Operating pressure,"2,5 to 10 bar",https://www.gemu-group.com/en/products/measurement-and-control-technology/pilot-valves/8500,2026-06-09,Exact text from the official product-page technical details table.
8500,Supply voltages,"110 V AC, 50/60 Hz 12 V DC 230 V AC, 50/60 Hz 24 V AC, 50/60 Hz 24 V DC",https://www.gemu-group.com/en/products/measurement-and-control-technology/pilot-valves/8500,2026-06-09,Exact text from the official product-page technical details table.
8506,Ambient temperature,-10 to 50 °C,https://www.gemu-group.com/en/products/measurement-and-control-technology/pilot-valves/8506,2026-06-09,Exact text from the official product-page technical details table.
8506,Body materials,Aluminium,https://www.gemu-group.com/en/products/measurement-and-control-technology/pilot-valves/8506,2026-06-09,Exact text from the official product-page technical details table.
8506,Conformities,EAC,https://www.gemu-group.com/en/products/measurement-and-control-technology/pilot-valves/8506,2026-06-09,Exact text from the official product-page technical details table.
8506,Connection types,thread,https://www.gemu-group.com/en/products/measurement-and-control-technology/pilot-valves/8506,2026-06-09,Exact text from the official product-page technical details table.
8506,Electrical connection types,"Plug, design A",https://www.gemu-group.com/en/products/measurement-and-control-technology/pilot-valves/8506,2026-06-09,Exact text from the official product-page technical details table.
8506,Media temperature,-10 to 50 °C,https://www.gemu-group.com/en/products/measurement-and-control-technology/pilot-valves/8506,2026-06-09,Exact text from the official product-page technical details table.
8506,Nominal size,DN 6,https://www.gemu-group.com/en/products/measurement-and-control-technology/pilot-valves/8506,2026-06-09,Exact text from the official product-page technical details table.
8506,Operating pressure,2 to 8 bar,https://www.gemu-group.com/en/products/measurement-and-control-technology/pilot-valves/8506,2026-06-09,Exact text from the official product-page technical details table.
8506,Supply voltages,"110 V AC, 50 Hz 230 V AC, 50 Hz 24 V AC, 50 Hz 24 V DC",https://www.gemu-group.com/en/products/measurement-and-control-technology/pilot-valves/8506,2026-06-09,Exact text from the official product-page technical details table.
851,Conformities,ATEX,https://www.gemu-group.com/en/products/measurement-and-control-technology/flow-meters/851,2026-06-09,Exact text from the official product-page technical details table.
851,Connection types,Flange Spigot Union end,https://www.gemu-group.com/en/products/measurement-and-control-technology/flow-meters/851,2026-06-09,Exact text from the official product-page technical details table.
851,Error of measurement,± 1% of final value and ± 3% of measured value,https://www.gemu-group.com/en/products/measurement-and-control-technology/flow-meters/851,2026-06-09,Exact text from the official product-page technical details table.
851,Float materials,PVC-U,https://www.gemu-group.com/en/products/measurement-and-control-technology/flow-meters/851,2026-06-09,Exact text from the official product-page technical details table.
851,Measuring range - Liquids,"0,025 Up to 1000 l/h",https://www.gemu-group.com/en/products/measurement-and-control-technology/flow-meters/851,2026-06-09,Exact text from the official product-page technical details table.
851,Media temperature,-20 to 120 °C,https://www.gemu-group.com/en/products/measurement-and-control-technology/flow-meters/851,2026-06-09,Exact text from the official product-page technical details table.
851,Metering tube materials,"PA, transparent PSU PVC-U, transparent PVDF",https://www.gemu-group.com/en/products/measurement-and-control-technology/flow-meters/851,2026-06-09,Exact text from the official product-page technical details table.
851,Nominal sizes,DN 15 to 25,https://www.gemu-group.com/en/products/measurement-and-control-technology/flow-meters/851,2026-06-09,Exact text from the official product-page technical details table.
851,Operating pressure,0 to 15 bar,https://www.gemu-group.com/en/products/measurement-and-control-technology/flow-meters/851,2026-06-09,Exact text from the official product-page technical details table.
855,Conformities,ATEX,https://www.gemu-group.com/en/products/measurement-and-control-technology/flow-meters/855,2026-06-09,Exact text from the official product-page technical details table.
855,Connection types,Flange Spigot Union end,https://www.gemu-group.com/en/products/measurement-and-control-technology/flow-meters/855,2026-06-09,Exact text from the official product-page technical details table.
855,Error of measurement,± 1% of final value and ± 3% of measured value,https://www.gemu-group.com/en/products/measurement-and-control-technology/flow-meters/855,2026-06-09,Exact text from the official product-page technical details table.
855,Float materials,PP,https://www.gemu-group.com/en/products/measurement-and-control-technology/flow-meters/855,2026-06-09,Exact text from the official product-page technical details table.
855,Measuring range - Liquids,"0,025 Up to 1000 l/h",https://www.gemu-group.com/en/products/measurement-and-control-technology/flow-meters/855,2026-06-09,Exact text from the official product-page technical details table.
855,Media temperature,-20 to 120 °C,https://www.gemu-group.com/en/products/measurement-and-control-technology/flow-meters/855,2026-06-09,Exact text from the official product-page technical details table.
855,Metering tube materials,"PA, transparent PSU PVC-U, transparent PVDF",https://www.gemu-group.com/en/products/measurement-and-control-technology/flow-meters/855,2026-06-09,Exact text from the official product-page technical details table.
855,Nominal sizes,DN 10 to 25,https://www.gemu-group.com/en/products/measurement-and-control-technology/flow-meters/855,2026-06-09,Exact text from the official product-page technical details table.
855,Operating pressure,0 to 15 bar,https://www.gemu-group.com/en/products/measurement-and-control-technology/flow-meters/855,2026-06-09,Exact text from the official product-page technical details table.
857,Conformities,ATEX FDA,https://www.gemu-group.com/en/products/measurement-and-control-technology/flow-meters/857,2026-06-09,Exact text from the official product-page technical details table.
857,Connection types,Flange Spigot Union end,https://www.gemu-group.com/en/products/measurement-and-control-technology/flow-meters/857,2026-06-09,Exact text from the official product-page technical details table.
857,Error of measurement,± 1% of final value and ± 3% of measured value,https://www.gemu-group.com/en/products/measurement-and-control-technology/flow-meters/857,2026-06-09,Exact text from the official product-page technical details table.
857,Float materials,1.4571 (316 Ti),https://www.gemu-group.com/en/products/measurement-and-control-technology/flow-meters/857,2026-06-09,Exact text from the official product-page technical details table.
857,Measuring range - Liquids,"0,05 Up to 1600 l/h",https://www.gemu-group.com/en/products/measurement-and-control-technology/flow-meters/857,2026-06-09,Exact text from the official product-page technical details table.
857,Media temperature,-20 to 120 °C,https://www.gemu-group.com/en/products/measurement-and-control-technology/flow-meters/857,2026-06-09,Exact text from the official product-page technical details table.
857,Metering tube materials,"PA, transparent PSU PVC-U, transparent PVDF",https://www.gemu-group.com/en/products/measurement-and-control-technology/flow-meters/857,2026-06-09,Exact text from the official product-page technical details table.
857,Nominal sizes,DN 10 to 25,https://www.gemu-group.com/en/products/measurement-and-control-technology/flow-meters/857,2026-06-09,Exact text from the official product-page technical details table.
857,Operating pressure,0 to 15 bar,https://www.gemu-group.com/en/products/measurement-and-control-technology/flow-meters/857,2026-06-09,Exact text from the official product-page technical details table.
865,Conformities,ATEX,https://www.gemu-group.com/en/products/measurement-and-control-technology/flow-meters/865,2026-06-09,Exact text from the official product-page technical details table.
865,Connection types,Flange Spigot Union end,https://www.gemu-group.com/en/products/measurement-and-control-technology/flow-meters/865,2026-06-09,Exact text from the official product-page technical details table.
865,Error of measurement,± 1% of final value and ± 3% of measured value,https://www.gemu-group.com/en/products/measurement-and-control-technology/flow-meters/865,2026-06-09,Exact text from the official product-page technical details table.
865,Float materials,PP,https://www.gemu-group.com/en/products/measurement-and-control-technology/flow-meters/865,2026-06-09,Exact text from the official product-page technical details table.
865,Measuring range - Liquids,"0,025 Up to 1000 l/h",https://www.gemu-group.com/en/products/measurement-and-control-technology/flow-meters/865,2026-06-09,Exact text from the official product-page technical details table.
865,Media temperature,-20 to 120 °C,https://www.gemu-group.com/en/products/measurement-and-control-technology/flow-meters/865,2026-06-09,Exact text from the official product-page technical details table.
865,Metering tube materials,"PA, transparent PSU PVC-U, transparent PVDF",https://www.gemu-group.com/en/products/measurement-and-control-technology/flow-meters/865,2026-06-09,Exact text from the official product-page technical details table.
865,Nominal sizes,DN 10 to 25,https://www.gemu-group.com/en/products/measurement-and-control-technology/flow-meters/865,2026-06-09,Exact text from the official product-page technical details table.
865,Operating pressure,0 to 15 bar,https://www.gemu-group.com/en/products/measurement-and-control-technology/flow-meters/865,2026-06-09,Exact text from the official product-page technical details table.
875,Conformities,ATEX,https://www.gemu-group.com/en/products/measurement-and-control-technology/flow-meters/875,2026-06-09,Exact text from the official product-page technical details table.
875,Connection types,Flange Spigot Union end,https://www.gemu-group.com/en/products/measurement-and-control-technology/flow-meters/875,2026-06-09,Exact text from the official product-page technical details table.
875,Error of measurement,± 1% of final value and ± 3% of measured value,https://www.gemu-group.com/en/products/measurement-and-control-technology/flow-meters/875,2026-06-09,Exact text from the official product-page technical details table.
875,Float materials,PP,https://www.gemu-group.com/en/products/measurement-and-control-technology/flow-meters/875,2026-06-09,Exact text from the official product-page technical details table.
875,Gas measuring range,"0,02 Up to 16 Nm³/h",https://www.gemu-group.com/en/products/measurement-and-control-technology/flow-meters/875,2026-06-09,Exact text from the official product-page technical details table.
875,Media temperature,-20 to 120 °C,https://www.gemu-group.com/en/products/measurement-and-control-technology/flow-meters/875,2026-06-09,Exact text from the official product-page technical details table.
875,Metering tube materials,"PA, transparent PSU PVC-U, transparent",https://www.gemu-group.com/en/products/measurement-and-control-technology/flow-meters/875,2026-06-09,Exact text from the official product-page technical details table.
875,Nominal sizes,DN 10 to 25,https://www.gemu-group.com/en/products/measurement-and-control-technology/flow-meters/875,2026-06-09,Exact text from the official product-page technical details table.
875,Operating pressure,0 to 15 bar,https://www.gemu-group.com/en/products/measurement-and-control-technology/flow-meters/875,2026-06-09,Exact text from the official product-page technical details table.
B20,Ambient temperature,-40 Up to 60 °C,https://www.gemu-group.com/en/products/valve-technology/ball-valves/b20,2026-06-09,Exact text from the official product-page technical details table.
B20,Body configurations,Straight through body,https://www.gemu-group.com/en/products/valve-technology/ball-valves/b20,2026-06-09,Exact text from the official product-page technical details table.
B20,Body materials,"1.4408, investment casting material",https://www.gemu-group.com/en/products/valve-technology/ball-valves/b20,2026-06-09,Exact text from the official product-page technical details table.
B20,Conformities,DVGW Gas EAC FDA FMEDA Functional safety Reg. (EU) No. 10/2011 Regulation (EC) No. 1935/2004,https://www.gemu-group.com/en/products/valve-technology/ball-valves/b20,2026-06-09,Exact text from the official product-page technical details table.
B20,Connection standards,DIN NPT,https://www.gemu-group.com/en/products/valve-technology/ball-valves/b20,2026-06-09,Exact text from the official product-page technical details table.
B20,Connection types,thread,https://www.gemu-group.com/en/products/valve-technology/ball-valves/b20,2026-06-09,Exact text from the official product-page technical details table.
B20,Media temperature,-40 to 180 °C,https://www.gemu-group.com/en/products/valve-technology/ball-valves/b20,2026-06-09,Exact text from the official product-page technical details table.
B20,Nominal sizes,DN 8 to 65,https://www.gemu-group.com/en/products/valve-technology/ball-valves/b20,2026-06-09,Exact text from the official product-page technical details table.
B20,Operating pressure,0 Up to 63 bar,https://www.gemu-group.com/en/products/valve-technology/ball-valves/b20,2026-06-09,Exact text from the official product-page technical details table.
B20,Seal materials,PTFE,https://www.gemu-group.com/en/products/valve-technology/ball-valves/b20,2026-06-09,Exact text from the official product-page technical details table.
B22,Ambient temperature,-40 Up to 60 °C,https://www.gemu-group.com/en/products/valve-technology/ball-valves/b22,2026-06-09,Exact text from the official product-page technical details table.
B22,Ball configurations,Control ball,https://www.gemu-group.com/en/products/valve-technology/ball-valves/b22,2026-06-09,Exact text from the official product-page technical details table.
B22,Body configurations,Straight through body,https://www.gemu-group.com/en/products/valve-technology/ball-valves/b22,2026-06-09,Exact text from the official product-page technical details table.
B22,Body materials,"1.4408, investment casting material",https://www.gemu-group.com/en/products/valve-technology/ball-valves/b22,2026-06-09,Exact text from the official product-page technical details table.
B22,Conformities,ASME GEMÜ B31.3 EAC FDA Functional safety Oxygen Reg. (EU) No. 10/2011 Regulation (EC) No. 1935/2004 Regulation (EC) No. 2023/2006 TA Luft (German Clean Air Act),https://www.gemu-group.com/en/products/valve-technology/ball-valves/b22,2026-06-09,Exact text from the official product-page technical details table.
B22,Connection standards,ASME DIN EN ISO NPT,https://www.gemu-group.com/en/products/valve-technology/ball-valves/b22,2026-06-09,Exact text from the official product-page technical details table.
B22,Connection types,Flange Spigot thread,https://www.gemu-group.com/en/products/valve-technology/ball-valves/b22,2026-06-09,Exact text from the official product-page technical details table.
B22,Media temperature,-40 to 180 °C,https://www.gemu-group.com/en/products/valve-technology/ball-valves/b22,2026-06-09,Exact text from the official product-page technical details table.
B22,Nominal sizes,DN 8 to 100,https://www.gemu-group.com/en/products/valve-technology/ball-valves/b22,2026-06-09,Exact text from the official product-page technical details table.
B22,Operating pressure,0 Up to 63 bar,https://www.gemu-group.com/en/products/valve-technology/ball-valves/b22,2026-06-09,Exact text from the official product-page technical details table.
B22,Seal materials,PTFE,https://www.gemu-group.com/en/products/valve-technology/ball-valves/b22,2026-06-09,Exact text from the official product-page technical details table.
B26,Ambient temperature,-20 Up to 60 °C,https://www.gemu-group.com/en/products/valve-technology/ball-valves/b26,2026-06-09,Exact text from the official product-page technical details table.
B26,Ball configurations,Control ball,https://www.gemu-group.com/en/products/valve-technology/ball-valves/b26,2026-06-09,Exact text from the official product-page technical details table.
B26,Body configurations,Straight through body,https://www.gemu-group.com/en/products/valve-technology/ball-valves/b26,2026-06-09,Exact text from the official product-page technical details table.
B26,Body materials,"1.4408, investment casting material",https://www.gemu-group.com/en/products/valve-technology/ball-valves/b26,2026-06-09,Exact text from the official product-page technical details table.
B26,Conformities,EAC FDA Reg. (EU) No. 10/2011 Regulation (EC) No. 1935/2004 Regulation (EC) No. 2023/2006 TA Luft (German Clean Air Act),https://www.gemu-group.com/en/products/valve-technology/ball-valves/b26,2026-06-09,Exact text from the official product-page technical details table.
B26,Connection standards,ANSI EN,https://www.gemu-group.com/en/products/valve-technology/ball-valves/b26,2026-06-09,Exact text from the official product-page technical details table.
B26,Connection types,Flange,https://www.gemu-group.com/en/products/valve-technology/ball-valves/b26,2026-06-09,Exact text from the official product-page technical details table.
B26,Media temperature,-20 to 180 °C,https://www.gemu-group.com/en/products/valve-technology/ball-valves/b26,2026-06-09,Exact text from the official product-page technical details table.
B26,Nominal sizes,DN 15 to 100,https://www.gemu-group.com/en/products/valve-technology/ball-valves/b26,2026-06-09,Exact text from the official product-page technical details table.
B26,Operating pressure,0 Up to 40 bar,https://www.gemu-group.com/en/products/valve-technology/ball-valves/b26,2026-06-09,Exact text from the official product-page technical details table.
B26,Seal materials,PTFE,https://www.gemu-group.com/en/products/valve-technology/ball-valves/b26,2026-06-09,Exact text from the official product-page technical details table.
B27,Ambient temperature,-40 Up to 60 °C,https://www.gemu-group.com/en/products/valve-technology/ball-valves/b27,2026-06-09,Exact text from the official product-page technical details table.
B27,Ball configurations,L-port T-port,https://www.gemu-group.com/en/products/valve-technology/ball-valves/b27,2026-06-09,Exact text from the official product-page technical details table.
B27,Body configurations,Multi-port body,https://www.gemu-group.com/en/products/valve-technology/ball-valves/b27,2026-06-09,Exact text from the official product-page technical details table.
B27,Body materials,"1.4408, investment casting material",https://www.gemu-group.com/en/products/valve-technology/ball-valves/b27,2026-06-09,Exact text from the official product-page technical details table.
B27,Conformities,FDA Functional safety Reg. (EU) No. 10/2011 Regulation (EC) No. 1935/2004 Regulation (EC) No. 2023/2006,https://www.gemu-group.com/en/products/valve-technology/ball-valves/b27,2026-06-09,Exact text from the official product-page technical details table.
B27,Connection standards,DIN NPT,https://www.gemu-group.com/en/products/valve-technology/ball-valves/b27,2026-06-09,Exact text from the official product-page technical details table.
B27,Connection types,thread,https://www.gemu-group.com/en/products/valve-technology/ball-valves/b27,2026-06-09,Exact text from the official product-page technical details table.
B27,Media temperature,-40 to 180 °C,https://www.gemu-group.com/en/products/valve-technology/ball-valves/b27,2026-06-09,Exact text from the official product-page technical details table.
B27,Nominal sizes,DN 8 to 50,https://www.gemu-group.com/en/products/valve-technology/ball-valves/b27,2026-06-09,Exact text from the official product-page technical details table.
B27,Operating pressure,0 Up to 40 bar,https://www.gemu-group.com/en/products/valve-technology/ball-valves/b27,2026-06-09,Exact text from the official product-page technical details table.
B27,Seal materials,PTFE,https://www.gemu-group.com/en/products/valve-technology/ball-valves/b27,2026-06-09,Exact text from the official product-page technical details table.
B2F,Ambient temperature,-20 Up to 60 °C,https://www.gemu-group.com/en/products/valve-technology/ball-valves/b2f,2026-06-09,Exact text from the official product-page technical details table.
B2F,Ball configurations,"Control ball Standard ball, full bore",https://www.gemu-group.com/en/products/valve-technology/ball-valves/b2f,2026-06-09,Exact text from the official product-page technical details table.
B2F,Body configurations,Straight through body,https://www.gemu-group.com/en/products/valve-technology/ball-valves/b2f,2026-06-09,Exact text from the official product-page technical details table.
B2F,Body materials,"1.4408, investment casting material",https://www.gemu-group.com/en/products/valve-technology/ball-valves/b2f,2026-06-09,Exact text from the official product-page technical details table.
B2F,Conformities,EAC FireSafe FMEDA TA Luft (German Clean Air Act),https://www.gemu-group.com/en/products/valve-technology/ball-valves/b2f,2026-06-09,Exact text from the official product-page technical details table.
B2F,Connection standards,ASME DIN EN,https://www.gemu-group.com/en/products/valve-technology/ball-valves/b2f,2026-06-09,Exact text from the official product-page technical details table.
B2F,Connection types,Flange,https://www.gemu-group.com/en/products/valve-technology/ball-valves/b2f,2026-06-09,Exact text from the official product-page technical details table.
B2F,Media temperature,-40 to 220 °C,https://www.gemu-group.com/en/products/valve-technology/ball-valves/b2f,2026-06-09,Exact text from the official product-page technical details table.
B2F,Nominal sizes,DN 15 to 200,https://www.gemu-group.com/en/products/valve-technology/ball-valves/b2f,2026-06-09,Exact text from the official product-page technical details table.
B2F,Operating pressure,0 Up to 40 bar,https://www.gemu-group.com/en/products/valve-technology/ball-valves/b2f,2026-06-09,Exact text from the official product-page technical details table.
B2F,Seal materials,"PTFE, reinforced",https://www.gemu-group.com/en/products/valve-technology/ball-valves/b2f,2026-06-09,Exact text from the official product-page technical details table.
B42,Ambient temperature,-40 Up to 60 °C,https://www.gemu-group.com/en/products/valve-technology/ball-valves/b42,2026-06-09,Exact text from the official product-page technical details table.
B42,Ball configurations,Control ball,https://www.gemu-group.com/en/products/valve-technology/ball-valves/b42,2026-06-09,Exact text from the official product-page technical details table.
B42,Body configurations,Straight through body,https://www.gemu-group.com/en/products/valve-technology/ball-valves/b42,2026-06-09,Exact text from the official product-page technical details table.
B42,Body materials,"1.4408, investment casting material",https://www.gemu-group.com/en/products/valve-technology/ball-valves/b42,2026-06-09,Exact text from the official product-page technical details table.
B42,Conformities,ASME GEMÜ B31.3 ATEX EAC FDA Functional safety Oxygen Reg. (EU) No. 10/2011 Regulation (EC) No. 1935/2004 Regulation (EC) No. 2023/2006 TA Luft (German Clean Air Act),https://www.gemu-group.com/en/products/valve-technology/ball-valves/b42,2026-06-09,Exact text from the official product-page technical details table.
B42,Connection standards,ASME DIN EN ISO NPT,https://www.gemu-group.com/en/products/valve-technology/ball-valves/b42,2026-06-09,Exact text from the official product-page technical details table.
B42,Connection types,Flange Spigot thread,https://www.gemu-group.com/en/products/valve-technology/ball-valves/b42,2026-06-09,Exact text from the official product-page technical details table.
B42,Media temperature,-40 to 180 °C,https://www.gemu-group.com/en/products/valve-technology/ball-valves/b42,2026-06-09,Exact text from the official product-page technical details table.
B42,Nominal sizes,DN 8 to 100,https://www.gemu-group.com/en/products/valve-technology/ball-valves/b42,2026-06-09,Exact text from the official product-page technical details table.
B42,Operating pressure,0 Up to 63 bar,https://www.gemu-group.com/en/products/valve-technology/ball-valves/b42,2026-06-09,Exact text from the official product-page technical details table.
B42,Seal materials,PTFE,https://www.gemu-group.com/en/products/valve-technology/ball-valves/b42,2026-06-09,Exact text from the official product-page technical details table.
B47,Ambient temperature,-40 Up to 60 °C,https://www.gemu-group.com/en/products/valve-technology/ball-valves/b47,2026-06-09,Exact text from the official product-page technical details table.
B47,Ball configurations,L-port T-port,https://www.gemu-group.com/en/products/valve-technology/ball-valves/b47,2026-06-09,Exact text from the official product-page technical details table.
B47,Body configurations,Multi-port body,https://www.gemu-group.com/en/products/valve-technology/ball-valves/b47,2026-06-09,Exact text from the official product-page technical details table.
B47,Body materials,"1.4408, investment casting material",https://www.gemu-group.com/en/products/valve-technology/ball-valves/b47,2026-06-09,Exact text from the official product-page technical details table.
B47,Conformities,ATEX,https://www.gemu-group.com/en/products/valve-technology/ball-valves/b47,2026-06-09,Exact text from the official product-page technical details table.
B47,Connection standards,DIN NPT,https://www.gemu-group.com/en/products/valve-technology/ball-valves/b47,2026-06-09,Exact text from the official product-page technical details table.
B47,Connection types,thread,https://www.gemu-group.com/en/products/valve-technology/ball-valves/b47,2026-06-09,Exact text from the official product-page technical details table.
B47,Media temperature,-40 to 180 °C,https://www.gemu-group.com/en/products/valve-technology/ball-valves/b47,2026-06-09,Exact text from the official product-page technical details table.
B47,Nominal sizes,DN 8 to 50,https://www.gemu-group.com/en/products/valve-technology/ball-valves/b47,2026-06-09,Exact text from the official product-page technical details table.
B47,Operating pressure,0 Up to 40 bar,https://www.gemu-group.com/en/products/valve-technology/ball-valves/b47,2026-06-09,Exact text from the official product-page technical details table.
B47,Seal materials,PTFE,https://www.gemu-group.com/en/products/valve-technology/ball-valves/b47,2026-06-09,Exact text from the official product-page technical details table.
B52,Ambient temperature,-40 Up to 60 °C,https://www.gemu-group.com/en/products/valve-technology/ball-valves/b52,2026-06-09,Exact text from the official product-page technical details table.
B52,Ball configurations,Control ball,https://www.gemu-group.com/en/products/valve-technology/ball-valves/b52,2026-06-09,Exact text from the official product-page technical details table.
B52,Body configurations,Straight through body,https://www.gemu-group.com/en/products/valve-technology/ball-valves/b52,2026-06-09,Exact text from the official product-page technical details table.
B52,Body materials,"1.4408, investment casting material",https://www.gemu-group.com/en/products/valve-technology/ball-valves/b52,2026-06-09,Exact text from the official product-page technical details table.
B52,Conformities,ASME GEMÜ B31.3 ATEX EAC FDA Oxygen Reg. (EU) No. 10/2011 Regulation (EC) No. 1935/2004 Regulation (EC) No. 2023/2006 TA Luft (German Clean Air Act),https://www.gemu-group.com/en/products/valve-technology/ball-valves/b52,2026-06-09,Exact text from the official product-page technical details table.
B52,Connection standards,ASME DIN EN ISO NPT,https://www.gemu-group.com/en/products/valve-technology/ball-valves/b52,2026-06-09,Exact text from the official product-page technical details table.
B52,Connection types,Flange Spigot thread,https://www.gemu-group.com/en/products/valve-technology/ball-valves/b52,2026-06-09,Exact text from the official product-page technical details table.
B52,Media temperature,-40 to 180 °C,https://www.gemu-group.com/en/products/valve-technology/ball-valves/b52,2026-06-09,Exact text from the official product-page technical details table.
B52,Nominal sizes,DN 8 to 100,https://www.gemu-group.com/en/products/valve-technology/ball-valves/b52,2026-06-09,Exact text from the official product-page technical details table.
B52,Operating pressure,0 Up to 63 bar,https://www.gemu-group.com/en/products/valve-technology/ball-valves/b52,2026-06-09,Exact text from the official product-page technical details table.
B52,Seal materials,PTFE,https://www.gemu-group.com/en/products/valve-technology/ball-valves/b52,2026-06-09,Exact text from the official product-page technical details table.
B54,90° operating time,4 Up to 58 s,https://www.gemu-group.com/en/products/valve-technology/ball-valves/b54,2026-06-09,Exact text from the official product-page technical details table.
B54,Ambient temperature,-20 Up to 60 °C,https://www.gemu-group.com/en/products/valve-technology/ball-valves/b54,2026-06-09,Exact text from the official product-page technical details table.
B54,Body configurations,Straight through body,https://www.gemu-group.com/en/products/valve-technology/ball-valves/b54,2026-06-09,Exact text from the official product-page technical details table.
B54,Body materials,"1.4435 (316L), investment casting material",https://www.gemu-group.com/en/products/valve-technology/ball-valves/b54,2026-06-09,Exact text from the official product-page technical details table.
B54,Connection standards,ASME DIN ISO SMS,https://www.gemu-group.com/en/products/valve-technology/ball-valves/b54,2026-06-09,Exact text from the official product-page technical details table.
B54,Connection type,Clamp Spigot,https://www.gemu-group.com/en/products/valve-technology/ball-valves/b54,2026-06-09,Exact text from the official product-page technical details table.
B54,Media temperature,-10 to 220 °C,https://www.gemu-group.com/en/products/valve-technology/ball-valves/b54,2026-06-09,Exact text from the official product-page technical details table.
B54,Nominal sizes,DN 8 to 100,https://www.gemu-group.com/en/products/valve-technology/ball-valves/b54,2026-06-09,Exact text from the official product-page technical details table.
B54,Operating pressure,0 Up to 63 bar,https://www.gemu-group.com/en/products/valve-technology/ball-valves/b54,2026-06-09,Exact text from the official product-page technical details table.
B54,Protection class,"IP 65, IP 67, IP 68",https://www.gemu-group.com/en/products/valve-technology/ball-valves/b54,2026-06-09,Exact text from the official product-page technical details table.
B54,Seal materials,PTFE,https://www.gemu-group.com/en/products/valve-technology/ball-valves/b54,2026-06-09,Exact text from the official product-page technical details table.
B54,Supply voltage,"12 V AC, 50/60 Hz 12 V DC 24 - 240 V AC/DC 24 V AC, 50/60 Hz 24 V DC",https://www.gemu-group.com/en/products/valve-technology/ball-valves/b54,2026-06-09,Exact text from the official product-page technical details table.
BB06,Ambient temperature,-40 Up to 60 °C,https://www.gemu-group.com/en/products/valve-technology/ball-valves/bb06,2026-06-09,Exact text from the official product-page technical details table.
BB06,Ball configurations,Control ball,https://www.gemu-group.com/en/products/valve-technology/ball-valves/bb06,2026-06-09,Exact text from the official product-page technical details table.
BB06,Body configurations,Straight through body,https://www.gemu-group.com/en/products/valve-technology/ball-valves/bb06,2026-06-09,Exact text from the official product-page technical details table.
BB06,Body materials,"1.4408, investment casting material",https://www.gemu-group.com/en/products/valve-technology/ball-valves/bb06,2026-06-09,Exact text from the official product-page technical details table.
BB06,Conformities,EAC FDA FMEDA Functional safety Reg. (EU) No. 10/2011 Regulation (EC) No. 1935/2004 Regulation (EC) No. 2023/2006 TA Luft (German Clean Air Act),https://www.gemu-group.com/en/products/valve-technology/ball-valves/bb06,2026-06-09,Exact text from the official product-page technical details table.
BB06,Connection standards,ANSI EN,https://www.gemu-group.com/en/products/valve-technology/ball-valves/bb06,2026-06-09,Exact text from the official product-page technical details table.
BB06,Connection types,Flange,https://www.gemu-group.com/en/products/valve-technology/ball-valves/bb06,2026-06-09,Exact text from the official product-page technical details table.
BB06,Media temperature,-40 to 180 °C,https://www.gemu-group.com/en/products/valve-technology/ball-valves/bb06,2026-06-09,Exact text from the official product-page technical details table.
BB06,Nominal sizes,DN 15 to 100,https://www.gemu-group.com/en/products/valve-technology/ball-valves/bb06,2026-06-09,Exact text from the official product-page technical details table.
BB06,Operating pressure,0 Up to 40 bar,https://www.gemu-group.com/en/products/valve-technology/ball-valves/bb06,2026-06-09,Exact text from the official product-page technical details table.
BB06,Seal materials,PTFE,https://www.gemu-group.com/en/products/valve-technology/ball-valves/bb06,2026-06-09,Exact text from the official product-page technical details table.
BB07,Ambient temperature,-40 Up to 60 °C,https://www.gemu-group.com/en/products/valve-technology/ball-valves/bb07,2026-06-09,Exact text from the official product-page technical details table.
BB07,Ball configurations,L-port T-port,https://www.gemu-group.com/en/products/valve-technology/ball-valves/bb07,2026-06-09,Exact text from the official product-page technical details table.
BB07,Body configurations,Multi-port body,https://www.gemu-group.com/en/products/valve-technology/ball-valves/bb07,2026-06-09,Exact text from the official product-page technical details table.
BB07,Body materials,"1.4408, investment casting material",https://www.gemu-group.com/en/products/valve-technology/ball-valves/bb07,2026-06-09,Exact text from the official product-page technical details table.
BB07,Conformities,FDA FMEDA Functional safety Functional safety Regulation (EC) No. 1935/2004,https://www.gemu-group.com/en/products/valve-technology/ball-valves/bb07,2026-06-09,Exact text from the official product-page technical details table.
BB07,Connection standards,DIN NPT,https://www.gemu-group.com/en/products/valve-technology/ball-valves/bb07,2026-06-09,Exact text from the official product-page technical details table.
BB07,Connection types,thread,https://www.gemu-group.com/en/products/valve-technology/ball-valves/bb07,2026-06-09,Exact text from the official product-page technical details table.
BB07,Media temperature,-40 to 180 °C,https://www.gemu-group.com/en/products/valve-technology/ball-valves/bb07,2026-06-09,Exact text from the official product-page technical details table.
BB07,Nominal sizes,DN 8 to 50,https://www.gemu-group.com/en/products/valve-technology/ball-valves/bb07,2026-06-09,Exact text from the official product-page technical details table.
BB07,Operating pressure,0 Up to 40 bar,https://www.gemu-group.com/en/products/valve-technology/ball-valves/bb07,2026-06-09,Exact text from the official product-page technical details table.
BB07,Seal materials,PTFE,https://www.gemu-group.com/en/products/valve-technology/ball-valves/bb07,2026-06-09,Exact text from the official product-page technical details table.
BB0F,Ambient temperature,-20 Up to 60 °C,https://www.gemu-group.com/en/products/valve-technology/ball-valves/bb0f,2026-06-09,Exact text from the official product-page technical details table.
BB0F,Ball configurations,"Control ball Standard ball, full bore",https://www.gemu-group.com/en/products/valve-technology/ball-valves/bb0f,2026-06-09,Exact text from the official product-page technical details table.
BB0F,Body configurations,Straight through body,https://www.gemu-group.com/en/products/valve-technology/ball-valves/bb0f,2026-06-09,Exact text from the official product-page technical details table.
BB0F,Body materials,"1.4408, investment casting material",https://www.gemu-group.com/en/products/valve-technology/ball-valves/bb0f,2026-06-09,Exact text from the official product-page technical details table.
BB0F,Conformities,EAC FireSafe FMEDA Functional safety TA Luft (German Clean Air Act),https://www.gemu-group.com/en/products/valve-technology/ball-valves/bb0f,2026-06-09,Exact text from the official product-page technical details table.
BB0F,Connection standards,ASME DIN EN,https://www.gemu-group.com/en/products/valve-technology/ball-valves/bb0f,2026-06-09,Exact text from the official product-page technical details table.
BB0F,Connection types,Flange,https://www.gemu-group.com/en/products/valve-technology/ball-valves/bb0f,2026-06-09,Exact text from the official product-page technical details table.
BB0F,Media temperature,-40 to 220 °C,https://www.gemu-group.com/en/products/valve-technology/ball-valves/bb0f,2026-06-09,Exact text from the official product-page technical details table.
BB0F,Nominal sizes,DN 15 to 200,https://www.gemu-group.com/en/products/valve-technology/ball-valves/bb0f,2026-06-09,Exact text from the official product-page technical details table.
BB0F,Operating pressure,0 Up to 40 bar,https://www.gemu-group.com/en/products/valve-technology/ball-valves/bb0f,2026-06-09,Exact text from the official product-page technical details table.
BB0F,Seal materials,"PTFE, reinforced",https://www.gemu-group.com/en/products/valve-technology/ball-valves/bb0f,2026-06-09,Exact text from the official product-page technical details table.
C12A,Ambient temperature,-10 to 55 °C,https://www.gemu-group.com/en/products/measurement-and-control-technology/position-feedback-devices-and-valve-connections/c12a,2026-06-09,Exact text from the official product-page technical details table.
C12A,Electrical connection type,open cable ends,https://www.gemu-group.com/en/products/measurement-and-control-technology/position-feedback-devices-and-valve-connections/c12a,2026-06-09,Exact text from the official product-page technical details table.
C12A,Linear measuring range,3 to 6 mm,https://www.gemu-group.com/en/products/measurement-and-control-technology/position-feedback-devices-and-valve-connections/c12a,2026-06-09,Exact text from the official product-page technical details table.
C12A,Protection class,IP 64,https://www.gemu-group.com/en/products/measurement-and-control-technology/position-feedback-devices-and-valve-connections/c12a,2026-06-09,Exact text from the official product-page technical details table.
C12A,Supply voltages,5 - 24 V DC ± 10 %,https://www.gemu-group.com/en/products/measurement-and-control-technology/position-feedback-devices-and-valve-connections/c12a,2026-06-09,Exact text from the official product-page technical details table.
C30,Body material,PFA PTFE,https://www.gemu-group.com/en/products/measurement-and-control-technology/temperature-measuring-devices-and-pressure-measuring-devices/c30,2026-06-09,Exact text from the official product-page technical details table.
C30,Conformities,FDA,https://www.gemu-group.com/en/products/measurement-and-control-technology/temperature-measuring-devices-and-pressure-measuring-devices/c30,2026-06-09,Exact text from the official product-page technical details table.
C30,Connection type,Flare NPT thread,https://www.gemu-group.com/en/products/measurement-and-control-technology/temperature-measuring-devices-and-pressure-measuring-devices/c30,2026-06-09,Exact text from the official product-page technical details table.
C30,Max. operating pressure,6 bar,https://www.gemu-group.com/en/products/measurement-and-control-technology/temperature-measuring-devices-and-pressure-measuring-devices/c30,2026-06-09,Exact text from the official product-page technical details table.
C30,Media temperature,5 Up to 60 °C,https://www.gemu-group.com/en/products/measurement-and-control-technology/temperature-measuring-devices-and-pressure-measuring-devices/c30,2026-06-09,Exact text from the official product-page technical details table.
C30,Nominal sizes,1/4'' (DN 4) Up to 1 1/4'' (DN 25),https://www.gemu-group.com/en/products/measurement-and-control-technology/temperature-measuring-devices-and-pressure-measuring-devices/c30,2026-06-09,Exact text from the official product-page technical details table.
C33,Ambient temperature,0 to 60 °C,https://www.gemu-group.com/en/products/measurement-and-control-technology/temperature-measuring-devices-and-pressure-measuring-devices/c33,2026-06-09,Exact text from the official product-page technical details table.
C33,Body materials,PTFE,https://www.gemu-group.com/en/products/measurement-and-control-technology/temperature-measuring-devices-and-pressure-measuring-devices/c33,2026-06-09,Exact text from the official product-page technical details table.
C33,Connection type,Flare Nexus Connect®,https://www.gemu-group.com/en/products/measurement-and-control-technology/temperature-measuring-devices-and-pressure-measuring-devices/c33,2026-06-09,Exact text from the official product-page technical details table.
C33,Error of measurement,"± 1 % of final value ; for further error of measurements, see Range overview",https://www.gemu-group.com/en/products/measurement-and-control-technology/temperature-measuring-devices-and-pressure-measuring-devices/c33,2026-06-09,Exact text from the official product-page technical details table.
C33,Input signals,4–20 mA,https://www.gemu-group.com/en/products/measurement-and-control-technology/temperature-measuring-devices-and-pressure-measuring-devices/c33,2026-06-09,Exact text from the official product-page technical details table.
C33,Measuring range,"0 Up to 6 bar Or 0 Up to 100 psi; for further measuring ranges, see Range overview",https://www.gemu-group.com/en/products/measurement-and-control-technology/temperature-measuring-devices-and-pressure-measuring-devices/c33,2026-06-09,Exact text from the official product-page technical details table.
C33,Media temperature,0 to 80 °C,https://www.gemu-group.com/en/products/measurement-and-control-technology/temperature-measuring-devices-and-pressure-measuring-devices/c33,2026-06-09,Exact text from the official product-page technical details table.
C53,Actuating speed,Max. 2 mm/s,https://www.gemu-group.com/en/products/valve-technology/diaphragm-seat-valves/c53,2026-06-09,Exact text from the official product-page technical details table.
C53,Ambient temperature,0 to 40 °C,https://www.gemu-group.com/en/products/valve-technology/diaphragm-seat-valves/c53,2026-06-09,Exact text from the official product-page technical details table.
C53,Body configurations,Straight through body,https://www.gemu-group.com/en/products/valve-technology/diaphragm-seat-valves/c53,2026-06-09,Exact text from the official product-page technical details table.
C53,Body materials,Modified PTFE PFA,https://www.gemu-group.com/en/products/valve-technology/diaphragm-seat-valves/c53,2026-06-09,Exact text from the official product-page technical details table.
C53,Connection sizes,1/4'' to 3/4'',https://www.gemu-group.com/en/products/valve-technology/diaphragm-seat-valves/c53,2026-06-09,Exact text from the official product-page technical details table.
C53,Connection types,Flare PrimeLock® Super 300 Type Pillar®,https://www.gemu-group.com/en/products/valve-technology/diaphragm-seat-valves/c53,2026-06-09,Exact text from the official product-page technical details table.
C53,Input signals,0–10 V 4–20 mA,https://www.gemu-group.com/en/products/valve-technology/diaphragm-seat-valves/c53,2026-06-09,Exact text from the official product-page technical details table.
C53,Media temperature,10 to 150 °C,https://www.gemu-group.com/en/products/valve-technology/diaphragm-seat-valves/c53,2026-06-09,Exact text from the official product-page technical details table.
C53,Operating pressure,0 to 6 bar,https://www.gemu-group.com/en/products/valve-technology/diaphragm-seat-valves/c53,2026-06-09,Exact text from the official product-page technical details table.
C53,Protection class,IP65,https://www.gemu-group.com/en/products/valve-technology/diaphragm-seat-valves/c53,2026-06-09,Exact text from the official product-page technical details table.
C53,Seal material,PTFE,https://www.gemu-group.com/en/products/valve-technology/diaphragm-seat-valves/c53,2026-06-09,Exact text from the official product-page technical details table.
C53,Supply voltage,24 V DC,https://www.gemu-group.com/en/products/valve-technology/diaphragm-seat-valves/c53,2026-06-09,Exact text from the official product-page technical details table.
C53,Valve stroke,4 mm,https://www.gemu-group.com/en/products/valve-technology/diaphragm-seat-valves/c53,2026-06-09,Exact text from the official product-page technical details table.
C57,Ambient temperature,0 to 60 °C,https://www.gemu-group.com/en/products/valve-technology/diaphragm-seat-valves/c57,2026-06-09,Exact text from the official product-page technical details table.
C57,Body configurations,Multi-port body Straight through body,https://www.gemu-group.com/en/products/valve-technology/diaphragm-seat-valves/c57,2026-06-09,Exact text from the official product-page technical details table.
C57,Body materials,PFA PTFE,https://www.gemu-group.com/en/products/valve-technology/diaphragm-seat-valves/c57,2026-06-09,Exact text from the official product-page technical details table.
C57,Connection types,Flare Nexus Connect® PrimeLock® Super 300 Type Pillar®,https://www.gemu-group.com/en/products/valve-technology/diaphragm-seat-valves/c57,2026-06-09,Exact text from the official product-page technical details table.
C57,Media temperature,-10 to 150 °C,https://www.gemu-group.com/en/products/valve-technology/diaphragm-seat-valves/c57,2026-06-09,Exact text from the official product-page technical details table.
C57,Nominal sizes,DN 4 to 25,https://www.gemu-group.com/en/products/valve-technology/diaphragm-seat-valves/c57,2026-06-09,Exact text from the official product-page technical details table.
C57,Operating pressure,0 to 6 bar,https://www.gemu-group.com/en/products/valve-technology/diaphragm-seat-valves/c57,2026-06-09,Exact text from the official product-page technical details table.
C57,Seal materials,PTFE,https://www.gemu-group.com/en/products/valve-technology/diaphragm-seat-valves/c57,2026-06-09,Exact text from the official product-page technical details table.
C58,Ambient temperature,0 to 60 °C,https://www.gemu-group.com/en/products/valve-technology/diaphragm-seat-valves/c58,2026-06-09,Exact text from the official product-page technical details table.
C58,Body configurations,Multi-port body,https://www.gemu-group.com/en/products/valve-technology/diaphragm-seat-valves/c58,2026-06-09,Exact text from the official product-page technical details table.
C58,Body materials,PTFE,https://www.gemu-group.com/en/products/valve-technology/diaphragm-seat-valves/c58,2026-06-09,Exact text from the official product-page technical details table.
C58,Connection types,Flare PrimeLock® Super 300 Type Pillar®,https://www.gemu-group.com/en/products/valve-technology/diaphragm-seat-valves/c58,2026-06-09,Exact text from the official product-page technical details table.
C58,Media temperature,-10 to 130 °C,https://www.gemu-group.com/en/products/valve-technology/diaphragm-seat-valves/c58,2026-06-09,Exact text from the official product-page technical details table.
C58,Nominal sizes,DN 4 to 10,https://www.gemu-group.com/en/products/valve-technology/diaphragm-seat-valves/c58,2026-06-09,Exact text from the official product-page technical details table.
C58,Operating pressure,"0 to 5,5 bar",https://www.gemu-group.com/en/products/valve-technology/diaphragm-seat-valves/c58,2026-06-09,Exact text from the official product-page technical details table.
C58,Seal materials,PTFE,https://www.gemu-group.com/en/products/valve-technology/diaphragm-seat-valves/c58,2026-06-09,Exact text from the official product-page technical details table.
C60,Ambient temperature,0 to 60 °C,https://www.gemu-group.com/en/products/valve-technology/diaphragm-valves/c60,2026-06-09,Exact text from the official product-page technical details table.
C60,Body configurations,Straight through body T body V valve body,https://www.gemu-group.com/en/products/valve-technology/diaphragm-valves/c60,2026-06-09,Exact text from the official product-page technical details table.
C60,Body materials,"PFA PP-R, natural PVDF",https://www.gemu-group.com/en/products/valve-technology/diaphragm-valves/c60,2026-06-09,Exact text from the official product-page technical details table.
C60,Conformities,EAC FDA TA Luft (German Clean Air Act),https://www.gemu-group.com/en/products/valve-technology/diaphragm-valves/c60,2026-06-09,Exact text from the official product-page technical details table.
C60,Connection standards,DIN,https://www.gemu-group.com/en/products/valve-technology/diaphragm-valves/c60,2026-06-09,Exact text from the official product-page technical details table.
C60,Connection types,Flare Flare SpaceSaver Nexus Connect® SpaceSaver PrimeLock® PrimeLock® SpaceSaver Spigot Super 300 Type Pillar® SpaceSaver Union end Welded-on Nexus Connect®,https://www.gemu-group.com/en/products/valve-technology/diaphragm-valves/c60,2026-06-09,Exact text from the official product-page technical details table.
C60,Diaphragm materials,PTFE/EPDM,https://www.gemu-group.com/en/products/valve-technology/diaphragm-valves/c60,2026-06-09,Exact text from the official product-page technical details table.
C60,Media temperature,-10 to 150 °C,https://www.gemu-group.com/en/products/valve-technology/diaphragm-valves/c60,2026-06-09,Exact text from the official product-page technical details table.
C60,Nominal sizes,DN 4 to 50,https://www.gemu-group.com/en/products/valve-technology/diaphragm-valves/c60,2026-06-09,Exact text from the official product-page technical details table.
C60,Operating pressure,0 to 6 bar,https://www.gemu-group.com/en/products/valve-technology/diaphragm-valves/c60,2026-06-09,Exact text from the official product-page technical details table.
CV,Ambient temperature,0 to 100 °C,https://www.gemu-group.com/en/products/valve-technology/pressure-control-valves-check-valves-and-strainers/cv,2026-06-09,Exact text from the official product-page technical details table.
CV,Body materials,PTFE,https://www.gemu-group.com/en/products/valve-technology/pressure-control-valves-check-valves-and-strainers/cv,2026-06-09,Exact text from the official product-page technical details table.
CV,Conformities,EAC,https://www.gemu-group.com/en/products/valve-technology/pressure-control-valves-check-valves-and-strainers/cv,2026-06-09,Exact text from the official product-page technical details table.
CV,Connection types,Flare Nexus Connect®,https://www.gemu-group.com/en/products/valve-technology/pressure-control-valves-check-valves-and-strainers/cv,2026-06-09,Exact text from the official product-page technical details table.
CV,Media temperature,0 to 130 °C,https://www.gemu-group.com/en/products/valve-technology/pressure-control-valves-check-valves-and-strainers/cv,2026-06-09,Exact text from the official product-page technical details table.
CV,Nominal sizes,DN 4 to 20,https://www.gemu-group.com/en/products/valve-technology/pressure-control-valves-check-valves-and-strainers/cv,2026-06-09,Exact text from the official product-page technical details table.
CV,Operating pressure,0 to 6 bar,https://www.gemu-group.com/en/products/valve-technology/pressure-control-valves-check-valves-and-strainers/cv,2026-06-09,Exact text from the official product-page technical details table.
CV,Seal materials,PTFE,https://www.gemu-group.com/en/products/valve-technology/pressure-control-valves-check-valves-and-strainers/cv,2026-06-09,Exact text from the official product-page technical details table.
D40,Ambient temperature,-10 to 80 °C,https://www.gemu-group.com/en/products/valve-technology/diaphragm-valves/d40,2026-06-09,Exact text from the official product-page technical details table.
D40,Body configurations,Straight through body T body,https://www.gemu-group.com/en/products/valve-technology/diaphragm-valves/d40,2026-06-09,Exact text from the official product-page technical details table.
D40,Body materials,"(316L), forging material 1.4435 (316L), block material 1.4435 (BN2), block material 1.4435 (BN2), forged material",https://www.gemu-group.com/en/products/valve-technology/diaphragm-valves/d40,2026-06-09,Exact text from the official product-page technical details table.
D40,Conformities,ATEX FDA Regulation (EC) No. 1935/2004 USP,https://www.gemu-group.com/en/products/valve-technology/diaphragm-valves/d40,2026-06-09,Exact text from the official product-page technical details table.
D40,Connection standards,ASME DIN EN ISO,https://www.gemu-group.com/en/products/valve-technology/diaphragm-valves/d40,2026-06-09,Exact text from the official product-page technical details table.
D40,Connection types,Clamp Spigot,https://www.gemu-group.com/en/products/valve-technology/diaphragm-valves/d40,2026-06-09,Exact text from the official product-page technical details table.
D40,Diaphragm materials,PTFE/EPDM,https://www.gemu-group.com/en/products/valve-technology/diaphragm-valves/d40,2026-06-09,Exact text from the official product-page technical details table.
D40,Media temperature,-10 to 100 °C,https://www.gemu-group.com/en/products/valve-technology/diaphragm-valves/d40,2026-06-09,Exact text from the official product-page technical details table.
D40,Nominal sizes,DN 10 to 40,https://www.gemu-group.com/en/products/valve-technology/diaphragm-valves/d40,2026-06-09,Exact text from the official product-page technical details table.
D40,Operating pressure,0 to 16 bar,https://www.gemu-group.com/en/products/valve-technology/diaphragm-valves/d40,2026-06-09,Exact text from the official product-page technical details table.
D40,Sterilization temperature,max. 150 °C,https://www.gemu-group.com/en/products/valve-technology/diaphragm-valves/d40,2026-06-09,Exact text from the official product-page technical details table.
D41,Ambient temperature,-10 to 80 °C,https://www.gemu-group.com/en/products/valve-technology/diaphragm-valves/d41,2026-06-09,Exact text from the official product-page technical details table.
D41,Body configurations,Straight through body T body,https://www.gemu-group.com/en/products/valve-technology/diaphragm-valves/d41,2026-06-09,Exact text from the official product-page technical details table.
D41,Body materials,"(316L), forging material 1.4435 (316L), block material",https://www.gemu-group.com/en/products/valve-technology/diaphragm-valves/d41,2026-06-09,Exact text from the official product-page technical details table.
D41,Conformities,ATEX FDA Reg. (EU) No. 10/2011 Regulation (EC) No. 1935/2004 USP,https://www.gemu-group.com/en/products/valve-technology/diaphragm-valves/d41,2026-06-09,Exact text from the official product-page technical details table.
D41,Connection standards,ASME DIN EN ISO,https://www.gemu-group.com/en/products/valve-technology/diaphragm-valves/d41,2026-06-09,Exact text from the official product-page technical details table.
D41,Connection types,Clamp Spigot,https://www.gemu-group.com/en/products/valve-technology/diaphragm-valves/d41,2026-06-09,Exact text from the official product-page technical details table.
D41,Diaphragm materials,PTFE/EPDM,https://www.gemu-group.com/en/products/valve-technology/diaphragm-valves/d41,2026-06-09,Exact text from the official product-page technical details table.
D41,Media temperature,-10 to 100 °C,https://www.gemu-group.com/en/products/valve-technology/diaphragm-valves/d41,2026-06-09,Exact text from the official product-page technical details table.
D41,Nominal sizes,DN 10 to 40,https://www.gemu-group.com/en/products/valve-technology/diaphragm-valves/d41,2026-06-09,Exact text from the official product-page technical details table.
D41,Operating pressure,0 to 10 bar,https://www.gemu-group.com/en/products/valve-technology/diaphragm-valves/d41,2026-06-09,Exact text from the official product-page technical details table.
D41,Sterilization temperature,max. 150 °C,https://www.gemu-group.com/en/products/valve-technology/diaphragm-valves/d41,2026-06-09,Exact text from the official product-page technical details table.
D458,90° operating time,13 Up to 58 s,https://www.gemu-group.com/en/products/valve-technology/butterfly-valves/d458,2026-06-09,Exact text from the official product-page technical details table.
D458,Ambient temperature,-10 to 60 °C,https://www.gemu-group.com/en/products/valve-technology/butterfly-valves/d458,2026-06-09,Exact text from the official product-page technical details table.
D458,Body materials,"PP, reinforced",https://www.gemu-group.com/en/products/valve-technology/butterfly-valves/d458,2026-06-09,Exact text from the official product-page technical details table.
D458,Conformities,CSA EAC,https://www.gemu-group.com/en/products/valve-technology/butterfly-valves/d458,2026-06-09,Exact text from the official product-page technical details table.
D458,Connection standards,ANSI EN JIS,https://www.gemu-group.com/en/products/valve-technology/butterfly-valves/d458,2026-06-09,Exact text from the official product-page technical details table.
D458,Disc materials,PP-H PVC-C PVC-U,https://www.gemu-group.com/en/products/valve-technology/butterfly-valves/d458,2026-06-09,Exact text from the official product-page technical details table.
D458,Housing configurations,Wafer,https://www.gemu-group.com/en/products/valve-technology/butterfly-valves/d458,2026-06-09,Exact text from the official product-page technical details table.
D458,Liner materials,EPDM FKM,https://www.gemu-group.com/en/products/valve-technology/butterfly-valves/d458,2026-06-09,Exact text from the official product-page technical details table.
D458,Media temperature,5 to 90 °C,https://www.gemu-group.com/en/products/valve-technology/butterfly-valves/d458,2026-06-09,Exact text from the official product-page technical details table.
D458,Nominal sizes,DN 50 to 300,https://www.gemu-group.com/en/products/valve-technology/butterfly-valves/d458,2026-06-09,Exact text from the official product-page technical details table.
D458,Operating pressure,0 to 10 bar,https://www.gemu-group.com/en/products/valve-technology/butterfly-valves/d458,2026-06-09,Exact text from the official product-page technical details table.
D458,Protection class,"IP 65, 67",https://www.gemu-group.com/en/products/valve-technology/butterfly-valves/d458,2026-06-09,Exact text from the official product-page technical details table.
D458,Supply voltage,12 - 24 V AC/DC 24 V AC/DC 24 V DC 85 - 240 V AC/DC,https://www.gemu-group.com/en/products/valve-technology/butterfly-valves/d458,2026-06-09,Exact text from the official product-page technical details table.
D480,Ambient temperature,-40 Up to 70 °C,https://www.gemu-group.com/en/products/valve-technology/butterfly-valves/d480,2026-06-09,Exact text from the official product-page technical details table.
D480,Body coating,Epoxy,https://www.gemu-group.com/en/products/valve-technology/butterfly-valves/d480,2026-06-09,Exact text from the official product-page technical details table.
D480,Body materials,"ASTM EN-AC-46100, aluminium casting material EN-AC-47100, aluminium casting material EN-GJL-250 EN-GJS-400-15, SG iron material EN-GJS-400-18-LT (GGG 40.3) S275JR, cast steel material with epoxy coating",https://www.gemu-group.com/en/products/valve-technology/butterfly-valves/d480,2026-06-09,Exact text from the official product-page technical details table.
D480,Conformities,ACS ATEX DNV GL DVGW Drinking water DVGW Gas EAC FDA WRAS,https://www.gemu-group.com/en/products/valve-technology/butterfly-valves/d480,2026-06-09,Exact text from the official product-page technical details table.
D480,Connection standards,ANSI AS ASME AWWA BS DIN EN ISO JIS,https://www.gemu-group.com/en/products/valve-technology/butterfly-valves/d480,2026-06-09,Exact text from the official product-page technical details table.
D480,Disc coating,EPDM Epoxy Halar® NBR Rilsan® SBR,https://www.gemu-group.com/en/products/valve-technology/butterfly-valves/d480,2026-06-09,Exact text from the official product-page technical details table.
D480,Disc materials,"1.4408, investment casting material 1.4469, Duplex cast steel material 1.4539 2.0975, bronze casting material EN-GJS-400-15, SG iron material",https://www.gemu-group.com/en/products/valve-technology/butterfly-valves/d480,2026-06-09,Exact text from the official product-page technical details table.
D480,Housing configurations,Lug U section Wafer,https://www.gemu-group.com/en/products/valve-technology/butterfly-valves/d480,2026-06-09,Exact text from the official product-page technical details table.
D480,Liner materials,"CSM (Hypalon®) ECO EPDM FKM NBR SBR, abrasion resistant Silicone",https://www.gemu-group.com/en/products/valve-technology/butterfly-valves/d480,2026-06-09,Exact text from the official product-page technical details table.
D480,Media temperature,-60 to 210 °C,https://www.gemu-group.com/en/products/valve-technology/butterfly-valves/d480,2026-06-09,Exact text from the official product-page technical details table.
D480,Nominal sizes,DN 25 to 1600,https://www.gemu-group.com/en/products/valve-technology/butterfly-valves/d480,2026-06-09,Exact text from the official product-page technical details table.
D480,Operating pressure,0 Up to 16 bar,https://www.gemu-group.com/en/products/valve-technology/butterfly-valves/d480,2026-06-09,Exact text from the official product-page technical details table.
D488,90° operating time,4 Up to 100 s,https://www.gemu-group.com/en/products/valve-technology/butterfly-valves/d488,2026-06-09,Exact text from the official product-page technical details table.
D488,Ambient temperature,-20 to 70 °C,https://www.gemu-group.com/en/products/valve-technology/butterfly-valves/d488,2026-06-09,Exact text from the official product-page technical details table.
D488,Body coating,Epoxy,https://www.gemu-group.com/en/products/valve-technology/butterfly-valves/d488,2026-06-09,Exact text from the official product-page technical details table.
D488,Body materials,"ASTM EN-AC-46100, aluminium casting material EN-AC-47100, aluminium casting material EN-GJL-250 EN-GJS-400-15, SG iron material EN-GJS-400-18-LT (GGG 40.3) S275JR, cast steel material with epoxy coating",https://www.gemu-group.com/en/products/valve-technology/butterfly-valves/d488,2026-06-09,Exact text from the official product-page technical details table.
D488,Conformities,ACS DNV GL DVGW Drinking water DVGW Gas EAC FDA WRAS,https://www.gemu-group.com/en/products/valve-technology/butterfly-valves/d488,2026-06-09,Exact text from the official product-page technical details table.
D488,Connection standards,ANSI AS ASME AWWA BS DIN EN ISO JIS,https://www.gemu-group.com/en/products/valve-technology/butterfly-valves/d488,2026-06-09,Exact text from the official product-page technical details table.
D488,Disc coating,EPDM Epoxy Halar® NBR Rilsan® SBR,https://www.gemu-group.com/en/products/valve-technology/butterfly-valves/d488,2026-06-09,Exact text from the official product-page technical details table.
D488,Disc materials,"1.4408, investment casting material 1.4469, Duplex cast steel material 1.4539, forged material 2.0975, bronze casting material 2.4602 (alloy 22), block material EN-GJS-400-15, SG iron material",https://www.gemu-group.com/en/products/valve-technology/butterfly-valves/d488,2026-06-09,Exact text from the official product-page technical details table.
D488,Housing configurations,Lug U section Wafer,https://www.gemu-group.com/en/products/valve-technology/butterfly-valves/d488,2026-06-09,Exact text from the official product-page technical details table.
D488,Liner materials,"CR CSM (Hypalon®) ECO EPDM NBR SBR, abrasion resistant Silicone",https://www.gemu-group.com/en/products/valve-technology/butterfly-valves/d488,2026-06-09,Exact text from the official product-page technical details table.
D488,Media temperature,-60 to 210 °C,https://www.gemu-group.com/en/products/valve-technology/butterfly-valves/d488,2026-06-09,Exact text from the official product-page technical details table.
D488,Nominal sizes,DN 25 to 1600,https://www.gemu-group.com/en/products/valve-technology/butterfly-valves/d488,2026-06-09,Exact text from the official product-page technical details table.
D488,Operating pressure,0 to 16 bar,https://www.gemu-group.com/en/products/valve-technology/butterfly-valves/d488,2026-06-09,Exact text from the official product-page technical details table.
D488,Protection class,"IP 65, 66, 67, 68",https://www.gemu-group.com/en/products/valve-technology/butterfly-valves/d488,2026-06-09,Exact text from the official product-page technical details table.
D488,Supply voltage,"100 - 120 V AC, 50/60 Hz 12 - 24 V AC/DC 220 - 240 V AC, 50/60 Hz 380 - 480 V AC, 50/60 Hz",https://www.gemu-group.com/en/products/valve-technology/butterfly-valves/d488,2026-06-09,Exact text from the official product-page technical details table.
F40,Ambient temperature,-10 to 60 °C,https://www.gemu-group.com/en/products/valve-technology/diaphragm-seat-valves/f40,2026-06-09,Exact text from the official product-page technical details table.
F40,Body configurations,Multi-port body Straight through body,https://www.gemu-group.com/en/products/valve-technology/diaphragm-seat-valves/f40,2026-06-09,Exact text from the official product-page technical details table.
F40,Body materials,"1.4435 (316L), block material 1.4435, investment casting material",https://www.gemu-group.com/en/products/valve-technology/diaphragm-seat-valves/f40,2026-06-09,Exact text from the official product-page technical details table.
F40,Conformities,3A ATEX EAC FDA Reg. (EU) No. 10/2011 Regulation (EC) No. 1935/2004 Regulation (EC) No. 2023/2006 USP,https://www.gemu-group.com/en/products/valve-technology/diaphragm-seat-valves/f40,2026-06-09,Exact text from the official product-page technical details table.
F40,Connection standards,ASME DIN EN,https://www.gemu-group.com/en/products/valve-technology/diaphragm-seat-valves/f40,2026-06-09,Exact text from the official product-page technical details table.
F40,Connection types,Clamp Spigot,https://www.gemu-group.com/en/products/valve-technology/diaphragm-seat-valves/f40,2026-06-09,Exact text from the official product-page technical details table.
F40,Media temperature,-10 to 140 °C,https://www.gemu-group.com/en/products/valve-technology/diaphragm-seat-valves/f40,2026-06-09,Exact text from the official product-page technical details table.
F40,Nominal sizes,DN 8 to 25,https://www.gemu-group.com/en/products/valve-technology/diaphragm-seat-valves/f40,2026-06-09,Exact text from the official product-page technical details table.
F40,Operating pressure,0 to 7 bar,https://www.gemu-group.com/en/products/valve-technology/diaphragm-seat-valves/f40,2026-06-09,Exact text from the official product-page technical details table.
F40,Seat seal materials,PTFE,https://www.gemu-group.com/en/products/valve-technology/diaphragm-seat-valves/f40,2026-06-09,Exact text from the official product-page technical details table.
F60,Actuating speed,Max. 200 mm/s,https://www.gemu-group.com/en/products/valve-technology/diaphragm-seat-valves/f60,2026-06-09,Exact text from the official product-page technical details table.
F60,Ambient temperature,-10 Up to 60 °C,https://www.gemu-group.com/en/products/valve-technology/diaphragm-seat-valves/f60,2026-06-09,Exact text from the official product-page technical details table.
F60,Body configurations,Multi-port body Straight through body,https://www.gemu-group.com/en/products/valve-technology/diaphragm-seat-valves/f60,2026-06-09,Exact text from the official product-page technical details table.
F60,Body materials,"1.4435, investment casting material",https://www.gemu-group.com/en/products/valve-technology/diaphragm-seat-valves/f60,2026-06-09,Exact text from the official product-page technical details table.
F60,Conformities,3A EAC EHEDG FDA Reg. (EU) No. 10/2011 Regulation (EC) No. 1935/2004 Regulation (EC) No. 2023/2006 USP,https://www.gemu-group.com/en/products/valve-technology/diaphragm-seat-valves/f60,2026-06-09,Exact text from the official product-page technical details table.
F60,Connection standards,ASME DIN EN,https://www.gemu-group.com/en/products/valve-technology/diaphragm-seat-valves/f60,2026-06-09,Exact text from the official product-page technical details table.
F60,Connection types,Clamp Spigot,https://www.gemu-group.com/en/products/valve-technology/diaphragm-seat-valves/f60,2026-06-09,Exact text from the official product-page technical details table.
F60,Media temperature,-10 to 140 °C,https://www.gemu-group.com/en/products/valve-technology/diaphragm-seat-valves/f60,2026-06-09,Exact text from the official product-page technical details table.
F60,Nominal sizes,DN 8 to 25,https://www.gemu-group.com/en/products/valve-technology/diaphragm-seat-valves/f60,2026-06-09,Exact text from the official product-page technical details table.
F60,Operating pressure,0 Up to 7 bar,https://www.gemu-group.com/en/products/valve-technology/diaphragm-seat-valves/f60,2026-06-09,Exact text from the official product-page technical details table.
F60,Protection class,IP 69K,https://www.gemu-group.com/en/products/valve-technology/diaphragm-seat-valves/f60,2026-06-09,Exact text from the official product-page technical details table.
F60,Seal materials,PTFE,https://www.gemu-group.com/en/products/valve-technology/diaphragm-seat-valves/f60,2026-06-09,Exact text from the official product-page technical details table.
F60,Supply voltage,48 V DC,https://www.gemu-group.com/en/products/valve-technology/diaphragm-seat-valves/f60,2026-06-09,Exact text from the official product-page technical details table.
K410,Ambient temperature,-10 to 60 °C,https://www.gemu-group.com/en/products/valve-technology/butterfly-valves/k410,2026-06-09,Exact text from the official product-page technical details table.
K410,Conformities,EAC,https://www.gemu-group.com/en/products/valve-technology/butterfly-valves/k410,2026-06-09,Exact text from the official product-page technical details table.
K410,Connection standards,BS DIN,https://www.gemu-group.com/en/products/valve-technology/butterfly-valves/k410,2026-06-09,Exact text from the official product-page technical details table.
K410,Connection types,Union end,https://www.gemu-group.com/en/products/valve-technology/butterfly-valves/k410,2026-06-09,Exact text from the official product-page technical details table.
K410,Disc materials,PP-H,https://www.gemu-group.com/en/products/valve-technology/butterfly-valves/k410,2026-06-09,Exact text from the official product-page technical details table.
K410,Housing materials,"PVC-U, grey",https://www.gemu-group.com/en/products/valve-technology/butterfly-valves/k410,2026-06-09,Exact text from the official product-page technical details table.
K410,Liner materials,EPDM FKM Silicone,https://www.gemu-group.com/en/products/valve-technology/butterfly-valves/k410,2026-06-09,Exact text from the official product-page technical details table.
K410,Media temperature,0 to 60 °C,https://www.gemu-group.com/en/products/valve-technology/butterfly-valves/k410,2026-06-09,Exact text from the official product-page technical details table.
K410,Nominal sizes,DN 15 to 50,https://www.gemu-group.com/en/products/valve-technology/butterfly-valves/k410,2026-06-09,Exact text from the official product-page technical details table.
K410,Operating pressure,0 to 6 bar,https://www.gemu-group.com/en/products/valve-technology/butterfly-valves/k410,2026-06-09,Exact text from the official product-page technical details table.
K415,Ambient temperature,-10 to 60 °C,https://www.gemu-group.com/en/products/valve-technology/butterfly-valves/k415,2026-06-09,Exact text from the official product-page technical details table.
K415,Conformities,ATEX EAC FDA,https://www.gemu-group.com/en/products/valve-technology/butterfly-valves/k415,2026-06-09,Exact text from the official product-page technical details table.
K415,Connection standards,ASME DIN EN ISO SMS,https://www.gemu-group.com/en/products/valve-technology/butterfly-valves/k415,2026-06-09,Exact text from the official product-page technical details table.
K415,Connection types,Clamp Spigot thread,https://www.gemu-group.com/en/products/valve-technology/butterfly-valves/k415,2026-06-09,Exact text from the official product-page technical details table.
K415,Disc materials,"1.4408, investment casting material",https://www.gemu-group.com/en/products/valve-technology/butterfly-valves/k415,2026-06-09,Exact text from the official product-page technical details table.
K415,Housing materials,"1.4408 (CF8M), investment casting material",https://www.gemu-group.com/en/products/valve-technology/butterfly-valves/k415,2026-06-09,Exact text from the official product-page technical details table.
K415,Liner materials,EPDM FKM Silicone,https://www.gemu-group.com/en/products/valve-technology/butterfly-valves/k415,2026-06-09,Exact text from the official product-page technical details table.
K415,Media temperature,-20 to 160 °C,https://www.gemu-group.com/en/products/valve-technology/butterfly-valves/k415,2026-06-09,Exact text from the official product-page technical details table.
K415,Nominal sizes,DN 15 to 50,https://www.gemu-group.com/en/products/valve-technology/butterfly-valves/k415,2026-06-09,Exact text from the official product-page technical details table.
K415,Operating pressure,0 to 10 bar,https://www.gemu-group.com/en/products/valve-technology/butterfly-valves/k415,2026-06-09,Exact text from the official product-page technical details table.
LSC,Ambient temperature,-25 to 80 °C,https://www.gemu-group.com/en/products/measurement-and-control-technology/position-feedback-devices-and-valve-connections/lsc,2026-06-09,Exact text from the official product-page technical details table.
LSC,Conformities,ATEX EAC FMEDA IECEx,https://www.gemu-group.com/en/products/measurement-and-control-technology/position-feedback-devices-and-valve-connections/lsc,2026-06-09,Exact text from the official product-page technical details table.
LSC,Electrical connection types,"Plug, Harting Plug, Hirschmann M20 cable gland M12 plug NPT threaded connection",https://www.gemu-group.com/en/products/measurement-and-control-technology/position-feedback-devices-and-valve-connections/lsc,2026-06-09,Exact text from the official product-page technical details table.
LSC,Protection class,"IP66, IP67",https://www.gemu-group.com/en/products/measurement-and-control-technology/position-feedback-devices-and-valve-connections/lsc,2026-06-09,Exact text from the official product-page technical details table.
LSC,Radial measuring range,0 to 90°,https://www.gemu-group.com/en/products/measurement-and-control-technology/position-feedback-devices-and-valve-connections/lsc,2026-06-09,Exact text from the official product-page technical details table.
LSC,Supply voltages,5–250 V AC/DC,https://www.gemu-group.com/en/products/measurement-and-control-technology/position-feedback-devices-and-valve-connections/lsc,2026-06-09,Exact text from the official product-page technical details table.
LSC,Switch types,Reed contact Microswitch 2-wire proximity switch (NAMUR) 3-wire proximity switch,https://www.gemu-group.com/en/products/measurement-and-control-technology/position-feedback-devices-and-valve-connections/lsc,2026-06-09,Exact text from the official product-page technical details table.
N085,Ambient temperature,0 Up to 60 °C,https://www.gemu-group.com/en/products/valve-technology/pressure-control-valves-check-valves-and-strainers/n085,2026-06-09,Exact text from the official product-page technical details table.
N085,Body materials,"PP-B, grey PVC-U, grey PVDF",https://www.gemu-group.com/en/products/valve-technology/pressure-control-valves-check-valves-and-strainers/n085,2026-06-09,Exact text from the official product-page technical details table.
N085,Conformities,EAC,https://www.gemu-group.com/en/products/valve-technology/pressure-control-valves-check-valves-and-strainers/n085,2026-06-09,Exact text from the official product-page technical details table.
N085,Connection standards,DIN EN ISO,https://www.gemu-group.com/en/products/valve-technology/pressure-control-valves-check-valves-and-strainers/n085,2026-06-09,Exact text from the official product-page technical details table.
N085,Connection types,Flange Spigot Union end,https://www.gemu-group.com/en/products/valve-technology/pressure-control-valves-check-valves-and-strainers/n085,2026-06-09,Exact text from the official product-page technical details table.
N085,Media temperature,-20 Up to 100 °C,https://www.gemu-group.com/en/products/valve-technology/pressure-control-valves-check-valves-and-strainers/n085,2026-06-09,Exact text from the official product-page technical details table.
N085,Nominal sizes,DN 65 Up to 100,https://www.gemu-group.com/en/products/valve-technology/pressure-control-valves-check-valves-and-strainers/n085,2026-06-09,Exact text from the official product-page technical details table.
N085,Operating pressure,0 Up to 10 bar,https://www.gemu-group.com/en/products/valve-technology/pressure-control-valves-check-valves-and-strainers/n085,2026-06-09,Exact text from the official product-page technical details table.
N085,custom_technical_data_Betriebsdruck*,0 to 10 bar,https://www.gemu-group.com/en/products/valve-technology/pressure-control-valves-check-valves-and-strainers/n085,2026-06-09,Exact text from the official product-page technical details table.
N085,custom_technical_data_Nennweiten*,DN 65 to 100,https://www.gemu-group.com/en/products/valve-technology/pressure-control-valves-check-valves-and-strainers/n085,2026-06-09,Exact text from the official product-page technical details table.
N086,Ambient temperature,0 Up to 60 °C,https://www.gemu-group.com/en/products/valve-technology/pressure-control-valves-check-valves-and-strainers/n086,2026-06-09,Exact text from the official product-page technical details table.
N086,Body materials,"PP-B, grey PVC-U, grey PVDF",https://www.gemu-group.com/en/products/valve-technology/pressure-control-valves-check-valves-and-strainers/n086,2026-06-09,Exact text from the official product-page technical details table.
N086,Conformities,EAC,https://www.gemu-group.com/en/products/valve-technology/pressure-control-valves-check-valves-and-strainers/n086,2026-06-09,Exact text from the official product-page technical details table.
N086,Connection standards,DIN EN ISO,https://www.gemu-group.com/en/products/valve-technology/pressure-control-valves-check-valves-and-strainers/n086,2026-06-09,Exact text from the official product-page technical details table.
N086,Connection types,Flange Spigot Union end,https://www.gemu-group.com/en/products/valve-technology/pressure-control-valves-check-valves-and-strainers/n086,2026-06-09,Exact text from the official product-page technical details table.
N086,Media temperature,-20 Up to 100 °C,https://www.gemu-group.com/en/products/valve-technology/pressure-control-valves-check-valves-and-strainers/n086,2026-06-09,Exact text from the official product-page technical details table.
N086,Nominal sizes,DN 65 Up to 100,https://www.gemu-group.com/en/products/valve-technology/pressure-control-valves-check-valves-and-strainers/n086,2026-06-09,Exact text from the official product-page technical details table.
N086,Operating pressure,0 Up to 10 bar,https://www.gemu-group.com/en/products/valve-technology/pressure-control-valves-check-valves-and-strainers/n086,2026-06-09,Exact text from the official product-page technical details table.
N086,custom_technical_data_Betriebsdruck*,0 to 10 bar,https://www.gemu-group.com/en/products/valve-technology/pressure-control-valves-check-valves-and-strainers/n086,2026-06-09,Exact text from the official product-page technical details table.
N086,custom_technical_data_Nennweiten*,DN 65 to 100,https://www.gemu-group.com/en/products/valve-technology/pressure-control-valves-check-valves-and-strainers/n086,2026-06-09,Exact text from the official product-page technical details table.
N182,Ambient temperature,0 Up to 60 °C,https://www.gemu-group.com/en/products/valve-technology/pressure-control-valves-check-valves-and-strainers/n182,2026-06-09,Exact text from the official product-page technical details table.
N182,Body materials,"PP-B, grey PVC-U, grey PVDF",https://www.gemu-group.com/en/products/valve-technology/pressure-control-valves-check-valves-and-strainers/n182,2026-06-09,Exact text from the official product-page technical details table.
N182,Conformities,EAC,https://www.gemu-group.com/en/products/valve-technology/pressure-control-valves-check-valves-and-strainers/n182,2026-06-09,Exact text from the official product-page technical details table.
N182,Connection standards,DIN EN ISO,https://www.gemu-group.com/en/products/valve-technology/pressure-control-valves-check-valves-and-strainers/n182,2026-06-09,Exact text from the official product-page technical details table.
N182,Connection types,Flange Spigot Union end,https://www.gemu-group.com/en/products/valve-technology/pressure-control-valves-check-valves-and-strainers/n182,2026-06-09,Exact text from the official product-page technical details table.
N182,Media temperature,-20 Up to 100 °C,https://www.gemu-group.com/en/products/valve-technology/pressure-control-valves-check-valves-and-strainers/n182,2026-06-09,Exact text from the official product-page technical details table.
N182,Nominal sizes,DN 10 Up to 50,https://www.gemu-group.com/en/products/valve-technology/pressure-control-valves-check-valves-and-strainers/n182,2026-06-09,Exact text from the official product-page technical details table.
N182,Operating pressure,0 Up to 10 bar,https://www.gemu-group.com/en/products/valve-technology/pressure-control-valves-check-valves-and-strainers/n182,2026-06-09,Exact text from the official product-page technical details table.
N182,custom_technical_data_Betriebsdruck*,0 to 10 bar,https://www.gemu-group.com/en/products/valve-technology/pressure-control-valves-check-valves-and-strainers/n182,2026-06-09,Exact text from the official product-page technical details table.
N182,custom_technical_data_Nennweiten*,DN 10 to 50,https://www.gemu-group.com/en/products/valve-technology/pressure-control-valves-check-valves-and-strainers/n182,2026-06-09,Exact text from the official product-page technical details table.
N185,Ambient temperature,0 Up to 60 °C,https://www.gemu-group.com/en/products/valve-technology/pressure-control-valves-check-valves-and-strainers/n185,2026-06-09,Exact text from the official product-page technical details table.
N185,Body materials,"PP-B, grey PVC-U, grey PVDF",https://www.gemu-group.com/en/products/valve-technology/pressure-control-valves-check-valves-and-strainers/n185,2026-06-09,Exact text from the official product-page technical details table.
N185,Conformities,EAC,https://www.gemu-group.com/en/products/valve-technology/pressure-control-valves-check-valves-and-strainers/n185,2026-06-09,Exact text from the official product-page technical details table.
N185,Connection standards,DIN EN ISO,https://www.gemu-group.com/en/products/valve-technology/pressure-control-valves-check-valves-and-strainers/n185,2026-06-09,Exact text from the official product-page technical details table.
N185,Connection types,Flange Spigot Union end,https://www.gemu-group.com/en/products/valve-technology/pressure-control-valves-check-valves-and-strainers/n185,2026-06-09,Exact text from the official product-page technical details table.
N185,Media temperature,-20 Up to 100 °C,https://www.gemu-group.com/en/products/valve-technology/pressure-control-valves-check-valves-and-strainers/n185,2026-06-09,Exact text from the official product-page technical details table.
N185,Nominal sizes,DN 10 Up to 50,https://www.gemu-group.com/en/products/valve-technology/pressure-control-valves-check-valves-and-strainers/n185,2026-06-09,Exact text from the official product-page technical details table.
N185,Operating pressure,0 Up to 10 bar,https://www.gemu-group.com/en/products/valve-technology/pressure-control-valves-check-valves-and-strainers/n185,2026-06-09,Exact text from the official product-page technical details table.
N185,custom_technical_data_Betriebsdruck*,0 to 10 bar,https://www.gemu-group.com/en/products/valve-technology/pressure-control-valves-check-valves-and-strainers/n185,2026-06-09,Exact text from the official product-page technical details table.
N185,custom_technical_data_Nennweiten*,DN 10 to 50,https://www.gemu-group.com/en/products/valve-technology/pressure-control-valves-check-valves-and-strainers/n185,2026-06-09,Exact text from the official product-page technical details table.
N570,Ambient temperature,5 to 50 °C,https://www.gemu-group.com/en/products/valve-technology/pressure-control-valves-check-valves-and-strainers/n570,2026-06-09,Exact text from the official product-page technical details table.
N570,Body materials,"PP-H, natural PVC-U",https://www.gemu-group.com/en/products/valve-technology/pressure-control-valves-check-valves-and-strainers/n570,2026-06-09,Exact text from the official product-page technical details table.
N570,Connection standards,ANSI DIN EN ISO,https://www.gemu-group.com/en/products/valve-technology/pressure-control-valves-check-valves-and-strainers/n570,2026-06-09,Exact text from the official product-page technical details table.
N570,Connection types,Clamp Flange Solvent cement socket Spigot thread,https://www.gemu-group.com/en/products/valve-technology/pressure-control-valves-check-valves-and-strainers/n570,2026-06-09,Exact text from the official product-page technical details table.
N570,Media temperature,5 to 80 °C,https://www.gemu-group.com/en/products/valve-technology/pressure-control-valves-check-valves-and-strainers/n570,2026-06-09,Exact text from the official product-page technical details table.
N570,Nominal sizes,DN 15 to 50,https://www.gemu-group.com/en/products/valve-technology/pressure-control-valves-check-valves-and-strainers/n570,2026-06-09,Exact text from the official product-page technical details table.
N570,Operating pressure,0 to 16 bar,https://www.gemu-group.com/en/products/valve-technology/pressure-control-valves-check-valves-and-strainers/n570,2026-06-09,Exact text from the official product-page technical details table.
N570,Seal materials,EPDM FKM,https://www.gemu-group.com/en/products/valve-technology/pressure-control-valves-check-valves-and-strainers/n570,2026-06-09,Exact text from the official product-page technical details table.
P40,Ambient temperature,-20 Up to 80 °C,https://www.gemu-group.com/en/products/valve-technology/tank-bottom-valves/p40,2026-06-09,Exact text from the official product-page technical details table.
P40,Body configurations,Tank bottom valve body,https://www.gemu-group.com/en/products/valve-technology/tank-bottom-valves/p40,2026-06-09,Exact text from the official product-page technical details table.
P40,Body materials,"1.4435 (316L), block material 1.4539 (904L), block material",https://www.gemu-group.com/en/products/valve-technology/tank-bottom-valves/p40,2026-06-09,Exact text from the official product-page technical details table.
P40,Connection standards,ASME DIN EN ISO SMS,https://www.gemu-group.com/en/products/valve-technology/tank-bottom-valves/p40,2026-06-09,Exact text from the official product-page technical details table.
P40,Connection types,Clamp Pipe bend Spigot,https://www.gemu-group.com/en/products/valve-technology/tank-bottom-valves/p40,2026-06-09,Exact text from the official product-page technical details table.
P40,Media temperature,-20 to 160 °C,https://www.gemu-group.com/en/products/valve-technology/tank-bottom-valves/p40,2026-06-09,Exact text from the official product-page technical details table.
P40,Nominal sizes,DN 6 to 65,https://www.gemu-group.com/en/products/valve-technology/tank-bottom-valves/p40,2026-06-09,Exact text from the official product-page technical details table.
P40,Operating pressure,0 Up to 6 bar,https://www.gemu-group.com/en/products/valve-technology/tank-bottom-valves/p40,2026-06-09,Exact text from the official product-page technical details table.
P40,Seat seal materials,PTFE,https://www.gemu-group.com/en/products/valve-technology/tank-bottom-valves/p40,2026-06-09,Exact text from the official product-page technical details table.
Q30,Ambient temperature,"Actuator: 0 to 60 °C, Tube: Please observe the tube manufacturer's specifications",https://www.gemu-group.com/en/products/valve-technology/pinch-valves/q30,2026-06-09,Exact text from the official product-page technical details table.
Q30,Body materials,1.4404 1.4404/PA6,https://www.gemu-group.com/en/products/valve-technology/pinch-valves/q30,2026-06-09,Exact text from the official product-page technical details table.
Q30,Conformity,EAC Machinery Directive,https://www.gemu-group.com/en/products/valve-technology/pinch-valves/q30,2026-06-09,Exact text from the official product-page technical details table.
Q30,Media temperature,Please observe the tube manufacturer's specifications,https://www.gemu-group.com/en/products/valve-technology/pinch-valves/q30,2026-06-09,Exact text from the official product-page technical details table.
Q30,Operating pressure,"max. 6 bar, Please observe the tube manufacturer's specifications",https://www.gemu-group.com/en/products/valve-technology/pinch-valves/q30,2026-06-09,Exact text from the official product-page technical details table.
Q30,Tube inside diameter,"3/16"" 5/16"" 1/8'' 1/4'' 3/8'' 1/2'' 3/4'' 1''",https://www.gemu-group.com/en/products/valve-technology/pinch-valves/q30,2026-06-09,Exact text from the official product-page technical details table.
Q30,Tube outside diameter,"1 1/18"" - 1 3/16"" 1 13/32"" - 1 1/2"" 1 3/8"" 1"" 1/3"" 9/16"" 1/4'' 3/8'' 7/16'' 1/2'' 5/8'' 3/4'' 7/8'' 1 1/4''",https://www.gemu-group.com/en/products/valve-technology/pinch-valves/q30,2026-06-09,Exact text from the official product-page technical details table.
Q40,Ambient temperature,"Actuator: 0 to 60 °C, Tube: Please observe the tube manufacturer's specifications",https://www.gemu-group.com/en/products/valve-technology/pinch-valves/q40,2026-06-09,Exact text from the official product-page technical details table.
Q40,Body materials,1.4404 1.4404/PA6,https://www.gemu-group.com/en/products/valve-technology/pinch-valves/q40,2026-06-09,Exact text from the official product-page technical details table.
Q40,Conformity,EAC Machinery Directive,https://www.gemu-group.com/en/products/valve-technology/pinch-valves/q40,2026-06-09,Exact text from the official product-page technical details table.
Q40,Media temperature,Please observe the tube manufacturer's specifications,https://www.gemu-group.com/en/products/valve-technology/pinch-valves/q40,2026-06-09,Exact text from the official product-page technical details table.
Q40,Operating pressure,"max. 6 bar, Please observe the tube manufacturer's specifications",https://www.gemu-group.com/en/products/valve-technology/pinch-valves/q40,2026-06-09,Exact text from the official product-page technical details table.
Q40,Tube inside diameter,"3/16"" 5/16"" 1/8'' 1/4'' 3/8'' 1/2'' 3/4'' 1''",https://www.gemu-group.com/en/products/valve-technology/pinch-valves/q40,2026-06-09,Exact text from the official product-page technical details table.
Q40,Tube outside diameter,"1 1/18"" - 1 3/16"" 1 13/32"" - 1 1/2"" 1 3/8"" 1"" 1/3"" 9/16"" 1/4'' 3/8'' 7/16'' 1/2'' 5/8'' 3/4'' 7/8'' 1 1/4''",https://www.gemu-group.com/en/products/valve-technology/pinch-valves/q40,2026-06-09,Exact text from the official product-page technical details table.
Q51,Actuating speed,Max. 2 mm/s,https://www.gemu-group.com/en/products/valve-technology/pinch-valves/q51,2026-06-09,Exact text from the official product-page technical details table.
Q51,Ambient temperature,"Actuator: 0 to 40 °C, Tube: Please observe the tube manufacturer's specifications",https://www.gemu-group.com/en/products/valve-technology/pinch-valves/q51,2026-06-09,Exact text from the official product-page technical details table.
Q51,Body materials,1.4404 1.4404/PA6,https://www.gemu-group.com/en/products/valve-technology/pinch-valves/q51,2026-06-09,Exact text from the official product-page technical details table.
Q51,Operating pressure,"max. 4,5 bar, Please observe the tube manufacturer's specifications",https://www.gemu-group.com/en/products/valve-technology/pinch-valves/q51,2026-06-09,Exact text from the official product-page technical details table.
Q51,Protection class,IP 65,https://www.gemu-group.com/en/products/valve-technology/pinch-valves/q51,2026-06-09,Exact text from the official product-page technical details table.
Q51,Supply voltage,24 V DC,https://www.gemu-group.com/en/products/valve-technology/pinch-valves/q51,2026-06-09,Exact text from the official product-page technical details table.
Q51,Tube inside diameter,"3/16"" 5/16"" 1/8'' 1/4''",https://www.gemu-group.com/en/products/valve-technology/pinch-valves/q51,2026-06-09,Exact text from the official product-page technical details table.
Q51,Tube outside diameter,"1/3"" 1/4'' 3/8'' 7/16'' 1/2''",https://www.gemu-group.com/en/products/valve-technology/pinch-valves/q51,2026-06-09,Exact text from the official product-page technical details table.
R470,Ambient temperature,-10 to 70 °C,https://www.gemu-group.com/en/products/valve-technology/butterfly-valves/r470,2026-06-09,Exact text from the official product-page technical details table.
R470,Body materials,"1.0619 (WCB), cast steel material with CDP coating 1.4408 (CF8M), investment casting material",https://www.gemu-group.com/en/products/valve-technology/butterfly-valves/r470,2026-06-09,Exact text from the official product-page technical details table.
R470,Conformities,ATEX EAC FDA FMEDA TA Luft (German Clean Air Act),https://www.gemu-group.com/en/products/valve-technology/butterfly-valves/r470,2026-06-09,Exact text from the official product-page technical details table.
R470,Connection standards,ASME ISO,https://www.gemu-group.com/en/products/valve-technology/butterfly-valves/r470,2026-06-09,Exact text from the official product-page technical details table.
R470,Disc materials,1.4408,https://www.gemu-group.com/en/products/valve-technology/butterfly-valves/r470,2026-06-09,Exact text from the official product-page technical details table.
R470,Housing configurations,Wafer,https://www.gemu-group.com/en/products/valve-technology/butterfly-valves/r470,2026-06-09,Exact text from the official product-page technical details table.
R470,Liner materials,PTFE,https://www.gemu-group.com/en/products/valve-technology/butterfly-valves/r470,2026-06-09,Exact text from the official product-page technical details table.
R470,Media temperature,-10 to 230 °C,https://www.gemu-group.com/en/products/valve-technology/butterfly-valves/r470,2026-06-09,Exact text from the official product-page technical details table.
R470,Nominal sizes,DN 50 to 600,https://www.gemu-group.com/en/products/valve-technology/butterfly-valves/r470,2026-06-09,Exact text from the official product-page technical details table.
R470,Operating pressure,0 to 40 bar,https://www.gemu-group.com/en/products/valve-technology/butterfly-valves/r470,2026-06-09,Exact text from the official product-page technical details table.
R477,Ambient temperature,-10 to 70 °C,https://www.gemu-group.com/en/products/valve-technology/butterfly-valves/r477,2026-06-09,Exact text from the official product-page technical details table.
R477,Body materials,"1.0619 (WCB), cast steel material with CDP coating 1.4408 (CF8M), investment casting material",https://www.gemu-group.com/en/products/valve-technology/butterfly-valves/r477,2026-06-09,Exact text from the official product-page technical details table.
R477,Conformities,ATEX EAC FDA TA Luft (German Clean Air Act),https://www.gemu-group.com/en/products/valve-technology/butterfly-valves/r477,2026-06-09,Exact text from the official product-page technical details table.
R477,Connection standards,ASME ISO,https://www.gemu-group.com/en/products/valve-technology/butterfly-valves/r477,2026-06-09,Exact text from the official product-page technical details table.
R477,Disc materials,1.4408,https://www.gemu-group.com/en/products/valve-technology/butterfly-valves/r477,2026-06-09,Exact text from the official product-page technical details table.
R477,Housing configurations,Wafer,https://www.gemu-group.com/en/products/valve-technology/butterfly-valves/r477,2026-06-09,Exact text from the official product-page technical details table.
R477,Liner materials,PTFE,https://www.gemu-group.com/en/products/valve-technology/butterfly-valves/r477,2026-06-09,Exact text from the official product-page technical details table.
R477,Media temperature,-10 to 230 °C,https://www.gemu-group.com/en/products/valve-technology/butterfly-valves/r477,2026-06-09,Exact text from the official product-page technical details table.
R477,Nominal sizes,DN 50 to 600,https://www.gemu-group.com/en/products/valve-technology/butterfly-valves/r477,2026-06-09,Exact text from the official product-page technical details table.
R477,Operating pressure,0 to 40 bar,https://www.gemu-group.com/en/products/valve-technology/butterfly-valves/r477,2026-06-09,Exact text from the official product-page technical details table.
R478,90° operating time,13 Up to 35 s,https://www.gemu-group.com/en/products/valve-technology/butterfly-valves/r478,2026-06-09,Exact text from the official product-page technical details table.
R478,Ambient temperature,-10 to 70 °C,https://www.gemu-group.com/en/products/valve-technology/butterfly-valves/r478,2026-06-09,Exact text from the official product-page technical details table.
R478,Body materials,"1.0619 (WCB), cast steel material with CDP coating 1.4408 (CF8M), investment casting material",https://www.gemu-group.com/en/products/valve-technology/butterfly-valves/r478,2026-06-09,Exact text from the official product-page technical details table.
R478,Conformities,ATEX EAC FDA TA Luft (German Clean Air Act),https://www.gemu-group.com/en/products/valve-technology/butterfly-valves/r478,2026-06-09,Exact text from the official product-page technical details table.
R478,Connection standards,ASME ISO,https://www.gemu-group.com/en/products/valve-technology/butterfly-valves/r478,2026-06-09,Exact text from the official product-page technical details table.
R478,Disc materials,1.4408,https://www.gemu-group.com/en/products/valve-technology/butterfly-valves/r478,2026-06-09,Exact text from the official product-page technical details table.
R478,Housing configurations,Wafer,https://www.gemu-group.com/en/products/valve-technology/butterfly-valves/r478,2026-06-09,Exact text from the official product-page technical details table.
R478,Liner materials,PTFE TFM™,https://www.gemu-group.com/en/products/valve-technology/butterfly-valves/r478,2026-06-09,Exact text from the official product-page technical details table.
R478,Media temperature,-10 to 230 °C,https://www.gemu-group.com/en/products/valve-technology/butterfly-valves/r478,2026-06-09,Exact text from the official product-page technical details table.
R478,Nominal sizes,DN 50 to 600,https://www.gemu-group.com/en/products/valve-technology/butterfly-valves/r478,2026-06-09,Exact text from the official product-page technical details table.
R478,Operating pressure,0 to 40 bar,https://www.gemu-group.com/en/products/valve-technology/butterfly-valves/r478,2026-06-09,Exact text from the official product-page technical details table.
R478,Protection class,IP68,https://www.gemu-group.com/en/products/valve-technology/butterfly-valves/r478,2026-06-09,Exact text from the official product-page technical details table.
R478,Supply voltage,"120 V AC, 50 Hz 120 V AC, 60 Hz 230 V AC, 50 Hz 230 V AC, 60 Hz 24 V DC 380 V AC, 50 Hz 400 V AC, 50 Hz 440 V AC, 60 Hz 460 V AC, 60 Hz 480 V AC, 60 Hz",https://www.gemu-group.com/en/products/valve-technology/butterfly-valves/r478,2026-06-09,Exact text from the official product-page technical details table.
R488,90° operating time,4 Up to 100 s,https://www.gemu-group.com/en/products/valve-technology/butterfly-valves/r488,2026-06-09,Exact text from the official product-page technical details table.
R488,Ambient temperature,-10 to 70 °C,https://www.gemu-group.com/en/products/valve-technology/butterfly-valves/r488,2026-06-09,Exact text from the official product-page technical details table.
R488,Body coating,Epoxy,https://www.gemu-group.com/en/products/valve-technology/butterfly-valves/r488,2026-06-09,Exact text from the official product-page technical details table.
R488,Body materials,"EN-GJS-400-15, SG iron material EN-GJS-400-18-LT (GGG 40.3)",https://www.gemu-group.com/en/products/valve-technology/butterfly-valves/r488,2026-06-09,Exact text from the official product-page technical details table.
R488,Conformities,ACS ASME GEMÜ B31.3 ATEX Belgaqua DNV GL DVGW Drinking water DVGW Gas FDA FMEDA NSF Oxygen Regulation (EC) No. 1935/2004 TA Luft (German Clean Air Act) WRAS,https://www.gemu-group.com/en/products/valve-technology/butterfly-valves/r488,2026-06-09,Exact text from the official product-page technical details table.
R488,Connection standards,ANSI AS BS DIN EN ISO JIS,https://www.gemu-group.com/en/products/valve-technology/butterfly-valves/r488,2026-06-09,Exact text from the official product-page technical details table.
R488,Disc coating,Epoxy Halar® Rilsan®,https://www.gemu-group.com/en/products/valve-technology/butterfly-valves/r488,2026-06-09,Exact text from the official product-page technical details table.
R488,Disc materials,"1.4408, investment casting material 1.4408, polished investment casting material 1.4469, Duplex cast steel material EN-GJS-400-15, SG iron material",https://www.gemu-group.com/en/products/valve-technology/butterfly-valves/r488,2026-06-09,Exact text from the official product-page technical details table.
R488,Housing configurations,Lug U section Wafer,https://www.gemu-group.com/en/products/valve-technology/butterfly-valves/r488,2026-06-09,Exact text from the official product-page technical details table.
R488,Liner materials,"EPDM FKM NBR SBR, abrasion resistant Silicone",https://www.gemu-group.com/en/products/valve-technology/butterfly-valves/r488,2026-06-09,Exact text from the official product-page technical details table.
R488,Media temperature,-10 to 160 °C,https://www.gemu-group.com/en/products/valve-technology/butterfly-valves/r488,2026-06-09,Exact text from the official product-page technical details table.
R488,Nominal sizes,DN 25 to 600,https://www.gemu-group.com/en/products/valve-technology/butterfly-valves/r488,2026-06-09,Exact text from the official product-page technical details table.
R488,Operating pressure,0 to 16 bar,https://www.gemu-group.com/en/products/valve-technology/butterfly-valves/r488,2026-06-09,Exact text from the official product-page technical details table.
R488,Protection class,"IP 65, 66, 67, 68",https://www.gemu-group.com/en/products/valve-technology/butterfly-valves/r488,2026-06-09,Exact text from the official product-page technical details table.
R488,Supply voltage,"100 - 120 V AC, 50/60 Hz 12 - 24 V AC/DC 220 - 240 V AC, 50/60 Hz 380 - 480 V AC, 50/60 Hz",https://www.gemu-group.com/en/products/valve-technology/butterfly-valves/r488,2026-06-09,Exact text from the official product-page technical details table.
R563,Actuating speed,max. 3 mm/s,https://www.gemu-group.com/en/products/valve-technology/seat-valves/r563,2026-06-09,Exact text from the official product-page technical details table.
R563,Ambient temperature,0 Up to 60 °C,https://www.gemu-group.com/en/products/valve-technology/seat-valves/r563,2026-06-09,Exact text from the official product-page technical details table.
R563,Body configurations,Straight through body,https://www.gemu-group.com/en/products/valve-technology/seat-valves/r563,2026-06-09,Exact text from the official product-page technical details table.
R563,Body materials,PVC-U PVDF,https://www.gemu-group.com/en/products/valve-technology/seat-valves/r563,2026-06-09,Exact text from the official product-page technical details table.
R563,Connection standards,DIN EN ISO,https://www.gemu-group.com/en/products/valve-technology/seat-valves/r563,2026-06-09,Exact text from the official product-page technical details table.
R563,Connection types,thread Union end,https://www.gemu-group.com/en/products/valve-technology/seat-valves/r563,2026-06-09,Exact text from the official product-page technical details table.
R563,Media temperature,0 to 80 °C,https://www.gemu-group.com/en/products/valve-technology/seat-valves/r563,2026-06-09,Exact text from the official product-page technical details table.
R563,Nominal sizes,DN 10 to 15,https://www.gemu-group.com/en/products/valve-technology/seat-valves/r563,2026-06-09,Exact text from the official product-page technical details table.
R563,Operating pressure,0 Up to 6 bar,https://www.gemu-group.com/en/products/valve-technology/seat-valves/r563,2026-06-09,Exact text from the official product-page technical details table.
R563,Protection class,IP 65,https://www.gemu-group.com/en/products/valve-technology/seat-valves/r563,2026-06-09,Exact text from the official product-page technical details table.
R563,Seat seal materials,PEEK,https://www.gemu-group.com/en/products/valve-technology/seat-valves/r563,2026-06-09,Exact text from the official product-page technical details table.
R563,Supply voltage,24 V DC,https://www.gemu-group.com/en/products/valve-technology/seat-valves/r563,2026-06-09,Exact text from the official product-page technical details table.
R629,Actuating speed,max. 3 mm/s,https://www.gemu-group.com/en/products/valve-technology/diaphragm-valves/r629,2026-06-09,Exact text from the official product-page technical details table.
R629,Ambient temperature,-10 Up to 50 °C,https://www.gemu-group.com/en/products/valve-technology/diaphragm-valves/r629,2026-06-09,Exact text from the official product-page technical details table.
R629,Body configurations,Straight through body,https://www.gemu-group.com/en/products/valve-technology/diaphragm-valves/r629,2026-06-09,Exact text from the official product-page technical details table.
R629,Body materials,"ABS Inliner PP-H, grey / outliner PP, reinforced Inliner PVDF/outliner PP, reinforced PP, reinforced PP-H, natural PVC-U, grey PVDF",https://www.gemu-group.com/en/products/valve-technology/diaphragm-valves/r629,2026-06-09,Exact text from the official product-page technical details table.
R629,Conformities,ACS EAC FDA System 1+,https://www.gemu-group.com/en/products/valve-technology/diaphragm-valves/r629,2026-06-09,Exact text from the official product-page technical details table.
R629,Connection standards,ANSI ASTM BS DIN EN ISO JIS,https://www.gemu-group.com/en/products/valve-technology/diaphragm-valves/r629,2026-06-09,Exact text from the official product-page technical details table.
R629,Connection types,Flange Flare Solvent cement socket Spigot thread Union end,https://www.gemu-group.com/en/products/valve-technology/diaphragm-valves/r629,2026-06-09,Exact text from the official product-page technical details table.
R629,Diaphragm materials,EPDM FKM NBR PTFE/EPDM,https://www.gemu-group.com/en/products/valve-technology/diaphragm-valves/r629,2026-06-09,Exact text from the official product-page technical details table.
R629,Media temperature,-10 to 80 °C,https://www.gemu-group.com/en/products/valve-technology/diaphragm-valves/r629,2026-06-09,Exact text from the official product-page technical details table.
R629,Nominal sizes,DN 12 to 65,https://www.gemu-group.com/en/products/valve-technology/diaphragm-valves/r629,2026-06-09,Exact text from the official product-page technical details table.
R629,Operating pressure,0 Up to 6 bar,https://www.gemu-group.com/en/products/valve-technology/diaphragm-valves/r629,2026-06-09,Exact text from the official product-page technical details table.
R629,Protection class,IP 65,https://www.gemu-group.com/en/products/valve-technology/diaphragm-valves/r629,2026-06-09,Exact text from the official product-page technical details table.
R629,Supply voltage,24 V DC,https://www.gemu-group.com/en/products/valve-technology/diaphragm-valves/r629,2026-06-09,Exact text from the official product-page technical details table.
R647,Ambient temperature,-10 to 50 °C,https://www.gemu-group.com/en/products/valve-technology/diaphragm-valves/r647,2026-06-09,Exact text from the official product-page technical details table.
R647,Body configurations,Straight through body,https://www.gemu-group.com/en/products/valve-technology/diaphragm-valves/r647,2026-06-09,Exact text from the official product-page technical details table.
R647,Body materials,ABS PP inliner / outliner PVC-U PVDF inliner,https://www.gemu-group.com/en/products/valve-technology/diaphragm-valves/r647,2026-06-09,Exact text from the official product-page technical details table.
R647,Conformities,ACS EAC FDA System 1+,https://www.gemu-group.com/en/products/valve-technology/diaphragm-valves/r647,2026-06-09,Exact text from the official product-page technical details table.
R647,Connection standards,ANSI ASTM BS DIN EN ISO JIS,https://www.gemu-group.com/en/products/valve-technology/diaphragm-valves/r647,2026-06-09,Exact text from the official product-page technical details table.
R647,Connection types,Flange Spigot Union end,https://www.gemu-group.com/en/products/valve-technology/diaphragm-valves/r647,2026-06-09,Exact text from the official product-page technical details table.
R647,Diaphragm materials,EPDM FKM NBR,https://www.gemu-group.com/en/products/valve-technology/diaphragm-valves/r647,2026-06-09,Exact text from the official product-page technical details table.
R647,Media temperature,-20 to 80 °C,https://www.gemu-group.com/en/products/valve-technology/diaphragm-valves/r647,2026-06-09,Exact text from the official product-page technical details table.
R647,Nominal sizes,DN 15 to 50,https://www.gemu-group.com/en/products/valve-technology/diaphragm-valves/r647,2026-06-09,Exact text from the official product-page technical details table.
R647,Operating pressure,0 to 6 bar,https://www.gemu-group.com/en/products/valve-technology/diaphragm-valves/r647,2026-06-09,Exact text from the official product-page technical details table.
R677,Ambient temperature,-10 to 50 °C,https://www.gemu-group.com/en/products/valve-technology/diaphragm-valves/r677,2026-06-09,Exact text from the official product-page technical details table.
R677,Body configurations,Straight through body,https://www.gemu-group.com/en/products/valve-technology/diaphragm-valves/r677,2026-06-09,Exact text from the official product-page technical details table.
R677,Body materials,"ABS Inliner PP-H, grey / outliner PP, reinforced Inliner PVDF/outliner PP, reinforced PP, reinforced PVC-U, grey PVDF",https://www.gemu-group.com/en/products/valve-technology/diaphragm-valves/r677,2026-06-09,Exact text from the official product-page technical details table.
R677,Conformities,ACS EAC FDA System 1+,https://www.gemu-group.com/en/products/valve-technology/diaphragm-valves/r677,2026-06-09,Exact text from the official product-page technical details table.
R677,Connection standards,ANSI ASTM BS DIN EN ISO JIS,https://www.gemu-group.com/en/products/valve-technology/diaphragm-valves/r677,2026-06-09,Exact text from the official product-page technical details table.
R677,Connection types,Flange Spigot Union end,https://www.gemu-group.com/en/products/valve-technology/diaphragm-valves/r677,2026-06-09,Exact text from the official product-page technical details table.
R677,Diaphragm materials,EPDM FKM NBR PTFE/EPDM,https://www.gemu-group.com/en/products/valve-technology/diaphragm-valves/r677,2026-06-09,Exact text from the official product-page technical details table.
R677,Media temperature,-10 to 80 °C,https://www.gemu-group.com/en/products/valve-technology/diaphragm-valves/r677,2026-06-09,Exact text from the official product-page technical details table.
R677,Nominal sizes,DN 15 to 100,https://www.gemu-group.com/en/products/valve-technology/diaphragm-valves/r677,2026-06-09,Exact text from the official product-page technical details table.
R677,Operating pressure,0 to 10 bar,https://www.gemu-group.com/en/products/valve-technology/diaphragm-valves/r677,2026-06-09,Exact text from the official product-page technical details table.
R690,Ambient temperature,-10 to 50 °C14 to 122 °F,https://www.gemu-group.com/en/products/valve-technology/diaphragm-valves/r690,2026-06-09,Exact text from the official product-page technical details table.
R690,Body configurations,2/2-way body,https://www.gemu-group.com/en/products/valve-technology/diaphragm-valves/r690,2026-06-09,Exact text from the official product-page technical details table.
R690,Body materials,"ABS Inliner PP-H, grey / outliner PP, reinforced Inliner PVDF/outliner PP, reinforced PP, reinforced PVC-U, grey PVDF",https://www.gemu-group.com/en/products/valve-technology/diaphragm-valves/r690,2026-06-09,Exact text from the official product-page technical details table.
R690,Conformities,ACS EAC FDA NSF System 1+,https://www.gemu-group.com/en/products/valve-technology/diaphragm-valves/r690,2026-06-09,Exact text from the official product-page technical details table.
R690,Connection standards,ANSI ASTM BS DIN EN ISO JIS,https://www.gemu-group.com/en/products/valve-technology/diaphragm-valves/r690,2026-06-09,Exact text from the official product-page technical details table.
R690,Connection types,Flange Spigot Union end Flange Spigot Union end,https://www.gemu-group.com/en/products/valve-technology/diaphragm-valves/r690,2026-06-09,Exact text from the official product-page technical details table.
R690,Diaphragm materials,EPDM FKM NBR PTFE/EPDM,https://www.gemu-group.com/en/products/valve-technology/diaphragm-valves/r690,2026-06-09,Exact text from the official product-page technical details table.
R690,Media temperature,-10 to 80 °C14 to 176 °F,https://www.gemu-group.com/en/products/valve-technology/diaphragm-valves/r690,2026-06-09,Exact text from the official product-page technical details table.
R690,Nominal sizes,"DN 15 to 1001/2"" (DN 15) to 4"" (DN 100)",https://www.gemu-group.com/en/products/valve-technology/diaphragm-valves/r690,2026-06-09,Exact text from the official product-page technical details table.
R690,Operating pressure,0 to 10 bar0 to 150 psi,https://www.gemu-group.com/en/products/valve-technology/diaphragm-valves/r690,2026-06-09,Exact text from the official product-page technical details table.
R90,Body materials,"1.0619, galvanized cast steel material 1.4408, investment casting material",https://www.gemu-group.com/en/products/valve-technology/pressure-control-valves-check-valves-and-strainers/r90,2026-06-09,Exact text from the official product-page technical details table.
R90,Conformities,ATEX DVGW Drinking water EAC FDA KTW,https://www.gemu-group.com/en/products/valve-technology/pressure-control-valves-check-valves-and-strainers/r90,2026-06-09,Exact text from the official product-page technical details table.
R90,Connection standards,ANSI ASME EN,https://www.gemu-group.com/en/products/valve-technology/pressure-control-valves-check-valves-and-strainers/r90,2026-06-09,Exact text from the official product-page technical details table.
R90,Connection types,Flange,https://www.gemu-group.com/en/products/valve-technology/pressure-control-valves-check-valves-and-strainers/r90,2026-06-09,Exact text from the official product-page technical details table.
R90,Media temperature,-196 to 400 °C,https://www.gemu-group.com/en/products/valve-technology/pressure-control-valves-check-valves-and-strainers/r90,2026-06-09,Exact text from the official product-page technical details table.
R90,Nominal sizes,DN 15 to 300,https://www.gemu-group.com/en/products/valve-technology/pressure-control-valves-check-valves-and-strainers/r90,2026-06-09,Exact text from the official product-page technical details table.
R90,Operating pressure,0 to 50 bar,https://www.gemu-group.com/en/products/valve-technology/pressure-control-valves-check-valves-and-strainers/r90,2026-06-09,Exact text from the official product-page technical details table.
R90,Seal materials,EPDM FKM NBR PTFE,https://www.gemu-group.com/en/products/valve-technology/pressure-control-valves-check-valves-and-strainers/r90,2026-06-09,Exact text from the official product-page technical details table.
R90,Spring materials,"1.4571, spring steel 2.4610",https://www.gemu-group.com/en/products/valve-technology/pressure-control-valves-check-valves-and-strainers/r90,2026-06-09,Exact text from the official product-page technical details table.
R90,custom_technical_data_Teller-/Federkreuzwerkstoffe,"1.4408, investment casting material 1.4469, duplex cast steel material",https://www.gemu-group.com/en/products/valve-technology/pressure-control-valves-check-valves-and-strainers/r90,2026-06-09,Exact text from the official product-page technical details table.
S40,Ambient temperature,-20 to 80 °C,https://www.gemu-group.com/en/products/valve-technology/seat-valves/s40,2026-06-09,Exact text from the official product-page technical details table.
S40,Body configurations,Angle seat body Straight seat body,https://www.gemu-group.com/en/products/valve-technology/seat-valves/s40,2026-06-09,Exact text from the official product-page technical details table.
S40,Body materials,"1.4408, investment casting material 1.4435, investment casting material EN-GJS-400-18-LT (GGG 40.3)",https://www.gemu-group.com/en/products/valve-technology/seat-valves/s40,2026-06-09,Exact text from the official product-page technical details table.
S40,Conformities,ATEX FDA Oxygen Reg. (EU) No. 10/2011 Regulation (EC) No. 1935/2004 Regulation (EC) No. 2023/2006 RoHS USP,https://www.gemu-group.com/en/products/valve-technology/seat-valves/s40,2026-06-09,Exact text from the official product-page technical details table.
S40,Connection standards,ANSI ASME BS DIN EN ISO JIS NPT SMS,https://www.gemu-group.com/en/products/valve-technology/seat-valves/s40,2026-06-09,Exact text from the official product-page technical details table.
S40,Connection types,Clamp Flange Spigot thread,https://www.gemu-group.com/en/products/valve-technology/seat-valves/s40,2026-06-09,Exact text from the official product-page technical details table.
S40,Media temperature,-40 to 185 °C,https://www.gemu-group.com/en/products/valve-technology/seat-valves/s40,2026-06-09,Exact text from the official product-page technical details table.
S40,Nominal sizes,DN 6 to 80,https://www.gemu-group.com/en/products/valve-technology/seat-valves/s40,2026-06-09,Exact text from the official product-page technical details table.
S40,Operating pressure,0 to 40 bar,https://www.gemu-group.com/en/products/valve-technology/seat-valves/s40,2026-06-09,Exact text from the official product-page technical details table.
S40,Seat seal materials,PTFE,https://www.gemu-group.com/en/products/valve-technology/seat-valves/s40,2026-06-09,Exact text from the official product-page technical details table.
SU40,Ambient temperature,0 to 40 °C,https://www.gemu-group.com/en/products/valve-technology/single-use-valves-components/su40,2026-06-09,Exact text from the official product-page technical details table.
SU40,Body materials,"PP-R, natural",https://www.gemu-group.com/en/products/valve-technology/single-use-valves-components/su40,2026-06-09,Exact text from the official product-page technical details table.
SU40,Conformities,EAC USP,https://www.gemu-group.com/en/products/valve-technology/single-use-valves-components/su40,2026-06-09,Exact text from the official product-page technical details table.
SU40,Connection types,Clamp Hose barb,https://www.gemu-group.com/en/products/valve-technology/single-use-valves-components/su40,2026-06-09,Exact text from the official product-page technical details table.
SU40,Diaphragm materials,TPE,https://www.gemu-group.com/en/products/valve-technology/single-use-valves-components/su40,2026-06-09,Exact text from the official product-page technical details table.
SU40,Media temperature,5 to 40 °C,https://www.gemu-group.com/en/products/valve-technology/single-use-valves-components/su40,2026-06-09,Exact text from the official product-page technical details table.
SU40,Nominal sizes,DN 8 to 25,https://www.gemu-group.com/en/products/valve-technology/single-use-valves-components/su40,2026-06-09,Exact text from the official product-page technical details table.
SU40,Operating pressure,"0 to 4,9 bar",https://www.gemu-group.com/en/products/valve-technology/single-use-valves-components/su40,2026-06-09,Exact text from the official product-page technical details table.
SUB,Ambient temperature,0 to 40 °C,https://www.gemu-group.com/en/products/valve-technology/single-use-valves-components/sub,2026-06-09,Exact text from the official product-page technical details table.
SUB,Body materials,"PP-R, natural",https://www.gemu-group.com/en/products/valve-technology/single-use-valves-components/sub,2026-06-09,Exact text from the official product-page technical details table.
SUB,Conformities,USP,https://www.gemu-group.com/en/products/valve-technology/single-use-valves-components/sub,2026-06-09,Exact text from the official product-page technical details table.
SUB,Connection types,Clamp Hose barb,https://www.gemu-group.com/en/products/valve-technology/single-use-valves-components/sub,2026-06-09,Exact text from the official product-page technical details table.
SUB,Diaphragm materials,TPE,https://www.gemu-group.com/en/products/valve-technology/single-use-valves-components/sub,2026-06-09,Exact text from the official product-page technical details table.
SUB,Media temperature,5 Up to 40 °C,https://www.gemu-group.com/en/products/valve-technology/single-use-valves-components/sub,2026-06-09,Exact text from the official product-page technical details table.
SUB,Nominal sizes,1/4'' (DN 8) Up to 1'' (DN 25),https://www.gemu-group.com/en/products/valve-technology/single-use-valves-components/sub,2026-06-09,Exact text from the official product-page technical details table.
SUB,Operating pressure,"0 Up to 4,9 bar",https://www.gemu-group.com/en/products/valve-technology/single-use-valves-components/sub,2026-06-09,Exact text from the official product-page technical details table.
