series_id,name_en,category,subcategory,product_role,actuation,pharma_relevance,pharma_applications,key_features,operating_pressure,media_temperature,sterilization_temperature,nominal_sizes,body_materials,seal_or_diaphragm_materials,connections,conformities,protocols,official_url,accessed_date,evidence_grade,notes
P600M/P600S/P500M,Multi-port valve blocks made of stainless steel,Customised product solutions,Multi-port block valves,Multi-port valve blocks made of stainless steel,,HIGH,低死区分配、混合、排空与复杂无菌流路,,,,,,,,,,,https://www.gemu-group.com/en/products/customised-product-solutions/multi-port-block-valves/multi-port-valve-blocks-made-of-stainless-steel/,2026-06-09,A,Discover flexible multi-port valve blocks made of stainless steel that meet your complex process requirements. Contact us for customised solutions!
PUPSIT solutions,Integrity is not a maybe. It’s a must.,Customised product solutions,PUPSIT,Integrity is not a maybe. It’s a must.,,HIGH,过滤器完整性测试与PUPSIT流路,,,,,,,,,,,https://www.gemu-group.com/en/products/customised-product-solutions/product-solutions-for-pupsit/,2026-06-09,A,"Multi-port block valves and single-use components for reliable integrity testing, compact system designs and GMP-compliant processes."
SUMONDO Multiport,Single-Use multi-port valve blocks,Customised product solutions,Single-use solutions,Single-Use multi-port valve blocks,,HIGH,一次性生物工艺多通流路,,,,,,,,,,,https://www.gemu-group.com/en/products/customised-product-solutions/single-use-solutions/single-use-multi-port-valve-blocks/,2026-06-09,A,Optimize your production with single-use multi-port valve blocks that enhance effectiveness and safety. Discover how these solutions streamline your processes today!
GEMÜ Systems,System solutions with depth and vision,Customised product solutions,System solutions,System solutions with depth and vision,,MEDIUM,定制模块与系统集成；制药范围需按项目确认,,,,,,,,,,,https://www.gemu-group.com/en/products/customised-product-solutions/gemue-systems-system-solutions/,2026-06-09,A,"Streamline your processes with GEMÜ Systems' tailored system solutions. Enhance efficiency, reduce complexities, and drive development forward. Get in touch now!"
CONEXO,Structured management of digital maintenance,Digital solutions,Asset lifecycle management,Structured management of digital maintenance,,MEDIUM,阀门追溯、证书访问和维护生命周期,,,,,,,,,,,https://www.gemu-group.com/en/products/digital-solutions/conexo-asset-lifecycle-management-platform/,2026-06-09,A,"Optimize your maintenance processes with CONEXO. Enjoy efficient, traceable, and future-proof solutions. Discover how we can help—calculate your savings now!"
3020,Electrical flow meter,Measurement And Control Technology,Flow Meters,Electrical flow meter,,MEDIUM,过程流量测量；制药适配需逐系列确认,Very low pressure loss | Short inlet/outlet distances | Precise volume flow measurement | Integrated flow rectifier,0 to 10 bar,-20 to 80 °C,,DN 25 to 50,,,Union end,EAC,,https://www.gemu-group.com/en/products/measurement-and-control-technology/flow-meters/3020,2026-06-09,A,Official page description: GEMÜ 3020 is a volumetric flow measuring turbine. There is a separation of media between the measuring and evaluating unit and it has integrated flow rectifiers. The evaluating unit uses industrial standard measurement signals and is works calibrated.
801,Variable area flow meter with plastic measuring tube,Measurement And Control Technology,Flow Meters,Variable area flow meter with plastic measuring tube,,MEDIUM,过程流量测量；制药适配需逐系列确认,"Good level of accuracy, simple operation | Clear and large size printed scale | Over 500 standard scales and 13,000 special scales are available with further scales on request | ATEX version available as an option | Corrosion-resistant plastic parts",0 to 15 bar,-20 to 120 °C,,DN 20 to 65,,,Flange Spigot Union end,ATEX,,https://www.gemu-group.com/en/products/measurement-and-control-technology/flow-meters/801,2026-06-09,A,"Official page description: ​The GEMÜ 800 flowmeter operates according to the variable area principle and has a transparent metering tube. The scale printed onto the metering tube is suited to the medium. Dovetail sections moulded onto the metering tube allow for easy mounting of adjustable visual flow indicators, limit switches and a continuous readout transmitter."
805,Variable area flow meter with plastic measuring tube,Measurement And Control Technology,Flow Meters,Variable area flow meter with plastic measuring tube,,MEDIUM,过程流量测量；制药适配需逐系列确认,"Good level of accuracy, simple operation | Clear and large size printed scale | Over 500 standard scales and 13,000 special scales are available with further scales on request | ATEX version available as an option | Corrosion-resistant plastic parts",0 to 15 bar,-20 to 120 °C,,DN 20 to 65,,,Flange Spigot Union end,ATEX,,https://www.gemu-group.com/en/products/measurement-and-control-technology/flow-meters/805,2026-06-09,A,"Official page description: ​The GEMÜ 800 flowmeter operates according to the variable area principle and has a transparent metering tube. The scale printed onto the metering tube is suited to the medium. Dovetail sections moulded onto the metering tube allow for easy mounting of adjustable visual flow indicators, limit switches and a continuous readout transmitter."
806,Variable area flow meter with plastic measuring tube,Measurement And Control Technology,Flow Meters,Variable area flow meter with plastic measuring tube,,MEDIUM,过程流量测量；制药适配需逐系列确认,"Good level of accuracy, simple operation | Clear and large size printed scale | Over 500 standard scales and 13,000 special scales are available with further scales on request | ATEX version available as an option",0 to 15 bar,-20 to 120 °C,,DN 20 to 65,,,Flange Spigot Union end,ATEX FDA,,https://www.gemu-group.com/en/products/measurement-and-control-technology/flow-meters/806,2026-06-09,A,"Official page description: ​The GEMÜ 800 flowmeter operates according to the variable area principle and has a transparent metering tube. The scale printed onto the metering tube is suited to the medium. Dovetail sections moulded onto the metering tube allow for easy mounting of adjustable visual flow indicators, limit switches and a continuous readout transmitter."
807,Variable area flow meter with plastic measuring tube,Measurement And Control Technology,Flow Meters,Variable area flow meter with plastic measuring tube,,MEDIUM,过程流量测量；制药适配需逐系列确认,"Good level of accuracy, simple operation | Clear and large size printed scale | Over 500 standard scales and 13,000 special scales are available with further scales on request | ATEX version available as an option",0 to 15 bar,-20 to 120 °C,,DN 20 to 65,,,Flange Spigot Union end,ATEX FDA,,https://www.gemu-group.com/en/products/measurement-and-control-technology/flow-meters/807,2026-06-09,A,"Official page description: ​The GEMÜ 800 flowmeter operates according to the variable area principle and has a transparent metering tube. The scale printed onto the metering tube is suited to the medium. Dovetail sections moulded onto the metering tube allow for easy mounting of adjustable visual flow indicators, limit switches and a continuous readout transmitter."
811,Variable area flow meter with plastic measuring tube,Measurement And Control Technology,Flow Meters,Variable area flow meter with plastic measuring tube,,MEDIUM,过程流量测量；制药适配需逐系列确认,"Good level of accuracy, simple operation | Clear and large size printed scale | Over 500 standard scales and 13,000 special scales are available with further scales on request | ATEX version available as an option | Corrosion-resistant plastic parts",,,,,,,,,,https://www.gemu-group.com/en/products/measurement-and-control-technology/flow-meters/811,2026-06-09,A,"Official page description: ​The GEMÜ 800 flowmeter operates according to the variable area principle and has a transparent metering tube. The scale printed onto the metering tube is suited to the medium. Dovetail sections moulded onto the metering tube allow for easy mounting of adjustable visual flow indicators, limit switches and a continuous readout transmitter."
815,Variable area flow meter with plastic measuring tube,Measurement And Control Technology,Flow Meters,Variable area flow meter with plastic measuring tube,,MEDIUM,过程流量测量；制药适配需逐系列确认,"Good level of accuracy, simple operation | Clear and large size printed scale | Over 500 standard scales and 13,000 special scales are available with further scales on request | ATEX version available as an option | Corrosion-resistant plastic parts",,,,,,,,,,https://www.gemu-group.com/en/products/measurement-and-control-technology/flow-meters/815,2026-06-09,A,"Official page description: ​The GEMÜ 800 flowmeter operates according to the variable area principle and has a transparent metering tube. The scale printed onto the metering tube is suited to the medium. Dovetail sections moulded onto the metering tube allow for easy mounting of adjustable visual flow indicators, limit switches and a continuous readout transmitter."
816,Variable area flow meter with plastic measuring tube,Measurement And Control Technology,Flow Meters,Variable area flow meter with plastic measuring tube,,MEDIUM,过程流量测量；制药适配需逐系列确认,"Good level of accuracy, simple operation | Clear and large size printed scale | Over 500 standard scales and 13,000 special scales are available with further scales on request | ATEX version available as an option",0 to 15 bar,-20 to 120 °C,,DN 20 to 65,,,Flange Spigot Union end,ATEX FDA,,https://www.gemu-group.com/en/products/measurement-and-control-technology/flow-meters/816,2026-06-09,A,"Official page description: ​The GEMÜ 800 flowmeter operates according to the variable area principle and has a transparent metering tube. The scale printed onto the metering tube is suited to the medium. Dovetail sections moulded onto the metering tube allow for easy mounting of adjustable visual flow indicators, limit switches and a continuous readout transmitter."
817,Variable area flow meter with plastic measuring tube,Measurement And Control Technology,Flow Meters,Variable area flow meter with plastic measuring tube,,MEDIUM,过程流量测量；制药适配需逐系列确认,"Good level of accuracy, simple operation | Clear and large size printed scale | ATEX version available as an option | Over 500 standard scales and 13,000 special scales are available with further scales on request | Corrosion-resistant plastic parts",0 to 15 bar,-20 to 120 °C,,DN 20 to 65,,,Flange Spigot Union end,ATEX FDA,,https://www.gemu-group.com/en/products/measurement-and-control-technology/flow-meters/817,2026-06-09,A,"Official page description: ​The GEMÜ 800 flowmeter operates according to the variable area principle and has a transparent metering tube. The scale printed onto the metering tube is suited to the medium. Dovetail sections moulded onto the metering tube allow for easy mounting of adjustable visual flow indicators, limit switches and a continuous readout transmitter."
820,Variable area flow meter with plastic measuring tube,Measurement And Control Technology,Flow Meters,Variable area flow meter with plastic measuring tube,,MEDIUM,过程流量测量；制药适配需逐系列确认,"Good level of accuracy, simple operation | Clear and large size printed scale | Over 500 standard scales and 13,000 special scales are available with further scales on request | ATEX version available as an option | Corrosion-resistant plastic parts",0 to 15 bar,-20 to 120 °C,,DN 20 to 50,,,Flange Spigot Union end,ATEX FDA,,https://www.gemu-group.com/en/products/measurement-and-control-technology/flow-meters/820,2026-06-09,A,"Official page description: ​The GEMÜ 800 flowmeter operates according to the variable area principle and has a transparent metering tube. The scale printed onto the metering tube is suited to the medium. Dovetail sections moulded onto the metering tube allow for easy mounting of adjustable visual flow indicators, limit switches and a continuous readout transmitter."
822,Variable area flow meter with plastic measuring tube,Measurement And Control Technology,Flow Meters,Variable area flow meter with plastic measuring tube,,MEDIUM,过程流量测量；制药适配需逐系列确认,"Good level of accuracy, simple operation | Clear and large size printed scale | Over 500 standard scales and 13,000 special scales are available with further scales on request | ATEX version available as an option | Corrosion-resistant plastic parts",0 to 15 bar,-20 to 120 °C,,DN 50 to 50,,,Flange Spigot Union end,ATEX,,https://www.gemu-group.com/en/products/measurement-and-control-technology/flow-meters/822,2026-06-09,A,"Official page description: ​The GEMÜ 800 flowmeter operates according to the variable area principle and has a transparent metering tube. The scale printed onto the metering tube is suited to the medium. Dovetail sections moulded onto the metering tube allow for easy mounting of adjustable visual flow indicators, limit switches and a continuous readout transmitter."
825,Variable area flow meter with plastic measuring tube,Measurement And Control Technology,Flow Meters,Variable area flow meter with plastic measuring tube,,MEDIUM,过程流量测量；制药适配需逐系列确认,"Suitable for gaseous and liquid media | Good level of accuracy, simple operation | Clear and large size printed scale | Over 500 standard scales and 13,000 special scales are available with further scales on request | ATEX version available as an option",0 to 15 bar,-20 to 120 °C,,DN 20 to 65,,,Flange Spigot Union end,ATEX,,https://www.gemu-group.com/en/products/measurement-and-control-technology/flow-meters/825,2026-06-09,A,"Official page description: ​The GEMÜ 800 flowmeter operates according to the variable area principle and has a transparent metering tube. The scale printed onto the metering tube is suited to the medium. Dovetail sections moulded onto the metering tube allow for easy mounting of adjustable visual flow indicators, limit switches and a continuous readout transmitter."
830,Variable area flow meter with plastic measuring tube,Measurement And Control Technology,Flow Meters,Variable area flow meter with plastic measuring tube,,MEDIUM,过程流量测量；制药适配需逐系列确认,"Good level of accuracy, simple operation | Over 500 standard scales and 13,000 special scales are available with further scales on request | Clear and large size printed scale | ATEX version available as an option",0 to 15 bar,-20 to 120 °C,,DN 20 to 50,,,Flange Spigot Union end,ATEX FDA,,https://www.gemu-group.com/en/products/measurement-and-control-technology/flow-meters/830,2026-06-09,A,"Official page description: ​The GEMÜ 800 flowmeter operates according to the variable area principle and has a transparent metering tube. The scale printed onto the metering tube is suited to the medium. Dovetail sections moulded onto the metering tube allow for easy mounting of adjustable visual flow indicators, limit switches and a continuous readout transmitter."
831,Variable area flow meter with plastic measuring tube,Measurement And Control Technology,Flow Meters,Variable area flow meter with plastic measuring tube,,MEDIUM,过程流量测量；制药适配需逐系列确认,"Good level of accuracy, simple operation | Clear and large size printed scale | Over 500 standard scales and 13,000 special scales are available with further scales on request | ATEX version available as an option",0 to 15 bar,-20 to 120 °C,,DN 20 to 65,,,Flange Spigot Union end,ATEX,,https://www.gemu-group.com/en/products/measurement-and-control-technology/flow-meters/831,2026-06-09,A,"Official page description: ​The GEMÜ 800 flowmeter operates according to the variable area principle and has a transparent metering tube. The scale printed onto the metering tube is suited to the medium. Dovetail sections moulded onto the metering tube allow for easy mounting of adjustable visual flow indicators, limit switches and a continuous readout transmitter."
832,Variable area flow meter with plastic measuring tube,Measurement And Control Technology,Flow Meters,Variable area flow meter with plastic measuring tube,,MEDIUM,过程流量测量；制药适配需逐系列确认,"Suitable for gaseous and liquid media | Good level of accuracy, simple operation | Over 500 standard scales and 13,000 special scales are available with further scales on request | Clear and large size printed scale | ATEX version available as an option",0 to 15 bar,-20 to 120 °C,,DN 20 to 65,,,Flange Spigot Union end,ATEX,,https://www.gemu-group.com/en/products/measurement-and-control-technology/flow-meters/832,2026-06-09,A,"Official page description: ​The GEMÜ 800 flowmeter operates according to the variable area principle and has a transparent metering tube. The scale printed onto the metering tube is suited to the medium. Dovetail sections moulded onto the metering tube allow for easy mounting of adjustable visual flow indicators, limit switches and a continuous readout transmitter."
835,Variable area flow meter with plastic measuring tube,Measurement And Control Technology,Flow Meters,Variable area flow meter with plastic measuring tube,,MEDIUM,过程流量测量；制药适配需逐系列确认,"Good level of accuracy, simple operation | Special scales available, further scaling options can be implemented at any time | Clear and large size printed scale | ATEX version available as an option",0 to 15 bar,-20 to 120 °C,,DN 20 to 65,,,Flange Spigot Union end,ATEX,,https://www.gemu-group.com/en/products/measurement-and-control-technology/flow-meters/835,2026-06-09,A,"Official page description: ​The GEMÜ 800 flowmeter operates according to the variable area principle and has a transparent metering tube. The scale printed onto the metering tube is suited to the medium. Dovetail sections moulded onto the metering tube allow for easy mounting of adjustable visual flow indicators, limit switches and a continuous readout transmitter."
840,Partial flow variable area flow meter,Measurement And Control Technology,Flow Meters,Partial flow variable area flow meter,manual,MEDIUM,过程流量测量；制药适配需逐系列确认,"Good level of accuracy, simple operation | Large measuring range available (depending on aperture diameter) | Part flow metering tube can also be easily replaced without downtime | Impact resistant, corrosion resistant",0 to 10 bar,5 to 90 °C,,DN 65 to 65,,,Spigot,,,https://www.gemu-group.com/en/products/measurement-and-control-technology/flow-meters/840,2026-06-09,A,"Official page description: The GEMÜ 840 flowmeter operates according to the part flow principle The device consists of three parts: Main flow unit, part flow unit and manual diaphragm valve."
841,Partial flow variable area flow meter,Measurement And Control Technology,Flow Meters,Partial flow variable area flow meter,manual,MEDIUM,过程流量测量；制药适配需逐系列确认,"Good level of accuracy, simple operation | Large measuring range available (depending on aperture diameter) | Part flow metering tube can also be easily replaced without downtime | Impact resistant, corrosion resistant",0 to 10 bar,5 to 90 °C,,DN 65 to 65,,,Spigot,,,https://www.gemu-group.com/en/products/measurement-and-control-technology/flow-meters/841,2026-06-09,A,"Official page description: The GEMÜ 840 flowmeter operates according to the part flow principle The device consists of three parts: Main flow unit, part flow unit and manual diaphragm valve."
845,Partial flow variable area flow meter,Measurement And Control Technology,Flow Meters,Partial flow variable area flow meter,manual,MEDIUM,过程流量测量；制药适配需逐系列确认,"Good level of accuracy, simple operation | Large measuring range available (depending on aperture diameter) | Part flow metering tube can also be easily replaced without downtime | Impact resistant, corrosion resistant",0 to 10 bar,5 to 90 °C,,DN 65 to 65,,,Spigot,,,https://www.gemu-group.com/en/products/measurement-and-control-technology/flow-meters/845,2026-06-09,A,"Official page description: The GEMÜ 840 flowmeter operates according to the part flow principle The device consists of three parts: Main flow unit, part flow unit and manual diaphragm valve."
851,Variable area flow meter with plastic measuring tube,Measurement And Control Technology,Flow Meters,Variable area flow meter with plastic measuring tube,,MEDIUM,过程流量测量；制药适配需逐系列确认,"Good level of accuracy, simple operation | Over 500 standard scales and 13,000 special scales are available with further scales on request | Clear and large size printed scale | ATEX version available as an option | Corrosion-resistant plastic parts",0 to 15 bar,-20 to 120 °C,,DN 15 to 25,,,Flange Spigot Union end,ATEX,,https://www.gemu-group.com/en/products/measurement-and-control-technology/flow-meters/851,2026-06-09,A,"Official page description: ​The GEMÜ 850 flowmeter operates according to the variable area principle and has a transparent metering tube. The scale printed onto the metering tube is suited to the medium. Dovetail sections moulded onto the metering tube allow for easy mounting of adjustable visual flow indicators, limit switches and a continuous readout transmitter."
855,Variable area flow meter with plastic measuring tube,Measurement And Control Technology,Flow Meters,Variable area flow meter with plastic measuring tube,,MEDIUM,过程流量测量；制药适配需逐系列确认,"Good level of accuracy, simple operation | Clear and large size printed scale | Over 500 standard scales and 13,000 special scales are available with further scales on request | ATEX version available as an option | Corrosion-resistant plastic parts",0 to 15 bar,-20 to 120 °C,,DN 10 to 25,,,Flange Spigot Union end,ATEX,,https://www.gemu-group.com/en/products/measurement-and-control-technology/flow-meters/855,2026-06-09,A,"Official page description: ​The GEMÜ 850 flowmeter operates according to the variable area principle and has a transparent metering tube. The scale printed onto the metering tube is suited to the medium. Dovetail sections moulded onto the metering tube allow for easy mounting of adjustable visual flow indicators, limit switches and a continuous readout transmitter."
857,Variable area flow meter with plastic measuring tube,Measurement And Control Technology,Flow Meters,Variable area flow meter with plastic measuring tube,,MEDIUM,过程流量测量；制药适配需逐系列确认,"Good level of accuracy, simple operation | Clear and large size printed scale | Over 500 standard scales and 13,000 special scales are available with further scales on request | ATEX version available as an option",0 to 15 bar,-20 to 120 °C,,DN 10 to 25,,,Flange Spigot Union end,ATEX FDA,,https://www.gemu-group.com/en/products/measurement-and-control-technology/flow-meters/857,2026-06-09,A,"Official page description: ​The GEMÜ 850 flowmeter operates according to the variable area principle and has a transparent metering tube. The scale printed onto the metering tube is suited to the medium. Dovetail sections moulded onto the metering tube allow for easy mounting of adjustable visual flow indicators, limit switches and a continuous readout transmitter."
865,Variable area flow meter with plastic measuring tube,Measurement And Control Technology,Flow Meters,Variable area flow meter with plastic measuring tube,,MEDIUM,过程流量测量；制药适配需逐系列确认,"Good level of accuracy, simple operation | Clear and large size printed scale | Over 500 standard scales and 13,000 special scales are available with further scales on request | ATEX version available as an option",0 to 15 bar,-20 to 120 °C,,DN 10 to 25,,,Flange Spigot Union end,ATEX,,https://www.gemu-group.com/en/products/measurement-and-control-technology/flow-meters/865,2026-06-09,A,"Official page description: ​The GEMÜ 850 flowmeter operates according to the variable area principle and has a transparent metering tube. The scale printed onto the metering tube is suited to the medium. Dovetail sections moulded onto the metering tube allow for easy mounting of adjustable visual flow indicators, limit switches and a continuous readout transmitter."
875,Variable area flow meter with plastic measuring tube,Measurement And Control Technology,Flow Meters,Variable area flow meter with plastic measuring tube,,MEDIUM,过程流量测量；制药适配需逐系列确认,"Suitable for gaseous and liquid media | Good level of accuracy, simple operation | Over 500 standard scales and 13,000 special scales are available with further scales on request | Clear and large size printed scale | ATEX version available as an option",0 to 15 bar,-20 to 120 °C,,DN 10 to 25,,,Flange Spigot Union end,ATEX,,https://www.gemu-group.com/en/products/measurement-and-control-technology/flow-meters/875,2026-06-09,A,"Official page description: ​The GEMÜ 800 flowmeter operates according to the variable area principle and has a transparent metering tube. The scale printed onto the metering tube is suited to the medium. Dovetail sections moulded onto the metering tube allow for easy mounting of adjustable visual flow indicators, limit switches and a continuous readout transmitter."
0322,Electrically actuated pilot solenoid valve made of plastic,Measurement And Control Technology,Pilot Valves,Electrically actuated pilot solenoid valve made of plastic,solenoid,MEDIUM,,Modular battery mounting possible | Robust design | Coil easy to replace | Option: integrated LED (M12 version) | Multi-functional application possibilities due to various designs,0 to 10 bar,-10 to 50 °C,,,PA,,thread,ATEX EAC FMEDA,,https://www.gemu-group.com/en/products/measurement-and-control-technology/pilot-valves/0322,2026-06-09,A,Official page description: The GEMÜ 0322 directly controlled 3/2-way pilot solenoid valve is designed for individual assembly or for modular battery mounting by using clips. The body is made of plastic. The coil is plastic encapsulated.
8303,Electrically actuated metal pilot solenoid valve,Measurement And Control Technology,Pilot Valves,Electrically actuated metal pilot solenoid valve,solenoid,MEDIUM,,Standard silenced venting | Optional installation position | Simple coil replacement without tools (Click-on®) | The solenoid can be replaced without removing the valve body from the piping | Solenoid coil universally rotatable,1 to 10 bar,-10 to 60 °C,,,1.4581 Aluminium,,Threaded connection,ATEX EAC,,https://www.gemu-group.com/en/products/measurement-and-control-technology/pilot-valves/8303,2026-06-09,A,Official page description: The GEMÜ 8303 3/2-way pilot solenoid valve requires differential pressure. The housing is made from aluminium or stainless steel. The plastic encapsulated coil is detachable.
8500,Electrically actuated pilot solenoid valve made of aluminium,Measurement And Control Technology,Pilot Valves,Electrically actuated pilot solenoid valve made of aluminium,solenoid,MEDIUM,,Available with NAMUR connection as an option | Suitable for activating single or double acting pneumatic actuators | Standard manual override | Optional installation position | Solenoid coil universally rotatable,"2,5 to 10 bar",-10 to 60 °C,,,Aluminium,,Threaded connection,ATEX FMEDA IECEx,,https://www.gemu-group.com/en/products/measurement-and-control-technology/pilot-valves/8500,2026-06-09,A,Official page description: The GEMÜ 8500 servo assisted 3/2 or 5/2-way pilot solenoid valve is indirectly controlled. The body is made of aluminium. The plastic encapsulated solenoid actuator is detachable. The piston valve has a soft elastomer seal.
8506,Electrically actuated pilot solenoid valve made of aluminium,Measurement And Control Technology,Pilot Valves,Electrically actuated pilot solenoid valve made of aluminium,solenoid,MEDIUM,,Simple conversion from 3/2-way valve to 5/2-way valve | The coil can be rotated by 90° | Optional installation position | The solenoid can be replaced without removing the valve body from the piping,2 to 8 bar,-10 to 50 °C,,,Aluminium,,thread,EAC,,https://www.gemu-group.com/en/products/measurement-and-control-technology/pilot-valves/8506,2026-06-09,A,Official page description: The GEMÜ 8506 servo assisted 3/2 or 5/2-way pilot solenoid valve is indirectly controlled. The body is made of aluminium. The plastic encapsulated coil is detachable.
1434,Intelligent electro-pneumatic positioner,Measurement And Control Technology,Position And Process Controllers,Intelligent electro-pneumatic positioner,pneumatic,MEDIUM,阀门自动化、状态反馈与调节,No air consumption when idle | Simple mounting to various actuators | Simple commissioning due to automatic initialization | Speed-AP function for fast mounting and initialization | Easy operation due to balanced preconfiguration | Compact design,0 to 10 bar,,,,,,M12 connector,EAC,,https://www.gemu-group.com/en/products/measurement-and-control-technology/position-and-process-controllers/1434,2026-06-09,A,"Official page description: The GEMÜ 1434 μPos digital electro-pneumatic positioner is used to control pneumatically operated small to medium nominal size process valves with single acting linear actuators. The solid compact housing has a transparent cover. LEDs for status indication are integrated. Due to factory preconfiguration, this product does not require a display with operating keys. Pneumatic and electrical connections arranged so as to save space and enable easy access. All these features make the GEMÜ 1434 μPos a cost-effective solution for control tasks with basic requirements."
1435,Intelligent electro-pneumatic positioner,Measurement And Control Technology,Position And Process Controllers,Intelligent electro-pneumatic positioner,pneumatic,MEDIUM,阀门自动化、状态反馈与调节,Simple handling and commissioning | Suitable for use at low temperatures | Simple electrical connection by detachable terminals | Automatically optimizes the valve control during initialization | No air consumption when idle,0 to 6 bar,,,,,,M12 cable gland M12 connector,EAC,,https://www.gemu-group.com/en/products/measurement-and-control-technology/position-and-process-controllers/1435,2026-06-09,A,"Official page description: The GEMÜ 1435 ePos digital electro-pneumatic positioner is used to control pneumatically operated process valves with single acting or double acting linear or quarter turn actuators, and detects the position of the valve using an external travel sensor. It has a robust aluminium housing with protected operating keys and an LCD display which allows the product to be individually adapted to the control task. The travel times can be set using integrated throttles. Connection and mounting to NAMUR is also possible. Therefore, the GEMÜ 1435 ePos is an optimal solution for control tasks with high requirements, especially in applications with harsh environmental conditions."
1436,Intelligent positioner and integrated process controller,Measurement And Control Technology,Position And Process Controllers,Intelligent positioner and integrated process controller,pneumatic,MEDIUM,阀门自动化、状态反馈与调节,"Digital inputs (option) for variable function control for automation | Fieldbus interfaces, e.g. Profibus DP, Profinet and DeviceNet (option) | No air consumption when idle | Simple mounting to various actuators | Access rights via different user levels | High flow rate","1,5 to 7 bar",,,,,,M12 connector,EAC,PROFINET | Profibus | DeviceNet,https://www.gemu-group.com/en/products/measurement-and-control-technology/position-and-process-controllers/1436,2026-06-09,A,"Official page description: The GEMÜ 1436 cPos digital electro-pneumatic positioner has an optional integrated process controller to control pneumatically operated process valves with single acting or double acting linear or quarter turn actuators. When using the optional process controller, the signals from the sensors (e.g. flow, level, pressure, temperature) are detected and the media adjusted according to the specified set value. GEMÜ 1436 cPos has a robust aluminium housing with protected operating keys and an LCD display which allows the product to be individually adapted to complex control tasks. With additional equipment, the positioner can be used directly in fieldbus environments."
1436-ECO,Intelligent electro-pneumatic positioner,Measurement And Control Technology,Position And Process Controllers,Intelligent electro-pneumatic positioner,pneumatic,MEDIUM,阀门自动化、状态反馈与调节,No air consumption when idle | Simple mounting to various actuators | Simple commissioning due to automatic initialization | Speed-AP function for fast mounting and initialization | Easy operation due to balanced preconfiguration | High flow rate,"1,5 to 7 bar",,,,,,M12 connector,EAC UL listed,,https://www.gemu-group.com/en/products/measurement-and-control-technology/position-and-process-controllers/1436-eco,2026-06-09,A,"Official page description: The GEMÜ 1436 eco cPos digital electro-pneumatic positioner is used to control pneumatically operated process valves with single acting linear or quarter turn actuators. The positioner, travel sensor, switching valves and status LEDs are integrated into the robust and compact housing. Due to factory preconfiguration, this product does not require a display with operating keys. The pneumatic and electrical connections are arranged in one mounting direction to save space and enable easy access. All these features make this positioner a cost-effective solution for control tasks with basic requirements."
1441,Intelligent electro-pneumatic positioner,Measurement And Control Technology,Position And Process Controllers,Intelligent electro-pneumatic positioner,pneumatic,MEDIUM,阀门自动化、状态反馈与调节,2-wire-connection technology | Quick commissioning using well-balanced preconfiguration | HART communication available upon request | Fail safe and Fail freeze safety function available | BLE communication for remote access and configuration | Almost no air consumption when idle,"1,5 to 7 bar",,,,,,M16 cable gland M12 plug,ATEX FCC HART IECEx UL listed UL Recognized,HART,https://www.gemu-group.com/en/products/measurement-and-control-technology/position-and-process-controllers/1441,2026-06-09,A,"Official page description: The GEMÜ 1441 cPos-X is an intelligent, digital electro-pneumatic positioner in 2-wire technology used to control pneumatically operated process valves. It can be combined with single acting or double acting linear actuators or quarter turn actuators. This means that it can be used, among other things, for diaphragm, globe and diaphragm globe valves as well as for ball valves and butterfly valves, for instance. The positioner has a robust housing with a covered LCD display for status information. The positioner can be operated remotely using a mobile device in order to configure settings and to view detailed information."
1205,Electrical position indicator with microswitch,Measurement And Control Technology,Position Feedback Devices And Valve Connections,Electrical position indicator with microswitch,,MEDIUM,阀门自动化、状态反馈与调节,"Sturdy aluminium housing with pressure-resistant encapsulation | Compact, solid aluminium housing | Adjustable switch point tolerances",,,,,,,,ATEX,,https://www.gemu-group.com/en/products/measurement-and-control-technology/position-feedback-devices-and-valve-connections/1205,2026-06-09,A,"Official page description: The GEMÜ 1205 electrical position indicator has electro-mechanical microswitches in a flameproof enclosure. Two valve positions, open and/or closed can be remotely indicated."
1215,Electrical position indicator with microswitch,Measurement And Control Technology,Position Feedback Devices And Valve Connections,Electrical position indicator with microswitch,pneumatic,MEDIUM,阀门自动化、状态反馈与调节,Electrical position feedback with additional visual position indicator | Position feedback via microswitch | The housing can be rotated through 360°,,,,,,,PG 11 cable gland M12 plug,ATEX EAC,,https://www.gemu-group.com/en/products/measurement-and-control-technology/position-feedback-devices-and-valve-connections/1215,2026-06-09,A,Official page description: The GEMÜ 1215 electrical position indicator is suitable for mounting to pneumatically operated linear actuators. The position (end position open) of the valve spindle is reliably detected and fed back electronically by the operating bush with a microswitch.
1232,Electrical position indicator with inductive proximity switch,Measurement And Control Technology,Position Feedback Devices And Valve Connections,Electrical position indicator with inductive proximity switch,pneumatic,MEDIUM,阀门自动化、状态反馈与调节,Wear-free position feedback via 2-wire proximity switch (NAMUR) or 3-wire proximity switch (PNP) | With optional LED end position signalling | Adjustable switch point tolerances via threaded spindle | UL approval available,,,,,,,,CSA EAC UL Recognized,,https://www.gemu-group.com/en/products/measurement-and-control-technology/position-feedback-devices-and-valve-connections/1232,2026-06-09,A,"Official page description: The GEMÜ 1232 electrical position indicator is suitable for mounting to pneumatically operated linear actuators. The position of the valve spindle is reliably detected and fed back electronically via one or two inductive proximity switches, using play-free and non-positive mounting. The GEMÜ 1232 has been specially designed for valves with a stroke of 2 to 20 mm."
1234,Microprocessor-controlled electrical position indicator,Measurement And Control Technology,Position Feedback Devices And Valve Connections,Microprocessor-controlled electrical position indicator,,MEDIUM,阀门自动化、状态反馈与调节,Suitable for a valve stroke of up to 10 mm | Intelligent and simple position detection for reliable operation | Speed-AP function for fast mounting and initialization | Adjustable switch point tolerances | Open/Closed position indicator as standard | Quick cable connection | On-site end position programming,,,,,,,,,,https://www.gemu-group.com/en/products/measurement-and-control-technology/position-feedback-devices-and-valve-connections/1234,2026-06-09,A,Official page description: The GEMÜ 1234 electrical position indicator for linear actuators has a microprocessor controlled intelligent position sensor with an integrated analogue travel sensor system. Optical position indication is made by LEDs.
1236,Microprocessor-controlled electrical position indicator,Measurement And Control Technology,Position Feedback Devices And Valve Connections,Microprocessor-controlled electrical position indicator,pneumatic,MEDIUM,阀门自动化、状态反馈与调节,Suitable for hygienic applications | Communication and programming interface IO-Link | Adjustable switch point tolerances | Speed-AP function for fast mounting and initialization | High visibility position indicator by LED | On-site or remote end position programming via programming input,,,,,,,M12 plug,EAC FMEDA UL listed,IO-Link,https://www.gemu-group.com/en/products/measurement-and-control-technology/position-feedback-devices-and-valve-connections/1236,2026-06-09,A,Official page description: The GEMÜ 1236 electrical position indicator is suitable for installation on pneumatically operated linear actuators. The position of the valve spindle is reliably electronically detected and evaluated using play-free and non-positive mounting. Intelligent microprocessor-controlled functions facilitate commissioning and support during operation. The current position of the valve is displayed via high-visibility LEDs and fed back via electrical signals.
1240,Electrical position indicator with microswitch or inductive proximity switch,Measurement And Control Technology,Position Feedback Devices And Valve Connections,Electrical position indicator with microswitch or inductive proximity switch,pneumatic,MEDIUM,阀门自动化、状态反馈与调节,"Suitable for a valve stroke of up to 75 mm | Position feedback via microswitches, optionally via 2-wire NAMUR proximity switches or 3-wire proximity switches | Adjustable switch point tolerances using locking levers",,,,,,,,,,https://www.gemu-group.com/en/products/measurement-and-control-technology/position-feedback-devices-and-valve-connections/1240,2026-06-09,A,"Official page description: The GEMÜ 1240 electrical position indicator is suitable for mounting to pneumatically operated linear actuators. The position of the valve spindle is reliably detected electronically and fed back via microswitches or proximity switches, using play-free and non-positive mounting. The product has been designed specially for valves with a stroke of 5 to 75 mm."
1241,Electrical position indicator with inductive proximity switch,Measurement And Control Technology,Position Feedback Devices And Valve Connections,Electrical position indicator with inductive proximity switch,pneumatic,MEDIUM,阀门自动化、状态反馈与调节,Position feedback via 2-wire proximity switch (NAMUR) | Adjustable switch point tolerances using locking levers | Can be fitted to GEMÜ valves or third-party actuators | Explosion protection for zone 1 and 21,,,,,,,,ATEX IECEx,,https://www.gemu-group.com/en/products/measurement-and-control-technology/position-feedback-devices-and-valve-connections/1241,2026-06-09,A,Official page description: The GEMÜ 1241 position indicator is suitable for mounting on pneumatically operated actuators. The position of the valve spindle is reliably electronically detected and fed back via the play-free and non-positive mounting by means of a 2-wire proximity switch (NAMUR). The product has been designed specially for valves with a stroke of 5 to 75 mm.
1242,Microprocessor-controlled electrical position indicator,Measurement And Control Technology,Position Feedback Devices And Valve Connections,Microprocessor-controlled electrical position indicator,pneumatic,MEDIUM,阀门自动化、状态反馈与调节,Fieldbus connection AS-Interface and DeviceNet (optional) | Communication and programming interface IO-Link | Adjustable switch point tolerances | Speed-AP function for fast mounting and initialization | High visibility position indicator by LED | On-site or remote end position programming via programming input,,,,,,,M12 plug,ATEX CSA EAC ETL Listed C US FMEDA IECEx NEC 500,IO-Link | DeviceNet | AS-Interface,https://www.gemu-group.com/en/products/measurement-and-control-technology/position-feedback-devices-and-valve-connections/1242,2026-06-09,A,Official page description: The GEMÜ 1242 electrical position indicator is suitable for installation on pneumatically operated linear actuators. The position of the valve spindle is reliably electronically detected and evaluated using play-free and non-positive mounting. Intelligent microprocessor-controlled functions facilitate commissioning and support during operation. The current position of the valve is displayed via high-visibility LEDs and fed back via electrical signals. The GEMÜ 1242 has been specially designed for valves with a stroke of 2 to 46 mm.
12A0,Intelligent electrical position indicator,Measurement And Control Technology,Position Feedback Devices And Valve Connections,Intelligent electrical position indicator,pneumatic,MEDIUM,阀门自动化、状态反馈与调节,IO-Link communication and programming interface (incl. SIO mode via 24 V DC signals) | Self-initialization through autonomous detection of end positions | Condition monitoring through integrated sensor system | Configuration and status diagnostics via the GEMÜ App | Contactless position detection | Electrical and mechanical position indicator as well as advanced diagnostic messages via high-visibility LED | Uniform mounting kit with integrated air supply and control pressure detection,,,,,,,M12 plug,,IO-Link,https://www.gemu-group.com/en/products/measurement-and-control-technology/position-feedback-devices-and-valve-connections/12a0,2026-06-09,A,"Official page description: The GEMÜ 12A0 position indicator is compatible with all pneumatically actuated process valves of the new platform generation as well as with quarter turn valves. The position sensor determines the valve position precisely, reliably and wear-free. The current valve position is indicated by far-sighted LEDs and signalled back via electrical signals. The innovative position indicator is characterised by modern communication interfaces, integrated sensors and the option of operation via the GEMÜ app."
4240,Valve activation with microswitch or inductive proximity switch,Measurement And Control Technology,Position Feedback Devices And Valve Connections,Valve activation with microswitch or inductive proximity switch,pneumatic,MEDIUM,阀门自动化、状态反馈与调节,"Position feedback via microswitches, optionally via 2-wire NAMUR proximity switches or 3-wire proximity switches | Adjustable switch point tolerances using locking levers | Integrated manual override",,,,,,,Cable glands,,,https://www.gemu-group.com/en/products/measurement-and-control-technology/position-feedback-devices-and-valve-connections/4240,2026-06-09,A,"Official page description: The GEMÜ 4240 combi switchbox is suitable for mounting to pneumatically operated linear actuators. The position of the valve spindle is reliably detected electronically and fed back via microswitches or proximity switches, using play-free and non-positive mounting. Integrated pilot valves enable direct activation of the process valve connected to them. The product has been designed specially for valves with a stroke of 5 to 75 mm."
4241,Valve actuation with inductive proximity switch,Measurement And Control Technology,Position Feedback Devices And Valve Connections,Valve actuation with inductive proximity switch,pneumatic,MEDIUM,阀门自动化、状态反馈与调节,Explosion protection for zone 1 and 21 | Position feedback via 2-wire proximity switch (NAMUR) | Adjustable switch point tolerances using locking levers | Integrated manual override,,,,,,,Cable glands,ATEX EAC IECEx,,https://www.gemu-group.com/en/products/measurement-and-control-technology/position-feedback-devices-and-valve-connections/4241,2026-06-09,A,Official page description: The GEMÜ 4241 combi switchbox is suitable for mounting to pneumatically operated linear actuators. The position of the valve spindle is reliably electronically detected and fed back via the play-free and non-positive mounting by means of a 2-wire proximity switch (NAMUR). Integrated pilot valves enable direct activation of the process valve connected to them.
4242,Microprocessor-controlled valve control,Measurement And Control Technology,Position Feedback Devices And Valve Connections,Microprocessor-controlled valve control,pneumatic,MEDIUM,阀门自动化、状态反馈与调节,"Fieldbus connection AS-Interface (3.0), ASi-5 and DeviceNet (optional) | Communication and programming interface IO-Link | Adjustable switch point tolerances | Speed-AP function for fast mounting and initialization | High visibility position indicator by LED | On-site or remote end position programming via programming input | Integrated manual override",,,,,,,M12 plug,ATEX ETL Listed C US FCC FMEDA IECEx UL listed,IO-Link | DeviceNet | AS-Interface,https://www.gemu-group.com/en/products/measurement-and-control-technology/position-feedback-devices-and-valve-connections/4242,2026-06-09,A,Official page description: The GEMÜ 4242 combi switchbox is suitable for installation on pneumatically operated linear actuators. The position of the valve spindle is reliably electronically detected and evaluated using play-free and non-positive mounting. Integrated pilot valves enable direct activation of the process valve connected to them. Intelligent microprocessor-controlled functions facilitate commissioning and support during operation. The current position of the valve is displayed via high-visibility LEDs and fed back via electrical signals.
44A0,Multi-functional combi switchbox,Measurement And Control Technology,Position Feedback Devices And Valve Connections,Multi-functional combi switchbox,pneumatic,MEDIUM,阀门自动化、状态反馈与调节,Communication and programming interface IO-Link | Self-initialization through autonomous detection of end positions | Condition monitoring through integrated sensor system | Configuration and status diagnostics via the GEMÜ App | Contactless position detection | Electrical and mechanical position indicator as well as advanced diagnostic messages via high-visibility LED | Uniform mounting kit with integrated air supply and control pressure detection | ASi-5 fieldbus connection,"0,5 to 7 bar",,,,,,M12 plug,,IO-Link | Bluetooth,https://www.gemu-group.com/en/products/measurement-and-control-technology/position-feedback-devices-and-valve-connections/44a0,2026-06-09,A,"Official page description: Independent of the actuator size, the GEMÜ 44A0 multi-functional valve actuation, as an automation module, is compatible with all pneumatically operated process valves with single acting linear actuator of the new valve generation. Depending on the order variant and the set device functions, the connected process valves can be controlled conventionally open/closed (combi switchbox) or the valve position can be precisely controlled (positioner). Contactless position detection determines the valve position precisely, reliably and without being subject to wear. The current valve position is displayed via high visibility LEDs, and fed back via electrical signals. In addition to this, there is an integrated mechanical position indicator. Modern communication interfaces, an integrated sensor system and the GEMÜ app operating option are all features that characterize this innovative product."
C12A,Light barrier-based electrical position indicator,Measurement And Control Technology,Position Feedback Devices And Valve Connections,Light barrier-based electrical position indicator,,MEDIUM,阀门自动化、状态反馈与调节,Simple installation - pre-assembled or as a retrofit kit | Suitable for GEMÜ iComLine and CleanStar | Compact design with minimum installation height | Open/Closed position indicator as standard | Comes pre-assembled or as a retrofit kit | Durable due to contactless position detection,,,,,,,,,,https://www.gemu-group.com/en/products/measurement-and-control-technology/position-feedback-devices-and-valve-connections/c12a,2026-06-09,A,Official page description: The photoelectric sensor detects the position of the valve spindle without touching it. An electrical signal transmits the respective position of the valve (open/closed) to the plant control system. The connection is established using 24 V DC.
LSC,Limit switch box for quarter turn actuators,Measurement And Control Technology,Position Feedback Devices And Valve Connections,Limit switch box for quarter turn actuators,pneumatic | manual,MEDIUM,阀门自动化、状态反馈与调节,"Adjustable switch point tolerances | Simple mounting and retrofitting to quarter turn actuators | Can be attached to all quarter turn valves in accordance with the VDI/VDE 3845 standard interface | Up to four position feedback messages | Compact, solid housing | Solenoid valve connection (optional) | 3D optical position indicator (optional) | Open/close LED indicator (optional) | Low temperatures to -40 °C (optional)",,,,,,,"Plug, Harting Plug, Hirschmann M20 cable gland M12 plug NPT threaded connection",ATEX EAC FMEDA IECEx,HART,https://www.gemu-group.com/en/products/measurement-and-control-technology/position-feedback-devices-and-valve-connections/lsc,2026-06-09,A,Official page description: The GEMÜ LSC limit switch box is suitable for mounting to manually and pneumatically operated quarter turn valves. It is also fitted with an optical position indicator for visual confirmation of position.
C30,Pressure gauge with PFA pressure transmitter,Measurement And Control Technology,Temperature Measuring Devices And Pressure Measuring Devices,Pressure gauge with PFA pressure transmitter,,HIGH,制药或生物技术过程；具体卫生等级需确认,"Working medium hermetically isolated from the gauge by a patented PFA double diaphragm | Device body consists of PFA/PTFE | The proven GEMÜ CleanStar® technology is the basis of the transmitter | Pressure gauge can be positioned through 360° enabling individual user options | Option with electronic switching contacts | Production, assembly, calibration and packaging in cleanroom ISO 6",,5 Up to 60 °C,,1/4'' (DN 4) Up to 1 1/4'' (DN 25),,,,FDA,,https://www.gemu-group.com/en/products/measurement-and-control-technology/temperature-measuring-devices-and-pressure-measuring-devices/c30,2026-06-09,A,"Official page description: The GEMÜ C30 pressure measurement device is equipped with a PFA pressure transmitter and an analogue pressure gauge. The device body is made of PFA/PTFE and can be integrated directly into the piping system using flare unions. The pressure transmission is carried out with a monitoring liquid (standard IPA (isopropyl alcohol)/DI water, others available on request)."
C33,Pressure gauge with PTFE separating diaphragm,Measurement And Control Technology,Temperature Measuring Devices And Pressure Measuring Devices,Pressure gauge with PTFE separating diaphragm,,MEDIUM,,"Membrane is an integral part of the sensor envelope | Non-metallic ultra pure ceramic sensor | Media wetted area made exclusively of PTFE | Plastic housing for aggressive ambient conditions | Production, assembly, calibration and packaging in cleanroom ISO 6",,0 to 80 °C,,,PTFE,,,,,https://www.gemu-group.com/en/products/measurement-and-control-technology/temperature-measuring-devices-and-pressure-measuring-devices/c33,2026-06-09,A,"Official page description: The GEMÜ C33 HydraLine electronic pressure gauge comprises a PTFE body and a housing made of PTFE, PVDF and FKM. It has a ceramic pressure measurement cell which is separated from the process medium by an innovative new sealing concept. This means the process medium only comes into contact with PTFE. The GEMÜ C33 HydraLine has a leak detection hole for easy leakage detection and can be integrated directly into the piping system via flare unions."
710,Pneumatic ball valve made of plastic,Valve Technology,Ball Valves,Pneumatic ball valve made of plastic,pneumatic,LOW,,2/2 and 3/2-way versions available | Safety and reliability thanks to lockable fitting screw connection | Available as shut-off or control valve | Operating times variably adjustable | High flow rate | Choice of various body materials and connection types,0 Up to 16 bar,-20 to 100 °C,,DN 10 to 100,"ABS PP-H, grey PVC-C, chlorinated PVC-U, grey PVDF",EPDM FKM,Flange Solvent cement socket Spigot thread Union end,EAC,,https://www.gemu-group.com/en/products/valve-technology/ball-valves/710,2026-06-09,A,"Official page description: The 2/2 and/or 3/2-way GEMÜ 710 plastic ball valve has a pneumatic actuator, which can either be made from aluminium or plastic. The seat seal is made from PTFE and the O-ring seals can be made from either EPDM or FKM."
717,Manual ball valve made of plastic,Valve Technology,Ball Valves,Manual ball valve made of plastic,manual,LOW,,2/2 and 3/2-way versions available | Available as shut-off or control valve | Safety and reliability thanks to lockable fitting screw connection | Choice of various body materials and connection types | Handle with integrated tool for adjusting the seat seal,0 to 16 bar,-20 to 100 °C,,DN 10 to 100,"ABS PP-H, grey PVC-C, chlorinated PVC-U, grey PVDF",EPDM FKM,Flange Solvent cement socket Spigot thread Union end,EAC,,https://www.gemu-group.com/en/products/valve-technology/ball-valves/717,2026-06-09,A,Official page description: The GEMÜ 717 2/2 or 3/2-way plastic ball valve has an ergonomically designed hand lever and is manually operated. The seat seal is made from PTFE and the O-ring seals can be made from either EPDM or FKM.
B20,Manual 2/2-way metal ball valve,Valve Technology,Ball Valves,Manual 2/2-way metal ball valve,manual,MEDIUM,,Lockable hand lever | Length standardised to DIN 3202 M3 | High flow rate | Low weight | Compact design,0 Up to 63 bar,-40 to 180 °C,,DN 8 to 65,"1.4408, investment casting material",PTFE,thread,DVGW Gas EAC FDA FMEDA Functional safety Reg. (EU) No. 10/2011 Regulation (EC) No. 1935/2004,,https://www.gemu-group.com/en/products/valve-technology/ball-valves/b20,2026-06-09,A,Official page description: The GEMÜ B20 2-piece 2/2-way metal ball valve is manually operated. It has a plastic sleeved lockable hand lever. The seat seal is made of PTFE.
B22,Manual 2/2-way metal ball valve,Valve Technology,Ball Valves,Manual 2/2-way metal ball valve,manual,HIGH,制药或生物技术过程；具体卫生等级需确认,Easy maintenance thanks to swing-out centre body section | Ideal for decentralised use without compressed air supply | Blow-out proof shaft | Variety of connection types and connection standards available | Suitable for vacuum applications | Low maintenance and reliable spindle sealing | Antistatic device,0 Up to 63 bar,-40 to 180 °C,,DN 8 to 100,"1.4408, investment casting material",PTFE,Flange Spigot thread,ASME GEMÜ B31.3 EAC FDA Functional safety Oxygen Reg. (EU) No. 10/2011 Regulation (EC) No. 1935/2004 Regulation (EC) No. 2023/2006 TA Luft (German Clean Air Act),,https://www.gemu-group.com/en/products/valve-technology/ball-valves/b22,2026-06-09,A,Official page description: The GEMÜ B22 3-piece 2/2-way metal ball valve is manually operated. It has a plastic sleeved hand lever with a locking device. The seat seal is made of PTFE.
B26,Manual 2/2-way metal ball valve,Valve Technology,Ball Valves,Manual 2/2-way metal ball valve,manual,HIGH,制药或生物技术过程；具体卫生等级需确认,Compact design | Blow-out proof shaft | High flow rate | Full-flow bore | ATEX version available as an option,0 Up to 40 bar,-20 to 180 °C,,DN 15 to 100,"1.4408, investment casting material",PTFE,Flange,EAC FDA Reg. (EU) No. 10/2011 Regulation (EC) No. 1935/2004 Regulation (EC) No. 2023/2006 TA Luft (German Clean Air Act),,https://www.gemu-group.com/en/products/valve-technology/ball-valves/b26,2026-06-09,A,Official page description: The GEMÜ B26 metal one-piece 2/2-way ball valve has a plastic sleeved hand lever. The seat seal is made of PTFE.
B27,Manual 3/2-way metal ball valve,Valve Technology,Ball Valves,Manual 3/2-way metal ball valve,manual,HIGH,制药或生物技术过程；具体卫生等级需确认,With T- or L-ball selectable | Large selection of lockable hand levers available | Available in different thread variants | Suitable for vacuum applications | Antistatic device | High flow rate | Compact design,0 Up to 40 bar,-40 to 180 °C,,DN 8 to 50,"1.4408, investment casting material",PTFE,thread,FDA Functional safety Reg. (EU) No. 10/2011 Regulation (EC) No. 1935/2004 Regulation (EC) No. 2023/2006,,https://www.gemu-group.com/en/products/valve-technology/ball-valves/b27,2026-06-09,A,Official page description: The GEMÜ B27 3/2-way metal ball valve is manually operated. It has a plastic sleeved hand lever with a locking device. The seat seal is made of PTFE.
B2F,Manual 2/2-way metal ball valve,Valve Technology,Ball Valves,Manual 2/2-way metal ball valve,manual,HIGH,制药或生物技术过程；具体卫生等级需确认,Fire Safe API 607 and DIN EN ISO 10497 | Suitable for chemical applications | Antistatic device | Low maintenance and reliable spindle sealing | Standardised FTF overall length in accordance with EN 558 Series 27,0 Up to 40 bar,-40 to 220 °C,,DN 15 to 200,"1.4408, investment casting material","PTFE, reinforced",Flange,EAC FireSafe FMEDA TA Luft (German Clean Air Act),,https://www.gemu-group.com/en/products/valve-technology/ball-valves/b2f,2026-06-09,A,Official page description: The GEMÜ B2F two-piece 2/2-way metal ball valve is manually operated. It has a plastic sleeved hand lever with a locking device. The seat seal is made of PTFE with glass fibre reinforcement.
B42,Pneumatic 2/2-way metal ball valve,Valve Technology,Ball Valves,Pneumatic 2/2-way metal ball valve,pneumatic,HIGH,制药或生物技术过程；具体卫生等级需确认,Easy maintenance thanks to swing-out centre body section | Operating times variably adjustable | Blow-out proof shaft | Variety of connection types and connection standards available | Suitable for vacuum applications | Low maintenance and reliable spindle sealing | Antistatic device,0 Up to 63 bar,-40 to 180 °C,,DN 8 to 100,"1.4408, investment casting material",PTFE,Flange Spigot thread,ASME GEMÜ B31.3 ATEX EAC FDA Functional safety Oxygen Reg. (EU) No. 10/2011 Regulation (EC) No. 1935/2004 Regulation (EC) No. 2023/2006 TA Luft (German Clean Air Act),,https://www.gemu-group.com/en/products/valve-technology/ball-valves/b42,2026-06-09,A,Official page description: The GEMÜ B42 3-piece 2/2-way metal ball valve is pneumatically operated. The seat seal is made of PTFE.
B47,Pneumatic 3/2-way metal ball valve,Valve Technology,Ball Valves,Pneumatic 3/2-way metal ball valve,pneumatic,HIGH,制药或生物技术过程；具体卫生等级需确认,With T- or L-ball selectable | Operating times variably adjustable | Available in different thread variants | Compact design | Suitable for vacuum applications | Antistatic device,0 Up to 40 bar,-40 to 180 °C,,DN 8 to 50,"1.4408, investment casting material",PTFE,thread,ATEX,,https://www.gemu-group.com/en/products/valve-technology/ball-valves/b47,2026-06-09,A,Official page description: The GEMÜ B47 3/2-way metal ball valve is pneumatically operated. The seat seal is made of PTFE.
B52,Electromotive 2/2-way metal ball valve,Valve Technology,Ball Valves,Electromotive 2/2-way metal ball valve,motorized | manual,HIGH,制药或生物技术过程；具体卫生等级需确认,Easy maintenance thanks to swing-out centre body section | Ideal for decentralised use without compressed air supply | Blow-out proof shaft | Variety of connection types and connection standards available | Suitable for vacuum applications | Low maintenance and reliable spindle sealing | Antistatic device,0 Up to 63 bar,-40 to 180 °C,,DN 8 to 100,"1.4408, investment casting material",PTFE,Flange Spigot thread,ASME GEMÜ B31.3 ATEX EAC FDA Oxygen Reg. (EU) No. 10/2011 Regulation (EC) No. 1935/2004 Regulation (EC) No. 2023/2006 TA Luft (German Clean Air Act),,https://www.gemu-group.com/en/products/valve-technology/ball-valves/b52,2026-06-09,A,Official page description: The GEMÜ B52 3-piece 2/2-way metal ball valve is motorized. It has a plastic actuator housing. A manual override and an optical position indicator are integrated as standard. The seat seal is made of PTFE.
B54,Electric 2/2-way metal ball valve,Valve Technology,Ball Valves,Electric 2/2-way metal ball valve,,HIGH,制药或生物技术过程；具体卫生等级需确认,"Checked delta ferrite material < 3% (1.4435) | Material certificates for media wetted components | Wetted surfaces e-polished (Ra 0.51 µm) | Ball valve body, assembled free of oil/grease | Comprehensive drive selection | Butt weld spigots in extended orbital welding design | Optionally available with cavity-filled seat",0 Up to 63 bar,-10 to 220 °C,,DN 8 to 100,"1.4435 (316L), investment casting material",PTFE,,,,https://www.gemu-group.com/en/products/valve-technology/ball-valves/b54,2026-06-09,A,"Official page description: The GEMÜ B54 three-piece 2/2-way metal ball valve with free shaft end and an actuator flange to DIN ISO 5211 for easy mounting of different actuator variants is particularly suitable for applications in the supply sector in the pharmaceutical, food processing and biotechnology industries thanks to the stainless steel alloy used (material composition corresponds to 316L) with a low delta ferrite content of <3 %. Only those plastics which are compliant with FDA, USP Class VI and Regulation (EU) No.10/2011 are used for the seals."
BB06,2/2-way ball valve with free shaft end made of metal,Valve Technology,Ball Valves,2/2-way ball valve with free shaft end made of metal,,HIGH,制药或生物技术过程；具体卫生等级需确认,Compact design | Blow-out proof shaft | High flow rate | Full-flow bore | ATEX version available as an option,0 Up to 40 bar,-40 to 180 °C,,DN 15 to 100,"1.4408, investment casting material",PTFE,Flange,EAC FDA FMEDA Functional safety Reg. (EU) No. 10/2011 Regulation (EC) No. 1935/2004 Regulation (EC) No. 2023/2006 TA Luft (German Clean Air Act),,https://www.gemu-group.com/en/products/valve-technology/ball-valves/bb06,2026-06-09,A,Official page description: The GEMÜ BB06 metal one-piece 2/2-way ball valve has a bare shaft. The seat seal is made of PTFE.
BB07,3/2-way ball valve with free shaft end made of metal,Valve Technology,Ball Valves,3/2-way ball valve with free shaft end made of metal,,HIGH,制药或生物技术过程；具体卫生等级需确认,With T- or L-ball selectable | Flexible drive variants and automation options possible thanks to standardised mounting flange to ISO 5211 | Available in different thread variants | Compact design | Suitable for vacuum applications | Antistatic device,0 Up to 40 bar,-40 to 180 °C,,DN 8 to 50,"1.4408, investment casting material",PTFE,thread,FDA FMEDA Functional safety Functional safety Regulation (EC) No. 1935/2004,,https://www.gemu-group.com/en/products/valve-technology/ball-valves/bb07,2026-06-09,A,"Official page description: The GEMÜ BB07 stainless steel 3/2-way ball valve has a bare shaft. Thanks to the top flange according to ISO 5211, easy actuator mounting is possible."
BB0F,2/2-way ball valve with free shaft end made of metal,Valve Technology,Ball Valves,2/2-way ball valve with free shaft end made of metal,,HIGH,制药或生物技术过程；具体卫生等级需确认,Fire Safe API 607 and DIN EN ISO 10497 | Suitable for chemical applications | Antistatic device | Low maintenance and reliable spindle sealing | Standardised FTF overall length in accordance with EN 558 Series 27,0 Up to 40 bar,-40 to 220 °C,,DN 15 to 200,"1.4408, investment casting material","PTFE, reinforced",Flange,EAC FireSafe FMEDA Functional safety TA Luft (German Clean Air Act),,https://www.gemu-group.com/en/products/valve-technology/ball-valves/bb0f,2026-06-09,A,"Official page description: The GEMÜ BB0F two-piece 2/2-way ball valve made from stainless steel has a bare shaft. Due to the top flange according to ISO 5211, simple actuator mounting is possible."
411,Manual metal shut-off damper,Valve Technology,Butterfly Valves,Manual metal shut-off damper,manual,HIGH,制药或生物技术过程；具体卫生等级需确认,Available in small nominal sizes | Suitable for vacuum applications and low temperatures | Ergonomically designed hand lever with integrated locking device | High-quality butterfly valve in stainless steel | Compact and robust body,0 to 10 bar,-20 to 160 °C,,DN 15 to 50,,,Clamp Spigot thread,EAC FDA Functional safety,,https://www.gemu-group.com/en/products/valve-technology/butterfly-valves/411,2026-06-09,A,"Official page description: The GEMÜ 411 soft-seated, centric butterfly valve made of stainless steel has an ergonomically designed, corrosion-resistant plastic hand lever. It is protected against accidental operation by the integrated locking device. With its rounded and polished disc edges, the butterfly valve is optimized for frequent cycle duties. The surface of the butterfly valve can be further finished."
415,Pneumatic metal butterfly valve,Valve Technology,Butterfly Valves,Pneumatic metal butterfly valve,pneumatic,HIGH,制药或生物技术过程；具体卫生等级需确认,Available in small nominal sizes | Suitable for vacuum applications and low temperatures | Corrosion-resistant and space-saving piston actuator made from plastic or metal | High-quality butterfly valve in stainless steel | Compact and robust body,0 to 10 bar,-20 to 160 °C,,DN 15 to 50,,,Clamp Spigot thread,ATEX EAC FDA,,https://www.gemu-group.com/en/products/valve-technology/butterfly-valves/415,2026-06-09,A,"Official page description: The GEMÜ 415 soft-seated, centric butterfly valve made of stainless steel is pneumatically operated via a space-saving piston actuator. The ""Normally Closed"", ""Normally Open"" and ""Double Acting"" control functions are available. A low-cost rack and pinion actuator can also be fitted. With its rounded and polished disc edges, the butterfly valve is optimized for frequent cycle duties. The surface of the butterfly valve can be further finished."
417,Manual plastic shut-off damper,Valve Technology,Butterfly Valves,Manual plastic shut-off damper,manual,LOW,,Low weight | Corrosion resistant plastic body | Simple installation with union nut | Ergonomic handle with anti-twist system and locking device,0 to 6 bar,0 to 60 °C,,DN 15 to 50,,,Union end,EAC,,https://www.gemu-group.com/en/products/valve-technology/butterfly-valves/417,2026-06-09,A,Official page description: The GEMÜ 417 butterfly valve has an ergonomically designed corrosion resistant plastic hand lever. It can be protected against accidental operation by the integrated locking device.
423,Electromotive plastic shut-off damper,Valve Technology,Butterfly Valves,Electromotive plastic shut-off damper,motorized | manual,LOW,,Low weight | Adjustable end positions by means of microswitches | Corrosion resistant plastic body | Simple installation with union nut | Compact design,0 to 6 bar,0 to 60 °C,,DN 15 to 50,,,Union end,CSA EAC,,https://www.gemu-group.com/en/products/valve-technology/butterfly-valves/423,2026-06-09,A,"Official page description: The butterfly valve GEMÜ 423 has a low-maintenance, motorized quarter turn actuator. A manual override and an optical position indicator are integrated as standard."
428,Electromotive metal shut-off damper,Valve Technology,Butterfly Valves,Electromotive metal shut-off damper,motorized | manual,MEDIUM,,Available in small nominal sizes | Suitable for vacuum applications and low temperatures | High-quality shut-off damper made of stainless steel | Compact and robust body,0 to 10 bar,-20 to 160 °C,,DN 15 to 50,,,Clamp Spigot thread,EAC FDA,,https://www.gemu-group.com/en/products/valve-technology/butterfly-valves/428,2026-06-09,A,"Official page description: The GEMÜ 428 soft-seated, centric butterfly valve made of stainless steel is operated by an electric motor. A manual override and an optical position indicator are integrated as standard. With its rounded and polished disc edges, the butterfly valve is optimized for frequent cycle duties. The surface of the butterfly valve can be further finished."
490,Butterfly valve with free shaft end made of metal,Valve Technology,Butterfly Valves,Butterfly valve with free shaft end made of metal,,HIGH,制药或生物技术过程；具体卫生等级需确认,"Suitable for chemically corrosive media | Bubble tight sealing acc. to EN 12266-1/P12, leakage rate A | High-quality selection of materials can be combined in different ways | High level of plant reliability thanks to one-piece shaft and spring-washer-supported seal system | Long service life thanks to shaft bearings and special disc and liner geometry",0 Up to 10 bar,-20 to 200 °C,,DN 25 to 1200,"1.4404, block material EN-GJS-400-18-LT (GGG 40.3) S355J2 + N, cast steel material VE Duroplast, reinforced",,,ATEX EAC FDA FMEDA TA Luft (German Clean Air Act),,https://www.gemu-group.com/en/products/valve-technology/butterfly-valves/490,2026-06-09,A,"Official page description: The GEMÜ 490 Edessa PTFE-seated, centric butterfly valve has a free shaft end. Disc and shaft are one piece, body and liner are available in different designs. The butterfly valve is available in the nominal sizes (1″ - 48″), in the standardised installation lengths: ISO 5752/20 | EN 558-1/20 | API 609 category A (DIN 3202 K1) in the wafer and lug body variants."
491,Pneumatic metal butterfly valve,Valve Technology,Butterfly Valves,Pneumatic metal butterfly valve,pneumatic,HIGH,制药或生物技术过程；具体卫生等级需确认,"Suitable for chemically corrosive media | Bubble tight sealing acc. to EN 12266-1/P12, leakage rate A | High-quality selection of materials can be combined in different ways | High level of plant reliability thanks to one-piece shaft and spring-washer-supported seal system | Long service life thanks to shaft bearings and special disc and liner geometry | Optional accessories are installed, set and tested so they are ready for operation",0 Up to 10 bar,-20 to 200 °C,,DN 25 to 600,"1.4404, block material EN-GJS-400-18-LT (GGG 40.3) S355J2 + N, cast steel material VE Duroplast, reinforced",,,ATEX EAC FDA FMEDA TA Luft (German Clean Air Act),,https://www.gemu-group.com/en/products/valve-technology/butterfly-valves/491,2026-06-09,A,"Official page description: The GEMÜ 491 Edessa PTFE lined butterfly valve has a metal actuator and is pneumatically operated. The ""Normally Closed"", ""Normally Open"" and ""Double Acting"" control functions are available. Disc and shaft are one piece, body and liner are available in different designs. The butterfly valve is available in nominal sizes DN 25 Up to 600 and in standard installation lengths ISO 5752/20 | EN 558-1/20 | API 609 category A (DIN 3202 K1) in wafer and lug body versions."
498,Electromotive metal shut-off damper,Valve Technology,Butterfly Valves,Electromotive metal shut-off damper,motorized,HIGH,制药或生物技术过程；具体卫生等级需确认,"Suitable for chemically corrosive media | Bubble tight sealing acc. to EN 12266-1/P12, leakage rate A | High-quality selection of materials can be combined in different ways | High level of plant reliability thanks to one-piece shaft and spring-washer-supported seal system | Long service life thanks to shaft bearings and special disc and liner geometry | Wide choice of motorized actuator types",0 to 10 bar,-20 to 200 °C,,DN 25 to 1200,"1.4404, block material EN-GJS-400-18-LT (GGG 40.3) S355J2 + N, cast steel material VE Duroplast, reinforced",,,ATEX EAC FDA FMEDA TA Luft (German Clean Air Act),,https://www.gemu-group.com/en/products/valve-technology/butterfly-valves/498,2026-06-09,A,"Official page description: The GEMÜ 498 Edessa PTFE-sealing, centric butterfly valve is actuated by an electric motor. Various metal or plastic on/off or control actuators are available. Disc and shaft are one piece, body and liner are available in different designs. The butterfly valve is available in nominal sizes DN 25 Up to 1200 and in standard installation lengths ISO 5752/20 | EN 558-1/20 | API 609 category A (DIN 3202 K1) in wafer and lug body versions."
D458,Electromotive plastic shut-off damper,Valve Technology,Butterfly Valves,Electromotive plastic shut-off damper,motorized | manual,LOW,,Excellent corrosion protection | UV resistant | Disc outlet dimension designed on plastic piping | Low weight | Simple installation | Low pressure loss | Low torque,0 to 10 bar,5 to 90 °C,,DN 50 to 300,"PP, reinforced",,,CSA EAC,,https://www.gemu-group.com/en/products/valve-technology/butterfly-valves/d458,2026-06-09,A,Official page description: The GEMÜ D458 butterfly valve is motorized. Various metal or plastic on/off or control actuators are available. A manual override and an optical position indicator are integrated as standard. The butterfly valve is available in nominal sizes DN 50–300 and has a wafer body version.
D480,Butterfly valve with free shaft end made of metal,Valve Technology,Butterfly Valves,Butterfly valve with free shaft end made of metal,,MEDIUM,,"Available in large nominal sizes | Bubble tight sealing acc. to EN 12266-1/P12, leakage rate A | Special materials for disc, seal and valve body | Vulcanizable liner | Abrasion-resistant version possible",0 Up to 16 bar,-60 to 210 °C,,DN 25 to 1600,"ASTM EN-AC-46100, aluminium casting material EN-AC-47100, aluminium casting material EN-GJL-250 EN-GJS-400-15, SG iron material EN-GJS-400-18-LT (GGG 40.3) S275JR, cast steel material with epoxy coating",,,ACS ATEX DNV GL DVGW Drinking water DVGW Gas EAC FDA WRAS,,https://www.gemu-group.com/en/products/valve-technology/butterfly-valves/d480,2026-06-09,A,Official page description: The GEMÜ D480 Victoria soft seated butterfly valve has a bare shaft. The butterfly valve is available in nominal sizes DN 25 Up to 1600 and in standard installation lengths ISO 5752/20 | EN 558-1/20 | API 609 category A (DIN 3202 K1) in wafer and lug body versions.
D488,Electromotive metal shut-off damper,Valve Technology,Butterfly Valves,Electromotive metal shut-off damper,motorized,MEDIUM,,"Available in large nominal sizes | Bubble tight sealing acc. to EN 12266-1/P12, leakage rate A | Special materials for disc, seal and valve body | Vulcanizable liner | Abrasion-resistant version possible",0 to 16 bar,-60 to 210 °C,,DN 25 to 1600,"ASTM EN-AC-46100, aluminium casting material EN-AC-47100, aluminium casting material EN-GJL-250 EN-GJS-400-15, SG iron material EN-GJS-400-18-LT (GGG 40.3) S275JR, cast steel material with epoxy coating",,,ACS DNV GL DVGW Drinking water DVGW Gas EAC FDA WRAS,,https://www.gemu-group.com/en/products/valve-technology/butterfly-valves/d488,2026-06-09,A,"Official page description: The GEMÜ D488 Victoria soft-seated butterfly valve is motorized. Various metal or plastic on/off or control actuators are available. The butterfly valve is available in nominal sizes DN 25 Up to 1600, in the standardized installation lengths: ISO 5752/20 | EN 558-1/20 | API 609 category A (DIN 3202 K1) available in wafer, lug and U section body versions."
K410,Butterfly valve with free shaft end made of plastic,Valve Technology,Butterfly Valves,Butterfly valve with free shaft end made of plastic,,LOW,,Low weight | Corrosion resistant plastic body | Simple installation with union nut | Universal fitting,0 to 6 bar,0 to 60 °C,,DN 15 to 50,,,Union end,EAC,,https://www.gemu-group.com/en/products/valve-technology/butterfly-valves/k410,2026-06-09,A,Official page description: The GEMÜ K410 butterfly valve has a bare shaft. The GEMÜ RSK check valve is available in plastic.
K415,Butterfly valve with free shaft end made of metal,Valve Technology,Butterfly Valves,Butterfly valve with free shaft end made of metal,pneumatic | motorized | manual,MEDIUM,,Available in small nominal sizes | Suitable for vacuum applications and low temperatures | High-quality butterfly valve made from stainless steel or brass | Compact and robust body,0 to 10 bar,-20 to 160 °C,,DN 15 to 50,,,Clamp Spigot thread,ATEX EAC FDA,,https://www.gemu-group.com/en/products/valve-technology/butterfly-valves/k415,2026-06-09,A,"Official page description: The GEMÜ K415 soft-seated, centric butterfly valve made of stainless steel has a free shaft end with standardised actuator flange to ISO5211. With its rounded and polished disc edges, the butterfly valve is optimized for frequent cycle duties. The surface of the butterfly valve can still be further finished. The butterfly valve with FDA is available as an option. Thanks to its modular construction, it is also available with a manual, pneumatic or motorized actuator."
R470,Butterfly valve with free shaft end made of metal,Valve Technology,Butterfly Valves,Butterfly valve with free shaft end made of metal,,HIGH,制药或生物技术过程；具体卫生等级需确认,"High-performance butterfly valve with double-eccentric construction in order to separate the disc directly from the seat (gasket), thereby reducing friction and extending the service life | Continuous shaft with temperature resistant graphite bearing and PTFE gland packing for readjustment in operation for minimized leakage, even at low pressures | Antistatic fixture for ATEX area | Bubble tight sealing acc. to EN 12266-1/P12, leakage rate A",0 to 40 bar,-10 to 230 °C,,DN 50 to 600,"1.0619 (WCB), cast steel material with CDP coating 1.4408 (CF8M), investment casting material",,,ATEX EAC FDA FMEDA TA Luft (German Clean Air Act),,https://www.gemu-group.com/en/products/valve-technology/butterfly-valves/r470,2026-06-09,A,Official page description: The GEMÜ R470 Tugela double-eccentric metal butterfly valve has a bare shaft with a top flange in accordance with EN ISO 5211. The butterfly valve is available in nominal sizes DN 50 Up to 600 and in standardized installation lengths API 609 category A (DIN 3202 K1).
R477,Manual metal shut-off damper,Valve Technology,Butterfly Valves,Manual metal shut-off damper,manual,HIGH,制药或生物技术过程；具体卫生等级需确认,"High-performance butterfly valve with double-eccentric construction in order to separate the disc directly from the seat (gasket), thereby reducing friction and extending the service life | Continuous shaft with temperature resistant graphite bearing and PTFE gland packing for readjustment in operation for minimized leakage, even at low pressures | Antistatic fixture for ATEX area | Various actuator types can be selected | Bubble tight sealing acc. to EN 12266-1/P12, leakage rate A",0 to 40 bar,-10 to 230 °C,,DN 50 to 600,"1.0619 (WCB), cast steel material with CDP coating 1.4408 (CF8M), investment casting material",,,ATEX EAC FDA TA Luft (German Clean Air Act),,https://www.gemu-group.com/en/products/valve-technology/butterfly-valves/r477,2026-06-09,A,Official page description: The GEMÜ R477 Tugela double eccentric metal butterfly valve is operated by a manual actuator. The butterfly valve is available in nominal sizes DN 50 Up to 600 and in standardized installation lengths API 609 category A (DIN 3202 K1).
R478,Electromotive metal shut-off damper,Valve Technology,Butterfly Valves,Electromotive metal shut-off damper,motorized,HIGH,制药或生物技术过程；具体卫生等级需确认,"High-performance butterfly valve with double-eccentric construction in order to separate the disc directly from the seat (gasket), thereby reducing friction and extending the service life | Continuous shaft with temperature resistant graphite bearing and PTFE gland packing for readjustment in operation for minimized leakage, even at low pressures | Antistatic fixture for ATEX area | Various actuator types can be selected | Bubble tight sealing acc. to EN 12266-1/P12, leakage rate A",0 to 40 bar,-10 to 230 °C,,DN 50 to 600,"1.0619 (WCB), cast steel material with CDP coating 1.4408 (CF8M), investment casting material",,,ATEX EAC FDA TA Luft (German Clean Air Act),,https://www.gemu-group.com/en/products/valve-technology/butterfly-valves/r478,2026-06-09,A,Official page description: The GEMÜ R478 Tugela double-eccentric metal butterfly valve is operated by a motorized actuator. The butterfly valve is available in nominal sizes DN 50 Up to 600 and in standardized installation lengths API 609 category A (DIN 3202 K1).
R488,Electromotive metal shut-off damper,Valve Technology,Butterfly Valves,Electromotive metal shut-off damper,motorized,MEDIUM,,"Low torques thanks to coated bushings | Bubble tight sealing acc. to EN 12266-1/P12, leakage rate A | Liner material is easy to read when installed | Sleek disc design for higher Kv values | Robust body coating comparable to ISO 12944-6 C5 | Various actuator types can be selected | Optional accessories are installed, set and tested so they are ready for operation",0 to 16 bar,-10 to 160 °C,,DN 25 to 600,"EN-GJS-400-15, SG iron material EN-GJS-400-18-LT (GGG 40.3)",,,ACS ASME GEMÜ B31.3 ATEX Belgaqua DNV GL DVGW Drinking water DVGW Gas FDA FMEDA NSF Oxygen Regulation (EC) No. 1935/2004 TA Luft (German Clean Air Act) WRAS,,https://www.gemu-group.com/en/products/valve-technology/butterfly-valves/r488,2026-06-09,A,"Official page description: The GEMÜ R488 Victoria soft seated metal butterfly valve is motorized. Various metal or plastic open/closed or control versions are available. The butterfly valve is available in nominal sizes DN 25 to 600 and in standard installation lengths ISO 5752/20 | EN 558-1/20 | API 609 category A (DIN 3202 K1) in wafer, lug and U section body versions."
567,2/2-way diaphragm globe valve with PD technology,Valve Technology,Diaphragm Seat Valves,2/2-way diaphragm globe valve with PD technology,pneumatic | motorized | manual,HIGH,无菌主工艺、配液、纯化或卫生输送,"Hermetic separation of the actuator from the medium using GEMÜ PD technology for applications in the pharmaceutical and food industries | Available with manual, electric and pneumatic actuators | Flow rates from approx. 2 l/h to 63,000 l/h, precisely controllable depending on the model and process | Significantly reduced sticking behaviour (no adhesion to the valve seat) of the diaphragm | Optionally available in oxygen and ATEX versions | FDA-compliant as standard and suitable for contact with foodstuffs in accordance with Regulation (EC) No 1935/2004 | Can be integrated into the GEMÜ P500M multi-port valve block",0 to 10 bar,-10 to 160 °C,,DN 8 to 65,"1.4435 (316L), block material",,,3A BSE/TSE EAC FDA Oxygen Reg. (EU) No. 10/2011 Regulation (EC) No. 1935/2004 Regulation (EC) No. 2023/2006 USP,,https://www.gemu-group.com/en/products/valve-technology/diaphragm-seat-valves/567,2026-06-09,A,"Official page description: The GGEMÜ 567 BioStar control 2/2-way diaphragm globe valve is an aseptic control valve designed for demanding applications. Flow rates range from 80 l/h to 63,000 l/h, depending on the version. The sealing concept of the valve is based on the GEMÜ PD design. All actuator parts (except the seals) are made from stainless steel. Manual, pneumatic and electric motorised drives are available.The electric motorized actuators can be selected from two variants, GEMÜ eSyDrive and GEMÜ servoDrive, depending on the application. GEMÜ 567 eSyDrive can be used as a positioner or process controller. GEMÜ 567 servoDrive is suitable for real-time control processes."
C53,Motorized 2/2-way diaphragm globe valve,Valve Technology,Diaphragm Seat Valves,Motorized 2/2-way diaphragm globe valve,motorized,HIGH,制药或生物技术过程；具体卫生等级需确认,"Control valve for ultra pure applications in the semiconductor industry | High-resolution linear actuator with stepper motor | Integration in space-saving multi-port valve block solutions | Long service life with over 1 million qualified control switching cycles | Clean room production, fulfils SEMI F57 | Ideally suited for corrosive media | Control valve based on the iComLine series",0 to 6 bar,10 to 150 °C,,,Modified PTFE PFA,,Flare PrimeLock® Super 300 Type Pillar®,,,https://www.gemu-group.com/en/products/valve-technology/diaphragm-seat-valves/c53,2026-06-09,A,"Official page description: The GEMÜ C53 iComLine 2/2-way diaphragm globe valve was developed for precise and demanding control applications in semiconductor production. The sealing concept of the valve is based on the tried-and-tested GEMÜ PD design, whereby the actuator and medium are separated by a PTFE regulating cone. As the regulating cone contour, actuator stroke and connection size can be adapted, the GEMÜ C53 iComLine satisfies virtually all control and flow requirements of the semiconductor industry. The precise stepper motor, in conjunction with the ultra-pure body materials, is particularly suitable for lithography, CMP, and etching processes, as well as analytical applications in semiconductor production."
C57,Manual 2/2-way diaphragm globe valve,Valve Technology,Diaphragm Seat Valves,Manual 2/2-way diaphragm globe valve,manual,LOW,,"Infinitely adjustable handwheel made of PVDF (Multi-Turn) | Low space requirement due to compact design | Integration in space-saving multi-port valve block solutions | Clean room production, fulfils SEMI F57 | Ideally suited for corrosive media | Choice of design with PTFE-coated screws and compression springs",0 to 6 bar,-10 to 150 °C,,DN 4 to 25,PFA PTFE,PTFE,Flare Nexus Connect® PrimeLock® Super 300 Type Pillar®,,,https://www.gemu-group.com/en/products/valve-technology/diaphragm-seat-valves/c57,2026-06-09,A,"Official page description: The GEMÜ C57 iComLine ultra-pure 2/2-way plastic diaphragm globe valve is manually operated using a handwheel. All media wetted parts are made of PFA or PTFE The external actuator parts are made of PVDF. The external actuator parts are made of PVDF. An integral optical position indicator is standard. In addition to 2/2-way valve bodies, customized multi-port valve block solutions can be produced."
C58,Pneumatic 3/2-way diaphragm globe valve,Valve Technology,Diaphragm Seat Valves,Pneumatic 3/2-way diaphragm globe valve,pneumatic,HIGH,制药或生物技术过程；具体卫生等级需确认,High Kv value | Ideally suited for corrosive media | High purity due to cleanroom manufacturing | Low space requirement due to compact design,"0 to 5,5 bar",-10 to 130 °C,,DN 4 to 10,PTFE,PTFE,Flare PrimeLock® Super 300 Type Pillar®,,,https://www.gemu-group.com/en/products/valve-technology/diaphragm-seat-valves/c58,2026-06-09,A,"Official page description: GGEMÜ C58 is a high-purity 3/2-way process valve. The medium flowing in via the inlet can be switched between two outlets, whereby operation in the opposite flow direction is also possible. All wetted parts are made of PTFE. The valve is therefore suitable for handling aggressive media in the supply and process area of semiconductor production."
F40,Pneumatic 2/2-way diaphragm globe valve with PD technology,Valve Technology,Diaphragm Seat Valves,Pneumatic 2/2-way diaphragm globe valve with PD technology,pneumatic,HIGH,无菌主工艺、配液、纯化或卫生输送,Designed for filling processes with fast and frequent switching cycles | Hermetic separation of the actuator from the medium thanks to excellent GEMÜ | PD sealing technology for filling applications in the pharmaceutical and food industries | Durable and very fast maintenance thanks to quick locking and innovative cartridge spare parts system | Optionally available with oxygen and ATEX version | FDA-compliant as standard and suitable for contact with foodstuffs in accordance with Regulation (EC) No 1935/2004 | Can be integrated into P500 M multi-ports,0 to 7 bar,-10 to 140 °C,,DN 8 to 25,"1.4435 (316L), block material 1.4435, investment casting material",PTFE,Clamp Spigot,3A ATEX EAC FDA Reg. (EU) No. 10/2011 Regulation (EC) No. 1935/2004 Regulation (EC) No. 2023/2006 USP,,https://www.gemu-group.com/en/products/valve-technology/diaphragm-seat-valves/f40,2026-06-09,A,"Official page description: The GEMÜ F40 2/2-way filling valve is designed for filling processes in aseptic and hygienic applications. Flow rates of up to 18,500 l/h are possible, depending on the design. The sealing concept of the valve is based on the GEMÜ PD design, whereby the actuator is hermetically separated from the medium. All actuator parts (except the seals) are made from stainless steel. The ""Normally closed"" and ""Normally open"" control functions are available."
F60,Electromotive 2/2-way diaphragm globe valve with PD technology,Valve Technology,Diaphragm Seat Valves,Electromotive 2/2-way diaphragm globe valve with PD technology,motorized,HIGH,无菌主工艺、配液、纯化或卫生输送,"Designed for extremely fast, precise and flexible filling processes with the highest requirements | Hermetic separation of the actuator from the medium thanks to excellent GEMÜ PD sealing technology for filling applications in the pharmaceutical and food industries | Durable and very fast maintenance thanks to quick locking and innovative cartridge spare parts system | Optionally available with oxygen and ATEX version | FDA-compliant as standard and suitable for contact with foodstuffs in accordance with Regulation (EC) No 1935/2004 | Can be integrated into P500 M multi-ports",0 Up to 7 bar,-10 to 140 °C,,DN 8 to 25,"1.4435, investment casting material",PTFE,Clamp Spigot,3A EAC EHEDG FDA Reg. (EU) No. 10/2011 Regulation (EC) No. 1935/2004 Regulation (EC) No. 2023/2006 USP,,https://www.gemu-group.com/en/products/valve-technology/diaphragm-seat-valves/f60,2026-06-09,A,"Official page description: The GEMÜ F60 motorized 2/2-way filling valve is designed for extremely precise and fast filling processes in aseptic and hygienic applications. GEMÜ F60 enables activation in real time, ultra-quick load cycles and high flow rates of up to 18.500 l/h. The sealing concept of the valve is based on the GEMÜ PD design, whereby the actuator is hermetically separated from the medium. All actuator parts (except the seals) are made from stainless steel."
605,Pneumatic 2/2-way diaphragm valve with metal body,Valve Technology,Diaphragm Valves,Pneumatic 2/2-way diaphragm valve with metal body,pneumatic,HIGH,制药或生物技术过程；具体卫生等级需确认；CIP/SIP与蒸汽灭菌,Hermetic separation between medium and actuator | CIP/SIP capable | Wide range of adaptation options for add-on components and accessories | Compact design (ideal when space is at a premium) | Wide range of adaptation options for add-on components and accessories,0 to 8 bar,-10 to 100 °C,max. 150 °C,DN 4 to 15,"(316L), forging material 1.4408, investment casting material 1.4435 (BN2), forged material 1.4435, investment casting material 1.4539 (904L), forged material",EPDM PTFE/EPDM PTFE/FKM,Clamp Spigot thread,3A BSE/TSE CRN EAC EHEDG FDA FMEDA Oxygen Reg. (EU) No. 10/2011 Regulation (EC) No. 1935/2004 Regulation (EC) No. 2023/2006 TA Luft (German Clean Air Act) USP,,https://www.gemu-group.com/en/products/valve-technology/diaphragm-valves/605,2026-06-09,A,"Official page description: The GEMÜ 605 2/2-way diaphragm valve has a low-maintenance plastic piston actuator and is pneumatically operated. The valve has a metal distance piece. An integrated optical position indicator is standard. Normally Closed (NC), Normally Open (NO) and Double Acting (DA) control functions are available."
610,Pneumatic 2/2-way diaphragm valve made of plastic,Valve Technology,Diaphragm Valves,Pneumatic 2/2-way diaphragm valve made of plastic,pneumatic,MEDIUM,,Ideal for space-saving system design | Integral optical position indicator and closing stroke limiter as standard | Option with electrical position indicator,0 to 6 bar,-10 to 80 °C,,DN 12 to 20,"PP, reinforced PP-H, natural PVC-U, grey PVDF",EPDM FKM NBR PTFE/EPDM,Flare Solvent cement socket Spigot thread Union end,ACS EAC FDA FMEDA System 1+,,https://www.gemu-group.com/en/products/valve-technology/diaphragm-valves/610,2026-06-09,A,"Official page description: The GEMÜ 610 2/2-way diaphragm valve has a low maintenance plastic piston actuator and is pneumatically operated. An integral optical position indicator is standard. Normally Closed (NC), Normally Open (NO) and Double Acting (DA) control functions are available."
611,Manual 2/2-way diaphragm valve with metal body,Valve Technology,Diaphragm Valves,Manual 2/2-way diaphragm valve with metal body,manual,MEDIUM,CIP/SIP与蒸汽灭菌,"Extensive range of accessories available, e.g. electrical position indicator for open handwheel position or lockable handwheel clamp (GEMÜ 671)",0 to 10 bar,-10 to 80 °C,max. 150 °C,DN 10 to 20,"(316L), forging material 1.4435, investment casting material CW617N, brass",EPDM FKM PTFE/EPDM,Clamp Spigot thread,EAC FDA,,https://www.gemu-group.com/en/products/valve-technology/diaphragm-valves/611,2026-06-09,A,Official page description: The GEMÜ 611 2/2-way diaphragm valve has a low-maintenance plastic actuator and is manually operated. An integrated optical position indicator is standard.
612,Manual 2/2-way diaphragm valve with metal body,Valve Technology,Diaphragm Valves,Manual 2/2-way diaphragm valve with metal body,manual,HIGH,制药或生物技术过程；具体卫生等级需确认；CIP/SIP与蒸汽灭菌,Compact design (ideal when space is at a premium) | CIP/SIP capable | Autoclave capability | Long diaphragm service life thanks to patented closing stroke limiter | Continuous minimum flow regulation thanks to closing stroke limiter | Optional PVDF handwheel available in white (not autoclavable),0 to 10 bar,-10 to 100 °C,Max. 150 °C,DN 10 to 20,"(316L), forging material 1.4408, investment casting material 1.4435, investment casting material 1.4539 (904L), block material 1.4539 (904L), forged material",EPDM FKM PTFE/EPDM,Clamp Spigot thread,3A Belgaqua CRN EAC FDA Oxygen Reg. (EU) No. 10/2011 Regulation (EC) No. 1935/2004 Regulation (EC) No. 2023/2006 TA Luft (German Clean Air Act),,https://www.gemu-group.com/en/products/valve-technology/diaphragm-valves/612,2026-06-09,A,Official page description: The GEMÜ 2/2-way diaphragm valve has a temperature-resistant plastic handwheel and is manually operated. A closing stroke limiter to increase service life of the diaphragm and an optical position indicator are integrated as standard.
615,Pneumatic 2/2-way diaphragm valve with metal body,Valve Technology,Diaphragm Valves,Pneumatic 2/2-way diaphragm valve with metal body,pneumatic,HIGH,制药或生物技术过程；具体卫生等级需确认；CIP/SIP与蒸汽灭菌,CIP capable | Wide range of adaptation options for add-on components and accessories | Compact design (ideal when space is at a premium) | Version according to ATEX on request,0 to 6 bar,-10 to 80 °C,,DN 10 to 20,"(316L), forging material 1.4408, investment casting material 1.4435 (BN2), forged material 1.4435, investment casting material 1.4539 (904L), forged material",EPDM PTFE/EPDM PTFE/FKM,Clamp Spigot thread,Belgaqua BSE/TSE EAC FDA FMEDA Oxygen Reg. (EU) No. 10/2011 Regulation (EC) No. 1935/2004 Regulation (EC) No. 2023/2006 TA Luft (German Clean Air Act) USP,,https://www.gemu-group.com/en/products/valve-technology/diaphragm-valves/615,2026-06-09,A,"Official page description: The GEMÜ 615 2/2-way diaphragm valve has a low-maintenance plastic piston actuator and is pneumatically operated. An integrated optical position indicator is standard. Normally Closed (NC), Normally Open (NO) and Double Acting (DA) control functions are available."
616,Manual 2/2-way diaphragm valve made of metal,Valve Technology,Diaphragm Valves,Manual 2/2-way diaphragm valve made of metal,manual,HIGH,无菌主工艺、配液、纯化或卫生输送；CIP/SIP与蒸汽灭菌,Autoclave capability | CIP/SIP capable | Optional flow direction | Insensitive to particulate media | Installation for optimized draining is possible | Sealed actuator version optionally available,0 to 10 bar,-10 to 100 °C,max. 150 °C,DN 4 to 20,"(316L), forging material 1.4408, investment casting material 1.4435 (316L), investment casting material 1.4435 (BN2), forged material 1.4539 (904L), forged material",EPDM FKM PTFE/EPDM,Clamp Spigot thread,Belgaqua BSE/TSE EAC FDA Reg. (EU) No. 10/2011 Regulation (EC) No. 1935/2004 Regulation (EC) No. 2023/2006 TA Luft (German Clean Air Act) USP,,https://www.gemu-group.com/en/products/valve-technology/diaphragm-valves/616,2026-06-09,A,"Official page description: The GEMÜ 616 2/2-way diaphragm valve is designed for use in sterile applications. The compression springs installed in the valve actuator close the valve with constant force, regardless of the manual force applied. This extends the service life of the diaphragm. Setting a seal adjuster is no longer required."
620,Pneumatic 2/2-way diaphragm valve with metal body,Valve Technology,Diaphragm Valves,Pneumatic 2/2-way diaphragm valve with metal body,pneumatic,MEDIUM,,"Drive housing available in plastic or metal | Various lining materials are available, such as PFA, PP or hard rubber | Customised painting and coating options on request | Extensive range of spare parts | Standard optical position indicator | Wide range of adaptation options for add-on components and accessories | Suitable for particulate and abrasive media",0 to 10 bar,0 to 100 °C,,DN 15 to 150,"EN-GJL-250, cast iron material EN-GJS-400-18-LT (GGG 40.3), PFA lined EN-GJS-400-18-LT (GGG 40.3), PP lined EN-GJS-400-18-LT, hard rubber lined EN-GJS-400-18-LT, SG iron material EN-GJS-400-18-LT, SG iron material with butyl lining EN-GJS-400-18-LT, SG iron material with soft rubber lining EN-GJS-500-7, ductile iron material, PFA lined EN-GJS-500-7, ductile iron material, PP lined",CR EPDM FKM NBR PTFE/EPDM PTFE/FKM PTFE/PVDF/EPDM,Flange Threaded connection,CRN EAC FDA TA Luft (German Clean Air Act),,https://www.gemu-group.com/en/products/valve-technology/diaphragm-valves/620,2026-06-09,A,"Official page description: The GEMÜ 620 2/2-way diaphragm valve has a low maintenance membrane actuator made of metal or plastic and is pneumatically operated. The valve has a metal distance piece. Normally Closed (NC), Normally Open (NO) and Double Acting (DA) control functions are available."
629,Electromotive 2/2-way diaphragm valve,Valve Technology,Diaphragm Valves,Electromotive 2/2-way diaphragm valve,motorized,HIGH,无菌主工艺、配液、纯化或卫生输送,Motorized linear actuator for open-close applications | Safety shut-down integrated | Integrated emergency power supply module (optional) | Standard optical position indicator and manual override | Self-locking spindle actuator | Electrical position indicator GEMÜ 1215 (optional),0 Up to 6 bar,-10 to 80 °C,,DN 4 to 65,"(316L), forging material 1.4408, investment casting material 1.4408, investment casting material, PFA lined 1.4435 (BN2), forged material 1.4435, investment casting material 1.4539 (904L), forged material CW614N, brass CW617N, brass EN-GJS-400-18-LT (GGG 40.3) EN-GJS-400-18-LT, SG iron material with hard rubber lining EN-GJS-400-18-LT, SG iron material, PFA lined EN-GJS-400-18-LT, SG iron material, PP lined",CR EPDM FKM NBR PTFE/EPDM,Clamp Flange Spigot thread,Belgaqua EAC EHEDG FDA Reg. (EU) No. 10/2011 Regulation (EC) No. 1935/2004 Regulation (EC) No. 2023/2006,,https://www.gemu-group.com/en/products/valve-technology/diaphragm-valves/629,2026-06-09,A,Official page description: The GEMÜ 629 eSyLite 2/2-way diaphragm valve is motorized. It is available as an Open/Close version. An integrated optical position indicator is standard. The self-locking actuator holds its position in a stable manner in the event of power supply failure.
639,Electromotive 2/2-way diaphragm valve,Valve Technology,Diaphragm Valves,Electromotive 2/2-way diaphragm valve,motorized,HIGH,无菌主工艺、配液、纯化或卫生输送；CIP/SIP与蒸汽灭菌,"CIP/SIP capable | Open/close function or with integrated positioner | Parameterisable and controllable via IO-Link | On-site or remote end position programming via programming input | Various functions integrated (e.g. feedback, stroke limiter, etc.)",0 Up to 10 bar,-10 to 100 °C,max. 150 °C,DN 4 to 40,"1.4408, investment casting material 1.4408, investment casting material, PFA lined 1.4435 (316L), forged material 1.4435 (BN2), forged material 1.4435, investment casting material 1.4539 (904L), forged material CW614N, brass CW617N, brass EN-GJS-400-18-LT, SG iron material EN-GJS-400-18-LT, SG iron material with hard rubber lining EN-GJS-400-18-LT, SG iron material, PFA lined EN-GJS-400-18-LT, SG iron material, PP lined",CR EPDM FKM NBR PTFE/EPDM,Clamp Flange Spigot Threaded connection,Belgaqua BSE/TSE EAC EHEDG FDA Oxygen Reg. (EU) No. 10/2011 Regulation (EC) No. 1935/2004 Regulation (EC) No. 2023/2006 TA Luft (German Clean Air Act) USP,IO-Link,https://www.gemu-group.com/en/products/valve-technology/diaphragm-valves/639,2026-06-09,A,Official page description: The GEMÜ 639 eSyStep 2/2-way diaphragm valve is electrically operated. The eSyStep actuator is available as an On/Off actuator or with an integrated positioner. An optical and electrical position indicator is integrated as standard. The self-locking actuator holds its position in a stable manner when idle and in the event of a power supply failure.
649,Electromotive 2/2-way diaphragm valve with metal body,Valve Technology,Diaphragm Valves,Electromotive 2/2-way diaphragm valve with metal body,motorized,HIGH,制药或生物技术过程；具体卫生等级需确认；CIP/SIP与蒸汽灭菌,"Open/Close function, positioner and process controller | Force and speed are variably adjustable | Extensive diagnostic functions | Operable via web interface eSy-Web or Modbus TCP | Hollow shaft drive based on brushless and sensorless technology | Various functions of add-on components and accessories are already integrated (e.g. position indicators, stroke limiters, etc.) | Hermetic separation between medium and actuator",0 Up to 10 bar,-10 to 100 °C,max. 150 °C,DN 4 to 65,"(316L), forging material 1.4408, investment casting material 1.4408, investment casting material, PFA lined 1.4435 (BN2), forged material 1.4435, investment casting material 1.4539 (904L), forged material CW614N, brass CW617N, brass EN-GJS-400-18-LT (GGG 40.3) EN-GJS-400-18-LT, SG iron material with hard rubber lining EN-GJS-400-18-LT, SG iron material, PFA lined EN-GJS-400-18-LT, SG iron material, PP lined",CR EPDM FKM NBR PTFE/EPDM,Clamp Flange Spigot thread,Belgaqua BSE/TSE EAC EHEDG FDA Oxygen Reg. (EU) No. 10/2011 Regulation (EC) No. 1935/2004 Regulation (EC) No. 2023/2006 TA Luft (German Clean Air Act) USP,Modbus,https://www.gemu-group.com/en/products/valve-technology/diaphragm-valves/649,2026-06-09,A,"Official page description: The GEMÜ 649 eSyDrive diaphragm valve is actuated by a motorized hollow shaft actuator. It is based on technology that does not use brushes or sensors and therefore guarantees high performance and a long service life. In addition to Open/Close applications, the valve is ideal for variable and complex control applications. The actuator has an integrated web server for parameterization and diagnostics purposes."
650,Pneumatic 2/2-way diaphragm valve made of metal,Valve Technology,Diaphragm Valves,Pneumatic 2/2-way diaphragm valve made of metal,pneumatic,HIGH,无菌主工艺、配液、纯化或卫生输送；CIP/SIP与蒸汽灭菌,"Compact design (ideal when space is at a premium) | CIP/SIP capable | Autoclave capability, depending on version | Controlled exhaust air duct available as an option | Wide range of adaptation options for add-on components and accessories | Version according to ATEX on request",0 to 10 bar,-30 to 130 °C,max. 150 °C,DN 4 to 150,"(316L), forging material 1.4408, investment casting material 1.4408, investment casting material, PFA lined 1.4435 (316L), block material 1.4435 (BN2), forged material 1.4435, investment casting material 1.4539 (904L), forged material 3.7035, titanium, block material",EPDM FKM PTFE/EPDM PTFE/PVDF/EPDM,Clamp Flange Spigot thread,3A ATEX BSE/TSE CRN EAC EHEDG FDA FMEDA Oxygen Reg. (EU) No. 10/2011 Regulation (EC) No. 1935/2004 Regulation (EC) No. 2023/2006 SIL TA Luft (German Clean Air Act) USP,,https://www.gemu-group.com/en/products/valve-technology/diaphragm-valves/650,2026-06-09,A,"Official page description: The GEMÜ 650 BioStar 2/2-way diaphragm valve has a stainless steel piston actuator and is pneumatically operated. The valve is designed for use in a sterile environment. All actuator parts are made from stainless steel (except seals). The compression springs of diaphragm sizes 80 and 100 are made of epoxy-coated spring steel. Normally Closed (NC), Normally Open (NO) and Double Acting (DA) control functions are available. An integrated optical position indicator is standard."
650TL,Manual 2/2-way diaphragm valve with metal body,Valve Technology,Diaphragm Valves,Manual 2/2-way diaphragm valve with metal body,pneumatic | manual,HIGH,制药或生物技术过程；具体卫生等级需确认；CIP/SIP与蒸汽灭菌,Fail safe function (closed) | Proximity switches can be fitted for recording the valve position | CIP/SIP capable | Closing stroke limiter (MG 8) | Opening and closing stroke limiter (MG 10 + 25),0 to 10 bar,-10 to 100 °C,Max. 150 °C,DN 4 to 25,"(316L), forging material 1.4435 (316L), block material 1.4435 (BN2), block material 1.4435 (BN2), forged material 1.4435, investment casting material 1.4539 (904L), forged material",EPDM PTFE/EPDM,Clamp Flange Spigot thread,3A CRN EAC FDA Oxygen Reg. (EU) No. 10/2011 Regulation (EC) No. 1935/2004 Regulation (EC) No. 2023/2006 TA Luft (German Clean Air Act) USP,,https://www.gemu-group.com/en/products/valve-technology/diaphragm-valves/650tl,2026-06-09,A,"Official page description: Diaphragm valve GEMÜ 650TL is a manually operated diaphragm valve with a pneumatic fail safe function. The valve can only be operated manually (opened/closed) if the actuator is supplied with compressed air. If this supply is interrupted, the valve closes due to the force of the spring and can no longer be opened manually."
651,Pneumatic 2/2-way diaphragm valve with metal body,Valve Technology,Diaphragm Valves,Pneumatic 2/2-way diaphragm valve with metal body,pneumatic,HIGH,无菌主工艺、配液、纯化或卫生输送；CIP/SIP与蒸汽灭菌,Integrated automation module as valve activation or electro-pneumatic positioner | Integrated travel and system control | AS-Interface field bus connection (option for combi switchbox) | Speed-AP function for fast commissioning | CIP/SIP capable,0 to 10 bar,-10 to 100 °C,Max. 150 °C,DN 4 to 25,"1.4408, investment casting material 1.4435 (316L), forged material 1.4435 (BN2), forged material 1.4435, investment casting material 1.4539 (904L), forged material",EPDM PTFE/EPDM,Clamp Spigot Threaded connection,,AS-Interface,https://www.gemu-group.com/en/products/valve-technology/diaphragm-valves/651,2026-06-09,A,"Official page description: The GEMÜ 651 2/2-way diaphragm valve has a stainless steel piston actuator and is pneumatically operated. The valve is designed for use in a sterile environment. The valve has a fully integrated automation module and an internal air supply. The available control functions are ""normally closed (NC)"" and ""normally open (NO)"". The integrated automation module is available as a combi switchbox or electro-pneumatic positioner."
653,Manual 2/2-way diaphragm valve with metal body,Valve Technology,Diaphragm Valves,Manual 2/2-way diaphragm valve with metal body,manual,HIGH,制药或生物技术过程；具体卫生等级需确认；CIP/SIP与蒸汽灭菌,Handwheel made of chemical and temperature-resistant plastic | Opening stroke and closing stroke limiter | Handwheel locking available upon request (electric or mechanical) | Configurable with proximity switches for position feedback | CIP/SIP capable | Autoclave capability,0 Up to 10 bar,-10 to 100 °C,Max. 150 °C,DN 10 to 100,"(316L), forging material 1.4408, investment casting material 1.4435 (BN2), forged material 1.4435, investment casting material 1.4539 (904L), forged material",EPDM FKM PTFE/EPDM PTFE/PVDF/EPDM,Clamp Flange Spigot thread,3A CRN EAC FDA Oxygen Reg. (EU) No. 10/2011 Regulation (EC) No. 1935/2004 Regulation (EC) No. 2023/2006 TA Luft (German Clean Air Act) USP,,https://www.gemu-group.com/en/products/valve-technology/diaphragm-valves/653,2026-06-09,A,Official page description: The GEMÜ 653 2/2-way diaphragm valve has a stainless steel bonnet and is manually operated. The valve features a handwheel in high temperature and chemically resistant plastic. An integral optical position indicator is standard.
654,Manual 2/2-way diaphragm valve made of metal,Valve Technology,Diaphragm Valves,Manual 2/2-way diaphragm valve made of metal,manual,MEDIUM,CIP/SIP与蒸汽灭菌,Opening stroke and closing stroke limiter | Handwheel locking available upon request (electric or mechanical) | Configurable with proximity switches for position feedback | CIP/SIP capable | Autoclave capability,0 Up to 10 bar,-10 to 100 °C,Max. 150 °C,DN 4 to 100,"(316L), forging material 1.4408, investment casting material 1.4435 (BN2), forged material 1.4435, investment casting material 1.4539 (904L), forged material",EPDM FKM PTFE/EPDM PTFE/PVDF/EPDM,Clamp Flange Spigot thread,3A CRN EAC FDA Oxygen Reg. (EU) No. 10/2011 Regulation (EC) No. 1935/2004 Regulation (EC) No. 2023/2006 TA Luft (German Clean Air Act) USP,,https://www.gemu-group.com/en/products/valve-technology/diaphragm-valves/654,2026-06-09,A,Official page description: The GEMÜ 654 2/2-way diaphragm valve has a stainless steel bonnet and is manually operated. The valve has a handwheel made from stainless steel. An integral optical position indicator is standard.
656,Pneumatic 2/2-way diaphragm valve made of metal,Valve Technology,Diaphragm Valves,Pneumatic 2/2-way diaphragm valve made of metal,pneumatic,LOW,,"High flow rate due to straight through flow | Suitable for media with a high solids content such as fibres, coarse particles and sludge | High mechanical stability | Valve can be cleaned without disassembly of actuator",0 to 7 bar,0 to 100 °C,,DN 25 to 250,"EN-GJL-250, cast iron material EN-GJS-400-18-LT EN-GJS-400-18-LT, SG iron material EN-GJS-500-7, ductile iron material",CR EPDM IIR NBR NR,Flange,CRN EAC,,https://www.gemu-group.com/en/products/valve-technology/diaphragm-valves/656,2026-06-09,A,"Official page description: The GEMÜ 656 2/2-way diaphragm valve has a low maintenance metal membrane actuator and is pneumatically operated. Normally Closed (NC), Normally Open (NO) and Double Acting (DA) control functions are available. The valve body has a full bore design."
658,Pneumatic 2/2-way diaphragm valve made of metal,Valve Technology,Diaphragm Valves,Pneumatic 2/2-way diaphragm valve made of metal,pneumatic,HIGH,制药或生物技术过程；具体卫生等级需确认；CIP/SIP与蒸汽灭菌,"In addition to the normal opening and closing function, a partial stroke (reduced volume flow) can be set using the opening stroke limiter | Both fast on/off operation and precision dosing of the working medium possible | Mounting of proximity switches (M8x1) for OPEN and CLOSED position feedback possible (MG 25 – 50) | CIP/SIP capable | Compact design (ideal when space is at a premium) | Version according to ATEX on request",0 to 10 bar,-10 to 100 °C,Max. 150 °C,DN 10 to 65,"(316L), forging material 1.4408, investment casting material 1.4435 (BN2), forged material 1.4435, investment casting material 1.4539 (904L), forged material",EPDM FKM PTFE/EPDM,Clamp Flange Spigot thread,3A BSE/TSE CRN EAC EHEDG FDA FMEDA Oxygen Reg. (EU) No. 10/2011 Regulation (EC) No. 1935/2004 Regulation (EC) No. 2023/2006 TA Luft (German Clean Air Act) USP,,https://www.gemu-group.com/en/products/valve-technology/diaphragm-valves/658,2026-06-09,A,"Official page description: The GEMÜ 658 2/2-way diaphragm valve has a two-stage actuator. In addition to full stroke, a partial stroke can be set via two pistons working independently of each other.All actuator parts including closing springs (except seals) are made from stainless steel. The valve is available with a Normally Closed control function. An opening stroke limiter for setting the partial stroke is integrated as standard."
660,Pneumatic 2/2-way diaphragm valve made of metal,Valve Technology,Diaphragm Valves,Pneumatic 2/2-way diaphragm valve made of metal,pneumatic,HIGH,制药或生物技术过程；具体卫生等级需确认；CIP/SIP与蒸汽灭菌,"Easily adjustable, integrated opening stroke and closing stroke limiter | Precise stroke scale (10 scale points per turn) on the actuator top | High level of reproducibility of the flow rates thanks to distance sleeves integrated in the shut-off diaphragms | Fast cycle duties due to minimized filling volume",0 to 5 bar,-10 to 100 °C,Max. 150 °C,DN 4 to 25,"1.4408, investment casting material 1.4435 (316L), forged material 1.4435 (BN2), forged material 1.4435, investment casting material 1.4539 (904L), forged material",EPDM PTFE/EPDM,Clamp Flange Spigot Threaded connection,3A BSE/TSE CRN EAC EHEDG FDA FMEDA Oxygen Reg. (EU) No. 10/2011 Regulation (EC) No. 1935/2004 Regulation (EC) No. 2023/2006 TA Luft (German Clean Air Act) USP,,https://www.gemu-group.com/en/products/valve-technology/diaphragm-valves/660,2026-06-09,A,"Official page description: The GEMÜ 660 2/2-way diaphragm valve has a stainless steel piston actuator and is pneumatically operated. The valve was designed for dosing and filling a wide range of products. All actuator parts are made from stainless steel (except seals). Normally Closed (NC), Normally Open (NO) and Double Acting (DA) control functions are available. An opening stroke and closing stroke limiter and an optical position indicator are integrated as standard."
671,Manual 2/2-way diaphragm valve with metal body,Valve Technology,Diaphragm Valves,Manual 2/2-way diaphragm valve with metal body,manual,MEDIUM,CIP/SIP与蒸汽灭菌,"Extensive range of accessories available, e.g. electrical position indicator for open handwheel position or lockable handwheel clamp (GEMÜ 671)",0 to 10 bar,-10 to 80 °C,max. 150 °C,DN 15 to 100,"(316L), forging material 1.4408, investment casting material 1.4408, investment casting material, PFA lined 1.4435 (BN2), forged material 1.4435, investment casting material 1.4539 (904L), forged material CW617N, brass EN-GJS-400-18-LT, SG iron material EN-GJS-400-18-LT, SG iron material, PFA lined EN-GJS-400-18-LT, SG iron material, PP lined",EPDM FKM PTFE/EPDM PTFE/PVDF/EPDM,Clamp Flange Spigot thread,EAC FDA Oxygen Reg. (EU) No. 10/2011 Regulation (EC) No. 1935/2004,,https://www.gemu-group.com/en/products/valve-technology/diaphragm-valves/671,2026-06-09,A,Official page description: The GEMÜ 671 2/2-way diaphragm valve has a low-maintenance plastic actuator and is manually operated. An integrated optical position indicator is standard.
673,Manual 2/2-way diaphragm valve made of metal,Valve Technology,Diaphragm Valves,Manual 2/2-way diaphragm valve made of metal,manual,HIGH,制药或生物技术过程；具体卫生等级需确认；CIP/SIP与蒸汽灭菌,Long service life of the diaphragm due to patented closing stroke limitation | Autoclave capability | CIP/SIP capable | Continuous minimum flow regulation thanks to closing stroke limiter | Compact design (ideal when space is at a premium),0 to 10 bar,-10 to 100 °C,Max. 150 °C,DN 15 to 65,"1.4408, investment casting material 1.4435, investment casting material 1.4435/316L, forged body material 1.4539/904L, forged and block material",EPDM FKM PTFE,Clamp Flange Spigot thread,,,https://www.gemu-group.com/en/products/valve-technology/diaphragm-valves/673,2026-06-09,A,Official page description: The GEMÜ 2/2-way diaphragm valve has a temperature-resistant plastic handwheel and is manually operated. A closing stroke limiter to increase service life of the diaphragm and an optical position indicator are integrated as standard.
673P9,Manual 2/2-way diaphragm valve made of metal,Valve Technology,Diaphragm Valves,Manual 2/2-way diaphragm valve made of metal,manual,HIGH,制药或生物技术过程；具体卫生等级需确认；CIP/SIP与蒸汽灭菌,"Specially sealed actuator version | CIP, COP and SIP capable | Autoclave capability | Continuous minimum flow regulation thanks to closing stroke limiter | Compact design (ideal when space is at a premium)",0 Up to 10 bar,-10 to 100 °C,Max. 150 °C,DN 4 to 65,"(316L), forging material 1.4408, investment casting material 1.4435 (BN2), forged material 1.4435, investment casting material 1.4539 (904L), forged material EN-GJS-400-18-LT (GGG 40.3)",EPDM FKM PTFE/EPDM,Clamp Flange Spigot thread,CRN EAC FDA Oxygen Reg. (EU) No. 10/2011 Regulation (EC) No. 1935/2004 Regulation (EC) No. 2023/2006 TA Luft (German Clean Air Act) USP,,https://www.gemu-group.com/en/products/valve-technology/diaphragm-valves/673p9,2026-06-09,A,"Official page description: The GEMÜ 673P9 2/2-way diaphragm valve has a temperature-resistant plastic handwheel and is manually operated. The actuator of the valve is specially sealed, making it ideal for demanding cleaning processes. A closing stroke limiter to increase the service life of the diaphragm and an optical position indicator are integrated as standard (diaphragm size 10-50)."
687,Pneumatic 2/2-way diaphragm valve with metal body,Valve Technology,Diaphragm Valves,Pneumatic 2/2-way diaphragm valve with metal body,pneumatic,HIGH,制药或生物技术过程；具体卫生等级需确认；CIP/SIP与蒸汽灭菌,Hermetic separation between medium and actuator | CIP/SIP capable | Suitable for particulate and abrasive media | Stainless steel body suitable for corrosive environments | Wide range of adaptation options for add-on components and accessories,0 Up to 10 bar,-30 to 130 °C,max. 150 °C,DN 10 to 100,"(316L), forging material 1.4408, investment casting material 1.4408, investment casting material, PFA lined 1.4435 (BN2), forged material 1.4435, investment casting material 1.4539 (904L), forged material EN-GJS-400-18-LT (GGG 40.3), PFA lined EN-GJS-400-18-LT (GGG 40.3), PP lined EN-GJS-400-18-LT, hard rubber lined",EPDM FKM PTFE PTFE/EPDM PTFE/PVDF/EPDM,Clamp Flange Spigot thread,3A ATEX Belgaqua CRN EAC FDA FMEDA Oxygen Reg. (EU) No. 10/2011 Regulation (EC) No. 1935/2004 TA Luft (German Clean Air Act) USP,,https://www.gemu-group.com/en/products/valve-technology/diaphragm-valves/687,2026-06-09,A,"Official page description: The GEMÜ 687 2/2-way diaphragm valve has a low-maintenance membrane actuator and is pneumatically operated. The valve has a metal distance piece. Normally Closed (NC), Normally Open (NO) and Double Acting (DA) control functions are available."
695,Pneumatic 2/2-way diaphragm valve with metal body,Valve Technology,Diaphragm Valves,Pneumatic 2/2-way diaphragm valve with metal body,pneumatic,HIGH,制药或生物技术过程；具体卫生等级需确认；CIP/SIP与蒸汽灭菌,Suitable for corrosive environments | CIP/SIP capable | Wide range of adaptation options for add-on components and accessories | Suitable for particulate and abrasive media | CIP capable | Stainless steel body suitable for corrosive environments,0 to 10 bar,-10 to 80 °C,,DN 15 to 65,"(316L), forging material 1.4408, investment casting material 1.4408, investment casting material, PFA lined 1.4435 (BN2), forged material 1.4435, investment casting material 1.4539 (904L), forged material EN-GJS-400-18-LT (GGG 40.3) EN-GJS-400-18-LT, SG iron material with butyl lining EN-GJS-400-18-LT, SG iron material with hard rubber lining EN-GJS-400-18-LT, SG iron material with soft rubber lining EN-GJS-400-18-LT, SG iron material, PFA lined EN-GJS-400-18-LT, SG iron material, PP lined",EPDM FKM NBR PTFE/EPDM PTFE/FKM,Clamp Flange Spigot thread,Belgaqua EAC FDA Oxygen TA Luft (German Clean Air Act),,https://www.gemu-group.com/en/products/valve-technology/diaphragm-valves/695,2026-06-09,A,"Official page description: The GEMÜ 695 2/2-way diaphragm valve has a low-maintenance membrane actuator and is pneumatically operated. Normally Closed (NC), Normally Open (NO) and Double Acting (DA) control functions are available."
C60,Pneumatic 2/2-way diaphragm valve made of ultra pure plastic,Valve Technology,Diaphragm Valves,Pneumatic 2/2-way diaphragm valve made of ultra pure plastic,pneumatic,MEDIUM,,"All wetted parts made of PFA or PTFE | High flow rate with low-stress media channelling | Optional flow direction | Long service life based on test results and field experience | Ideally suited for corrosive media | Optional version with ECTFE union nut and/or with PFA-coated compression springs | Also available as T valve | Clean room production, fulfils SEMI F57",0 to 6 bar,-10 to 150 °C,,DN 4 to 50,"PFA PP-R, natural PVDF",PTFE/EPDM,Flare Flare SpaceSaver Nexus Connect® SpaceSaver PrimeLock® PrimeLock® SpaceSaver Spigot Super 300 Type Pillar® SpaceSaver Union end Welded-on Nexus Connect®,EAC FDA TA Luft (German Clean Air Act),,https://www.gemu-group.com/en/products/valve-technology/diaphragm-valves/c60,2026-06-09,A,"Official page description: The ultra pure 2/2-way diaphragm valve GEMÜ C60 CleanStar® has a plastic piston actuator and is pneumatically operated. A stroke limiter (not with AG 4) and an optical position indicator are integrated as standard. All media wetted parts are produced from PFA or PTFE (HPW version). For the HPS version, there is a choice of valve bodies made of PP-R, natural or PVDF. This High Purity version of the CleanStar® series complies with the strictest purity standards and boasts high chemical resistance. It can also be used with high media temperatures. As such, it is often used at the supply and distribution level in semiconductor factories."
D40,Pneumatic 2/2-way diaphragm valve made of metal,Valve Technology,Diaphragm Valves,Pneumatic 2/2-way diaphragm valve made of metal,pneumatic,HIGH,无菌主工艺、配液、纯化或卫生输送；CIP/SIP与蒸汽灭菌,"Low maintenance due to the firmly chambered diaphragm | Fast, safe and simple diaphragm and actuator mounting | Very high Kv values due to flow-optimised valve body | Valve can be configured for the respective process parameters | Identification of the angle of rotation (hash mark), optical position indicator and transparent cap as standard | Simple modular expansion possible with future-orientated automation components | Suitable for use in hygienic and aseptic applications (CIP/SIP capable and autoclavable)",0 to 16 bar,-10 to 100 °C,max. 150 °C,DN 10 to 40,"(316L), forging material 1.4435 (316L), block material 1.4435 (BN2), block material 1.4435 (BN2), forged material",PTFE/EPDM,Clamp Spigot,ATEX FDA Regulation (EC) No. 1935/2004 USP,,https://www.gemu-group.com/en/products/valve-technology/diaphragm-valves/d40,2026-06-09,A,"Official page description: The pneumatically actuated GEMÜ D40 diaphragm valve is designed for use in sterile applications. The diaphragm hermetically separates the actuator from the operating medium. All drive parts (except the sealing and design elements) are made of stainless steel. The control functions available are ""spring force closed"", ""spring force open"" and ""activated on both sides""."
D41,Pneumatic 2/2-way diaphragm valve made of metal,Valve Technology,Diaphragm Valves,Pneumatic 2/2-way diaphragm valve made of metal,pneumatic,HIGH,无菌主工艺、配液、纯化或卫生输送；CIP/SIP与蒸汽灭菌,"Suitable for use in hygienic and aseptic applications (CIP/SIP capable) | Fast, safe and simple diaphragm and actuator mounting via a central gearbox due to EasyLock technology | Low maintenance thanks to the encapsulated diaphragm, which requires no retightening | Very high Kv values due to flow-optimised valve body | Identification of the mounting angle (hash mark) | Optical position indicator and transparent cap as standard | Simple modular expansion possible with future-orientated automation components",0 to 10 bar,-10 to 100 °C,max. 150 °C,DN 10 to 40,"(316L), forging material 1.4435 (316L), block material",PTFE/EPDM,Clamp Spigot,ATEX FDA Reg. (EU) No. 10/2011 Regulation (EC) No. 1935/2004 USP,,https://www.gemu-group.com/en/products/valve-technology/diaphragm-valves/d41,2026-06-09,A,"Official page description: The pneumatically actuated GEMÜ D41 diaphragm valve is designed for use in sterile applications. The diaphragm hermetically separates the actuator from the operating medium. The GEMÜ D41 valve with EasyLock technology is mounted completely without any loose components via a central gearbox. All drive parts (except the sealing and design elements) are made of stainless steel. Normally Closed, Normally Open and Double Acting control functions are available."
R629,Electromotive 2/2-way diaphragm valve made of plastic,Valve Technology,Diaphragm Valves,Electromotive 2/2-way diaphragm valve made of plastic,motorized,MEDIUM,,Motorized linear actuator for open-close applications | Safety shut-down integrated | Integrated emergency power supply module (optional) | Standard optical position indicator and manual override | Self-locking spindle actuator | Electrical position indicator GEMÜ 1215 (optional),0 Up to 6 bar,-10 to 80 °C,,DN 12 to 65,"ABS Inliner PP-H, grey / outliner PP, reinforced Inliner PVDF/outliner PP, reinforced PP, reinforced PP-H, natural PVC-U, grey PVDF",EPDM FKM NBR PTFE/EPDM,Flange Flare Solvent cement socket Spigot thread Union end,ACS EAC FDA System 1+,,https://www.gemu-group.com/en/products/valve-technology/diaphragm-valves/r629,2026-06-09,A,Official page description: The GEMÜ R629 eSyLite 2/2-way diaphragm valve is motorized. It is available in an Open/Closed version. An integrated optical position indicator is standard. The self-locking actuator holds its position in a stable manner in the event of power supply failure.
R647,Pneumatic 2/2-way diaphragm valve made of plastic,Valve Technology,Diaphragm Valves,Pneumatic 2/2-way diaphragm valve made of plastic,pneumatic,MEDIUM,,"Suitable e. g. for dyeing plant, paper industry and automatic feeding installations | Operator solution without closing spring, ideal when space is limited | Compact, lightweight construction and high performance | Simple diaphragm replacement | Good flow characteristics due to flow optimised valve body",0 to 6 bar,-20 to 80 °C,,DN 15 to 50,ABS PP inliner / outliner PVC-U PVDF inliner,EPDM FKM NBR,Flange Spigot Union end,ACS EAC FDA System 1+,,https://www.gemu-group.com/en/products/valve-technology/diaphragm-valves/r647,2026-06-09,A,Official page description: The GEMÜ R647 2/2-way diaphragm valve is a straight through valve and is pneumatically operated. The valve doesn't have a closing spring and is only closed by applying compressed air. A diaphragm is the sealing element. The control medium applies direct pressure to the shut-off diaphragm pressing it against the shut-off weir in the valve body. The high-flow valve body provides compact dimensions at high flow rates.
R677,Manual 2/2-way diaphragm valve made of plastic,Valve Technology,Diaphragm Valves,Manual 2/2-way diaphragm valve made of plastic,manual,MEDIUM,,Compact system design due to flow-optimized high-flow valve bodies | Lockable handwheel optionally available | Position feedback optionally available | Integral optical position indicator,0 to 10 bar,-10 to 80 °C,,DN 15 to 100,"ABS Inliner PP-H, grey / outliner PP, reinforced Inliner PVDF/outliner PP, reinforced PP, reinforced PVC-U, grey PVDF",EPDM FKM NBR PTFE/EPDM,Flange Spigot Union end,ACS EAC FDA System 1+,,https://www.gemu-group.com/en/products/valve-technology/diaphragm-valves/r677,2026-06-09,A,Official page description: The GEMÜ R677 2/2-way diaphragm valve has a low maintenance plastic actuator and is manually operated. An integrated optical position indicator is standard. The high-flow valve body provides compact dimensions at high flow rates.
R690,Pneumatic 2/2-way diaphragm valve made of plastic,Valve Technology,Diaphragm Valves,Pneumatic 2/2-way diaphragm valve made of plastic,pneumatic,MEDIUM,,Compact system design due to flow-optimized high-flow valve bodies | Reduced control air consumption | Modified spring sets available for applications with reduced control pressure | Position indicator and positioner optionally available | Closing stroke limiter optionally available,0 to 10 bar0 to 150 psi,-10 to 80 °C14 to 176 °F,,"DN 15 to 1001/2"" (DN 15) to 4"" (DN 100)","ABS Inliner PP-H, grey / outliner PP, reinforced Inliner PVDF/outliner PP, reinforced PP, reinforced PVC-U, grey PVDF",EPDM FKM NBR PTFE/EPDM,Flange Spigot Union end Flange Spigot Union end,ACS EAC FDA NSF System 1+,,https://www.gemu-group.com/en/products/valve-technology/diaphragm-valves/r690,2026-06-09,A,"Official page description: The GEMÜ R690 2/2-way diaphragm valve has a low maintenance membrane actuator and is pneumatically operated. Normally Closed (NC), Normally Open (NO) and Double Acting (DA) control functions are available. The high-flow valve body provides compact dimensions at high flow rates."
Q30,Pneumatically actuated pinch valve with plastic piston actuator,Valve Technology,Pinch Valves,Pneumatically actuated pinch valve with plastic piston actuator,pneumatic,LOW,无菌主工艺、配液、纯化或卫生输送,"Fast, safe tube replacement | Minimized strain on the tube due to the optimized compressor | Simple replacement of inserts and compressors for various tube sizes with the same actuator | Lightweight plastic piston actuator, free from non-ferrous metals | High quality and long service life | Positioners and process controllers can be mounted | Several installation options possible in the plant thanks to the mounting flange or female thread on the body","max. 6 bar, Please observe the tube manufacturer's specifications",Please observe the tube manufacturer's specifications,,,1.4404 1.4404/PA6,,,EAC Machinery Directive,,https://www.gemu-group.com/en/products/valve-technology/pinch-valves/q30,2026-06-09,A,"Official page description: The GEMÜ Q30 2/2-way pinch valve has a plastic piston actuator and is pneumatically operated. The valve guides a tube which is compressed from above by a compressor to control and regulate media. The compressor's specially developed contour and the tube holder's contour minimize the strain on the tube and thus increase the tubes' service life. Tubes can be safely inserted and removed in simple steps and without tools. The available control functions are ""normally closed (NC)"" and ""normally open (NO)"". An integral optical position indicator is standard."
Q40,Pneumatic pinch valve with stainless steel piston actuator,Valve Technology,Pinch Valves,Pneumatic pinch valve with stainless steel piston actuator,pneumatic,MEDIUM,,"Fast, safe tube replacement | Minimized strain on the tube due to the optimized compressor | Simple replacement of inserts and compressors for various tube sizes with the same actuator | Resistant stainless steel piston actuator, free from non-ferrous metals | High quality and long service life | Positioners and process controllers can be mounted | Several installation options possible in the plant thanks to the mounting flange or female thread on the body","max. 6 bar, Please observe the tube manufacturer's specifications",Please observe the tube manufacturer's specifications,,,1.4404 1.4404/PA6,,,EAC Machinery Directive,,https://www.gemu-group.com/en/products/valve-technology/pinch-valves/q40,2026-06-09,A,"Official page description: The GEMÜ Q40 2/2-way pinch valve has a stainless steel piston actuator and is pneumatically operated. The valve guides a tube which is compressed from above by a compressor to control and regulate media. The compressor's specially developed contour and the inserts' contour minimize the strain on the tube and thus increase the tubes' service life. Tubes can be safely inserted and removed in simple steps and without tools. The available control functions are ""normally closed (NC)"" and ""normally open (NO)"". An integral optical position indicator is standard."
Q51,Electromotive pinch valve,Valve Technology,Pinch Valves,Electromotive pinch valve,motorized,LOW,,"Fast, safe tube replacement | Minimized strain on the tube due to the optimized compressor | Position indicator for precision control applications | Tube replacement about digital interface | On-site end position programming | Simple replacement of inserts and compressors for various tube sizes with the same actuator | Several installation options possible in the plant thanks to the mounting flange or female thread on the body","max. 4,5 bar, Please observe the tube manufacturer's specifications",,,,1.4404 1.4404/PA6,,,,,https://www.gemu-group.com/en/products/valve-technology/pinch-valves/q51,2026-06-09,A,Official page description: The GEMÜ Q51 2/2-way pinch valve is a electrically operated as a positioner. The valve guides a tube which is compressed from above by a compressor to control and regulate media. The compressor's specially developed contour and the tube holder's contour minimize the strain on the tube and thus increase the tubes' service life. Tubes can be safely inserted and removed in simple steps and without tools.
560,Metal non-return valve,Valve Technology,Pressure Control Valves Check Valves And Strainers,Metal non-return valve,,MEDIUM,,High flow rates due to angle seat design | Seven different connection codes for worldwide use | Suitable for use with liquid media,"0,2 to 25 bar",-10 to 180 °C,,DN 6 to 50,"1.4408, investment casting material 1.4435 (BN2), forged material 1.4435, investment casting material",PFA PTFE,Clamp Flange Spigot Threaded connection,ATEX EAC FDA RoHS,,https://www.gemu-group.com/en/products/valve-technology/pressure-control-valves-check-valves-and-strainers/560,2026-06-09,A,Official page description: The GEMÜ 560 check valve comprises an angle seat valve body in stainless steel. The valve has either a PTFE or PFA seat for tight shut off. The valve is available with various connection types. The valve is available with various connection types.
CV,Non-return valve made of high-purity plastic,Valve Technology,Pressure Control Valves Check Valves And Strainers,Non-return valve made of high-purity plastic,,LOW,,Low contamination due to metal-free design | Seal system without O-rings | Low opening pressure | Low space requirement due to compact design | Integration in space-saving multi-port valve block solutions | All functional parts made of PTFE,0 to 6 bar,0 to 130 °C,,DN 4 to 20,PTFE,PTFE,Flare Nexus Connect®,EAC,,https://www.gemu-group.com/en/products/valve-technology/pressure-control-valves-check-valves-and-strainers/cv,2026-06-09,A,"Official page description: The metal-free check valve GEMÜ CV comprises a PTFE basic body. All functional parts are also made of PTFE. PFA, PVDF and CPFA materials are available for the union nuts in the flare connections. The union nuts of the Nexus Connect® connections are made of PFA. Sealing is without O-rings."
N085,Plastic overflow valve,Valve Technology,Pressure Control Valves Check Valves And Strainers,Plastic overflow valve,,LOW,,"Valve adjustments can also be made under working pressure | The optimization of piston, springs and control face ensures good control characteristics | The actuator is hermetically separated from the medium",0 Up to 10 bar,-20 Up to 100 °C,,DN 65 Up to 100,"PP-B, grey PVC-U, grey PVDF",,Flange Spigot Union end,EAC,,https://www.gemu-group.com/en/products/valve-technology/pressure-control-valves-check-valves-and-strainers/n085,2026-06-09,A,"Official page description: The GEMÜ N085 pressure relief valve protects the plant and the piping system from gauge pressure and reduces pressure peaks. The third pipe spigot enables the valve to be installed in the main pipe. If the pressure increases, the spring is raised and the valve opens. The pressure is reduced to the preset value and can escape via the third pipe spigot into an adjacent pipe. If the pressure falls, the spring force presses the diaphragm in the direction of the seal seat and the valve closes. Depending on requirements, the spring force can be adjusted using a set screw."
N086,Plastic pressurising valve,Valve Technology,Pressure Control Valves Check Valves And Strainers,Plastic pressurising valve,,LOW,,"The working pressure can be very easily adjusted using a set screw and secured with the integrated lock nut. If required, the setting that has been made can be lead sealed | The flow-efficient design of the valve body ensures good flow rate values | Control errors are kept to a minimum due to the large control face and the spiral spring | The actuator is hermetically separated from the medium",0 Up to 10 bar,-20 Up to 100 °C,,DN 65 Up to 100,"PP-B, grey PVC-U, grey PVDF",,Flange Spigot Union end,EAC,,https://www.gemu-group.com/en/products/valve-technology/pressure-control-valves-check-valves-and-strainers/n086,2026-06-09,A,"Official page description: The GEMÜ back pressure valve ensures constant back pressure in process engineering systems. If the inlet pressure rises above a preset value, the diaphragm is raised against the spring force. The valve opens and the excess pressure can escape into the outlet line. If the pressure on the inlet side is reduced, the valve closes as the spring force pushes the diaphragm against the seal seat. The spring force can be adjusted as required using an adjusting screw and secured with the lock nut."
N182,Plastic pressure reducer,Valve Technology,Pressure Control Valves Check Valves And Strainers,Plastic pressure reducer,,LOW,,"The working pressure can be very easily adjusted using a set screw and secured with the integrated lock nut. If required, the setting that has been made can be lead sealed | The flow-efficient design of the valve body ensures good flow rate values | Control errors are kept to a minimum due to the large control face and the spiral spring | The actuator is hermetically separated from the medium",0 Up to 10 bar,-20 Up to 100 °C,,DN 10 Up to 50,"PP-B, grey PVC-U, grey PVDF",,Flange Spigot Union end,EAC,,https://www.gemu-group.com/en/products/valve-technology/pressure-control-valves-check-valves-and-strainers/n182,2026-06-09,A,"Official page description: The GEMÜ N182 pressure reducer ensures that a constant outlet pressure is maintained in process plants by utilizing the pressure differential. If the pressure increases on the outlet side, the spring force is lower and the spring is raised, closing the valve. The pressure is reduced until the spring force and the outlet pressure are the same. If the pressure falls, the spring force presses against the diaphragm surface via the control aperture, opening the valve. Depending on requirements, the outlet pressure can be read off a diaphragm-protected pressure gauge and the spring force adjusted using a set screw."
N185,Plastic overflow valve,Valve Technology,Pressure Control Valves Check Valves And Strainers,Plastic overflow valve,,LOW,,"Valve adjustments can also be made under working pressure | The optimization of piston, springs and control face ensures good control characteristics | The actuator is hermetically separated from the medium",0 Up to 10 bar,-20 Up to 100 °C,,DN 10 Up to 50,"PP-B, grey PVC-U, grey PVDF",,Flange Spigot Union end,EAC,,https://www.gemu-group.com/en/products/valve-technology/pressure-control-valves-check-valves-and-strainers/n185,2026-06-09,A,"Official page description: The GEMÜ N185 pressure relief valve protects the plant and the piping system from gauge pressure and reduces pressure peaks. The third pipe spigot enables the valve to be installed in the main pipe. If the pressure increases, the spring is raised and the valve opens. The pressure is reduced to the preset value and can escape via the third pipe spigot into an adjacent pipe. If the pressure falls, the spring force presses the diaphragm in the direction of the seal seat and the valve closes. Depending on requirements, the spring force can be adjusted using a set screw."
N570,Plastic mud flaps,Valve Technology,Pressure Control Valves Check Valves And Strainers,Plastic mud flaps,,LOW,,Easy to service | High flow rates due to angle seat design | Low weight | Corrosion resistant plastic body,0 to 16 bar,5 to 80 °C,,DN 15 to 50,"PP-H, natural PVC-U",EPDM FKM,Clamp Flange Solvent cement socket Spigot thread,,,https://www.gemu-group.com/en/products/valve-technology/pressure-control-valves-check-valves-and-strainers/n570,2026-06-09,A,Official page description: The GEMÜ N570 strainer has a body made of plastic (either PVC-U or PP-H). The sealing elements are manufactured from EPDM and FPM. Contaminants in the medium are retained by the integrated filter insert.
R90,Metal non-return valve,Valve Technology,Pressure Control Valves Check Valves And Strainers,Metal non-return valve,,MEDIUM,,"Suitable for low and high temperatures | Standardized length to DIN EN 558, series 49 | Available as option free of oil and grease | A special disc guide prevents the disc from tilting and the occurrence of strong flutter | Drip and bubble-tight to EN 12266-1/P12, leakage rate A to G",0 to 50 bar,-196 to 400 °C,,DN 15 to 300,"1.0619, galvanized cast steel material 1.4408, investment casting material",EPDM FKM NBR PTFE,Flange,ATEX DVGW Drinking water EAC FDA KTW,,https://www.gemu-group.com/en/products/valve-technology/pressure-control-valves-check-valves-and-strainers/r90,2026-06-09,A,"Official page description: The GEMÜ R90 is a metal disco check valve with flange connection and standardized length to DIN EN 558. The valve body, disc and seal are available in various materials. In the version with metallic seal, the GEMÜ R90 valve can be used at high temperatures up to 400 °C."
102,Direct operated process solenoid valve made of plastic,Valve Technology,Process Solenoid Valves,Direct operated process solenoid valve made of plastic,solenoid,LOW,,Good cleanability | Suitable for clean and slightly contaminated media | Hermetic separation between medium and actuator | The solenoid can be replaced without removing the valve body from the piping,0 to 4 bar,-20 to 100 °C,,DN 6 to 10,"PVC-U, grey PVDF",,Solvent cement socket thread,UL Recognized US,,https://www.gemu-group.com/en/products/valve-technology/process-solenoid-valves/102,2026-06-09,A,Official page description: The GEMÜ 102 directly controlled 2/2-way solenoid valve has a completely plastic encapsulated coil. The armature is sealed by a bellows made of PTFE backed by an additional safety diaphragm. The valve body is available in various materials and with a straight through or angle valve body design.
202,Direct operated process solenoid valve made of plastic,Valve Technology,Process Solenoid Valves,Direct operated process solenoid valve made of plastic,solenoid,LOW,,Good cleanability | Suitable for clean and slightly contaminated media | Hermetic separation between medium and actuator | The solenoid can be replaced without removing the valve body from the piping,0 to 2 bar,-20 to 100 °C,,DN 10 to 15,"PVC-U, grey PVDF",,thread,UL Recognized US,,https://www.gemu-group.com/en/products/valve-technology/process-solenoid-valves/202,2026-06-09,A,Official page description: The GEMÜ 202 directly controlled 2/2-way solenoid valve has a completely plastic encapsulated coil. The armature is sealed by a bellows made of PTFE backed by an additional safety diaphragm. The valve body is available in various materials and with a straight through or angle valve body design.
205,Direct operated process solenoid valve made of plastic,Valve Technology,Process Solenoid Valves,Direct operated process solenoid valve made of plastic,manual | solenoid,LOW,,Hermetic separation between medium and actuator | In case of power failure operation possible by manual override | Standard integral optical position indicator,0 to 6 bar,-20 to 60 °C,,DN 10 to 50,"PVC-U, grey PVDF",,Solvent cement socket Spigot Threaded connection Union end,,,https://www.gemu-group.com/en/products/valve-technology/process-solenoid-valves/205,2026-06-09,A,Official page description: The GEMÜ 205 directly controlled 2/2-way plastic solenoid valve has a high performance coil. It is hermetically separated from the medium by means of a flexible PTFE bush. The armature is sealed by a bellows made of PTFE backed by an additional safety diaphragm. The plug has a rectifier for use with an AC supply. A manual override and an optical position indicator are integrated as standard.
8253,Force-controlled process solenoid valve made of metal,Valve Technology,Process Solenoid Valves,Force-controlled process solenoid valve made of metal,solenoid,LOW,,Valve operates without minimum pressure differential | High flow rate | Soft closing action | Suitable for vacuum applications | Simple coil replacement without tools (Click-on®) | NPT thread available | Explosion protected solenoids acc. to ATEX available as an option | CSA approval available,0 to 16 bar,-10 to 110 °C,,DN 8 to 50,"1.4408, investment casting material CW617N, brass",,,CSA EAC,,https://www.gemu-group.com/en/products/valve-technology/process-solenoid-valves/8253,2026-06-09,A,"Official page description: The GEMÜ 8253 2/2-way solenoid valve with a positive lift diaphragm has a brass or stainless steel valve body. All media wetted parts are made of NBR, FPM, EPDM, brass, PVDF or stainless steel. The valve is suitable for inert medium such as air, water and oil."
8257,Force-controlled process solenoid valve made of metal,Valve Technology,Process Solenoid Valves,Force-controlled process solenoid valve made of metal,solenoid,LOW,,Valve operates without minimum pressure differential | Soft closing action | Compact design | Suitable for vacuum applications | Explosion protected solenoids acc. to ATEX available as an option | Optimum media compatibility due to choice of materials | NPT thread available | Option: for liquids and steam up to 150 °C,0 to 10 bar,-10 to 150 °C,,,"1.4408, investment casting material CW617N, brass",,,EAC,,https://www.gemu-group.com/en/products/valve-technology/process-solenoid-valves/8257,2026-06-09,A,"Official page description: The GEMÜ 8257 2/2-way solenoid valve with a positive lift diaphragm is electromagnetically operated and has a brass or stainless steel valve body. All media wetted parts are made of NBR, HNBR, FKM, EPDM, brass or stainless steel. The valve is suitable for inert media such as air, water and oils."
8258,Auxiliary controlled process solenoid valve made of metal,Valve Technology,Process Solenoid Valves,Auxiliary controlled process solenoid valve made of metal,solenoid,LOW,,"Low power consumption | High flow rate | Soft closing action | Low minimum pressure differential | Simple, compact construction | Simple coil replacement without tools (Click-on®) | Optional manual override | Explosion protected solenoids acc. to ATEX available as an option | Type examination up to DN 25 to DIN EN 60730-2-8 | Optional mounting bracket available (not pre-assembled) | NPT thread available","0,1 to 16 bar",-10 to 110 °C,,DN 8 to 50,"1.4408, investment casting material CW617N, brass",,,EAC,,https://www.gemu-group.com/en/products/valve-technology/process-solenoid-valves/8258,2026-06-09,A,"Official page description: The GEMÜ 8258 servo-assisted 2/2-way solenoid valve has a brass or stainless steel valve body. All parts that come into contact with the medium are made from stainless steel, NBR, EPDM or FKM. The valve is suitable for inert media such as air, water and oils."
8259,Direct operated process solenoid valve made of metal,Valve Technology,Process Solenoid Valves,Direct operated process solenoid valve made of metal,solenoid,LOW,,"Direct acting, normally open or normally closed | Valve operates without minimum pressure differential | High flow rate | Compact design | Simple coil replacement without tools (Click-on®) | Suitable for vacuum applications | Explosion protected solenoids acc. to ATEX available as an option | UL and CSA approval available | Various threaded connections per nominal size",0 to 20 bar,-10 to 110 °C,,DN 2 to 5,"1.4408, investment casting material CW617N, brass",,thread,ATEX EAC,,https://www.gemu-group.com/en/products/valve-technology/process-solenoid-valves/8259,2026-06-09,A,"Official page description: The GEMÜ 8259 direct-acting electromagnetic 2/2-way solenoid valve has a brass or stainless steel valve body. All parts that come into contact with the medium are made from FKM, NBR, PTFE, EPDM, brass or stainless steel. The valve is suitable for inert liquids and gases."
652,Stainless steel pulsation damper,Valve Technology,Pulsation Dampers,Stainless steel pulsation damper,,MEDIUM,无菌主工艺、配液、纯化或卫生输送；CIP/SIP与蒸汽灭菌,"Pre-defined compensation volume | Defined pressure range | CIP/SIP capable | Autoclave capability, depending on version | Suitable for inert, corrosive, liquid and gaseous media | Valve body and diaphragm available in various materials and designs | Compact design (ideal when space is at a premium)",0 to 10 bar,-20 to 100 °C,max. 150 °C,DN 15 to 80,"(316L), forging material 1.4435 (BN2), forged material 1.4539 (904L), forged material",EPDM PTFE/EPDM,Spigot,BSE/TSE EAC FDA Reg. (EU) No. 10/2011 Regulation (EC) No. 1935/2004 Regulation (EC) No. 2023/2006 USP,,https://www.gemu-group.com/en/products/valve-technology/pulsation-dampers/652,2026-06-09,A,"Official page description: The pulsation damper GEMÜ 652 has been designed for use with liquid and gaseous media in sterile areas of application. In many production plants, unwanted pressure surges arise which are generated by switching on pumps or quickly switching valves, for example. These pressure surges can cause damage to plant components such as filters, sensors or piping, and can lead to contamination of the media due to the diaphragm being briefly lifted. The pulsation damper GEMÜ 652 compensates for pressure surges within a specific pressure range using a pre-defined volume. The valve body is open in-line with flow direction, and not intended to shut off the medium."
314,Pneumatic 3/2-way metal seat valve,Valve Technology,Seat Valves,Pneumatic 3/2-way metal seat valve,pneumatic,MEDIUM,CIP/SIP辅助回路与公用工程,Robust actuator housing made of aluminium | Suitable for mixing and distributing media | Available as shut-off or control valve | Improved control characteristics thanks to POM piston sleeve | Long service life,0 Up to 16 bar,-10 to 180 °C,,DN 15 to 50,"CC499K, cast bronze material","PTFE PTFE, reinforced",thread,,,https://www.gemu-group.com/en/products/valve-technology/seat-valves/314,2026-06-09,A,Official page description: The GEMÜ 314 3/2-way globe valve has a robust low-maintenance aluminium piston actuator and is pneumatically operated. The double sided valve plug is connected to the actuator via a valve spindle. The valve spindle is sealed by a self-adjusting gland packing providing low-maintenance and reliable valve spindle sealing even after a long service life. A wiper ring fitted in front of the gland packing protects the seal against contamination and damage.
505,Manual 2/2-way poppet valve with metal body,Valve Technology,Seat Valves,Manual 2/2-way poppet valve with metal body,manual,MEDIUM,CIP/SIP辅助回路与公用工程,"Free from non-ferrous metals | Welded valve plug/valve spindle design to remove possible contamination areas | Low maintenance, fixed seat plug (without threads) | Stainless steel bellows as spindle seal for high operating temperatures | Batch traceability for all media-wetted components",0 to 10 bar,-10 to 185 °C,,DN 8 to 80,"1.4435 (316L), block material 1.4435, investment casting material",PTFE,Clamp Spigot,ATEX CRN EAC FDA Reg. (EU) No. 10/2011 Regulation (EC) No. 1935/2004 Regulation (EC) No. 2023/2006 USP,,https://www.gemu-group.com/en/products/valve-technology/seat-valves/505,2026-06-09,A,Official page description: The GEMÜ 505 2/2-way angle seat valve has a high-temperature resistant plastic handwheel and is manually operated. The valve is suitable for pure steam and gaseous media. The sealing at the valve seat is made of PTFE. The valve spindle is sealed with a stainless steel bellows. Valve plug and valve spindle are welded together to prevent dirt ingress.
507,Manual 2/2-way globe valve with metal body,Valve Technology,Seat Valves,Manual 2/2-way globe valve with metal body,manual,MEDIUM,CIP/SIP辅助回路与公用工程,High flow rates due to angle seat design | Handwheel lock for spindle fixation to set a constant flow rate | Available as shut-off or control valve | Suitable for vacuum up to 20 mbar (a),0 to 25 bar,-10 to 210 °C,,DN 6 to 80,"(316L), forging material 1.4408, investment casting material 1.4435, investment casting material","1.4404 PTFE PTFE, reinforced",Clamp Flange Spigot thread,ATEX CRN EAC FDA Oxygen Reg. (EU) No. 10/2011 Regulation (EC) No. 1935/2004 Regulation (EC) No. 2023/2006 RoHS TA Luft (German Clean Air Act) USP,,https://www.gemu-group.com/en/products/valve-technology/seat-valves/507,2026-06-09,A,Official page description: The 2/2-way angle seat globe valve GEMÜ 507 has an ergonomically designed plastic handwheel and is manually operated. The valve spindle is sealed by a self-adjusting gland packing providing low-maintenance and reliable valve spindle sealing even after a long service life. A wiper ring fitted in front of the gland packing also protects the seal against contamination and damage.
514,Pneumatic 2/2-way globe valve made of metal,Valve Technology,Seat Valves,Pneumatic 2/2-way globe valve made of metal,pneumatic,MEDIUM,CIP/SIP辅助回路与公用工程,Robust actuator housing made of aluminium | Option for increased operating temperatures | Improved control characteristics thanks to POM piston sleeve | Optional for food contact according to Regulation (EC) No. 1935/2004 | High flow rates due to angle seat design | Suitable for vacuum up to 20 mbar (a),0 to 25 bar,-10 to 210 °C,,DN 8 to 80,"1.4408, investment casting material 1.4435, investment casting material","1.4404 PTFE PTFE, reinforced",Flange Spigot thread,CRN EAC FDA FMEDA Oxygen Reg. (EU) No. 10/2011 Regulation (EC) No. 1935/2004 RoHS TA Luft (German Clean Air Act),,https://www.gemu-group.com/en/products/valve-technology/seat-valves/514,2026-06-09,A,Official page description: 2/2-way angle seat globe valve GEMÜ 514 has a low-maintenance aluminium piston actuator and is pneumatically operated. The valve spindle is sealed by a self-adjusting gland packing providing low-maintenance and reliable valve spindle sealing even after a long service life. A wiper ring fitted in front of the gland packing also protects the seal against contamination and damage.
514Z,Pneumatic 2/2-way metal seat valve,Valve Technology,Seat Valves,Pneumatic 2/2-way metal seat valve,pneumatic,MEDIUM,CIP/SIP辅助回路与公用工程,"In addition to full stroke, a partial stroke can be set for simple control and dosing tasks | Can be used individually, eliminating the need for complex pipework and valve controls | Robust aluminium actuator | Extensive range of accessories | Individual applicability, no need for complex valve controls",0 to 25 bar,-10 to 210 °C,,DN 15 to 80,"1.4408, cast stainless steel material 1.4435, investment casting material CC499K, cast bronze material","1.4404 PTFE PTFE, reinforced",Flange Spigot thread,CRN EAC FDA,,https://www.gemu-group.com/en/products/valve-technology/seat-valves/514z,2026-06-09,A,"Official page description: The GEMÜ 514Z 2/2-way angle seat globe valve has a low-maintenance, two-stage aluminium double-piston actuator and is pneumatically operated. The valve spindle is sealed by a self-adjusting gland packing providing low-maintenance and reliable valve spindle sealing even after a long service life. A wiper ring fitted in front of the gland packing also protects the seal against contamination and damage."
519,Electromotive 2/2-way globe valve with metal body,Valve Technology,Seat Valves,Electromotive 2/2-way globe valve with metal body,motorized,MEDIUM,CIP/SIP辅助回路与公用工程,Motorized linear actuator for open-close applications | Safety shut-down integrated | Integrated emergency power supply module (optional) | Standard optical position indicator and manual override | Self-locking spindle actuator | Electrical position indicator GEMÜ 1215 (optional),0 Up to 40 bar,-10 to 180 °C,,DN 15 to 50,"1.4408, investment casting material EN-GJS-400-18-LT (GGG 40.3)","1.4404 PTFE PTFE, reinforced",Flange,FDA Regulation (EC) No. 1935/2004 TA Luft (German Clean Air Act),,https://www.gemu-group.com/en/products/valve-technology/seat-valves/519,2026-06-09,A,Official page description: The GEMÜ 519 eSyLite is a motorized 2/2-way globe valve. It is available as an Open/Close version. The valve spindle is sealed by a self-adjusting gland packing providing low-maintenance and reliable valve spindle sealing even after a long service life. A wiper ring fitted in front of the gland packing protects the seal against contamination and damage. An integrated optical position indicator is standard. The self-locking actuator holds its position in a stable manner in the event of power supply failure.
530,Pneumatic 2/2-way metal seat valve,Valve Technology,Seat Valves,Pneumatic 2/2-way metal seat valve,pneumatic,MEDIUM,CIP/SIP辅助回路与公用工程,Stainless steel actuator resistant to corrosive ambient conditions | For contact with food in accordance with Regulation (EC) No. 1935/2004 | Extended temperature and pressure range | Precise actuator design depends on operating pressure | ATEX optionally available | Suitable for shut-off and control functions | Suitable for vacuum up to 20 mbar (a),0 to 40 bar,-40 to 210 °C,,DN 15 to 100,"1.4408, investment casting material EN-GJS-400-18-LT (GGG 40.3)","1.4404 PTFE PTFE, reinforced",Flange,ATEX CRN EAC FDA FMEDA Oxygen Reg. (EU) No. 10/2011 Regulation (EC) No. 1935/2004 RoHS TA Luft (German Clean Air Act),,https://www.gemu-group.com/en/products/valve-technology/seat-valves/530,2026-06-09,A,"Official page description: The GEMÜ 530 2/2-way globe valve has a robust, low-maintenance stainless steel piston actuator and is pneumatically operated. The valve spindle is sealed by a self-adjusting gland packing providing low-maintenance and reliable valve spindle sealing even after a long service life. A wiper ring fitted in front of the gland packing protects the seal against contamination and damage."
534,Pneumatic 2/2-way poppet valve with metal body,Valve Technology,Seat Valves,Pneumatic 2/2-way poppet valve with metal body,pneumatic,MEDIUM,CIP/SIP辅助回路与公用工程,Low actuator weight due to plastic body | ATEX optionally available | Optional for food contact according to Regulation (EC) No. 1935/2004 | Quick drive change and free drive positioning | Suitable for vacuum up to 20 mbar (a) | Available as shut-off or control valve,0 to 40 bar,-10 to 180 °C,,DN 15 to 100,"1.4408, cast stainless steel material EN-GJS-400-18-LT (GGG 40.3)","1.4404 PTFE PTFE, reinforced",Flange,ATEX CRN EAC FDA FMEDA Oxygen Reg. (EU) No. 10/2011 Regulation (EC) No. 1935/2004 RoHS TA Luft (German Clean Air Act),,https://www.gemu-group.com/en/products/valve-technology/seat-valves/534,2026-06-09,A,Official page description: The GEMÜ 534 2/2-way globe valve has a plastic piston actuator and is pneumatically operated. The valve spindle is sealed by a self-adjusting gland packing providing low-maintenance and reliable valve spindle sealing even after a long service life. A wiper ring fitted in front of the gland packing protects the seal against contamination and damage.
536,Pneumatic 2/2-way metal seat valve,Valve Technology,Seat Valves,Pneumatic 2/2-way metal seat valve,pneumatic,MEDIUM,CIP/SIP辅助回路与公用工程,"Robust, low-maintenance diaphragm actuator | High switching cycles also achievable in large nominal widths | Available as shut-off or control valve | Precise controllability due to guided control crown and actuator with control diaphragm | Suitable for vacuum up to 20 mbar (a) | Versions for higher temperatures are available on request | Extensive range of spare parts available",0 to 40 bar,-10 to 210 °C,,DN 32 to 150,"1.4408, investment casting material EN-GJS-400-18-LT (GGG 40.3)","PTFE PTFE, reinforced",Flange,ATEX CRN EAC Oxygen RoHS,,https://www.gemu-group.com/en/products/valve-technology/seat-valves/536,2026-06-09,A,Official page description: The GEMÜ 536 2/2-way globe valve has a robust low maintenance membrane actuator and is pneumatically operated. The valve is particularly suitable for use as a control valve. The valve plug is fixed to the spindle in such a way as to allow flexing during closure in order to ensure tight shut off. The valve spindle is sealed by a self-adjusting gland packing providing low maintenance and reliable valve spindle sealing even after a long service life. A wiper ring fitted in front of the gland packing protects the seal against contamination and damage. A wiper ring fitted in front of the gland packing protects the seal against contamination and damage.
537,Manual 2/2-way poppet valve with metal body,Valve Technology,Seat Valves,Manual 2/2-way poppet valve with metal body,manual,MEDIUM,CIP/SIP辅助回路与公用工程,Extended pressure stage range up to PN 40 | Handwheel lock for spindle fixation to set a constant flow rate | Continuous series with SG iron and stainless steel bodies | Seat seal made of PTFE or PTFE/glass fibre | Suitable for vacuum up to 20 mbar (a) | High flow rates and compact design,0 to 40 bar,-10 to 210 °C,,DN 15 to 50,"1.4408, investment casting material EN-GJS-400-18-LT (GGG 40.3)","PTFE PTFE, reinforced",Flange,ATEX CRN EAC FDA Oxygen Reg. (EU) No. 10/2011 Regulation (EC) No. 1935/2004 Regulation (EC) No. 2023/2006 RoHS TA Luft (German Clean Air Act) USP,,https://www.gemu-group.com/en/products/valve-technology/seat-valves/537,2026-06-09,A,Official page description: The GEMÜ 537 2/2-way globe valve has an ergonomically designed plastic handwheel and is manually operated. A wiper ring fitted in front of the gland packing protects the seal against contamination and damage. A wiper ring fitted in front of the gland packing protects the seal against contamination and damage. A handwheel extension available as an option enables installation of the valve in insulated pipelines.
539,Electromotive 2/2-way metal seat valve,Valve Technology,Seat Valves,Electromotive 2/2-way metal seat valve,motorized,MEDIUM,CIP/SIP辅助回路与公用工程,"Linear or modified equal-percentage control characteristics | Open/Close function, positioner and process controller | Actuation force and actuating speed variably adjustable | Operable via web interface eSy-Web and Modbus TCP | Extensive functions, such as position feedback, diagnostic functions and opening and closing stroke limitation",0 Up to 40 bar,-40 to 250 °C,,DN 15 to 100,"1.4408, investment casting material EN-GJS-400-18-LT (GGG 40.3)","1.4404 PTFE PTFE, reinforced",Flange,EAC FDA Oxygen Reg. (EU) No. 10/2011 Regulation (EC) No. 1935/2004 TA Luft (German Clean Air Act),Modbus,https://www.gemu-group.com/en/products/valve-technology/seat-valves/539,2026-06-09,A,Official page description: The GEMÜ 539 eSyDrive is a motorized 2/2-way globe valve with a hollow shaft electric actuator. The eSyDrive hollow shaft actuator can be operated as On/Off or with integrated positioner or process controller. The valve spindle is sealed by a self-adjusting gland packing providing low-maintenance and reliable valve spindle sealing even after a long service life. A wiper ring fitted in front of the gland packing protects the seal against contamination and damage. An integral optical and electrical position indicator is standard.
550,Pneumatic 2/2-way metal seat valve,Valve Technology,Seat Valves,Pneumatic 2/2-way metal seat valve,pneumatic,MEDIUM,CIP/SIP辅助回路与公用工程,"Suitable for shut-off and control functions for gaseous, liquid and viscous media | Wide range of adaptation options for add-on components and accessories | For contact with food in accordance with Regulation (EC) No. 1935/2004 and FDA-compliant | Suitable for vacuum up to 20 mbar (a) | Robust stainless steel actuator resistant to corrosive ambient conditions | Particularly compact design, actuator size 0G1/0M1 | Optionally available with USP Class VI, oxygen approval and ATEX",0 to 25 bar,-40 to 210 °C,,DN 6 to 80,"1.4408, investment casting material 1.4435, investment casting material","1.4404 PTFE PTFE, reinforced",Clamp Flange Spigot thread,ATEX CRN EAC FDA FMEDA Oxygen Reg. (EU) No. 10/2011 Regulation (EC) No. 1935/2004 Regulation (EC) No. 2023/2006 RoHS TA Luft (German Clean Air Act) USP,,https://www.gemu-group.com/en/products/valve-technology/seat-valves/550,2026-06-09,A,Official page description: The GEMÜ 550 2/2-way angle seat globe valve has a low-maintenance stainless steel piston actuator and is pneumatically operated. The valve spindle is sealed by a self-adjusting gland packing providing low-maintenance and reliable valve spindle sealing even after a long service life. A wiper ring fitted in front of the gland packing protects the seal against contamination and damage.
553,Modular poppet valve with flexible actuator options,Valve Technology,Seat Valves,Modular poppet valve with flexible actuator options,pneumatic | motorized | manual,MEDIUM,CIP/SIP辅助回路与公用工程,"Suitable for mixing, distributing and collecting media | Space-saving modular design | Several valve and sensor modules can be individually combined | Reduced servicing times of the plant compared with single valves as the complete module can be replaced | Faster actuator replacement and easily rotatable due to fixing via union nut | Selection of manual, pneumatic and electromotive actuators available",0 to 25 bar,-10 to 180 °C,,DN 15 to 20,"1.4408, investment casting material",PTFE,thread,FDA Reg. (EU) No. 10/2011 Regulation (EC) No. 1935/2004 RoHS,,https://www.gemu-group.com/en/products/valve-technology/seat-valves/553,2026-06-09,A,Official page description: The modular GEMÜ 553 distribution valve comprises various globe valve modules. These can be equipped with manual pneumatic or motorized actuators. The downstream media is isolated using a PTFE seal. The valve spindle is sealed by a self-adjusting gland packing. This provides a low maintenance and reliable valve spindle seal even after an extended period of operation. The wiper ring that is installed upstream of the gland packing also protects this against contamination and damage. The individual modules can be easily connected using screws.
554,Pneumatic 2/2-way poppet valve with metal body,Valve Technology,Seat Valves,Pneumatic 2/2-way poppet valve with metal body,pneumatic,MEDIUM,CIP/SIP辅助回路与公用工程,Low actuator weight due to plastic body | ATEX optionally available | Optional for food contact according to Regulation (EC) No. 1935/2004 | Quick drive change and free drive positioning | Suitable for vacuum up to 20 mbar (a) | Available as shut-off or control valve,0 to 25 bar,-10 to 180 °C,,DN 6 to 80,"1.4408, investment casting material 1.4435, investment casting material","1.4404 PTFE PTFE, reinforced",Clamp Flange Spigot thread,ATEX CRN EAC FDA FMEDA Oxygen Reg. (EU) No. 10/2011 Regulation (EC) No. 1935/2004 RoHS TA Luft (German Clean Air Act) USP,,https://www.gemu-group.com/en/products/valve-technology/seat-valves/554,2026-06-09,A,"Official page description: The GEMÜ 554 2/2-way angle seat globe valve has a plastic piston actuator and is pneumatically operated. The valve spindle is sealed by a self-adjusting gland packing or a compact seal cartridge, depending on the size and version. A wiper ring or the wiper contour of the seal cartridge additionally protects the valve spindle against contamination and damage. This provides low-maintenance and reliable spindle sealing even after a long service life."
555,Pneumatic 2/2-way metal seat valve,Valve Technology,Seat Valves,Pneumatic 2/2-way metal seat valve,pneumatic,MEDIUM,CIP/SIP辅助回路与公用工程,"Free from non-ferrous metals | Welded valve plug/valve spindle design to remove possible contamination areas | Low maintenance, fixed seat plug (without threads) | Stainless steel bellows as spindle seal for high operating temperatures | Batch traceability for all media-wetted components",0 to 10 bar,-10 to 185 °C,,DN 8 to 80,"1.4435 (316L), block material 1.4435, investment casting material",PTFE,Clamp Spigot,ATEX CRN EAC FDA FMEDA Oxygen Reg. (EU) No. 10/2011 Regulation (EC) No. 1935/2004 Regulation (EC) No. 2023/2006 USP,,https://www.gemu-group.com/en/products/valve-technology/seat-valves/555,2026-06-09,A,Official page description: The GEMÜ 555 2/2-way angle seat valve has a stainless steel piston actuator and is pneumatically operated. The valve is particularly designed for isolating pure steam. The sealing at the valve seat is made of PTFE. The valve spindle is sealed with a stainless steel bellows. Valve plug and valve spindle are welded together to prevent dirt ingress.
565,Pneumatic 2/2-way control valve with plastic body,Valve Technology,Seat Valves,Pneumatic 2/2-way control valve with plastic body,pneumatic,MEDIUM,CIP/SIP辅助回路与公用工程,"Suitable for inert, corrosive, liquid and gaseous media | Robust stainless steel piston actuator | Kvs values from 63 to 3300 l/h possible | Hermetic separation between medium and actuator | Linear or equal-percentage control characteristic options",0 to 6 bar,-20 to 80 °C,,DN 3 to 15,PVC-U PVDF,EPDM FKM,thread Union end,EAC,,https://www.gemu-group.com/en/products/valve-technology/seat-valves/565,2026-06-09,A,"Official page description: The GEMÜ 565 2/2-way globe control valve has a stainless steel piston actuator and is pneumatically operated. All actuator parts are made from stainless steel (except seals). It is available with a Normally Closed control function (NC). PVC-U and PVDF are available as valve body materials. The control valve can only be operated with an electro-pneumatic positioner or process controller. Direct or remote mounting of a positioner (GEMÜ 1434, 1435, 1436) is required."
566,Pneumatic or electromotive control valve with metal body,Valve Technology,Seat Valves,Pneumatic or electromotive control valve with metal body,pneumatic | motorized,MEDIUM,CIP/SIP辅助回路与公用工程,Kvs values from 63 to 2500 l/h possible | Linear or equal-percentage control characteristic options | Hermetic separation between medium and actuator | Actuator and actuator type can be changed without draining or removing the valve body from the piping | Various types of actuators available,0 to 6 bar,0 to 90 °C,,DN 8 to 20,ASTM A351 CF3M,EPDM,Clamp thread,EAC FDA RoHS,,https://www.gemu-group.com/en/products/valve-technology/seat-valves/566,2026-06-09,A,Official page description: The GEMÜ 566 eSyStep 2/2-way straight seat control valve has a body with an integrated control mechanism. Pneumatic and motorized actuator types are available. The GEMÜ 566 eSyStep control valve was specially developed for controlling small volumes and allows flow rates from 63 l/h to 2500 l/h.
R563,Electric motor-operated control valve with plastic body,Valve Technology,Seat Valves,Electric motor-operated control valve with plastic body,,MEDIUM,CIP/SIP辅助回路与公用工程,"Suitable for inert, corrosive, liquid and gaseous media | Kvs values from 63 to 3300 l/h possible | Parameterisable and controllable via IO-Link | Hermetic separation between medium and actuator | Linear or equal-percentage control characteristic options | On-site or remote end position programming via programming input | Various functions integrated (e.g. feedback, stroke limiter, etc.)",0 Up to 6 bar,0 to 80 °C,,DN 10 to 15,PVC-U PVDF,PEEK,thread Union end,,IO-Link,https://www.gemu-group.com/en/products/valve-technology/seat-valves/r563,2026-06-09,A,Official page description: The GEMÜ R563 eSyStep 2/2-way straight seat control valve as a body with integrated control mechanism. The GEMÜ R563 eSyStep was specially developed for the control of small quantities and allows a flow rate of 63 l/h up to 3300 l/h. The valve is available with a positioner for a 0/4-20 mA or 0-10 V input signal and can also be configured to a safety position with the use of an emergency power module. Further functions can be customised via the IO-Link interface. The self-locking actuator maintains a stable position in the controlled state and in the event of a supply voltage failure.
S40,Pneumatic 2/2-way metal seat valve,Valve Technology,Seat Valves,Pneumatic 2/2-way metal seat valve,pneumatic,MEDIUM,CIP/SIP辅助回路与公用工程,"Suitable for shut-off and control functions for gaseous, liquid and viscous media | For contact with food in accordance with Regulation (EC) No. 1935/2004 and FDA-compliant | All sealing components can be replaced | Top-mounted control connections with position indicator and sight glass | Robust stainless steel actuator resistant to corrosive ambient conditions | Suitable for vacuum up to 10 mbar (a) as standard | Optionally available with USP Class VI, oxygen approval and ATEX",0 to 40 bar,-40 to 185 °C,,DN 6 to 80,"1.4408, investment casting material 1.4435, investment casting material EN-GJS-400-18-LT (GGG 40.3)",PTFE,Clamp Flange Spigot thread,ATEX FDA Oxygen Reg. (EU) No. 10/2011 Regulation (EC) No. 1935/2004 Regulation (EC) No. 2023/2006 RoHS USP,,https://www.gemu-group.com/en/products/valve-technology/seat-valves/s40,2026-06-09,A,"Official page description: The pneumatically actuated GEMÜ S40 globe valve is designed for use in industrial applications and has body shapes such as angled and straight seat bodies. The valve spindle is sealed by a self-adjusting sealing element; this ensures low-maintenance and reliable sealing even after long periods of operation. Normally Closed, Normally Open and Double Acting control functions are available."
SU40,Pneumatic actuator for Single-Use valve bodies,Valve Technology,Single Use Valves Components,Pneumatic actuator for Single-Use valve bodies,pneumatic,HIGH,无菌主工艺、配液、纯化或卫生输送；一次性生物工艺流路,"Wide range of adaptation options for add-on components and accessories | Tried-and-tested, reliable actuator design (remains in system) | Hermetic separation between medium and actuator | Integral optical position indicator | Impact resistant, corrosion resistant | Autoclavable actuator","0 to 4,9 bar",5 to 40 °C,,DN 8 to 25,"PP-R, natural",TPE,Clamp Hose barb,EAC USP,,https://www.gemu-group.com/en/products/valve-technology/single-use-valves-components/su40,2026-06-09,A,"Official page description: The pneumatically operated GEMÜ SU40 actuator guarantees a high level of performance and a long service life thanks to its high-quality stainless steel components. The actuator is joined to the media wetted GEMÜ SUB unit, comprising a valve body and welded sealing diaphragm, by means of a clamp connection. After use, the media wetted GEMÜ SUB unit can easily be disconnected from the actuator and replaced. The actuator remains in the plant."
SUB,Diaphragm valve body for Single-Use applications,Valve Technology,Single Use Valves Components,Diaphragm valve body for Single-Use applications,pneumatic | manual,HIGH,无菌主工艺、配液、纯化或卫生输送；一次性生物工艺流路,"Manufactured in ISO class 8 cleanroom | Mechanically stable and gamma and X-ray sterilisable body material | The valve body meets the purity requirements of the pharmaceutical industry (USP 85, 788, 790) | Certificate of Conformity for purity, safety and physical and chemical tests | Validation Guide on request | Impact resistant, corrosion resistant","0 Up to 4,9 bar",5 Up to 40 °C,,1/4'' (DN 8) Up to 1'' (DN 25),"PP-R, natural",TPE,Clamp Hose barb,USP,,https://www.gemu-group.com/en/products/valve-technology/single-use-valves-components/sub,2026-06-09,A,"Official page description: The GEMÜ SUB valve body of the GEMÜ SUMONDO single-use valve has an internally welded diaphragm. The single-use valve body is fastened via a clamp to the GEMÜ SUPM pneumatic actuator made from stainless steel or to the GEMÜ SUHK plastic manual operator. The valve body and the actuator are locked with a defined opening and closing procedure. After a single use, the valve body and its diaphragm are removed from the actuator and disposed of. The actuator remains in the system and can be used multiple times."
643,Manual 2/2-way container valve with metal body,Valve Technology,Tank Bottom Valves,Manual 2/2-way container valve with metal body,manual,MEDIUM,CIP/SIP与蒸汽灭菌；罐底排放与低残留,Compact design | Operator rotatable 360° | A shaft extension for the handwheel can be mounted by the user | The temperature resistant plastic handwheel prevents burns injuries at high operating temperatures,0 to 10 bar,-10 to 100 °C,Max. 150 °C,DN 15 to 40,"(316L), forging material 1.4435 (BN2), forged material",EPDM PTFE/EPDM,Spigot,BSE/TSE CRN EAC FDA Pressure Equipment Directive Regulation (EC) No. 1935/2004 TA Luft (German Clean Air Act) USP,,https://www.gemu-group.com/en/products/valve-technology/tank-bottom-valves/643,2026-06-09,A,"Official page description: The GEMÜ 643 2/2-way tank bottom valve has a manual side mounted gear operator with a plastic handwheel. An integral optical position indicator is standard. The stainless steel valve body is machined from a single block (monoblock, no welded components). The metal distance piece and the operator housing are made from stainless steel."
P40,Radial-sealing pneumatic bottom outlet valve made of metal,Valve Technology,Tank Bottom Valves,Radial-sealing pneumatic bottom outlet valve made of metal,pneumatic,HIGH,无菌主工艺、配液、纯化或卫生输送；CIP/SIP与蒸汽灭菌；罐底排放与低残留,"Low-maintenance thanks to PD sealing technology, so no retightening is required | PD design with optimized draining and compact valve body design | Converging design of the tank-side area to avoid potential sediment deposits | Suitable for use in hygienic and aseptic applications (CIP/SIP capable and autoclavable) | Quick, safe and easy actuator mounting | Optical position indicator and transparent cap as standard | Simple modular expansion possible with future-orientated automation components | Suitable for vacuum up to 70 mbar (a) as standard",0 Up to 6 bar,-20 to 160 °C,,DN 6 to 65,"1.4435 (316L), block material 1.4539 (904L), block material",PTFE,Clamp Pipe bend Spigot,,,https://www.gemu-group.com/en/products/valve-technology/tank-bottom-valves/p40,2026-06-09,A,"Official page description: The pneumatically operated GEMÜ P40 PD tank bottom valve is designed for use in sterile applications. The sealing concept of the valve is based on the GEMÜ PD design comprising a radial sealing PTFE diaphragm, whereby the actuator is hermetically separated from the medium. All actuator parts (except the seals and design elements) are made from stainless steel. It is available with a “Normally closed” control function (further control functions possible on request). The valve has an optical position indicator with a transparent cap as standard."
